"Index","IRX.Open","IRX.High","IRX.Low","IRX.Close","IRX.Volume","IRX.Adjusted"
"2003-01-02",1.18700003623962,1.19200003147125,1.18599998950958,1.19000005722046,0,1.19000005722046
"2003-01-03",1.18499994277954,1.19200003147125,1.18499994277954,1.19200003147125,0,1.19200003147125
"2003-01-06",1.19599997997284,1.19700002670288,1.182000041008,1.182000041008,0,1.182000041008
"2003-01-07",1.17700004577637,1.17700004577637,1.17200005054474,1.17200005054474,0,1.17200005054474
"2003-01-08",1.17200005054474,1.17200005054474,1.16499996185303,1.16700005531311,0,1.16700005531311
"2003-01-09",1.17499995231628,1.17700004577637,1.17499995231628,1.17700004577637,0,1.17700004577637
"2003-01-10",1.17700004577637,1.17700004577637,1.16700005531311,1.17200005054474,0,1.17200005054474
"2003-01-13",1.17700004577637,1.17999994754791,1.17200005054474,1.17200005054474,0,1.17200005054474
"2003-01-14",1.17200005054474,1.17200005054474,1.16700005531311,1.17200005054474,0,1.17200005054474
"2003-01-15",1.17200005054474,1.17200005054474,1.16700005531311,1.16700005531311,0,1.16700005531311
"2003-01-16",1.16700005531311,1.16700005531311,1.16199994087219,1.16499996185303,0,1.16499996185303
"2003-01-17",1.15699994564056,1.15699994564056,1.14499998092651,1.15199995040894,0,1.15199995040894
"2003-01-21",1.15199995040894,1.15699994564056,1.15100002288818,1.15199995040894,0,1.15199995040894
"2003-01-22",1.14699995517731,1.14699995517731,1.14199995994568,1.14199995994568,0,1.14199995994568
"2003-01-23",1.14699995517731,1.14699995517731,1.13999998569489,1.14199995994568,0,1.14199995994568
"2003-01-24",1.13800001144409,1.13999998569489,1.12699997425079,1.12699997425079,0,1.12699997425079
"2003-01-27",1.12699997425079,1.14199995994568,1.12600004673004,1.14199995994568,0,1.14199995994568
"2003-01-28",1.14199995994568,1.15199995040894,1.14199995994568,1.14999997615814,0,1.14999997615814
"2003-01-29",1.14699995517731,1.15199995040894,1.14199995994568,1.15199995040894,0,1.15199995040894
"2003-01-30",1.15499997138977,1.15499997138977,1.14999997615814,1.15199995040894,0,1.15199995040894
"2003-01-31",1.14699995517731,1.15199995040894,1.14699995517731,1.14800000190735,0,1.14800000190735
"2003-02-03",1.14999997615814,1.1599999666214,1.14999997615814,1.15199995040894,0,1.15199995040894
"2003-02-04",1.14699995517731,1.14699995517731,1.14199995994568,1.14699995517731,0,1.14699995517731
"2003-02-05",1.14499998092651,1.14999997615814,1.14199995994568,1.14699995517731,0,1.14699995517731
"2003-02-06",1.14499998092651,1.14699995517731,1.14199995994568,1.14199995994568,0,1.14199995994568
"2003-02-07",1.14300000667572,1.15199995040894,1.13699996471405,1.13699996471405,0,1.13699996471405
"2003-02-10",1.14699995517731,1.14999997615814,1.14499998092651,1.14999997615814,0,1.14999997615814
"2003-02-11",1.15199995040894,1.15199995040894,1.14699995517731,1.15199995040894,0,1.15199995040894
"2003-02-12",1.14999997615814,1.15199995040894,1.14699995517731,1.14999997615814,0,1.14999997615814
"2003-02-13",1.14999997615814,1.14999997615814,1.14499998092651,1.14699995517731,0,1.14699995517731
"2003-02-14",1.14699995517731,1.15199995040894,1.14699995517731,1.15100002288818,0,1.15100002288818
"2003-02-18",1.15199995040894,1.15699994564056,1.15100002288818,1.15499997138977,0,1.15499997138977
"2003-02-19",1.15699994564056,1.15699994564056,1.15699994564056,1.15699994564056,0,1.15699994564056
"2003-02-20",1.15699994564056,1.15699994564056,1.15699994564056,1.15699994564056,0,1.15699994564056
"2003-02-21",1.16199994087219,1.16700005531311,1.16100001335144,1.16700005531311,0,1.16700005531311
"2003-02-24",1.15799999237061,1.17299997806549,1.15799999237061,1.17200005054474,0,1.17200005054474
"2003-02-25",1.16700005531311,1.17499995231628,1.16199994087219,1.17499995231628,0,1.17499995231628
"2003-02-26",1.17499995231628,1.18499994277954,1.17499995231628,1.182000041008,0,1.182000041008
"2003-02-27",1.182000041008,1.18700003623962,1.17700004577637,1.182000041008,0,1.182000041008
"2003-02-28",1.17700004577637,1.17799997329712,1.17200005054474,1.17499995231628,0,1.17499995231628
"2003-03-03",1.17499995231628,1.17700004577637,1.17200005054474,1.17200005054474,0,1.17200005054474
"2003-03-04",1.16700005531311,1.16999995708466,1.16199994087219,1.16499996185303,0,1.16499996185303
"2003-03-05",1.16199994087219,1.16199994087219,1.15199995040894,1.15199995040894,0,1.15199995040894
"2003-03-06",1.15699994564056,1.15699994564056,1.14199995994568,1.14699995517731,0,1.14699995517731
"2003-03-07",1.13999998569489,1.13999998569489,1.08700001239777,1.09700000286102,0,1.09700000286102
"2003-03-10",1.08299994468689,1.08299994468689,1.05599999427795,1.05999994277954,0,1.05999994277954
"2003-03-11",1.057000041008,1.06200003623962,1.02999997138977,1.06200003623962,0,1.06200003623962
"2003-03-12",1.06200003623962,1.07200002670288,1.06200003623962,1.06700003147125,0,1.06700003147125
"2003-03-13",1.08700001239777,1.10199999809265,1.0789999961853,1.10199999809265,0,1.10199999809265
"2003-03-14",1.11000001430511,1.11099994182587,1.10099995136261,1.10300004482269,0,1.10300004482269
"2003-03-17",1.08700001239777,1.11699998378754,1.08200001716614,1.11699998378754,0,1.11699998378754
"2003-03-18",1.11699998378754,1.125,1.11199998855591,1.125,0,1.125
"2003-03-19",1.125,1.13499999046326,1.125,1.13499999046326,0,1.13499999046326
"2003-03-20",1.13399994373322,1.13699996471405,1.12300002574921,1.13699996471405,0,1.13699996471405
"2003-03-21",1.13499999046326,1.15799999237061,1.13499999046326,1.15699994564056,0,1.15699994564056
"2003-03-24",1.14699995517731,1.15600001811981,1.14699995517731,1.15499997138977,0,1.15499997138977
"2003-03-25",1.14699995517731,1.15199995040894,1.14699995517731,1.15199995040894,0,1.15199995040894
"2003-03-26",1.15600001811981,1.1599999666214,1.14900004863739,1.14900004863739,0,1.14900004863739
"2003-03-27",1.14199995994568,1.14699995517731,1.13199996948242,1.13199996948242,0,1.13199996948242
"2003-03-28",1.12699997425079,1.12699997425079,1.11000001430511,1.11099994182587,0,1.11099994182587
"2003-03-31",1.09599995613098,1.10199999809265,1.08500003814697,1.0900000333786,0,1.0900000333786
"2003-04-01",1.09700000286102,1.10000002384186,1.09200000762939,1.09500002861023,0,1.09500002861023
"2003-04-02",1.10099995136261,1.10300004482269,1.09700000286102,1.10199999809265,0,1.10199999809265
"2003-04-03",1.10699999332428,1.10699999332428,1.08500003814697,1.08700001239777,0,1.08700001239777
"2003-04-04",1.08500003814697,1.08800005912781,1.08200001716614,1.08200001716614,0,1.08200001716614
"2003-04-07",1.11199998855591,1.13199996948242,1.11199998855591,1.13199996948242,0,1.13199996948242
"2003-04-08",1.12699997425079,1.12999999523163,1.12699997425079,1.12699997425079,0,1.12699997425079
"2003-04-09",1.12000000476837,1.12199997901917,1.10800004005432,1.11000001430511,0,1.11000001430511
"2003-04-10",1.10699999332428,1.11699998378754,1.10199999809265,1.11699998378754,0,1.11699998378754
"2003-04-11",1.12199997901917,1.14699995517731,1.12199997901917,1.14699995517731,0,1.14699995517731
"2003-04-14",1.15699994564056,1.16199994087219,1.15199995040894,1.15699994564056,0,1.15699994564056
"2003-04-15",1.16199994087219,1.16199994087219,1.15699994564056,1.1599999666214,0,1.1599999666214
"2003-04-16",1.16100001335144,1.16199994087219,1.14699995517731,1.14699995517731,0,1.14699995517731
"2003-04-17",1.14400005340576,1.14699995517731,1.13699996471405,1.14699995517731,0,1.14699995517731
"2003-04-21",1.15699994564056,1.16199994087219,1.15199995040894,1.15199995040894,0,1.15199995040894
"2003-04-22",1.14699995517731,1.15199995040894,1.14699995517731,1.15199995040894,0,1.15199995040894
"2003-04-23",1.14699995517731,1.14699995517731,1.14699995517731,1.14699995517731,0,1.14699995517731
"2003-04-24",1.13699996471405,1.13699996471405,1.12199997901917,1.12899994850159,0,1.12899994850159
"2003-04-25",1.12699997425079,1.12699997425079,1.11199998855591,1.11699998378754,0,1.11699998378754
"2003-04-28",1.11699998378754,1.12699997425079,1.11199998855591,1.11199998855591,0,1.11199998855591
"2003-04-29",1.11199998855591,1.12199997901917,1.11199998855591,1.11699998378754,0,1.11699998378754
"2003-04-30",1.11699998378754,1.11699998378754,1.09700000286102,1.10099995136261,0,1.10099995136261
"2003-05-01",1.09700000286102,1.09700000286102,1.06700003147125,1.07700002193451,0,1.07700002193451
"2003-05-02",1.07700002193451,1.09700000286102,1.07700002193451,1.09599995613098,0,1.09599995613098
"2003-05-05",1.10500001907349,1.11099994182587,1.09200000762939,1.09200000762939,0,1.09200000762939
"2003-05-06",1.09200000762939,1.09700000286102,1.07700002193451,1.08000004291534,0,1.08000004291534
"2003-05-07",1.08700001239777,1.09200000762939,1.08599996566772,1.08700001239777,0,1.08700001239777
"2003-05-08",1.07799994945526,1.08200001716614,1.06700003147125,1.06700003147125,0,1.06700003147125
"2003-05-09",1.06700003147125,1.08200001716614,1.06700003147125,1.08200001716614,0,1.08200001716614
"2003-05-12",1.07700002193451,1.07700002193451,1.06700003147125,1.06700003147125,0,1.06700003147125
"2003-05-13",1.06500005722046,1.06700003147125,1.057000041008,1.06200003623962,0,1.06200003623962
"2003-05-14",1.05499994754791,1.057000041008,1.03699994087219,1.03699994087219,0,1.03699994087219
"2003-05-15",1.03199994564056,1.03699994087219,1.00199997425079,1.02999997138977,0,1.02999997138977
"2003-05-16",1.03299999237061,1.03299999237061,1.02199995517731,1.02199995517731,0,1.02199995517731
"2003-05-19",0.986000001430511,1.01699995994568,0.981000006198883,1.01699995994568,0,1.01699995994568
"2003-05-20",1.03699994087219,1.04200005531311,0.996999979019165,1,0,1
"2003-05-21",1.01999998092651,1.04999995231628,1.01999998092651,1.04700005054474,0,1.04700005054474
"2003-05-22",1.04499995708466,1.05499994754791,1.04499995708466,1.04999995231628,0,1.04999995231628
"2003-05-23",1.04999995231628,1.05499994754791,1.04900002479553,1.05499994754791,0,1.05499994754791
"2003-05-27",1.05499994754791,1.06700003147125,1.05499994754791,1.06299996376038,0,1.06299996376038
"2003-05-28",1.08200001716614,1.09300005435944,1.08000004291534,1.08700001239777,0,1.08700001239777
"2003-05-29",1.08200001716614,1.08200001716614,1.07200002670288,1.07500004768372,0,1.07500004768372
"2003-05-30",1.07200002670288,1.09200000762939,1.07200002670288,1.08500003814697,0,1.08500003814697
"2003-06-02",1.08700001239777,1.10399997234344,1.08700001239777,1.10199999809265,0,1.10199999809265
"2003-06-03",1.09200000762939,1.09200000762939,1.057000041008,1.06200003623962,0,1.06200003623962
"2003-06-04",1.057000041008,1.05799996852875,1.02199995517731,1.02199995517731,0,1.02199995517731
"2003-06-05",1.01699995994568,1.01699995994568,0.986999988555908,1.01699995994568,0,1.01699995994568
"2003-06-06",0.995000004768372,1.03199994564056,0.982999980449677,1.02699995040894,0,1.02699995040894
"2003-06-09",1.01699995994568,1.01699995994568,1.00699996948242,1.00699996948242,0,1.00699996948242
"2003-06-10",0.996999979019165,1.00199997425079,0.952000021934509,0.957000017166138,0,0.957000017166138
"2003-06-11",0.954999983310699,0.954999983310699,0.904999971389771,0.910000026226044,0,0.910000026226044
"2003-06-12",0.917999982833862,0.921999990940094,0.882000029087067,0.892000019550323,0,0.892000019550323
"2003-06-13",0.871999979019165,0.876999974250793,0.827000021934509,0.833000004291534,0,0.833000004291534
"2003-06-16",0.837000012397766,0.842000007629395,0.834999978542328,0.837000012397766,0,0.837000012397766
"2003-06-17",0.837000012397766,0.866999983787537,0.837000012397766,0.866999983787537,0,0.866999983787537
"2003-06-18",0.875,0.876999974250793,0.851999998092651,0.861999988555908,0,0.861999988555908
"2003-06-19",0.806999981403351,0.814999997615814,0.773999989032745,0.791999995708466,0,0.791999995708466
"2003-06-20",0.839999973773956,0.839999973773956,0.796999990940094,0.806999981403351,0,0.806999981403351
"2003-06-23",0.799000024795532,0.819999992847443,0.796999990940094,0.819999992847443,0,0.819999992847443
"2003-06-24",0.816999971866608,0.816999971866608,0.800000011920929,0.800000011920929,0,0.800000011920929
"2003-06-25",0.796999990940094,0.897000014781952,0.787000000476837,0.897000014781952,0,0.897000014781952
"2003-06-26",0.90200001001358,0.912000000476837,0.865000009536743,0.875,0,0.875
"2003-06-27",0.871999979019165,0.874000012874603,0.827000021934509,0.842000007629395,0,0.842000007629395
"2003-06-30",0.843999981880188,0.847000002861023,0.837999999523163,0.837999999523163,0,0.837999999523163
"2003-07-01",0.882000029087067,0.882000029087067,0.866999983787537,0.867999970912933,0,0.867999970912933
"2003-07-02",0.866999983787537,0.871999979019165,0.847000002861023,0.847000002861023,0,0.847000002861023
"2003-07-03",0.847000002861023,0.85699999332428,0.833999991416931,0.842000007629395,0,0.842000007629395
"2003-07-07",0.848999977111816,0.861999988555908,0.847000002861023,0.861999988555908,0,0.861999988555908
"2003-07-08",0.882000029087067,0.884999990463257,0.882000029087067,0.884999990463257,0,0.884999990463257
"2003-07-09",0.897000014781952,0.897000014781952,0.870000004768372,0.870000004768372,0,0.870000004768372
"2003-07-10",0.866999983787537,0.870000004768372,0.862999975681305,0.862999975681305,0,0.862999975681305
"2003-07-11",0.861999988555908,0.871999979019165,0.861000001430511,0.86599999666214,0,0.86599999666214
"2003-07-14",0.871999979019165,0.878000020980835,0.866999983787537,0.866999983787537,0,0.866999983787537
"2003-07-15",0.870999991893768,0.892000019550323,0.870999991893768,0.888000011444092,0,0.888000011444092
"2003-07-16",0.892000019550323,0.897000014781952,0.882000029087067,0.882000029087067,0,0.882000029087067
"2003-07-17",0.871999979019165,0.876999974250793,0.870999991893768,0.870999991893768,0,0.870999991893768
"2003-07-18",0.873000025749207,0.876999974250793,0.871999979019165,0.876999974250793,0,0.876999974250793
"2003-07-21",0.879999995231628,0.887000024318695,0.876999974250793,0.887000024318695,0,0.887000024318695
"2003-07-22",0.897000014781952,0.90200001001358,0.897000014781952,0.90200001001358,0,0.90200001001358
"2003-07-23",0.897000014781952,0.897000014781952,0.892000019550323,0.892000019550323,0,0.892000019550323
"2003-07-24",0.894999980926514,0.90200001001358,0.894999980926514,0.901000022888184,0,0.901000022888184
"2003-07-25",0.898999989032745,0.904999971389771,0.897000014781952,0.90200001001358,0,0.90200001001358
"2003-07-28",0.904999971389771,0.936999976634979,0.904999971389771,0.936999976634979,0,0.936999976634979
"2003-07-29",0.947000026702881,0.962000012397766,0.947000026702881,0.957000017166138,0,0.957000017166138
"2003-07-30",0.957000017166138,0.957000017166138,0.936999976634979,0.947000026702881,0,0.947000026702881
"2003-07-31",0.940999984741211,0.953999996185303,0.91100001335144,0.926999986171722,0,0.926999986171722
"2003-08-01",0.930000007152557,0.931999981403351,0.894999980926514,0.917999982833862,0,0.917999982833862
"2003-08-04",0.916000008583069,0.941999971866608,0.912000000476837,0.936999976634979,0,0.936999976634979
"2003-08-05",0.936999976634979,0.936999976634979,0.935000002384186,0.935000002384186,0,0.935000002384186
"2003-08-06",0.931999981403351,0.931999981403351,0.921999990940094,0.921999990940094,0,0.921999990940094
"2003-08-07",0.917999982833862,0.921999990940094,0.916999995708466,0.920000016689301,0,0.920000016689301
"2003-08-08",0.916000008583069,0.926999986171722,0.916000008583069,0.926999986171722,0,0.926999986171722
"2003-08-11",0.940999984741211,0.944000005722046,0.924000024795532,0.925999999046326,0,0.925999999046326
"2003-08-12",0.926999986171722,0.931999981403351,0.926999986171722,0.926999986171722,0,0.926999986171722
"2003-08-13",0.920000016689301,0.933000028133392,0.920000016689301,0.926999986171722,0,0.926999986171722
"2003-08-14",0.931999981403351,0.936999976634979,0.931999981403351,0.935000002384186,0,0.935000002384186
"2003-08-15",0.931999981403351,0.931999981403351,0.922999978065491,0.926999986171722,0,0.926999986171722
"2003-08-18",0.930999994277954,0.939999997615814,0.930999994277954,0.936999976634979,0,0.936999976634979
"2003-08-19",0.941999971866608,0.941999971866608,0.936999976634979,0.936999976634979,0,0.936999976634979
"2003-08-20",0.925000011920929,0.936999976634979,0.925000011920929,0.936999976634979,0,0.936999976634979
"2003-08-21",0.935000002384186,0.947000026702881,0.935000002384186,0.945999979972839,0,0.945999979972839
"2003-08-22",0.944999992847443,0.957000017166138,0.944999992847443,0.950999975204468,0,0.950999975204468
"2003-08-25",0.950999975204468,0.972000002861023,0.950999975204468,0.972000002861023,0,0.972000002861023
"2003-08-26",0.976999998092651,0.976999998092651,0.976999998092651,0.976999998092651,0,0.976999998092651
"2003-08-27",0.976999998092651,0.976999998092651,0.976999998092651,0.976999998092651,0,0.976999998092651
"2003-08-28",0.976999998092651,0.976999998092651,0.962000012397766,0.962000012397766,0,0.962000012397766
"2003-08-29",0.962000012397766,0.962000012397766,0.957000017166138,0.959999978542328,0,0.959999978542328
"2003-09-02",0.958000004291534,0.96399998664856,0.948000013828278,0.952000021934509,0,0.952000021934509
"2003-09-03",0.962000012397766,0.962000012397766,0.952000021934509,0.952000021934509,0,0.952000021934509
"2003-09-04",0.952000021934509,0.952000021934509,0.941999971866608,0.941999971866608,0,0.941999971866608
"2003-09-05",0.934000015258789,0.939000010490417,0.926999986171722,0.926999986171722,0,0.926999986171722
"2003-09-08",0.929000020027161,0.939999997615814,0.926999986171722,0.931999981403351,0,0.931999981403351
"2003-09-09",0.935000002384186,0.935000002384186,0.931999981403351,0.931999981403351,0,0.931999981403351
"2003-09-10",0.931999981403351,0.933000028133392,0.926999986171722,0.931999981403351,0,0.931999981403351
"2003-09-11",0.933000028133392,0.935999989509583,0.931999981403351,0.931999981403351,0,0.931999981403351
"2003-09-12",0.931999981403351,0.933000028133392,0.931999981403351,0.931999981403351,0,0.931999981403351
"2003-09-15",0.933000028133392,0.935999989509583,0.921999990940094,0.925999999046326,0,0.925999999046326
"2003-09-16",0.930000007152557,0.930000007152557,0.926999986171722,0.926999986171722,0,0.926999986171722
"2003-09-17",0.926999986171722,0.926999986171722,0.926999986171722,0.926999986171722,0,0.926999986171722
"2003-09-18",0.927999973297119,0.931999981403351,0.926999986171722,0.931999981403351,0,0.931999981403351
"2003-09-19",0.926999986171722,0.926999986171722,0.926999986171722,0.926999986171722,0,0.926999986171722
"2003-09-22",0.930000007152557,0.930999994277954,0.920000016689301,0.921999990940094,0,0.921999990940094
"2003-09-23",0.926999986171722,0.931999981403351,0.921999990940094,0.925000011920929,0,0.925000011920929
"2003-09-24",0.922999978065491,0.922999978065491,0.912000000476837,0.916999995708466,0,0.916999995708466
"2003-09-25",0.916999995708466,0.917999982833862,0.912000000476837,0.916999995708466,0,0.916999995708466
"2003-09-26",0.916999995708466,0.917999982833862,0.916999995708466,0.916999995708466,0,0.916999995708466
"2003-09-29",0.921999990940094,0.922999978065491,0.917999982833862,0.921000003814697,0,0.921000003814697
"2003-09-30",0.930000007152557,0.931999981403351,0.925999999046326,0.925999999046326,0,0.925999999046326
"2003-10-01",0.910000026226044,0.910000026226044,0.910000026226044,0.910000026226044,0,0.910000026226044
"2003-10-02",0.921000003814697,0.921999990940094,0.912000000476837,0.912000000476837,0,0.912000000476837
"2003-10-03",0.91100001335144,0.921999990940094,0.91100001335144,0.912000000476837,0,0.912000000476837
"2003-10-06",0.91100001335144,0.915000021457672,0.904999971389771,0.904999971389771,0,0.904999971389771
"2003-10-07",0.907000005245209,0.907000005245209,0.90200001001358,0.90200001001358,0,0.90200001001358
"2003-10-08",0.897000014781952,0.897000014781952,0.873000025749207,0.876999974250793,0,0.876999974250793
"2003-10-09",0.875,0.887000024318695,0.875,0.879999995231628,0,0.879999995231628
"2003-10-10",0.882000029087067,0.887000024318695,0.880999982357025,0.887000024318695,0,0.887000024318695
"2003-10-13",0.887000024318695,0.887000024318695,0.887000024318695,0.887000024318695,0,0.887000024318695
"2003-10-14",0.892000019550323,0.892000019550323,0.884999990463257,0.887000024318695,0,0.887000024318695
"2003-10-15",0.904999971389771,0.910000026226044,0.90200001001358,0.902999997138977,0,0.902999997138977
"2003-10-16",0.898000001907349,0.907000005245209,0.896000027656555,0.90200001001358,0,0.90200001001358
"2003-10-17",0.90200001001358,0.907000005245209,0.901000022888184,0.907000005245209,0,0.907000005245209
"2003-10-20",0.912000000476837,0.912000000476837,0.904999971389771,0.912000000476837,0,0.912000000476837
"2003-10-21",0.916999995708466,0.935999989509583,0.916999995708466,0.935999989509583,0,0.935999989509583
"2003-10-22",0.931999981403351,0.936999976634979,0.931999981403351,0.931999981403351,0,0.931999981403351
"2003-10-23",0.931999981403351,0.939000010490417,0.927999973297119,0.930000007152557,0,0.930000007152557
"2003-10-24",0.926999986171722,0.929000020027161,0.925000011920929,0.926999986171722,0,0.926999986171722
"2003-10-27",0.931999981403351,0.941999971866608,0.925999999046326,0.940999984741211,0,0.940999984741211
"2003-10-28",0.947000026702881,0.949000000953674,0.941999971866608,0.944999992847443,0,0.944999992847443
"2003-10-29",0.939000010490417,0.939000010490417,0.931999981403351,0.936999976634979,0,0.936999976634979
"2003-10-30",0.936999976634979,0.941999971866608,0.931999981403351,0.931999981403351,0,0.931999981403351
"2003-10-31",0.935999989509583,0.935999989509583,0.931999981403351,0.931999981403351,0,0.931999981403351
"2003-11-03",0.930999994277954,0.936999976634979,0.921000003814697,0.921000003814697,0,0.921000003814697
"2003-11-04",0.930999994277954,0.930999994277954,0.927999973297119,0.927999973297119,0,0.927999973297119
"2003-11-05",0.927999973297119,0.935000002384186,0.926999986171722,0.933000028133392,0,0.933000028133392
"2003-11-06",0.926999986171722,0.936999976634979,0.922999978065491,0.926999986171722,0,0.926999986171722
"2003-11-07",0.930999994277954,0.941999971866608,0.927999973297119,0.931999981403351,0,0.931999981403351
"2003-11-10",0.930000007152557,0.930999994277954,0.921999990940094,0.921999990940094,0,0.921999990940094
"2003-11-11",NA,NA,NA,NA,NA,NA
"2003-11-12",0.926999986171722,0.927999973297119,0.926999986171722,0.927999973297119,0,0.927999973297119
"2003-11-13",0.925000011920929,0.927999973297119,0.922999978065491,0.926999986171722,0,0.926999986171722
"2003-11-14",0.926999986171722,0.930999994277954,0.925999999046326,0.926999986171722,0,0.926999986171722
"2003-11-17",0.922999978065491,0.931999981403351,0.922999978065491,0.927999973297119,0,0.927999973297119
"2003-11-18",0.933000028133392,0.938000023365021,0.926999986171722,0.935999989509583,0,0.935999989509583
"2003-11-19",0.931999981403351,0.931999981403351,0.926999986171722,0.926999986171722,0,0.926999986171722
"2003-11-20",0.926999986171722,0.926999986171722,0.920000016689301,0.921999990940094,0,0.921999990940094
"2003-11-21",0.922999978065491,0.922999978065491,0.907000005245209,0.912000000476837,0,0.912000000476837
"2003-11-24",0.917999982833862,0.921999990940094,0.916999995708466,0.916999995708466,0,0.916999995708466
"2003-11-25",0.926999986171722,0.930000007152557,0.915000021457672,0.920000016689301,0,0.920000016689301
"2003-11-26",0.921999990940094,0.921999990940094,0.904999971389771,0.912000000476837,0,0.912000000476837
"2003-11-28",0.916000008583069,0.916000008583069,0.907999992370605,0.907999992370605,0,0.907999992370605
"2003-12-01",0.912000000476837,0.912000000476837,0.896000027656555,0.897000014781952,0,0.897000014781952
"2003-12-02",0.916999995708466,0.921000003814697,0.916999995708466,0.916999995708466,0,0.916999995708466
"2003-12-03",0.916999995708466,0.916999995708466,0.912000000476837,0.912000000476837,0,0.912000000476837
"2003-12-04",0.912000000476837,0.912000000476837,0.899999976158142,0.901000022888184,0,0.901000022888184
"2003-12-05",0.901000022888184,0.901000022888184,0.892000019550323,0.894999980926514,0,0.894999980926514
"2003-12-08",0.892000019550323,0.898999989032745,0.888000011444092,0.892000019550323,0,0.892000019550323
"2003-12-09",0.901000022888184,0.90200001001358,0.890999972820282,0.892000019550323,0,0.892000019550323
"2003-12-10",0.892000019550323,0.89300000667572,0.887000024318695,0.887000024318695,0,0.887000024318695
"2003-12-11",0.887000024318695,0.887000024318695,0.871999979019165,0.871999979019165,0,0.871999979019165
"2003-12-12",0.875,0.882000029087067,0.871999979019165,0.876999974250793,0,0.876999974250793
"2003-12-15",0.882000029087067,0.882000029087067,0.876999974250793,0.879999995231628,0,0.879999995231628
"2003-12-16",0.882000029087067,0.882000029087067,0.876999974250793,0.878000020980835,0,0.878000020980835
"2003-12-17",0.876999974250793,0.876999974250793,0.871999979019165,0.871999979019165,0,0.871999979019165
"2003-12-18",0.866999983787537,0.870000004768372,0.85699999332428,0.862999975681305,0,0.862999975681305
"2003-12-19",0.865000009536743,0.873000025749207,0.855000019073486,0.857999980449677,0,0.857999980449677
"2003-12-22",0.859000027179718,0.866999983787537,0.857999980449677,0.861000001430511,0,0.861000001430511
"2003-12-23",0.875,0.882000029087067,0.871999979019165,0.882000029087067,0,0.882000029087067
"2003-12-24",0.875,0.876999974250793,0.871999979019165,0.871999979019165,0,0.871999979019165
"2003-12-26",0.833000004291534,0.86599999666214,0.833000004291534,0.847000002861023,0,0.847000002861023
"2003-12-29",0.851999998092651,0.861999988555908,0.851999998092651,0.85699999332428,0,0.85699999332428
"2003-12-30",0.882000029087067,0.912000000476837,0.882000029087067,0.912000000476837,0,0.912000000476837
"2003-12-31",0.912000000476837,0.912000000476837,0.907000005245209,0.907000005245209,0,0.907000005245209
"2004-01-02",0.907000005245209,0.907000005245209,0.901000022888184,0.90200001001358,0,0.90200001001358
"2004-01-05",0.90200001001358,0.907000005245209,0.90200001001358,0.90200001001358,0,0.90200001001358
"2004-01-06",0.90200001001358,0.90200001001358,0.901000022888184,0.901000022888184,0,0.901000022888184
"2004-01-07",0.897000014781952,0.899999976158142,0.885999977588654,0.885999977588654,0,0.885999977588654
"2004-01-08",0.861999988555908,0.861999988555908,0.847000002861023,0.847000002861023,0,0.847000002861023
"2004-01-09",0.855000019073486,0.855000019073486,0.841000020503998,0.842000007629395,0,0.842000007629395
"2004-01-12",0.842000007629395,0.847000002861023,0.842000007629395,0.847000002861023,0,0.847000002861023
"2004-01-13",0.871999979019165,0.871999979019165,0.861999988555908,0.861999988555908,0,0.861999988555908
"2004-01-14",0.860000014305115,0.867999970912933,0.85699999332428,0.857999980449677,0,0.857999980449677
"2004-01-15",0.85699999332428,0.857999980449677,0.851999998092651,0.851999998092651,0,0.851999998092651
"2004-01-16",0.855000019073486,0.861999988555908,0.851999998092651,0.861999988555908,0,0.861999988555908
"2004-01-20",0.861000001430511,0.861999988555908,0.85699999332428,0.85699999332428,0,0.85699999332428
"2004-01-21",0.866999983787537,0.866999983787537,0.866999983787537,0.866999983787537,0,0.866999983787537
"2004-01-22",0.865000009536743,0.865000009536743,0.850000023841858,0.851999998092651,0,0.851999998092651
"2004-01-23",0.851000010967255,0.866999983787537,0.850000023841858,0.866999983787537,0,0.866999983787537
"2004-01-26",0.865000009536743,0.882000029087067,0.865000009536743,0.882000029087067,0,0.882000029087067
"2004-01-27",0.887000024318695,0.897000014781952,0.887000024318695,0.897000014781952,0,0.897000014781952
"2004-01-28",0.892000019550323,0.916999995708466,0.887000024318695,0.916999995708466,0,0.916999995708466
"2004-01-29",0.912999987602234,0.916999995708466,0.912000000476837,0.916999995708466,0,0.916999995708466
"2004-01-30",0.912000000476837,0.912000000476837,0.896000027656555,0.897000014781952,0,0.897000014781952
"2004-02-02",0.901000022888184,0.907000005245209,0.899999976158142,0.90200001001358,0,0.90200001001358
"2004-02-03",0.912000000476837,0.912000000476837,0.910000026226044,0.912000000476837,0,0.912000000476837
"2004-02-04",0.907000005245209,0.912000000476837,0.907000005245209,0.912000000476837,0,0.912000000476837
"2004-02-05",0.907999992370605,0.912000000476837,0.904999971389771,0.91100001335144,0,0.91100001335144
"2004-02-06",0.912999987602234,0.916000008583069,0.904999971389771,0.907000005245209,0,0.907000005245209
"2004-02-09",0.907000005245209,0.912999987602234,0.907000005245209,0.912000000476837,0,0.912000000476837
"2004-02-10",0.916999995708466,0.921999990940094,0.916999995708466,0.921000003814697,0,0.921000003814697
"2004-02-11",0.921000003814697,0.921999990940094,0.907000005245209,0.910000026226044,0,0.910000026226044
"2004-02-12",0.907000005245209,0.907000005245209,0.897000014781952,0.898000001907349,0,0.898000001907349
"2004-02-13",0.90200001001358,0.90200001001358,0.897000014781952,0.897000014781952,0,0.897000014781952
"2004-02-17",0.897000014781952,0.90200001001358,0.897000014781952,0.897000014781952,0,0.897000014781952
"2004-02-18",0.912000000476837,0.912000000476837,0.910000026226044,0.912000000476837,0,0.912000000476837
"2004-02-19",0.912000000476837,0.915000021457672,0.91100001335144,0.912000000476837,0,0.912000000476837
"2004-02-20",0.912000000476837,0.916999995708466,0.912000000476837,0.916000008583069,0,0.916000008583069
"2004-02-23",0.916999995708466,0.926999986171722,0.916999995708466,0.926999986171722,0,0.926999986171722
"2004-02-24",0.930000007152557,0.941999971866608,0.926999986171722,0.938000023365021,0,0.938000023365021
"2004-02-25",0.938000023365021,0.943000018596649,0.938000023365021,0.938000023365021,0,0.938000023365021
"2004-02-26",0.938000023365021,0.940999984741211,0.930000007152557,0.931999981403351,0,0.931999981403351
"2004-02-27",0.931999981403351,0.931999981403351,0.926999986171722,0.926999986171722,0,0.926999986171722
"2004-03-01",0.931999981403351,0.936999976634979,0.926999986171722,0.935999989509583,0,0.935999989509583
"2004-03-02",0.941999971866608,0.948000013828278,0.941999971866608,0.941999971866608,0,0.941999971866608
"2004-03-03",0.943000018596649,0.944999992847443,0.941999971866608,0.941999971866608,0,0.941999971866608
"2004-03-04",0.941999971866608,0.943000018596649,0.940999984741211,0.940999984741211,0,0.940999984741211
"2004-03-05",0.943000018596649,0.943000018596649,0.926999986171722,0.930999994277954,0,0.930999994277954
"2004-03-08",0.929000020027161,0.929000020027161,0.925999999046326,0.926999986171722,0,0.926999986171722
"2004-03-09",0.926999986171722,0.931999981403351,0.926999986171722,0.931999981403351,0,0.931999981403351
"2004-03-10",0.938000023365021,0.938000023365021,0.935000002384186,0.936999976634979,0,0.936999976634979
"2004-03-11",0.931999981403351,0.936999976634979,0.929000020027161,0.936999976634979,0,0.936999976634979
"2004-03-12",0.931999981403351,0.938000023365021,0.931999981403351,0.931999981403351,0,0.931999981403351
"2004-03-15",0.931999981403351,0.935999989509583,0.931999981403351,0.931999981403351,0,0.931999981403351
"2004-03-16",0.943000018596649,0.943000018596649,0.938000023365021,0.938000023365021,0,0.938000023365021
"2004-03-17",0.931999981403351,0.933000028133392,0.912000000476837,0.917999982833862,0,0.917999982833862
"2004-03-18",0.921999990940094,0.921999990940094,0.916999995708466,0.916999995708466,0,0.916999995708466
"2004-03-19",0.916999995708466,0.916999995708466,0.912999987602234,0.916999995708466,0,0.916999995708466
"2004-03-22",0.917999982833862,0.922999978065491,0.916999995708466,0.922999978065491,0,0.922999978065491
"2004-03-23",0.926999986171722,0.927999973297119,0.921999990940094,0.922999978065491,0,0.922999978065491
"2004-03-24",0.922999978065491,0.922999978065491,0.915000021457672,0.917999982833862,0,0.917999982833862
"2004-03-25",0.916999995708466,0.917999982833862,0.916000008583069,0.916999995708466,0,0.916999995708466
"2004-03-26",0.916999995708466,0.921999990940094,0.916000008583069,0.921999990940094,0,0.921999990940094
"2004-03-29",0.926999986171722,0.938000023365021,0.921999990940094,0.922999978065491,0,0.922999978065491
"2004-03-30",0.936999976634979,0.938000023365021,0.933000028133392,0.933000028133392,0,0.933000028133392
"2004-03-31",0.933000028133392,0.933000028133392,0.921999990940094,0.922999978065491,0,0.922999978065491
"2004-04-01",0.921999990940094,0.925999999046326,0.916000008583069,0.916000008583069,0,0.916000008583069
"2004-04-02",0.921999990940094,0.936999976634979,0.921999990940094,0.926999986171722,0,0.926999986171722
"2004-04-05",0.925999999046326,0.927999973297119,0.912000000476837,0.912000000476837,0,0.912000000476837
"2004-04-06",0.917999982833862,0.917999982833862,0.917999982833862,0.917999982833862,0,0.917999982833862
"2004-04-07",0.917999982833862,0.917999982833862,0.916999995708466,0.917999982833862,0,0.917999982833862
"2004-04-08",0.916999995708466,0.916999995708466,0.912999987602234,0.912999987602234,0,0.912999987602234
"2004-04-12",0.912000000476837,0.916000008583069,0.912000000476837,0.912000000476837,0,0.912000000476837
"2004-04-13",0.912999987602234,0.922999978065491,0.912999987602234,0.921999990940094,0,0.921999990940094
"2004-04-14",0.926999986171722,0.938000023365021,0.925000011920929,0.934000015258789,0,0.934000015258789
"2004-04-15",0.926999986171722,0.931999981403351,0.926999986171722,0.926999986171722,0,0.926999986171722
"2004-04-16",0.924000024795532,0.924000024795532,0.916000008583069,0.916999995708466,0,0.916999995708466
"2004-04-19",0.917999982833862,0.921999990940094,0.917999982833862,0.921999990940094,0,0.921999990940094
"2004-04-20",0.936999976634979,0.948000013828278,0.936999976634979,0.947000026702881,0,0.947000026702881
"2004-04-21",1,1.00199997425079,0.962000012397766,0.967000007629395,0,0.967000007629395
"2004-04-22",0.952000021934509,0.953000009059906,0.936999976634979,0.936999976634979,0,0.936999976634979
"2004-04-23",0.936999976634979,0.955999970436096,0.936999976634979,0.952000021934509,0,0.952000021934509
"2004-04-26",0.953999996185303,0.953999996185303,0.941999971866608,0.943000018596649,0,0.943000018596649
"2004-04-27",0.961000025272369,0.962999999523163,0.958000004291534,0.962000012397766,0,0.962000012397766
"2004-04-28",0.958000004291534,0.962999999523163,0.948000013828278,0.948000013828278,0,0.948000013828278
"2004-04-29",0.972000002861023,0.972000002861023,0.938000023365021,0.949000000953674,0,0.949000000953674
"2004-04-30",0.949000000953674,0.952000021934509,0.947000026702881,0.952000021934509,0,0.952000021934509
"2004-05-03",0.953999996185303,0.961000025272369,0.952000021934509,0.958999991416931,0,0.958999991416931
"2004-05-04",0.982999980449677,0.99099999666214,0.977999985218048,0.986000001430511,0,0.986000001430511
"2004-05-05",0.977999985218048,0.981000006198883,0.961000025272369,0.967000007629395,0,0.967000007629395
"2004-05-06",0.962999999523163,0.97299998998642,0.962000012397766,0.971000015735626,0,0.971000015735626
"2004-05-07",0.973999977111816,1.04799997806549,0.973999977111816,1.03699994087219,0,1.03699994087219
"2004-05-10",1.03799998760223,1.03799998760223,1.02699995040894,1.02699995040894,0,1.02699995040894
"2004-05-11",1.04999995231628,1.04999995231628,1.03100001811981,1.03100001811981,0,1.03100001811981
"2004-05-12",1.02600002288818,1.02799999713898,1.00699996948242,1.00699996948242,0,1.00699996948242
"2004-05-13",1.00800001621246,1.00800001621246,0.976999998092651,0.980000019073486,0,0.980000019073486
"2004-05-14",0.978999972343445,0.98199999332428,0.954999983310699,0.968999981880188,0,0.968999981880188
"2004-05-17",0.966000020503998,0.981000006198883,0.96399998664856,0.976999998092651,0,0.976999998092651
"2004-05-18",1.03699994087219,1.03799998760223,1.02699995040894,1.02699995040894,0,1.02699995040894
"2004-05-19",1.03699994087219,1.03699994087219,1.00499999523163,1.01600003242493,0,1.01600003242493
"2004-05-20",1.01600003242493,1.01600003242493,1.00100004673004,1.00399994850159,0,1.00399994850159
"2004-05-21",1.00600004196167,1.00699996948242,1.00100004673004,1.00399994850159,0,1.00399994850159
"2004-05-24",1.00300002098083,1.01199996471405,1.00300002098083,1.01199996471405,0,1.01199996471405
"2004-05-25",1.04299998283386,1.057000041008,1.04299998283386,1.057000041008,0,1.057000041008
"2004-05-26",1.05200004577637,1.057000041008,1.05200004577637,1.05200004577637,0,1.05200004577637
"2004-05-27",1.05200004577637,1.05299997329712,1.03900003433228,1.03900003433228,0,1.03900003433228
"2004-05-28",1.04100000858307,1.05400002002716,1.03799998760223,1.05200004577637,0,1.05200004577637
"2004-06-01",1.05400002002716,1.09599995613098,1.05299997329712,1.09300005435944,0,1.09300005435944
"2004-06-02",1.13699996471405,1.14699995517731,1.13699996471405,1.14199995994568,0,1.14199995994568
"2004-06-03",1.13999998569489,1.15100002288818,1.13999998569489,1.14699995517731,0,1.14699995517731
"2004-06-04",1.16199994087219,1.18700003623962,1.15699994564056,1.17700004577637,0,1.17700004577637
"2004-06-07",1.17900002002716,1.18700003623962,1.17799997329712,1.18400001525879,0,1.18400001525879
"2004-06-08",1.22699999809265,1.25499999523163,1.22200000286102,1.24199998378754,0,1.24199998378754
"2004-06-09",1.24699997901917,1.25699996948242,1.24199998378754,1.24199998378754,0,1.24199998378754
"2004-06-10",1.27300000190735,1.29299998283386,1.26699995994568,1.26699995994568,0,1.26699995994568
"2004-06-14",1.30299997329712,1.33899998664856,1.30299997329712,1.33899998664856,0,1.33899998664856
"2004-06-15",1.38699996471405,1.38699996471405,1.307000041008,1.31200003623962,0,1.31200003623962
"2004-06-16",1.29999995231628,1.30200004577637,1.27699995040894,1.27699995040894,0,1.27699995040894
"2004-06-17",1.27199995517731,1.27600002288818,1.23199999332428,1.24199998378754,0,1.24199998378754
"2004-06-18",1.24000000953674,1.24699997901917,1.23699998855591,1.24699997901917,0,1.24699997901917
"2004-06-21",1.24800002574921,1.24899995326996,1.23800003528595,1.23800003528595,0,1.23800003528595
"2004-06-22",1.307000041008,1.31099998950958,1.29200005531311,1.29299998283386,0,1.29299998283386
"2004-06-23",1.27699995040894,1.27699995040894,1.25300002098083,1.25699996948242,0,1.25699996948242
"2004-06-24",1.25300002098083,1.25600004196167,1.22300004959106,1.25399994850159,0,1.25399994850159
"2004-06-25",1.25899994373322,1.28199994564056,1.25899994373322,1.27199995517731,0,1.27199995517731
"2004-06-28",1.27300000190735,1.29499995708466,1.27300000190735,1.28199994564056,0,1.28199994564056
"2004-06-29",1.34200000762939,1.36300003528595,1.34200000762939,1.35199999809265,0,1.35199999809265
"2004-06-30",1.34700000286102,1.34700000286102,1.29100000858307,1.30299997329712,0,1.30299997329712
"2004-07-01",1.26999998092651,1.26999998092651,1.18299996852875,1.19700002670288,0,1.19700002670288
"2004-07-02",1.22599995136261,1.26300001144409,1.17599999904633,1.26300001144409,0,1.26300001144409
"2004-07-06",1.26300001144409,1.26600003242493,1.25199997425079,1.25399994850159,0,1.25399994850159
"2004-07-07",1.31400001049042,1.31400001049042,1.26499998569489,1.26800000667572,0,1.26800000667572
"2004-07-08",1.27300000190735,1.27300000190735,1.23800003528595,1.25100004673004,0,1.25100004673004
"2004-07-09",1.24600005149841,1.24699997901917,1.23199999332428,1.24699997901917,0,1.24699997901917
"2004-07-12",1.24699997901917,1.26400005817413,1.24699997901917,1.26199996471405,0,1.26199996471405
"2004-07-13",1.31099998950958,1.32200002670288,1.30799996852875,1.31500005722046,0,1.31500005722046
"2004-07-14",1.31700003147125,1.32299995422363,1.30799996852875,1.31700003147125,0,1.31700003147125
"2004-07-15",1.31400001049042,1.32099997997284,1.31400001049042,1.31700003147125,0,1.31700003147125
"2004-07-16",1.31700003147125,1.31900000572205,1.307000041008,1.31200003623962,0,1.31200003623962
"2004-07-19",1.307000041008,1.31200003623962,1.30200004577637,1.30200004577637,0,1.30200004577637
"2004-07-20",1.31700003147125,1.33200001716614,1.31700003147125,1.33200001716614,0,1.33200001716614
"2004-07-21",1.33899998664856,1.34899997711182,1.32200002670288,1.32200002670288,0,1.32200002670288
"2004-07-22",1.32500004768372,1.33500003814697,1.32299995422363,1.33399999141693,0,1.33399999141693
"2004-07-23",1.33700001239777,1.34099996089935,1.33599996566772,1.33800005912781,0,1.33800005912781
"2004-07-26",1.3400000333786,1.39199995994568,1.3400000333786,1.39199995994568,0,1.39199995994568
"2004-07-27",1.42700004577637,1.44500005245209,1.42700004577637,1.43700003623962,0,1.43700003623962
"2004-07-28",1.43700003623962,1.44000005722046,1.41499996185303,1.41999995708466,0,1.41999995708466
"2004-07-29",1.42400002479553,1.42599999904633,1.41199994087219,1.41199994087219,0,1.41199994087219
"2004-07-30",1.41499996185303,1.41600000858307,1.41100001335144,1.41199994087219,0,1.41199994087219
"2004-08-02",1.39999997615814,1.44200003147125,1.39900004863739,1.432000041008,0,1.432000041008
"2004-08-03",1.46200001239777,1.46800005435944,1.45200002193451,1.45700001716614,0,1.45700001716614
"2004-08-04",1.45000004768372,1.45200002193451,1.44200003147125,1.45200002193451,0,1.45200002193451
"2004-08-05",1.44700002670288,1.45099997520447,1.43900001049042,1.44400000572205,0,1.44400000572205
"2004-08-06",1.44099998474121,1.44200003147125,1.37199997901917,1.40600001811981,0,1.40600001811981
"2004-08-09",1.41299998760223,1.44599997997284,1.41199994087219,1.44400000572205,0,1.44400000572205
"2004-08-10",1.47699999809265,1.47800004482269,1.4650000333786,1.47200000286102,0,1.47200000286102
"2004-08-11",1.44500005245209,1.44700002670288,1.40499997138977,1.41499996185303,0,1.41499996185303
"2004-08-12",1.40900003910065,1.42700004577637,1.40699994564056,1.40799999237061,0,1.40799999237061
"2004-08-13",1.40699994564056,1.40699994564056,1.39699995517731,1.40100002288818,0,1.40100002288818
"2004-08-16",1.41100001335144,1.43700003623962,1.4099999666214,1.42700004577637,0,1.42700004577637
"2004-08-17",1.46200001239777,1.46200001239777,1.4539999961853,1.4539999961853,0,1.4539999961853
"2004-08-18",1.43700003623962,1.44700002670288,1.43700003623962,1.44700002670288,0,1.44700002670288
"2004-08-19",1.44200003147125,1.44400000572205,1.44200003147125,1.44200003147125,0,1.44200003147125
"2004-08-20",1.44200003147125,1.4539999961853,1.44099998474121,1.4539999961853,0,1.4539999961853
"2004-08-23",1.46899998188019,1.48199999332428,1.46700000762939,1.47699999809265,0,1.47699999809265
"2004-08-24",1.51600003242493,1.52799999713898,1.51600003242493,1.51699995994568,0,1.51699995994568
"2004-08-25",1.51699995994568,1.51699995994568,1.50699996948242,1.51199996471405,0,1.51199996471405
"2004-08-26",1.51300001144409,1.51699995994568,1.51199996471405,1.51600003242493,0,1.51600003242493
"2004-08-27",1.51199996471405,1.52600002288818,1.51199996471405,1.52199995517731,0,1.52199995517731
"2004-08-30",1.52699995040894,1.5460000038147,1.52699995040894,1.54200005531311,0,1.54200005531311
"2004-08-31",1.57299995422363,1.57700002193451,1.56200003623962,1.567999958992,0,1.567999958992
"2004-09-01",1.56200003623962,1.56200003623962,1.54700005054474,1.54700005054474,0,1.54700005054474
"2004-09-02",1.54700005054474,1.56299996376038,1.54700005054474,1.56299996376038,0,1.56299996376038
"2004-09-03",1.56200003623962,1.61300003528595,1.56200003623962,1.61199998855591,0,1.61199998855591
"2004-09-07",1.61199998855591,1.61300003528595,1.59599995613098,1.59700000286102,0,1.59700000286102
"2004-09-08",1.63199996948242,1.63800001144409,1.61199998855591,1.61199998855591,0,1.61199998855591
"2004-09-09",1.60800004005432,1.6139999628067,1.60300004482269,1.60800004005432,0,1.60800004005432
"2004-09-10",1.61500000953674,1.62300002574921,1.61099994182587,1.62300002574921,0,1.62300002574921
"2004-09-13",1.62199997901917,1.63100004196167,1.61099994182587,1.61600005626678,0,1.61600005626678
"2004-09-14",1.61699998378754,1.62300002574921,1.61699998378754,1.62300002574921,0,1.62300002574921
"2004-09-15",1.61699998378754,1.63300001621246,1.61699998378754,1.63199996948242,0,1.63199996948242
"2004-09-16",1.63300001621246,1.63300001621246,1.62699997425079,1.63199996948242,0,1.63199996948242
"2004-09-17",1.63399994373322,1.66799998283386,1.63399994373322,1.66799998283386,0,1.66799998283386
"2004-09-20",1.66799998283386,1.66799998283386,1.66199994087219,1.66299998760223,0,1.66299998760223
"2004-09-21",1.69099998474121,1.70299994945526,1.68299996852875,1.68299996852875,0,1.68299996852875
"2004-09-22",1.67700004577637,1.67700004577637,1.66199994087219,1.67400002479553,0,1.67400002479553
"2004-09-23",1.67200005054474,1.68599998950958,1.66499996185303,1.68599998950958,0,1.68599998950958
"2004-09-24",1.68499994277954,1.70299994945526,1.68499994277954,1.69099998474121,0,1.69099998474121
"2004-09-27",1.69200003147125,1.69200003147125,1.68099999427795,1.682000041008,0,1.682000041008
"2004-09-28",1.69700002670288,1.69700002670288,1.68599998950958,1.68700003623962,0,1.68700003623962
"2004-09-29",1.68499994277954,1.68700003623962,1.67200005054474,1.67999994754791,0,1.67999994754791
"2004-09-30",1.67999994754791,1.682000041008,1.67400002479553,1.67400002479553,0,1.67400002479553
"2004-10-01",1.66799998283386,1.67200005054474,1.65299999713898,1.65699994564056,0,1.65699994564056
"2004-10-04",1.65799999237061,1.66299998760223,1.64800000190735,1.65100002288818,0,1.65100002288818
"2004-10-05",1.71000003814697,1.71000003814697,1.6710000038147,1.6710000038147,0,1.6710000038147
"2004-10-06",1.67200005054474,1.67299997806549,1.66600000858307,1.67299997806549,0,1.67299997806549
"2004-10-07",1.67200005054474,1.67200005054474,1.6599999666214,1.66199994087219,0,1.66199994087219
"2004-10-08",1.66299998760223,1.66700005531311,1.65299999713898,1.65699994564056,0,1.65699994564056
"2004-10-11",1.65699994564056,1.65699994564056,1.65699994564056,1.65699994564056,0,1.65699994564056
"2004-10-12",1.65100002288818,1.65600001811981,1.64800000190735,1.65299999713898,0,1.65299999713898
"2004-10-13",1.69000005722046,1.692999958992,1.68700003623962,1.68700003623962,0,1.68700003623962
"2004-10-14",1.68700003623962,1.70299994945526,1.68599998950958,1.69700002670288,0,1.69700002670288
"2004-10-15",1.69799995422363,1.71200001239777,1.69700002670288,1.71200001239777,0,1.71200001239777
"2004-10-18",1.71200001239777,1.74199998378754,1.71200001239777,1.73699998855591,0,1.73699998855591
"2004-10-19",1.77400004863739,1.78699994087219,1.77400004863739,1.78199994564056,0,1.78199994564056
"2004-10-20",1.77199995517731,1.80299997329712,1.77199995517731,1.78699994087219,0,1.78699994087219
"2004-10-21",1.78199994564056,1.79700005054474,1.78199994564056,1.79700005054474,0,1.79700005054474
"2004-10-22",1.79900002479553,1.807000041008,1.79900002479553,1.807000041008,0,1.807000041008
"2004-10-25",1.807000041008,1.83200001716614,1.807000041008,1.83200001716614,0,1.83200001716614
"2004-10-26",1.86099994182587,1.87399995326996,1.86099994182587,1.87399995326996,0,1.87399995326996
"2004-10-27",1.87699997425079,1.87699997425079,1.87199997901917,1.87699997425079,0,1.87699997425079
"2004-10-28",1.87199997901917,1.87399995326996,1.86199998855591,1.86699998378754,0,1.86699998378754
"2004-10-29",1.87000000476837,1.87699997425079,1.86500000953674,1.86699998378754,0,1.86699998378754
"2004-11-01",1.87000000476837,1.89699995517731,1.87000000476837,1.88199996948242,0,1.88199996948242
"2004-11-02",1.94500005245209,1.94500005245209,1.94200003147125,1.942999958992,0,1.942999958992
"2004-11-03",1.93799996376038,1.94799995422363,1.90799999237061,1.91799998283386,0,1.91799998283386
"2004-11-04",1.91700005531311,1.93700003623962,1.91199994087219,1.93700003623962,0,1.93700003623962
"2004-11-05",1.93599998950958,1.98699998855591,1.93499994277954,1.98199999332428,0,1.98199999332428
"2004-11-08",1.98699998855591,2.01200008392334,1.98699998855591,2.00200009346008,0,2.00200009346008
"2004-11-09",2.03200006484985,2.03699994087219,2.03200006484985,2.03699994087219,0,2.03699994087219
"2004-11-10",2.04299998283386,2.04699993133545,2.0220000743866,2.02900004386902,0,2.02900004386902
"2004-11-11",2.02900004386902,2.02900004386902,2.02900004386902,2.02900004386902,0,2.02900004386902
"2004-11-12",2.02699995040894,2.03600001335144,2.02699995040894,2.03600001335144,0,2.03600001335144
"2004-11-15",2.03699994087219,2.06100010871887,2.03699994087219,2.05699992179871,0,2.05699992179871
"2004-11-16",2.07800006866455,2.09200000762939,2.07800006866455,2.09100008010864,0,2.09100008010864
"2004-11-17",2.09699988365173,2.10500001907349,2.07200002670288,2.07999992370605,0,2.07999992370605
"2004-11-18",2.09100008010864,2.10199999809265,2.08599996566772,2.08699989318848,0,2.08699989318848
"2004-11-19",2.09500002861023,2.10899996757507,2.09200000762939,2.09599995613098,0,2.09599995613098
"2004-11-22",2.09999990463257,2.13299989700317,2.09999990463257,2.12199997901917,0,2.12199997901917
"2004-11-23",2.1489999294281,2.1489999294281,2.13199996948242,2.1340000629425,0,2.1340000629425
"2004-11-24",2.13700008392334,2.13800001144409,2.12700009346008,2.13199996948242,0,2.13199996948242
"2004-11-26",2.13700008392334,2.15799999237061,2.13700008392334,2.15199995040894,0,2.15199995040894
"2004-11-29",2.15300011634827,2.16300010681152,2.15199995040894,2.15700006484985,0,2.15700006484985
"2004-11-30",2.18700003623962,2.18799996376038,2.17700004577637,2.18199992179871,0,2.18199992179871
"2004-12-01",2.17199993133545,2.17199993133545,2.16499996185303,2.17199993133545,0,2.17199993133545
"2004-12-02",2.17700004577637,2.17700004577637,2.16799998283386,2.17199993133545,0,2.17199993133545
"2004-12-03",2.17300009727478,2.17400002479553,2.14599990844727,2.16700005531311,0,2.16700005531311
"2004-12-06",2.17199993133545,2.18700003623962,2.16899991035461,2.18400001525879,0,2.18400001525879
"2004-12-07",2.2039999961853,2.20700001716614,2.20199990272522,2.20199990272522,0,2.20199990272522
"2004-12-08",2.20199990272522,2.20199990272522,2.19600009918213,2.19700002670288,0,2.19700002670288
"2004-12-09",2.19700002670288,2.19700002670288,2.19199991226196,2.19700002670288,0,2.19700002670288
"2004-12-10",2.19199991226196,2.20199990272522,2.19199991226196,2.20099997520447,0,2.20099997520447
"2004-12-13",2.20600008964539,2.20799994468689,2.17700004577637,2.17899990081787,0,2.17899990081787
"2004-12-14",2.19700002670288,2.19799995422363,2.17400002479553,2.17700004577637,0,2.17700004577637
"2004-12-15",2.17199993133545,2.17199993133545,2.16700005531311,2.16700005531311,0,2.16700005531311
"2004-12-16",2.16499996185303,2.17199993133545,2.14199995994568,2.15499997138977,0,2.15499997138977
"2004-12-17",2.14800000190735,2.15700006484985,2.14599990844727,2.15199995040894,0,2.15199995040894
"2004-12-20",2.15400004386902,2.15799999237061,2.15199995040894,2.15799999237061,0,2.15799999237061
"2004-12-21",2.17199993133545,2.17300009727478,2.17199993133545,2.17199993133545,0,2.17199993133545
"2004-12-22",2.17199993133545,2.17199993133545,2.1470000743866,2.1470000743866,0,2.1470000743866
"2004-12-23",2.15100002288818,2.15199995040894,2.1470000743866,2.1470000743866,0,2.1470000743866
"2004-12-27",2.15100002288818,2.18199992179871,2.15100002288818,2.18199992179871,0,2.18199992179871
"2004-12-28",2.26699995994568,2.26699995994568,2.20700001716614,2.21099996566772,0,2.21099996566772
"2004-12-29",2.20600008964539,2.20600008964539,2.17700004577637,2.18199992179871,0,2.18199992179871
"2004-12-30",2.17700004577637,2.17700004577637,2.15700006484985,2.17000007629395,0,2.17000007629395
"2004-12-31",2.18499994277954,2.20700001716614,2.17799997329712,2.18199992179871,0,2.18199992179871
"2005-01-03",2.19899988174438,2.22099995613098,2.19700002670288,2.2039999961853,0,2.2039999961853
"2005-01-04",2.27699995040894,2.29200005531311,2.27600002288818,2.29200005531311,0,2.29200005531311
"2005-01-05",2.29699993133545,2.30200004577637,2.28200006484985,2.28200006484985,0,2.28200006484985
"2005-01-06",2.2720000743866,2.27300000190735,2.26699995994568,2.26699995994568,0,2.26699995994568
"2005-01-07",2.26600003242493,2.27800011634827,2.26600003242493,2.27699995040894,0,2.27699995040894
"2005-01-10",2.27800011634827,2.28200006484985,2.27300000190735,2.27300000190735,0,2.27300000190735
"2005-01-11",2.32200002670288,2.32200002670288,2.30200004577637,2.30200004577637,0,2.30200004577637
"2005-01-12",2.29699993133545,2.3050000667572,2.29099988937378,2.29200005531311,0,2.29200005531311
"2005-01-13",2.28900003433228,2.30200004577637,2.28800010681152,2.30200004577637,0,2.30200004577637
"2005-01-14",2.29999995231628,2.33200001716614,2.29999995231628,2.3199999332428,0,2.3199999332428
"2005-01-18",2.32200002670288,2.32699990272522,2.30200004577637,2.30200004577637,0,2.30200004577637
"2005-01-19",2.33699989318848,2.34500002861023,2.32699990272522,2.32699990272522,0,2.32699990272522
"2005-01-20",2.31699991226196,2.32200002670288,2.30200004577637,2.30699992179871,0,2.30699992179871
"2005-01-21",2.30699992179871,2.30699992179871,2.30100011825562,2.30200004577637,0,2.30200004577637
"2005-01-24",2.30200004577637,2.30299997329712,2.27699995040894,2.30100011825562,0,2.30100011825562
"2005-01-25",2.33200001716614,2.36100006103516,2.33200001716614,2.36100006103516,0,2.36100006103516
"2005-01-26",2.37700009346008,2.38800001144409,2.36199998855591,2.36500000953674,0,2.36500000953674
"2005-01-27",2.37700009346008,2.38700008392334,2.37599992752075,2.38700008392334,0,2.38700008392334
"2005-01-28",2.39299988746643,2.41599988937378,2.39199995994568,2.40700006484985,157900,2.40700006484985
"2005-01-31",2.41799998283386,2.42700004577637,2.41599988937378,2.42199993133545,158000,2.42199993133545
"2005-02-01",2.45700001716614,2.46199989318848,2.45600008964539,2.46199989318848,157900,2.46199989318848
"2005-02-02",2.46199989318848,2.46700000762939,2.45600008964539,2.45799994468689,157900,2.45799994468689
"2005-02-03",2.45199990272522,2.45199990272522,2.43099999427795,2.43199992179871,157900,2.43199992179871
"2005-02-04",2.43700003623962,2.43700003623962,2.42199993133545,2.42199993133545,158000,2.42199993133545
"2005-02-07",2.43300008773804,2.44700002670288,2.43300008773804,2.43700003623962,158000,2.43700003623962
"2005-02-08",2.47099995613098,2.47699999809265,2.46499991416931,2.46499991416931,158000,2.46499991416931
"2005-02-09",2.46700000762939,2.49200010299683,2.46700000762939,2.46700000762939,159600,2.46700000762939
"2005-02-10",2.46199989318848,2.46700000762939,2.46199989318848,2.46700000762939,159600,2.46700000762939
"2005-02-11",2.46700000762939,2.50399994850159,2.46700000762939,2.49399995803833,157900,2.49399995803833
"2005-02-14",2.49699997901917,2.49699997901917,2.47199988365173,2.48200011253357,158000,2.48200011253357
"2005-02-15",2.53099989891052,2.53500008583069,2.5220000743866,2.53200006484985,158000,2.53200006484985
"2005-02-16",2.52699995040894,2.53200006484985,2.52699995040894,2.52699995040894,159700,2.52699995040894
"2005-02-17",2.5239999294281,2.53699994087219,2.5239999294281,2.52699995040894,158000,2.52699995040894
"2005-02-18",2.53299999237061,2.55699992179871,2.53299999237061,2.55200004577637,110800,2.55200004577637
"2005-02-22",2.5550000667572,2.57299995422363,2.5550000667572,2.57299995422363,158000,2.57299995422363
"2005-02-23",2.57999992370605,2.62599992752075,2.57999992370605,2.625,158000,2.625
"2005-02-24",2.62700009346008,2.64000010490417,2.62599992752075,2.63700008392334,158000,2.63700008392334
"2005-02-25",2.65300011634827,2.67499995231628,2.65000009536743,2.67499995231628,158000,2.67499995231628
"2005-02-28",2.69400000572205,2.70300006866455,2.68700003623962,2.69000005722046,157900,2.69000005722046
"2005-03-01",2.69700002670288,2.69799995422363,2.69199991226196,2.69199991226196,158000,2.69199991226196
"2005-03-02",2.68700003623962,2.69000005722046,2.67700004577637,2.67700004577637,157900,2.67700004577637
"2005-03-03",2.6800000667572,2.69199991226196,2.67199993133545,2.69199991226196,157900,2.69199991226196
"2005-03-04",2.69199991226196,2.6949999332428,2.68700003623962,2.69199991226196,158000,2.69199991226196
"2005-03-07",2.6949999332428,2.69799995422363,2.67700004577637,2.67700004577637,159000,2.67700004577637
"2005-03-08",2.70099997520447,2.70700001716614,2.69199991226196,2.69199991226196,0,2.69199991226196
"2005-03-09",2.69700002670288,2.70199990272522,2.69199991226196,2.69199991226196,158100,2.69199991226196
"2005-03-10",2.6949999332428,2.6949999332428,2.68700003623962,2.68700003623962,157200,2.68700003623962
"2005-03-11",2.68700003623962,2.69199991226196,2.68700003623962,2.69199991226196,157700,2.69199991226196
"2005-03-14",2.69700002670288,2.72300004959106,2.69700002670288,2.71199989318848,158000,2.71199989318848
"2005-03-15",2.73200011253357,2.74200010299683,2.73200011253357,2.73699998855591,158000,2.73699998855591
"2005-03-16",2.73200011253357,2.73200011253357,2.72699999809265,2.73200011253357,159400,2.73200011253357
"2005-03-17",2.72199988365173,2.72699999809265,2.71700000762939,2.72699999809265,0,2.72699999809265
"2005-03-18",2.73200011253357,2.74200010299683,2.73200011253357,2.74200010299683,158000,2.74200010299683
"2005-03-21",2.74600005149841,2.76200008392334,2.74499988555908,2.75699996948242,0,2.75699996948242
"2005-03-22",2.78699994087219,2.80200004577637,2.78699994087219,2.80200004577637,0,2.80200004577637
"2005-03-23",2.80200004577637,2.81800007820129,2.75699996948242,2.76099991798401,0,2.76099991798401
"2005-03-24",2.7720000743866,2.77699995040894,2.76200008392334,2.76999998092651,111000,2.76999998092651
"2005-03-28",2.77699995040894,2.79099988937378,2.77099990844727,2.7720000743866,0,2.7720000743866
"2005-03-29",2.7720000743866,2.7720000743866,2.76699995994568,2.7720000743866,0,2.7720000743866
"2005-03-30",2.76200008392334,2.76200008392334,2.76200008392334,2.76200008392334,0,2.76200008392334
"2005-03-31",2.76200008392334,2.76300001144409,2.72199988365173,2.72199988365173,0,2.72199988365173
"2005-04-01",2.72699999809265,2.74699997901917,2.72199988365173,2.72699999809265,0,2.72699999809265
"2005-04-04",2.73000001907349,2.73000001907349,2.68300008773804,2.68799996376038,0,2.68799996376038
"2005-04-05",2.73300004005432,2.73300004005432,2.72699999809265,2.7279999256134,0,2.7279999256134
"2005-04-06",2.70199990272522,2.70199990272522,2.69000005722046,2.70199990272522,0,2.70199990272522
"2005-04-07",2.69700002670288,2.70199990272522,2.69199991226196,2.70000004768372,0,2.70000004768372
"2005-04-08",2.70900011062622,2.71799993515015,2.70700001716614,2.71199989318848,157900,2.71199989318848
"2005-04-11",2.71700000762939,2.71700000762939,2.68700003623962,2.69700002670288,157900,2.69700002670288
"2005-04-12",2.70700001716614,2.72300004959106,2.70499992370605,2.70700001716614,157800,2.70700001716614
"2005-04-13",2.70499992370605,2.72199988365173,2.70499992370605,2.71700000762939,0,2.71700000762939
"2005-04-14",2.69700002670288,2.71199989318848,2.69700002670288,2.71199989318848,0,2.71199989318848
"2005-04-15",2.70900011062622,2.72499990463257,2.70700001716614,2.72399997711182,158000,2.72399997711182
"2005-04-18",2.71900010108948,2.81500005722046,2.71900010108948,2.81200003623962,0,2.81200003623962
"2005-04-19",2.85199999809265,2.85199999809265,2.83500003814697,2.84699988365173,0,2.84699988365173
"2005-04-20",2.84200000762939,2.86700010299683,2.80699992179871,2.80699992179871,0,2.80699992179871
"2005-04-21",2.81699991226196,2.82299995422363,2.80399990081787,2.81699991226196,0,2.81699991226196
"2005-04-22",2.82699990272522,2.85800004005432,2.82399988174438,2.85800004005432,0,2.85800004005432
"2005-04-25",2.85500001907349,2.86199998855591,2.82699990272522,2.83200001716614,0,2.83200001716614
"2005-04-26",2.86700010299683,2.87199997901917,2.84800004959106,2.85199999809265,0,2.85199999809265
"2005-04-27",2.85199999809265,2.85199999809265,2.81500005722046,2.8199999332428,0,2.8199999332428
"2005-04-28",2.81599998474121,2.83299994468689,2.79200005531311,2.81100010871887,0,2.81100010871887
"2005-04-29",2.81100010871887,2.83699989318848,2.81100010871887,2.83699989318848,0,2.83699989318848
"2005-05-02",2.83699989318848,2.84200000762939,2.81200003623962,2.82200002670288,0,2.82200002670288
"2005-05-03",2.86500000953674,2.86500000953674,2.84200000762939,2.84999990463257,0,2.84999990463257
"2005-05-04",2.82699990272522,2.82999992370605,2.79500007629395,2.79500007629395,0,2.79500007629395
"2005-05-05",2.77500009536743,2.78699994087219,2.72000002861023,2.74699997901917,0,2.74699997901917
"2005-05-06",2.78800010681152,2.82200002670288,2.78800010681152,2.80200004577637,0,2.80200004577637
"2005-05-09",2.8050000667572,2.80999994277954,2.78699994087219,2.79699993133545,0,2.79699993133545
"2005-05-10",2.83200001716614,2.83200001716614,2.82200002670288,2.82200002670288,0,2.82200002670288
"2005-05-11",2.82200002670288,2.82699990272522,2.78500008583069,2.80200004577637,0,2.80200004577637
"2005-05-12",2.81299996376038,2.84699988365173,2.81299996376038,2.81699991226196,0,2.81699991226196
"2005-05-13",2.79200005531311,2.79200005531311,2.74200010299683,2.75699996948242,158000,2.75699996948242
"2005-05-16",2.74699997901917,2.74699997901917,2.71099996566772,2.74699997901917,158100,2.74699997901917
"2005-05-17",2.8199999332428,2.82999992370605,2.81200003623962,2.81200003623962,157900,2.81200003623962
"2005-05-18",2.81500005722046,2.81500005722046,2.78500008583069,2.78699994087219,0,2.78699994087219
"2005-05-19",2.80699992179871,2.83200001716614,2.7960000038147,2.80200004577637,0,2.80200004577637
"2005-05-20",2.81299996376038,2.83299994468689,2.81200003623962,2.82500004768372,0,2.82500004768372
"2005-05-23",2.82699990272522,2.85400009155273,2.82699990272522,2.84500002861023,0,2.84500002861023
"2005-05-24",2.87700009346008,2.88800001144409,2.87700009346008,2.88199996948242,0,2.88199996948242
"2005-05-25",2.87700009346008,2.88000011444092,2.86999988555908,2.86999988555908,0,2.86999988555908
"2005-05-26",2.88199996948242,2.88199996948242,2.85899996757507,2.86700010299683,0,2.86700010299683
"2005-05-27",2.86899995803833,2.88800001144409,2.86700010299683,2.88700008392334,0,2.88700008392334
"2005-05-31",2.88100004196167,2.89499998092651,2.88100004196167,2.88199996948242,0,2.88199996948242
"2005-06-01",2.90700006484985,2.90700006484985,2.89499998092651,2.90700006484985,0,2.90700006484985
"2005-06-02",2.91000008583069,2.93799996376038,2.90700006484985,2.90799999237061,0,2.90799999237061
"2005-06-03",2.91700005531311,2.93300008773804,2.90499997138977,2.9300000667572,0,2.9300000667572
"2005-06-06",2.9300000667572,2.95099997520447,2.92700004577637,2.93199992179871,0,2.93199992179871
"2005-06-07",2.95199990272522,2.98300004005432,2.94199991226196,2.94700002670288,0,2.94700002670288
"2005-06-08",2.96300005912781,2.98099994659424,2.94700002670288,2.94700002670288,0,2.94700002670288
"2005-06-09",2.94700002670288,2.98499989509583,2.92700004577637,2.92700004577637,0,2.92700004577637
"2005-06-10",2.93700003623962,2.97000002861023,2.93499994277954,2.93700003623962,0,2.93700003623962
"2005-06-13",2.9449999332428,2.96499991416931,2.93700003623962,2.93700003623962,0,2.93700003623962
"2005-06-14",2.96499991416931,2.98600006103516,2.94199991226196,2.96199989318848,0,2.96199989318848
"2005-06-15",2.97099995613098,2.97099995613098,2.93499994277954,2.95499992370605,0,2.95499992370605
"2005-06-16",2.92700004577637,2.95700001716614,2.88199996948242,2.90199995040894,0,2.90199995040894
"2005-06-17",2.90499997138977,2.91300010681152,2.90199995040894,2.91300010681152,0,2.91300010681152
"2005-06-20",2.91499996185303,2.94199991226196,2.91499996185303,2.92000007629395,0,2.92000007629395
"2005-06-21",2.93499994277954,2.95799994468689,2.93499994277954,2.95000004768372,0,2.95000004768372
"2005-06-22",2.95000004768372,2.96700000762939,2.95000004768372,2.96199989318848,0,2.96199989318848
"2005-06-23",2.96000003814697,3.00799989700317,2.96000003814697,3,0,3
"2005-06-24",3.00200009346008,3.01200008392334,3,3,158000,3
"2005-06-27",3.01900005340576,3.04500007629395,3.01200008392334,3.03500008583069,0,3.03500008583069
"2005-06-28",3.07500004768372,3.08299994468689,3.07500004768372,3.07500004768372,0,3.07500004768372
"2005-06-29",3.06299996376038,3.06299996376038,3.05200004577637,3.06299996376038,0,3.06299996376038
"2005-06-30",3.04999995231628,3.05999994277954,3.03999996185303,3.05999994277954,0,3.05999994277954
"2005-07-01",3.05999994277954,3.08999991416931,3.05999994277954,3.08999991416931,0,3.08999991416931
"2005-07-05",3.13700008392334,3.14499998092651,3.10500001907349,3.13700008392334,157900,3.13700008392334
"2005-07-06",3.09500002861023,3.13000011444092,3.09200000762939,3.11999988555908,157900,3.11999988555908
"2005-07-07",3.05800008773804,3.09500002861023,3.05800008773804,3.07999992370605,0,3.07999992370605
"2005-07-08",3.08899998664856,3.09500002861023,3.07999992370605,3.09500002861023,0,3.09500002861023
"2005-07-11",3.10700011253357,3.11800003051758,3.09500002861023,3.09500002861023,0,3.09500002861023
"2005-07-12",3.12199997901917,3.13499999046326,3.10800004005432,3.13499999046326,0,3.13499999046326
"2005-07-13",3.14299988746643,3.14499998092651,3.13499999046326,3.14499998092651,0,3.14499998092651
"2005-07-14",3.15799999237061,3.16700005531311,3.11800003051758,3.15199995040894,0,3.15199995040894
"2005-07-15",3.16300010681152,3.17799997329712,3.16300010681152,3.17799997329712,0,3.17799997329712
"2005-07-18",3.18700003623962,3.18899989128113,3.17000007629395,3.1800000667572,0,3.1800000667572
"2005-07-19",3.25699996948242,3.25699996948242,3.22000002861023,3.22199988365173,0,3.22199988365173
"2005-07-20",3.22499990463257,3.24000000953674,3.22000002861023,3.2279999256134,0,3.2279999256134
"2005-07-21",3.22699999809265,3.26799988746643,3.22699999809265,3.26799988746643,157900,3.26799988746643
"2005-07-22",3.28800010681152,3.3050000667572,3.27999997138977,3.29299998283386,0,3.29299998283386
"2005-07-25",3.29999995231628,3.31500005722046,3.29999995231628,3.31500005722046,0,3.31500005722046
"2005-07-26",3.34999990463257,3.35899996757507,3.34999990463257,3.35899996757507,0,3.35899996757507
"2005-07-27",3.34500002861023,3.34500002861023,3.32500004768372,3.32500004768372,0,3.32500004768372
"2005-07-28",3.3199999332428,3.32500004768372,3.28999996185303,3.31500005722046,0,3.31500005722046
"2005-07-29",3.32200002670288,3.33200001716614,3.32200002670288,3.33200001716614,0,3.33200001716614
"2005-08-01",3.33500003814697,3.36500000953674,3.33500003814697,3.35500001907349,0,3.35500001907349
"2005-08-02",3.40199995040894,3.41000008583069,3.39499998092651,3.40199995040894,0,3.40199995040894
"2005-08-03",3.38800001144409,3.39499998092651,3.375,3.38499999046326,0,3.38499999046326
"2005-08-04",3.38000011444092,3.38000011444092,3.36999988555908,3.38000011444092,0,3.38000011444092
"2005-08-05",3.39000010490417,3.43700003623962,3.39000010490417,3.43700003623962,0,3.43700003623962
"2005-08-08",3.43799996376038,3.44799995422363,3.42799997329712,3.42799997329712,0,3.42799997329712
"2005-08-09",3.46499991416931,3.46700000762939,3.43499994277954,3.43499994277954,0,3.43499994277954
"2005-08-10",3.4300000667572,3.43700003623962,3.41700005531311,3.43400001525879,0,3.43400001525879
"2005-08-11",3.42499995231628,3.42499995231628,3.41300010681152,3.42199993133545,0,3.42199993133545
"2005-08-12",3.42499995231628,3.43300008773804,3.42199993133545,3.43300008773804,0,3.43300008773804
"2005-08-15",3.43700003623962,3.43700003623962,3.42700004577637,3.42700004577637,0,3.42700004577637
"2005-08-16",3.46399998664856,3.46399998664856,3.45199990272522,3.45199990272522,0,3.45199990272522
"2005-08-17",3.44199991226196,3.45000004768372,3.43499994277954,3.43499994277954,0,3.43499994277954
"2005-08-18",3.4300000667572,3.4300000667572,3.41000008583069,3.41000008583069,0,3.41000008583069
"2005-08-19",3.40499997138977,3.43700003623962,3.40499997138977,3.42799997329712,0,3.42799997329712
"2005-08-22",3.44300007820129,3.44700002670288,3.41799998283386,3.42199993133545,0,3.42199993133545
"2005-08-23",3.44000005722046,3.44799995422363,3.44000005722046,3.44000005722046,0,3.44000005722046
"2005-08-24",3.4300000667572,3.43099999427795,3.41799998283386,3.4300000667572,0,3.4300000667572
"2005-08-25",3.42000007629395,3.43799996376038,3.41700005531311,3.43499994277954,0,3.43499994277954
"2005-08-26",3.44300007820129,3.47000002861023,3.44199991226196,3.46700000762939,0,3.46700000762939
"2005-08-29",3.46799993515015,3.48499989509583,3.45499992370605,3.48499989509583,0,3.48499989509583
"2005-08-30",3.50699996948242,3.50699996948242,3.47699999809265,3.47699999809265,0,3.47699999809265
"2005-08-31",3.47000002861023,3.48200011253357,3.4300000667572,3.4300000667572,0,3.4300000667572
"2005-09-01",3.42799997329712,3.42799997329712,3.34500002861023,3.36500000953674,0,3.36500000953674
"2005-09-02",3.34200000762939,3.39000010490417,3.32999992370605,3.37700009346008,0,3.37700009346008
"2005-09-06",3.41499996185303,3.42199993133545,3.40700006484985,3.41000008583069,0,3.41000008583069
"2005-09-07",3.41199994087219,3.41700005531311,3.36999988555908,3.40499997138977,0,3.40499997138977
"2005-09-08",3.38499999046326,3.40000009536743,3.38499999046326,3.39800000190735,0,3.39800000190735
"2005-09-09",3.38499999046326,3.41000008583069,3.38000011444092,3.3970000743866,0,3.3970000743866
"2005-09-12",3.40000009536743,3.4449999332428,3.40000009536743,3.41499996185303,0,3.41499996185303
"2005-09-13",3.41499996185303,3.41599988937378,3.38599991798401,3.40400004386902,0,3.40400004386902
"2005-09-14",3.39000010490417,3.39199995994568,3.32299995422363,3.34500002861023,0,3.34500002861023
"2005-09-15",3.34999990463257,3.36500000953674,3.31299996376038,3.35500001907349,0,3.35500001907349
"2005-09-16",3.36800003051758,3.40899991989136,3.36800003051758,3.40899991989136,0,3.40899991989136
"2005-09-19",3.43499994277954,3.5,3.43499994277954,3.44000005722046,0,3.44000005722046
"2005-09-20",3.4449999332428,3.5550000667572,3.4449999332428,3.52500009536743,0,3.52500009536743
"2005-09-21",3.5,3.5,3.33999991416931,3.34200000762939,0,3.34200000762939
"2005-09-22",3.29800009727478,3.40300011634827,3.29800009727478,3.38000011444092,0,3.38000011444092
"2005-09-23",3.38700008392334,3.42300009727478,3.37800002098083,3.39000010490417,0,3.39000010490417
"2005-09-26",3.42000007629395,3.43799996376038,3.40199995040894,3.42499995231628,0,3.42499995231628
"2005-09-27",3.41700005531311,3.44000005722046,3.36999988555908,3.40499997138977,0,3.40499997138977
"2005-09-28",3.38700008392334,3.3970000743866,3.37599992752075,3.38700008392334,0,3.38700008392334
"2005-09-29",3.36700010299683,3.45799994468689,3.36700010299683,3.45799994468689,0,3.45799994468689
"2005-09-30",3.45499992370605,3.47300004959106,3.45199990272522,3.47000002861023,0,3.47000002861023
"2005-10-03",3.47499990463257,3.49499988555908,3.46499991416931,3.48499989509583,0,3.48499989509583
"2005-10-04",3.48499989509583,3.56500005722046,3.48499989509583,3.53500008583069,0,3.53500008583069
"2005-10-05",3.51699995994568,3.51699995994568,3.46499991416931,3.49000000953674,0,3.49000000953674
"2005-10-06",3.47000002861023,3.52500009536743,3.47000002861023,3.51200008392334,0,3.51200008392334
"2005-10-07",3.5220000743866,3.54800009727478,3.51500010490417,3.53299999237061,0,3.53299999237061
"2005-10-10",NA,NA,NA,NA,NA,NA
"2005-10-11",3.52999997138977,3.57200002670288,3.51500010490417,3.55999994277954,0,3.55999994277954
"2005-10-12",3.58200001716614,3.65700006484985,3.56699991226196,3.61500000953674,0,3.61500000953674
"2005-10-13",3.64000010490417,3.70000004768372,3.64000010490417,3.66199994087219,0,3.66199994087219
"2005-10-14",3.35999989509583,3.72499990463257,3.35999989509583,3.70199990272522,0,3.70199990272522
"2005-10-17",3.70199990272522,3.72499990463257,3.68199992179871,3.69700002670288,0,3.69700002670288
"2005-10-18",3.78999996185303,3.79500007629395,3.75200009346008,3.76999998092651,0,3.76999998092651
"2005-10-19",3.75200009346008,3.75699996948242,3.73699998855591,3.75699996948242,0,3.75699996948242
"2005-10-20",3.76699995994568,3.77699995040894,3.74200010299683,3.75999999046326,0,3.75999999046326
"2005-10-21",3.7720000743866,3.7720000743866,3.75,3.76500010490417,0,3.76500010490417
"2005-10-24",3.76999998092651,3.8050000667572,3.76500010490417,3.76500010490417,0,3.76500010490417
"2005-10-25",3.82999992370605,3.84200000762939,3.82699990272522,3.83699989318848,0,3.83699989318848
"2005-10-26",3.84500002861023,3.84699988365173,3.79999995231628,3.8050000667572,0,3.8050000667572
"2005-10-27",3.79200005531311,3.81500005722046,3.7720000743866,3.79200005531311,0,3.79200005531311
"2005-10-28",3.80200004577637,3.82699990272522,3.80200004577637,3.82500004768372,0,3.82500004768372
"2005-10-31",3.83500003814697,3.83699989318848,3.7720000743866,3.8050000667572,0,3.8050000667572
"2005-11-01",3.86500000953674,3.88000011444092,3.84999990463257,3.86199998855591,0,3.86199998855591
"2005-11-02",3.86199998855591,3.86199998855591,3.82500004768372,3.83699989318848,0,3.83699989318848
"2005-11-03",3.82999992370605,3.84699988365173,3.8199999332428,3.84699988365173,0,3.84699988365173
"2005-11-04",3.84500002861023,3.875,3.83500003814697,3.86500000953674,0,3.86500000953674
"2005-11-07",3.85700011253357,3.86199998855591,3.8199999332428,3.82699990272522,0,3.82699990272522
"2005-11-08",3.84699988365173,3.87199997901917,3.84200000762939,3.86199998855591,0,3.86199998855591
"2005-11-09",3.87199997901917,3.8970000743866,3.87199997901917,3.87700009346008,0,3.87700009346008
"2005-11-10",3.85999989509583,3.87700009346008,3.85500001907349,3.87199997901917,0,3.87199997901917
"2005-11-11",NA,NA,NA,NA,NA,NA
"2005-11-14",3.88000011444092,3.90499997138977,3.87899994850159,3.88199996948242,0,3.88199996948242
"2005-11-15",3.90199995040894,3.91499996185303,3.90000009536743,3.91499996185303,0,3.91499996185303
"2005-11-16",3.90199995040894,3.92499995231628,3.90199995040894,3.91199994087219,0,3.91199994087219
"2005-11-17",3.91199994087219,3.9300000667572,3.90199995040894,3.91199994087219,0,3.91199994087219
"2005-11-18",3.92000007629395,3.92700004577637,3.91000008583069,3.91199994087219,0,3.91199994087219
"2005-11-21",3.91199994087219,3.91700005531311,3.88700008392334,3.89499998092651,0,3.89499998092651
"2005-11-22",3.89199995994568,3.89199995994568,3.82200002670288,3.83200001716614,0,3.83200001716614
"2005-11-23",3.83200001716614,3.85500001907349,3.82500004768372,3.85199999809265,0,3.85199999809265
"2005-11-25",3.86500000953674,3.86500000953674,3.84999990463257,3.85199999809265,0,3.85199999809265
"2005-11-28",3.86500000953674,3.86700010299683,3.82699990272522,3.82999992370605,0,3.82999992370605
"2005-11-29",3.875,3.91000008583069,3.86999988555908,3.88700008392334,0,3.88700008392334
"2005-11-30",3.87700009346008,3.87700009346008,3.84699988365173,3.85700011253357,0,3.85700011253357
"2005-12-01",3.85199999809265,3.88499999046326,3.85199999809265,3.87700009346008,0,3.87700009346008
"2005-12-02",3.89499998092651,3.90700006484985,3.89000010490417,3.89199995994568,0,3.89199995994568
"2005-12-05",3.90700006484985,3.93499994277954,3.89499998092651,3.91000008583069,0,3.91000008583069
"2005-12-06",3.93199992179871,3.93700003623962,3.91199994087219,3.93199992179871,0,3.93199992179871
"2005-12-07",3.93199992179871,3.9449999332428,3.92700004577637,3.9300000667572,0,3.9300000667572
"2005-12-08",3.92199993133545,3.92199993133545,3.82699990272522,3.84500002861023,0,3.84500002861023
"2005-12-09",3.86700010299683,3.86700010299683,3.82999992370605,3.84200000762939,0,3.84200000762939
"2005-12-12",3.83999991416931,3.83999991416931,3.80699992179871,3.82500004768372,0,3.82500004768372
"2005-12-13",3.84500002861023,3.85700011253357,3.82699990272522,3.82699990272522,0,3.82699990272522
"2005-12-14",3.8050000667572,3.81699991226196,3.78699994087219,3.80200004577637,0,3.80200004577637
"2005-12-15",3.79699993133545,3.86999988555908,3.78999996185303,3.83999991416931,0,3.83999991416931
"2005-12-16",3.82699990272522,3.83500003814697,3.82699990272522,3.83200001716614,0,3.83200001716614
"2005-12-19",3.83500003814697,3.91000008583069,3.81699991226196,3.85999989509583,0,3.85999989509583
"2005-12-20",3.87700009346008,3.8970000743866,3.875,3.88700008392334,0,3.88700008392334
"2005-12-21",3.88199996948242,3.9449999332428,3.88199996948242,3.89199995994568,0,3.89199995994568
"2005-12-22",3.88199996948242,3.9300000667572,3.86999988555908,3.90199995040894,0,3.90199995040894
"2005-12-23",3.90000009536743,3.91199994087219,3.89000010490417,3.89499998092651,0,3.89499998092651
"2005-12-27",3.91000008583069,3.92499995231628,3.3970000743866,3.87700009346008,0,3.87700009346008
"2005-12-28",3.875,3.875,3.85700011253357,3.86199998855591,0,3.86199998855591
"2005-12-29",3.83699989318848,3.96499991416931,3.83500003814697,3.91199994087219,0,3.91199994087219
"2005-12-30",3.94000005722046,4.0149998664856,3.89199995994568,3.98499989509583,0,3.98499989509583
"2006-01-03",4.02500009536743,4.03499984741211,4.00500011444092,4.01999998092651,0,4.01999998092651
"2006-01-04",4.05200004577637,4.09700012207031,4.05200004577637,4.08199977874756,0,4.08199977874756
"2006-01-05",4.08500003814697,4.11199998855591,4.08199977874756,4.09000015258789,0,4.09000015258789
"2006-01-06",4.10699987411499,4.1269998550415,4.09200000762939,4.10699987411499,0,4.10699987411499
"2006-01-09",4.10699987411499,4.13000011444092,4.10500001907349,4.11700010299683,0,4.11700010299683
"2006-01-10",4.15700006484985,4.19000005722046,4.15700006484985,4.17700004577637,0,4.17700004577637
"2006-01-11",4.18499994277954,4.21999979019165,4.17700004577637,4.19199991226196,0,4.19199991226196
"2006-01-12",4.19500017166138,4.21999979019165,4.19500017166138,4.20499992370605,0,4.20499992370605
"2006-01-13",4.21000003814697,4.23999977111816,4.20499992370605,4.21999979019165,0,4.21999979019165
"2006-01-17",4.22200012207031,4.23999977111816,4.22200012207031,4.23199987411499,0,4.23199987411499
"2006-01-18",4.25699996948242,4.27500009536743,4.24499988555908,4.24700021743774,0,4.24700021743774
"2006-01-19",4.2519998550415,4.26200008392334,4.21999979019165,4.24200010299683,0,4.24200010299683
"2006-01-20",4.25,4.26000022888184,4.25,4.2519998550415,0,4.2519998550415
"2006-01-23",4.25699996948242,4.27199983596802,4.24499988555908,4.24700021743774,0,4.24700021743774
"2006-01-24",4.28000020980835,4.31199979782104,4.28000020980835,4.29500007629395,0,4.29500007629395
"2006-01-25",4.32999992370605,4.33500003814697,4.30000019073486,4.30700016021729,0,4.30700016021729
"2006-01-26",4.33199977874756,4.34200000762939,4.3270001411438,4.33199977874756,0,4.33199977874756
"2006-01-27",4.32999992370605,4.34999990463257,4.31199979782104,4.33699989318848,0,4.33699989318848
"2006-01-30",4.34200000762939,4.35200023651123,4.33199977874756,4.34200000762939,0,4.34200000762939
"2006-01-31",4.36499977111816,4.375,4.33199977874756,4.36999988555908,0,4.36999988555908
"2006-02-01",4.35200023651123,4.36199998855591,4.34499979019165,4.36199998855591,0,4.36199998855591
"2006-02-02",4.35500001907349,4.36999988555908,4.34700012207031,4.36199998855591,0,4.36199998855591
"2006-02-03",4.36700010299683,4.38500022888184,4.34999990463257,4.36199998855591,0,4.36199998855591
"2006-02-06",4.36199998855591,4.38000011444092,4.34000015258789,4.34700012207031,0,4.34700012207031
"2006-02-07",4.3600001335144,4.39200019836426,4.35699987411499,4.38199996948242,0,4.38199996948242
"2006-02-08",4.39200019836426,4.42000007629395,4.3899998664856,4.39200019836426,0,4.39200019836426
"2006-02-09",4.39200019836426,4.40000009536743,4.38500022888184,4.39699983596802,0,4.39699983596802
"2006-02-10",4.40500020980835,4.43200016021729,4.40500020980835,4.42500019073486,0,4.42500019073486
"2006-02-13",4.43699979782104,4.43699979782104,4.42000007629395,4.42199993133545,0,4.42199993133545
"2006-02-14",4.43699979782104,4.44999980926514,4.43499994277954,4.44700002670288,0,4.44700002670288
"2006-02-15",4.44700002670288,4.45699977874756,4.42199993133545,4.43200016021729,0,4.43200016021729
"2006-02-16",4.42999982833862,4.43499994277954,4.42199993133545,4.42999982833862,0,4.42999982833862
"2006-02-17",4.43200016021729,4.43200016021729,4.42700004577637,4.42700004577637,0,4.42700004577637
"2006-02-21",4.43699979782104,4.45499992370605,4.43699979782104,4.44500017166138,0,4.44500017166138
"2006-02-22",4.4520001411438,4.45499992370605,4.44700002670288,4.4520001411438,0,4.4520001411438
"2006-02-23",4.4520001411438,4.4850001335144,4.4520001411438,4.47700023651123,0,4.47700023651123
"2006-02-24",4.47200012207031,4.4850001335144,4.47200012207031,4.48199987411499,0,4.48199987411499
"2006-02-27",4.4850001335144,4.49200010299683,4.47700023651123,4.48999977111816,0,4.48999977111816
"2006-02-28",4.50699996948242,4.51200008392334,4.50500011444092,4.50699996948242,0,4.50699996948242
"2006-03-01",4.49700021743774,4.49700021743774,4.48699998855591,4.48699998855591,0,4.48699998855591
"2006-03-02",4.24499988555908,4.5,4.24499988555908,4.48699998855591,0,4.48699998855591
"2006-03-03",4.49200010299683,4.50500011444092,4.4850001335144,4.49200010299683,0,4.49200010299683
"2006-03-06",4.5019998550415,4.50699996948242,4.46000003814697,4.46500015258789,0,4.46500015258789
"2006-03-07",4.49499988555908,4.49499988555908,4.48199987411499,4.48199987411499,0,4.48199987411499
"2006-03-08",4.24200010299683,4.48999977111816,4.24200010299683,4.4850001335144,0,4.4850001335144
"2006-03-09",4.45499992370605,4.47499990463257,4.44700002670288,4.47499990463257,0,4.47499990463257
"2006-03-10",4.47200012207031,4.5,4.46999979019165,4.48999977111816,0,4.48999977111816
"2006-03-13",4.5,4.51000022888184,4.48699998855591,4.49200010299683,0,4.49200010299683
"2006-03-14",4.46700000762939,4.4850001335144,4.46700000762939,4.47700023651123,0,4.47700023651123
"2006-03-15",4.47200012207031,4.51000022888184,4.47200012207031,4.5,0,4.5
"2006-03-16",4.48999977111816,4.50500011444092,4.46999979019165,4.49200010299683,0,4.49200010299683
"2006-03-17",4.50500011444092,4.52199983596802,4.49700021743774,4.51700019836426,0,4.51700019836426
"2006-03-20",4.52199983596802,4.53999996185303,4.51000022888184,4.53000020980835,0,4.53000020980835
"2006-03-21",4.56199979782104,4.58199977874756,4.55700016021729,4.56699991226196,0,4.56699991226196
"2006-03-22",4.5770001411438,4.5770001411438,4.56199979782104,4.56699991226196,0,4.56699991226196
"2006-03-23",4.56699991226196,4.57200002670288,4.54500007629395,4.54699993133545,0,4.54699993133545
"2006-03-24",4.55499982833862,4.55499982833862,4.53499984741211,4.53499984741211,0,4.53499984741211
"2006-03-27",4.51200008392334,4.52699995040894,4.4850001335144,4.51700019836426,0,4.51700019836426
"2006-03-28",4.50699996948242,4.53999996185303,4.50699996948242,4.52699995040894,0,4.52699995040894
"2006-03-29",4.51200008392334,4.52199983596802,4.48699998855591,4.5019998550415,0,4.5019998550415
"2006-03-30",4.5,4.5149998664856,4.4850001335144,4.4850001335144,0,4.4850001335144
"2006-03-31",4.49700021743774,4.53000020980835,4.49499988555908,4.5149998664856,0,4.5149998664856
"2006-04-03",4.5149998664856,4.52699995040894,4.5019998550415,4.52699995040894,0,4.52699995040894
"2006-04-04",4.54199981689453,4.57200002670288,4.53999996185303,4.55200004577637,0,4.55200004577637
"2006-04-05",4.54699993133545,4.55700016021729,4.54199981689453,4.54699993133545,0,4.54699993133545
"2006-04-06",4.56500005722046,4.5770001411438,4.54500007629395,4.55200004577637,0,4.55200004577637
"2006-04-07",4.56500005722046,4.57200002670288,4.55499982833862,4.56199979782104,0,4.56199979782104
"2006-04-10",4.57000017166138,4.57999992370605,4.55700016021729,4.56699991226196,0,4.56699991226196
"2006-04-11",4.56699991226196,4.5770001411438,4.56699991226196,4.57200002670288,0,4.57200002670288
"2006-04-12",4.5770001411438,4.59700012207031,4.56699991226196,4.58199977874756,0,4.58199977874756
"2006-04-13",4.58699989318848,4.6100001335144,4.57200002670288,4.5770001411438,0,4.5770001411438
"2006-04-17",4.5770001411438,4.59200000762939,4.57499980926514,4.5770001411438,0,4.5770001411438
"2006-04-18",4.59200000762939,4.61199998855591,4.59000015258789,4.59700012207031,0,4.59700012207031
"2006-04-19",4.59200000762939,4.625,4.59200000762939,4.60200023651123,0,4.60200023651123
"2006-04-20",4.59700012207031,4.60500001907349,4.58500003814697,4.60200023651123,0,4.60200023651123
"2006-04-21",4.60500001907349,4.63000011444092,4.60500001907349,4.625,0,4.625
"2006-04-24",4.6269998550415,4.63500022888184,4.61700010299683,4.62200021743774,0,4.62200021743774
"2006-04-25",4.64499998092651,4.66699981689453,4.6399998664856,4.65500020980835,0,4.65500020980835
"2006-04-26",4.66200017929077,4.69000005722046,4.65000009536743,4.65700006484985,0,4.65700006484985
"2006-04-27",4.67700004577637,4.68699979782104,4.6399998664856,4.65700006484985,0,4.65700006484985
"2006-04-28",4.65700006484985,4.65999984741211,4.64200019836426,4.65000009536743,0,4.65000009536743
"2006-05-01",4.65000009536743,4.65199995040894,4.63700008392334,4.64699983596802,0,4.64699983596802
"2006-05-02",4.69700002670288,4.71999979019165,4.67999982833862,4.68200016021729,0,4.68200016021729
"2006-05-03",4.68200016021729,4.72499990463257,4.68200016021729,4.69700002670288,0,4.69700002670288
"2006-05-04",4.69000005722046,4.69700002670288,4.67199993133545,4.67199993133545,0,4.67199993133545
"2006-05-05",4.67700004577637,4.69500017166138,4.65000009536743,4.69500017166138,0,4.69500017166138
"2006-05-08",4.69199991226196,4.71000003814697,4.66499996185303,4.69999980926514,0,4.69999980926514
"2006-05-09",4.7519998550415,4.77699995040894,4.75,4.75500011444092,0,4.75500011444092
"2006-05-10",4.74200010299683,4.75699996948242,4.73699998855591,4.7519998550415,0,4.7519998550415
"2006-05-11",4.7519998550415,4.7519998550415,4.69199991226196,4.69500017166138,0,4.69500017166138
"2006-05-12",4.69500017166138,4.84700012207031,4.65500020980835,4.70699977874756,0,4.70699977874756
"2006-05-15",4.71199989318848,4.71999979019165,4.69700002670288,4.69700002670288,0,4.69700002670288
"2006-05-16",4.73199987411499,4.7350001335144,4.69700002670288,4.70699977874756,0,4.70699977874756
"2006-05-17",4.70699977874756,4.7350001335144,4.7020001411438,4.70699977874756,0,4.70699977874756
"2006-05-18",4.70699977874756,4.71999979019165,4.67700004577637,4.70699977874756,0,4.70699977874756
"2006-05-19",4.71000003814697,4.71000003814697,4.69500017166138,4.69700002670288,0,4.69700002670288
"2006-05-22",4.69500017166138,4.69700002670288,4.67500019073486,4.68200016021729,0,4.68200016021729
"2006-05-23",4.71000003814697,4.71700000762939,4.70699977874756,4.71199989318848,0,4.71199989318848
"2006-05-24",4.7020001411438,4.71999979019165,4.69500017166138,4.7020001411438,0,4.7020001411438
"2006-05-25",4.7020001411438,4.7020001411438,4.69000005722046,4.69700002670288,0,4.69700002670288
"2006-05-26",4.70699977874756,4.72499990463257,4.70499992370605,4.71199989318848,0,4.71199989318848
"2006-05-30",4.71700000762939,4.71999979019165,4.68499994277954,4.69700002670288,0,4.69700002670288
"2006-05-31",4.70699977874756,4.72499990463257,4.68699979782104,4.71500015258789,0,4.71500015258789
"2006-06-01",4.72200012207031,4.72499990463257,4.69700002670288,4.70699977874756,0,4.70699977874756
"2006-06-02",4.70499992370605,4.70499992370605,4.67199993133545,4.68200016021729,0,4.68200016021729
"2006-06-05",4.69000005722046,4.7020001411438,4.67500019073486,4.7020001411438,0,4.7020001411438
"2006-06-06",4.74499988555908,4.74499988555908,4.73199987411499,4.73699998855591,0,4.73699998855591
"2006-06-07",4.73699998855591,4.75,4.73000001907349,4.73199987411499,0,4.73199987411499
"2006-06-08",4.72700023651123,4.73699998855591,4.71500015258789,4.7350001335144,0,4.7350001335144
"2006-06-09",4.73199987411499,4.75500011444092,4.73199987411499,4.74700021743774,0,4.74700021743774
"2006-06-12",4.76999998092651,4.79699993133545,4.76000022888184,4.78200006484985,0,4.78200006484985
"2006-06-13",4.77699995040894,4.79199981689453,4.77199983596802,4.77199983596802,0,4.77199983596802
"2006-06-14",4.76200008392334,4.78999996185303,4.75500011444092,4.76000022888184,0,4.76000022888184
"2006-06-15",4.75500011444092,4.7649998664856,4.69700002670288,4.71999979019165,0,4.71999979019165
"2006-06-16",4.71500015258789,4.75,4.71500015258789,4.74499988555908,0,4.74499988555908
"2006-06-19",4.77500009536743,4.79500007629395,4.75500011444092,4.75500011444092,0,4.75500011444092
"2006-06-20",4.78999996185303,4.80499982833862,4.75,4.80000019073486,0,4.80000019073486
"2006-06-21",4.80000019073486,4.82499980926514,4.78499984741211,4.78499984741211,0,4.78499984741211
"2006-06-22",4.79500007629395,4.79500007629395,4.7649998664856,4.77500009536743,0,4.77500009536743
"2006-06-23",4.78499984741211,4.84000015258789,4.78499984741211,4.83500003814697,0,4.83500003814697
"2006-06-26",4.84499979019165,4.86499977111816,4.73000001907349,4.84999990463257,0,4.84999990463257
"2006-06-27",4.8899998664856,4.92000007629395,4.8899998664856,4.90999984741211,0,4.90999984741211
"2006-06-28",4.90000009536743,4.90500020980835,4.86999988555908,4.86999988555908,0,4.86999988555908
"2006-06-29",4.86499977111816,4.88000011444092,4.82000017166138,4.86499977111816,0,4.86499977111816
"2006-06-30",4.88500022888184,4.8899998664856,4.84499979019165,4.8600001335144,0,4.8600001335144
"2006-07-03",4.88500022888184,4.90999984741211,4.86999988555908,4.88500022888184,0,4.88500022888184
"2006-07-05",4.94500017166138,4.94999980926514,4.8600001335144,4.86999988555908,0,4.86999988555908
"2006-07-06",4.8899998664856,4.90000009536743,4.85500001907349,4.86999988555908,0,4.86999988555908
"2006-07-07",4.88000011444092,4.88000011444092,4.8600001335144,4.875,0,4.875
"2006-07-10",4.88500022888184,4.88500022888184,4.86999988555908,4.875,0,4.875
"2006-07-11",4.91499996185303,4.92500019073486,4.91499996185303,4.91499996185303,0,4.91499996185303
"2006-07-12",4.93499994277954,4.94500017166138,4.92500019073486,4.92500019073486,0,4.92500019073486
"2006-07-13",4.92500019073486,4.94000005722046,4.91499996185303,4.91499996185303,0,4.91499996185303
"2006-07-14",4.90999984741211,4.93499994277954,4.90999984741211,4.91499996185303,0,4.91499996185303
"2006-07-17",4.91499996185303,4.94500017166138,4.91499996185303,4.94000005722046,0,4.94000005722046
"2006-07-18",4.96999979019165,5.00500011444092,4.96999979019165,5,0,5
"2006-07-19",5.01000022888184,5.03000020980835,4.96500015258789,4.96999979019165,0,4.96999979019165
"2006-07-20",4.96999979019165,4.98000001907349,4.94000005722046,4.94500017166138,0,4.94500017166138
"2006-07-21",4.92999982833862,4.94500017166138,4.92500019073486,4.94500017166138,0,4.94500017166138
"2006-07-24",4.94999980926514,4.96000003814697,4.94500017166138,4.94500017166138,0,4.94500017166138
"2006-07-25",4.94999980926514,5.00500011444092,4.94999980926514,5,0,5
"2006-07-26",5,5,4.96000003814697,4.96999979019165,0,4.96999979019165
"2006-07-27",4.96000003814697,4.96999979019165,4.92999982833862,4.95499992370605,0,4.95499992370605
"2006-07-28",4.96500015258789,4.96500015258789,4.92000007629395,4.92000007629395,0,4.92000007629395
"2006-07-31",4.93499994277954,4.95499992370605,4.93499994277954,4.93499994277954,0,4.93499994277954
"2006-08-01",4.93499994277954,5,4.93499994277954,4.9850001335144,0,4.9850001335144
"2006-08-02",4.97499990463257,4.98999977111816,4.94999980926514,4.96500015258789,0,4.96500015258789
"2006-08-03",4.96999979019165,4.98000001907349,4.96500015258789,4.96999979019165,0,4.96999979019165
"2006-08-04",4.97499990463257,4.97499990463257,4.92500019073486,4.94500017166138,0,4.94500017166138
"2006-08-07",4.94999980926514,4.98000001907349,4.94999980926514,4.96999979019165,0,4.96999979019165
"2006-08-08",4.98999977111816,5.01000022888184,4.94999980926514,4.97499990463257,0,4.97499990463257
"2006-08-09",4.96999979019165,4.96999979019165,4.92500019073486,4.93499994277954,0,4.93499994277954
"2006-08-10",4.92000007629395,4.92999982833862,4.91499996185303,4.91499996185303,0,4.91499996185303
"2006-08-11",4.92500019073486,4.93499994277954,4.91499996185303,4.93499994277954,0,4.93499994277954
"2006-08-14",4.95499992370605,4.96999979019165,4.94000005722046,4.95499992370605,0,4.95499992370605
"2006-08-15",4.98000001907349,4.98000001907349,4.94999980926514,4.96000003814697,0,4.96000003814697
"2006-08-16",4.95499992370605,4.95499992370605,4.92500019073486,4.92999982833862,0,4.92999982833862
"2006-08-17",4.92500019073486,4.95499992370605,4.92500019073486,4.95499992370605,0,4.95499992370605
"2006-08-18",4.95499992370605,4.96999979019165,4.94999980926514,4.96000003814697,0,4.96000003814697
"2006-08-21",4.96500015258789,4.96500015258789,4.94999980926514,4.95499992370605,0,4.95499992370605
"2006-08-22",4.95499992370605,4.96500015258789,4.95499992370605,4.96500015258789,0,4.96500015258789
"2006-08-23",4.96500015258789,4.97499990463257,4.94999980926514,4.96000003814697,0,4.96000003814697
"2006-08-24",4.95499992370605,4.96000003814697,4.94000005722046,4.95499992370605,0,4.95499992370605
"2006-08-25",4.96000003814697,4.96500015258789,4.94500017166138,4.96500015258789,0,4.96500015258789
"2006-08-28",4.96000003814697,4.97499990463257,4.94999980926514,4.96000003814697,0,4.96000003814697
"2006-08-29",4.94999980926514,4.95499992370605,4.93499994277954,4.93499994277954,0,4.93499994277954
"2006-08-30",4.93499994277954,4.93499994277954,4.90000009536743,4.92000007629395,0,4.92000007629395
"2006-08-31",4.91499996185303,4.92000007629395,4.90000009536743,4.90500020980835,0,4.90500020980835
"2006-09-01",4.90500020980835,4.90999984741211,4.88000011444092,4.88500022888184,0,4.88500022888184
"2006-09-05",4.8899998664856,4.8899998664856,4.83500003814697,4.84999990463257,0,4.84999990463257
"2006-09-06",4.8600001335144,4.86499977111816,4.81500005722046,4.82999992370605,0,4.82999992370605
"2006-09-07",4.84000015258789,4.84999990463257,4.81500005722046,4.82999992370605,0,4.82999992370605
"2006-09-08",4.80999994277954,4.82000017166138,4.78999996185303,4.80000019073486,0,4.80000019073486
"2006-09-11",4.80999994277954,4.82999992370605,4.80000019073486,4.80999994277954,0,4.80999994277954
"2006-09-12",4.78499984741211,4.78999996185303,4.77500009536743,4.78000020980835,0,4.78000020980835
"2006-09-13",4.7649998664856,4.78499984741211,4.7649998664856,4.78000020980835,0,4.78000020980835
"2006-09-14",4.76999998092651,4.80999994277954,4.76999998092651,4.80999994277954,0,4.80999994277954
"2006-09-15",4.80000019073486,4.81500005722046,4.78999996185303,4.81500005722046,0,4.81500005722046
"2006-09-18",4.80999994277954,4.82000017166138,4.79500007629395,4.80499982833862,0,4.80499982833862
"2006-09-19",4.82000017166138,4.82499980926514,4.80999994277954,4.82000017166138,0,4.82000017166138
"2006-09-20",4.81500005722046,4.82000017166138,4.78000020980835,4.80999994277954,0,4.80999994277954
"2006-09-21",4.80000019073486,4.82000017166138,4.78000020980835,4.78499984741211,0,4.78499984741211
"2006-09-22",4.77500009536743,4.78999996185303,4.77500009536743,4.78999996185303,0,4.78999996185303
"2006-09-25",4.78999996185303,4.79500007629395,4.76000022888184,4.76999998092651,0,4.76999998092651
"2006-09-26",4.76999998092651,4.76999998092651,4.73999977111816,4.75500011444092,0,4.75500011444092
"2006-09-27",4.75,4.75500011444092,4.74499988555908,4.75,0,4.75
"2006-09-28",4.74499988555908,4.75,4.71999979019165,4.73999977111816,0,4.73999977111816
"2006-09-29",4.75500011444092,4.77500009536743,4.75500011444092,4.76000022888184,0,4.76000022888184
"2006-10-02",4.77500009536743,4.78000020980835,4.75,4.76000022888184,0,4.76000022888184
"2006-10-03",4.76000022888184,4.78000020980835,4.76000022888184,4.77500009536743,0,4.77500009536743
"2006-10-04",4.78999996185303,4.80499982833862,4.78499984741211,4.79500007629395,0,4.79500007629395
"2006-10-05",4.79500007629395,4.82499980926514,4.77500009536743,4.80000019073486,0,4.80000019073486
"2006-10-06",4.78499984741211,4.82499980926514,4.78000020980835,4.80999994277954,0,4.80999994277954
"2006-10-09",NA,NA,NA,NA,NA,NA
"2006-10-10",4.83500003814697,4.85500001907349,4.82000017166138,4.85500001907349,0,4.85500001907349
"2006-10-11",4.8600001335144,4.90999984741211,4.84999990463257,4.88500022888184,0,4.88500022888184
"2006-10-12",4.8899998664856,4.92000007629395,4.88500022888184,4.92000007629395,0,4.92000007629395
"2006-10-13",4.90999984741211,4.94000005722046,4.90000009536743,4.92000007629395,0,4.92000007629395
"2006-10-16",4.92000007629395,4.92999982833862,4.91499996185303,4.92999982833862,0,4.92999982833862
"2006-10-17",4.94500017166138,4.95499992370605,4.93499994277954,4.94999980926514,0,4.94999980926514
"2006-10-18",4.94999980926514,4.96000003814697,4.94000005722046,4.94999980926514,0,4.94999980926514
"2006-10-19",4.95499992370605,4.96500015258789,4.94000005722046,4.96000003814697,0,4.96000003814697
"2006-10-20",4.94999980926514,4.94999980926514,4.94999980926514,4.94999980926514,0,4.94999980926514
"2006-10-23",4.96999979019165,4.97499990463257,4.96500015258789,4.96999979019165,0,4.96999979019165
"2006-10-24",4.98000001907349,4.99499988555908,4.98000001907349,4.98999977111816,0,4.98999977111816
"2006-10-25",5.00500011444092,5.00500011444092,4.97499990463257,4.9850001335144,0,4.9850001335144
"2006-10-26",4.98000001907349,4.98999977111816,4.96999979019165,4.97499990463257,0,4.97499990463257
"2006-10-27",4.96999979019165,4.97499990463257,4.95499992370605,4.96500015258789,0,4.96500015258789
"2006-10-30",4.96500015258789,4.9850001335144,4.94000005722046,4.94500017166138,0,4.94500017166138
"2006-10-31",4.94999980926514,4.94999980926514,4.92500019073486,4.94000005722046,0,4.94000005722046
"2006-11-01",4.94000005722046,4.96000003814697,4.92000007629395,4.93499994277954,0,4.93499994277954
"2006-11-02",4.92500019073486,4.93499994277954,4.92000007629395,4.93499994277954,0,4.93499994277954
"2006-11-03",4.92500019073486,4.95499992370605,4.92500019073486,4.95499992370605,0,4.95499992370605
"2006-11-06",4.96500015258789,4.96500015258789,4.93499994277954,4.94000005722046,0,4.94000005722046
"2006-11-07",4.94500017166138,4.94500017166138,4.94000005722046,4.94500017166138,0,4.94500017166138
"2006-11-08",4.95499992370605,4.96000003814697,4.95499992370605,4.96000003814697,0,4.96000003814697
"2006-11-09",4.95499992370605,4.96000003814697,4.95499992370605,4.96000003814697,0,4.96000003814697
"2006-11-10",4.95499992370605,4.96000003814697,4.95499992370605,4.95499992370605,0,4.95499992370605
"2006-11-13",4.96000003814697,4.96500015258789,4.94000005722046,4.94500017166138,0,4.94500017166138
"2006-11-14",4.95499992370605,4.96000003814697,4.93499994277954,4.95499992370605,0,4.95499992370605
"2006-11-15",4.95499992370605,4.96000003814697,4.94500017166138,4.94999980926514,0,4.94999980926514
"2006-11-16",4.94999980926514,4.96000003814697,4.94000005722046,4.95499992370605,0,4.95499992370605
"2006-11-17",4.95499992370605,4.95499992370605,4.94000005722046,4.94500017166138,0,4.94500017166138
"2006-11-20",4.94500017166138,4.94500017166138,4.92000007629395,4.92500019073486,0,4.92500019073486
"2006-11-21",4.93499994277954,4.93499994277954,4.92999982833862,4.92999982833862,0,4.92999982833862
"2006-11-22",4.92500019073486,4.92500019073486,4.91499996185303,4.92000007629395,0,4.92000007629395
"2006-11-24",4.90500020980835,4.90999984741211,4.90500020980835,4.90500020980835,0,4.90500020980835
"2006-11-27",4.90500020980835,4.90999984741211,4.90000009536743,4.90500020980835,0,4.90500020980835
"2006-11-28",4.90000009536743,4.91499996185303,4.89499998092651,4.90500020980835,0,4.90500020980835
"2006-11-29",4.90999984741211,4.90999984741211,4.88000011444092,4.90500020980835,0,4.90500020980835
"2006-11-30",4.90000009536743,4.90500020980835,4.8899998664856,4.8899998664856,0,4.8899998664856
"2006-12-01",4.8899998664856,4.90000009536743,4.86999988555908,4.8899998664856,0,4.8899998664856
"2006-12-04",4.88500022888184,4.89499998092651,4.86499977111816,4.86999988555908,0,4.86999988555908
"2006-12-05",4.8600001335144,4.86499977111816,4.84000015258789,4.84999990463257,0,4.84999990463257
"2006-12-06",4.8600001335144,4.86999988555908,4.84999990463257,4.85500001907349,0,4.85500001907349
"2006-12-07",4.85500001907349,4.86499977111816,4.83500003814697,4.84000015258789,0,4.84000015258789
"2006-12-08",4.82499980926514,4.84000015258789,4.81500005722046,4.82999992370605,0,4.82999992370605
"2006-12-11",4.82000017166138,4.82499980926514,4.79500007629395,4.81500005722046,0,4.81500005722046
"2006-12-12",4.79500007629395,4.81500005722046,4.79500007629395,4.80499982833862,0,4.80499982833862
"2006-12-13",4.80000019073486,4.82000017166138,4.80000019073486,4.81500005722046,0,4.81500005722046
"2006-12-14",4.80499982833862,4.82499980926514,4.79500007629395,4.81500005722046,0,4.81500005722046
"2006-12-15",4.80499982833862,4.80999994277954,4.75,4.77500009536743,0,4.77500009536743
"2006-12-18",4.78499984741211,4.80999994277954,4.78000020980835,4.80499982833862,0,4.80499982833862
"2006-12-19",4.82000017166138,4.82999992370605,4.81500005722046,4.82999992370605,0,4.82999992370605
"2006-12-20",4.82999992370605,4.84999990463257,4.82499980926514,4.83500003814697,0,4.83500003814697
"2006-12-21",4.82999992370605,4.84000015258789,4.82499980926514,4.83500003814697,0,4.83500003814697
"2006-12-22",4.82000017166138,4.84999990463257,4.82000017166138,4.84999990463257,0,4.84999990463257
"2006-12-26",4.84499979019165,4.875,4.83500003814697,4.84999990463257,0,4.84999990463257
"2006-12-27",4.84499979019165,4.85500001907349,4.82999992370605,4.84499979019165,0,4.84499979019165
"2006-12-28",4.84000015258789,4.86999988555908,4.83500003814697,4.86499977111816,0,4.86499977111816
"2006-12-29",4.88500022888184,4.89499998092651,4.8600001335144,4.88500022888184,0,4.88500022888184
"2007-01-03",4.92000007629395,4.92500019073486,4.90500020980835,4.91499996185303,0,4.91499996185303
"2007-01-04",4.90999984741211,4.91499996185303,4.89499998092651,4.90000009536743,0,4.90000009536743
"2007-01-05",4.89499998092651,4.91499996185303,4.88500022888184,4.90999984741211,0,4.90999984741211
"2007-01-08",4.90999984741211,4.92999982833862,4.90999984741211,4.90999984741211,0,4.90999984741211
"2007-01-09",4.93499994277954,4.94500017166138,4.93499994277954,4.94500017166138,0,4.94500017166138
"2007-01-10",4.94000005722046,4.95499992370605,4.94000005722046,4.94999980926514,0,4.94999980926514
"2007-01-11",4.96999979019165,4.96999979019165,4.95499992370605,4.96500015258789,0,4.96500015258789
"2007-01-12",4.96000003814697,4.96500015258789,4.92999982833862,4.95499992370605,0,4.95499992370605
"2007-01-16",4.96000003814697,4.96000003814697,4.94500017166138,4.95499992370605,0,4.95499992370605
"2007-01-17",4.96999979019165,4.98000001907349,4.96500015258789,4.98000001907349,0,4.98000001907349
"2007-01-18",4.98000001907349,4.98999977111816,4.97499990463257,4.98000001907349,0,4.98000001907349
"2007-01-19",4.97499990463257,5.00500011444092,4.96999979019165,5,0,5
"2007-01-22",4.99499988555908,5,4.9850001335144,4.98999977111816,0,4.98999977111816
"2007-01-23",4.98999977111816,5.0149998664856,4.98999977111816,5.00500011444092,0,5.00500011444092
"2007-01-24",5.00500011444092,5.00500011444092,4.98999977111816,4.98999977111816,0,4.98999977111816
"2007-01-25",5,5.00500011444092,4.98999977111816,5,0,5
"2007-01-26",4.99499988555908,5,4.98999977111816,4.99499988555908,0,4.99499988555908
"2007-01-29",4.99499988555908,5,4.98999977111816,4.99499988555908,0,4.99499988555908
"2007-01-30",5,5,4.99499988555908,4.99499988555908,0,4.99499988555908
"2007-01-31",4.99499988555908,5,4.96000003814697,4.97499990463257,0,4.97499990463257
"2007-02-01",4.97499990463257,4.98999977111816,4.96000003814697,4.98999977111816,0,4.98999977111816
"2007-02-02",4.98999977111816,5.00500011444092,4.96000003814697,5,0,5
"2007-02-05",5,5.01000022888184,4.98999977111816,4.99499988555908,0,4.99499988555908
"2007-02-06",5.01000022888184,5.0149998664856,5.01000022888184,5.01000022888184,0,5.01000022888184
"2007-02-07",5.01000022888184,5.01999998092651,5.01000022888184,5.01000022888184,0,5.01000022888184
"2007-02-08",5.0149998664856,5.02500009536743,5.01000022888184,5.0149998664856,0,5.0149998664856
"2007-02-09",5.01999998092651,5.01999998092651,5.0149998664856,5.0149998664856,0,5.0149998664856
"2007-02-12",5.01999998092651,5.02500009536743,5.01999998092651,5.01999998092651,0,5.01999998092651
"2007-02-13",5.02500009536743,5.03000020980835,5.02500009536743,5.02500009536743,0,5.02500009536743
"2007-02-14",5.02500009536743,5.02500009536743,5.00500011444092,5.01000022888184,0,5.01000022888184
"2007-02-15",5.0149998664856,5.02500009536743,5.01000022888184,5.01999998092651,0,5.01999998092651
"2007-02-16",5.0149998664856,5.03000020980835,5.0149998664856,5.03000020980835,0,5.03000020980835
"2007-02-20",5.02500009536743,5.03499984741211,5.02500009536743,5.03499984741211,0,5.03499984741211
"2007-02-21",5.03499984741211,5.03999996185303,5.03000020980835,5.03499984741211,0,5.03499984741211
"2007-02-22",5.03499984741211,5.04500007629395,5.02500009536743,5.04500007629395,0,5.04500007629395
"2007-02-23",5.03999996185303,5.04500007629395,5.03499984741211,5.03999996185303,0,5.03999996185303
"2007-02-26",5.03999996185303,5.04500007629395,5.03499984741211,5.04500007629395,0,5.04500007629395
"2007-02-27",5.01999998092651,5.02500009536743,4.98999977111816,4.98999977111816,0,4.98999977111816
"2007-02-28",5.00500011444092,5.00500011444092,4.98000001907349,4.99499988555908,0,4.99499988555908
"2007-03-01",4.98000001907349,4.99499988555908,4.97499990463257,4.98999977111816,0,4.98999977111816
"2007-03-02",4.9850001335144,4.9850001335144,4.95499992370605,4.96999979019165,0,4.96999979019165
"2007-03-05",4.94999980926514,4.96500015258789,4.94500017166138,4.96000003814697,0,4.96000003814697
"2007-03-06",4.96999979019165,4.97499990463257,4.95499992370605,4.97499990463257,0,4.97499990463257
"2007-03-07",4.96500015258789,4.96999979019165,4.94500017166138,4.95499992370605,0,4.95499992370605
"2007-03-08",4.96000003814697,4.96000003814697,4.94000005722046,4.94500017166138,0,4.94500017166138
"2007-03-09",4.94000005722046,4.96999979019165,4.93499994277954,4.94999980926514,0,4.94999980926514
"2007-03-12",4.94999980926514,4.94999980926514,4.94999980926514,4.94999980926514,0,4.94999980926514
"2007-03-13",4.93499994277954,4.93499994277954,4.93499994277954,4.93499994277954,0,4.93499994277954
"2007-03-14",4.92999982833862,4.93499994277954,4.90500020980835,4.91499996185303,0,4.91499996185303
"2007-03-15",4.92500019073486,4.93499994277954,4.8899998664856,4.89499998092651,0,4.89499998092651
"2007-03-16",4.90000009536743,4.90000009536743,4.86999988555908,4.88500022888184,0,4.88500022888184
"2007-03-19",4.90000009536743,4.91499996185303,4.88500022888184,4.89499998092651,0,4.89499998092651
"2007-03-20",4.91499996185303,4.92500019073486,4.89799976348877,4.90999984741211,0,4.90999984741211
"2007-03-21",4.91499996185303,4.92999982833862,4.89499998092651,4.90999984741211,0,4.90999984741211
"2007-03-22",4.90999984741211,4.92500019073486,4.89499998092651,4.92000007629395,0,4.92000007629395
"2007-03-23",4.90999984741211,4.92999982833862,4.90000009536743,4.92500019073486,0,4.92500019073486
"2007-03-26",4.92000007629395,4.93499994277954,4.92000007629395,4.92999982833862,0,4.92999982833862
"2007-03-27",4.92000007629395,4.92500019073486,4.92000007629395,4.92000007629395,0,4.92000007629395
"2007-03-28",4.91499996185303,4.92000007629395,4.8899998664856,4.90999984741211,0,4.90999984741211
"2007-03-29",4.90999984741211,4.91499996185303,4.90000009536743,4.90500020980835,0,4.90500020980835
"2007-03-30",4.90999984741211,4.91499996185303,4.88500022888184,4.89499998092651,0,4.89499998092651
"2007-04-02",4.8899998664856,4.90999984741211,4.88000011444092,4.90500020980835,0,4.90500020980835
"2007-04-03",4.90999984741211,4.90999984741211,4.90000009536743,4.90500020980835,0,4.90500020980835
"2007-04-04",4.90500020980835,4.90500020980835,4.90000009536743,4.90500020980835,0,4.90500020980835
"2007-04-05",4.89499998092651,4.90000009536743,4.88000011444092,4.89499998092651,0,4.89499998092651
"2007-04-09",4.89499998092651,4.89499998092651,4.65000009536743,4.88500022888184,0,4.88500022888184
"2007-04-10",4.875,4.88000011444092,4.86999988555908,4.88000011444092,0,4.88000011444092
"2007-04-11",4.875,4.88500022888184,4.875,4.88500022888184,0,4.88500022888184
"2007-04-12",4.88000011444092,4.88500022888184,4.875,4.88500022888184,0,4.88500022888184
"2007-04-13",4.86999988555908,4.88000011444092,4.86499977111816,4.86999988555908,0,4.86999988555908
"2007-04-16",4.86999988555908,4.86999988555908,4.85500001907349,4.86499977111816,0,4.86499977111816
"2007-04-17",4.86499977111816,4.86499977111816,4.84999990463257,4.8600001335144,0,4.8600001335144
"2007-04-18",4.85500001907349,4.85500001907349,4.83500003814697,4.84999990463257,0,4.84999990463257
"2007-04-19",4.84499979019165,4.84999990463257,4.84000015258789,4.84499979019165,0,4.84499979019165
"2007-04-20",4.84000015258789,4.84499979019165,4.82999992370605,4.83500003814697,0,4.83500003814697
"2007-04-23",4.84000015258789,4.84499979019165,4.84000015258789,4.84000015258789,0,4.84000015258789
"2007-04-24",4.83500003814697,4.84000015258789,4.82999992370605,4.83500003814697,0,4.83500003814697
"2007-04-25",4.83500003814697,4.84000015258789,4.81500005722046,4.82000017166138,0,4.82000017166138
"2007-04-26",4.80999994277954,4.81500005722046,4.79500007629395,4.80000019073486,0,4.80000019073486
"2007-04-27",4.79500007629395,4.80999994277954,4.77500009536743,4.79500007629395,0,4.79500007629395
"2007-04-30",4.76999998092651,4.76999998092651,4.71000003814697,4.72499990463257,0,4.72499990463257
"2007-05-01",4.7649998664856,4.77500009536743,4.74499988555908,4.75500011444092,0,4.75500011444092
"2007-05-02",4.7649998664856,4.7649998664856,4.74499988555908,4.75500011444092,0,4.75500011444092
"2007-05-03",4.75500011444092,4.7649998664856,4.74499988555908,4.75,0,4.75
"2007-05-04",4.73999977111816,4.75,4.73000001907349,4.75,0,4.75
"2007-05-07",4.75,4.75,4.72499990463257,4.73000001907349,0,4.73000001907349
"2007-05-08",4.75500011444092,4.76000022888184,4.75,4.75500011444092,0,4.75500011444092
"2007-05-09",4.74499988555908,4.75,4.72499990463257,4.73000001907349,0,4.73000001907349
"2007-05-10",4.7350001335144,4.7350001335144,4.70499992370605,4.71999979019165,0,4.71999979019165
"2007-05-11",4.70499992370605,4.71999979019165,4.69000005722046,4.71500015258789,0,4.71500015258789
"2007-05-14",4.71000003814697,4.71999979019165,4.67999982833862,4.69999980926514,0,4.69999980926514
"2007-05-15",4.71000003814697,4.71999979019165,4.67500019073486,4.69000005722046,0,4.69000005722046
"2007-05-16",4.67500019073486,4.67999982833862,4.57999992370605,4.6100001335144,0,4.6100001335144
"2007-05-17",4.65999984741211,4.69500017166138,4.61999988555908,4.65999984741211,0,4.65999984741211
"2007-05-18",4.65000009536743,4.69000005722046,4.65000009536743,4.68499994277954,0,4.68499994277954
"2007-05-21",4.68499994277954,4.73999977111816,4.68499994277954,4.71000003814697,0,4.71000003814697
"2007-05-22",4.75500011444092,4.77500009536743,4.75500011444092,4.77500009536743,0,4.77500009536743
"2007-05-23",4.7649998664856,4.77500009536743,4.74499988555908,4.7649998664856,0,4.7649998664856
"2007-05-24",4.75500011444092,4.76999998092651,4.75,4.7649998664856,0,4.7649998664856
"2007-05-25",4.76000022888184,4.76000022888184,4.73000001907349,4.73999977111816,0,4.73999977111816
"2007-05-29",4.75,4.75,4.67000007629395,4.68499994277954,0,4.68499994277954
"2007-05-30",4.7350001335144,4.7350001335144,4.67000007629395,4.70499992370605,0,4.70499992370605
"2007-05-31",4.68499994277954,4.69000005722046,4.56500005722046,4.59000015258789,0,4.59000015258789
"2007-06-01",4.61999988555908,4.65999984741211,4.57999992370605,4.65500020980835,0,4.65500020980835
"2007-06-04",4.65999984741211,4.66499996185303,4.60500001907349,4.625,0,4.625
"2007-06-05",4.67500019073486,4.69500017166138,4.65999984741211,4.69000005722046,0,4.69000005722046
"2007-06-06",4.67000007629395,4.67000007629395,4.63500022888184,4.65500020980835,0,4.65500020980835
"2007-06-07",4.66499996185303,4.67000007629395,4.65000009536743,4.65999984741211,0,4.65999984741211
"2007-06-08",4.65999984741211,4.65999984741211,4.61999988555908,4.63000011444092,0,4.63000011444092
"2007-06-11",4.6399998664856,4.65000009536743,4.59000015258789,4.59000015258789,0,4.59000015258789
"2007-06-12",4.58500003814697,4.59999990463257,4.55000019073486,4.59000015258789,0,4.59000015258789
"2007-06-13",4.59000015258789,4.625,4.5,4.5149998664856,0,4.5149998664856
"2007-06-14",4.55000019073486,4.57499980926514,4.51000022888184,4.51000022888184,0,4.51000022888184
"2007-06-15",4.48999977111816,4.49499988555908,4.40000009536743,4.42999982833862,0,4.42999982833862
"2007-06-18",4.42000007629395,4.43499994277954,4.34999990463257,4.40999984741211,0,4.40999984741211
"2007-06-19",4.49499988555908,4.51999998092651,4.48000001907349,4.5149998664856,0,4.5149998664856
"2007-06-20",4.61499977111816,4.61999988555908,4.55000019073486,4.59999990463257,0,4.59999990463257
"2007-06-21",4.57000017166138,4.57000017166138,4.53000020980835,4.55999994277954,0,4.55999994277954
"2007-06-22",4.57000017166138,4.6100001335144,4.57000017166138,4.58500003814697,0,4.58500003814697
"2007-06-25",4.57499980926514,4.65000009536743,4.57499980926514,4.6399998664856,0,4.6399998664856
"2007-06-26",4.69500017166138,4.73000001907349,4.67500019073486,4.67500019073486,0,4.67500019073486
"2007-06-27",4.65999984741211,4.67500019073486,4.6100001335144,4.63500022888184,0,4.63500022888184
"2007-06-28",4.625,4.67000007629395,4.61999988555908,4.6399998664856,0,4.6399998664856
"2007-06-29",4.71000003814697,4.71000003814697,4.6399998664856,4.67000007629395,0,4.67000007629395
"2007-07-02",4.71500015258789,4.7350001335144,4.69999980926514,4.73000001907349,0,4.73000001907349
"2007-07-03",4.80499982833862,4.82000017166138,4.78000020980835,4.81500005722046,0,4.81500005722046
"2007-07-05",4.82999992370605,4.83500003814697,4.78499984741211,4.80999994277954,0,4.80999994277954
"2007-07-06",4.81500005722046,4.82499980926514,4.76999998092651,4.78999996185303,0,4.78999996185303
"2007-07-09",4.80499982833862,4.80999994277954,4.76000022888184,4.78499984741211,0,4.78499984741211
"2007-07-10",4.80499982833862,4.81500005722046,4.78499984741211,4.80499982833862,0,4.80499982833862
"2007-07-11",4.79500007629395,4.80999994277954,4.79500007629395,4.80499982833862,0,4.80499982833862
"2007-07-12",4.82000017166138,4.84000015258789,4.80000019073486,4.81500005722046,0,4.81500005722046
"2007-07-13",4.82000017166138,4.82499980926514,4.80999994277954,4.82000017166138,0,4.82000017166138
"2007-07-16",4.82000017166138,4.82499980926514,4.78999996185303,4.78999996185303,0,4.78999996185303
"2007-07-17",4.82999992370605,4.82999992370605,4.80000019073486,4.80999994277954,0,4.80999994277954
"2007-07-18",4.80499982833862,4.81500005722046,4.79500007629395,4.81500005722046,0,4.81500005722046
"2007-07-19",4.82999992370605,4.83500003814697,4.82000017166138,4.82999992370605,0,4.82999992370605
"2007-07-20",4.81500005722046,4.82999992370605,4.80000019073486,4.82499980926514,0,4.82499980926514
"2007-07-23",4.84499979019165,4.86499977111816,4.83500003814697,4.85500001907349,0,4.85500001907349
"2007-07-24",4.875,4.88000011444092,4.8600001335144,4.875,0,4.875
"2007-07-25",4.86999988555908,4.875,4.82000017166138,4.83500003814697,0,4.83500003814697
"2007-07-26",4.80999994277954,4.82000017166138,4.75,4.76999998092651,0,4.76999998092651
"2007-07-27",4.71999979019165,4.76000022888184,4.69000005722046,4.70499992370605,0,4.70499992370605
"2007-07-30",4.70499992370605,4.73999977111816,4.69000005722046,4.71999979019165,0,4.71999979019165
"2007-07-31",4.82499980926514,4.84499979019165,4.80000019073486,4.80999994277954,0,4.80999994277954
"2007-08-01",4.76999998092651,4.78999996185303,4.72499990463257,4.73999977111816,0,4.73999977111816
"2007-08-02",4.78499984741211,4.79500007629395,4.73999977111816,4.74499988555908,0,4.74499988555908
"2007-08-03",4.74499988555908,4.75,4.67999982833862,4.69999980926514,0,4.69999980926514
"2007-08-06",4.69000005722046,4.71999979019165,4.69000005722046,4.71500015258789,0,4.71500015258789
"2007-08-07",4.76999998092651,4.82000017166138,4.75500011444092,4.78499984741211,0,4.78499984741211
"2007-08-08",4.82499980926514,4.82999992370605,4.78999996185303,4.80499982833862,0,4.80499982833862
"2007-08-09",4.69500017166138,4.71999979019165,4.65000009536743,4.71999979019165,0,4.71999979019165
"2007-08-10",4.5,4.53000020980835,4.3899998664856,4.41499996185303,0,4.41499996185303
"2007-08-13",4.55999994277954,4.6399998664856,4.53000020980835,4.53000020980835,0,4.53000020980835
"2007-08-14",4.59999990463257,4.6100001335144,4.48000001907349,4.5,0,4.5
"2007-08-15",4.42000007629395,4.42000007629395,4,4.13000011444092,0,4.13000011444092
"2007-08-16",3.86999988555908,3.86999988555908,3.25,3.70000004768372,0,3.70000004768372
"2007-08-17",3.65000009536743,3.98000001907349,3.40000009536743,3.61999988555908,0,3.61999988555908
"2007-08-20",3.69000005722046,3.69000005722046,2.40000009536743,2.95000004768372,0,2.95000004768372
"2007-08-21",2.84999990463257,3.67000007629395,2.79999995231628,3.42000007629395,0,3.42000007629395
"2007-08-22",3.50999999046326,3.88000011444092,3.45000004768372,3.56500005722046,0,3.56500005722046
"2007-08-23",3.67499995231628,3.71000003814697,3.46000003814697,3.71000003814697,0,3.71000003814697
"2007-08-24",3.9300000667572,4.13000011444092,3.9300000667572,4.07999992370605,0,4.07999992370605
"2007-08-27",4.25,4.53999996185303,4.15999984741211,4.38000011444092,0,4.38000011444092
"2007-08-28",4.39499998092651,4.39499998092651,4.09999990463257,4.26999998092651,0,4.26999998092651
"2007-08-29",4,4.07999992370605,3.75,3.84999990463257,0,3.84999990463257
"2007-08-30",3.75,3.79999995231628,3.45000004768372,3.73000001907349,0,3.73000001907349
"2007-08-31",3.95000004768372,4.04500007629395,3.75,3.99000000953674,0,3.99000000953674
"2007-09-04",4.125,4.28999996185303,4.09499979019165,4.28000020980835,0,4.28000020980835
"2007-09-05",4.26000022888184,4.26000022888184,4.09999990463257,4.21999979019165,0,4.21999979019165
"2007-09-06",4.25500011444092,4.28000020980835,4.1399998664856,4.15999984741211,0,4.15999984741211
"2007-09-07",4.15500020980835,4.15500020980835,3.79999995231628,3.94000005722046,0,3.94000005722046
"2007-09-10",3.79999995231628,3.91000008583069,3.76500010490417,3.86999988555908,0,3.86999988555908
"2007-09-11",3.84999990463257,4.03000020980835,3.80999994277954,3.99000000953674,0,3.99000000953674
"2007-09-12",3.82999992370605,3.98499989509583,3.82999992370605,3.90000009536743,0,3.90000009536743
"2007-09-13",3.82999992370605,3.95000004768372,3.81500005722046,3.95000004768372,0,3.95000004768372
"2007-09-14",3.91000008583069,3.91000008583069,3.83999991416931,3.88000011444092,0,3.88000011444092
"2007-09-17",3.92000007629395,3.99000000953674,3.82999992370605,3.99000000953674,0,3.99000000953674
"2007-09-18",4.03999996185303,4.05999994277954,3.75,3.85999989509583,0,3.85999989509583
"2007-09-19",3.88000011444092,3.91000008583069,3.77999997138977,3.80999994277954,0,3.80999994277954
"2007-09-20",3.80999994277954,3.80999994277954,3.54500007629395,3.67000007629395,0,3.67000007629395
"2007-09-21",3.63000011444092,3.6800000667572,3.55999994277954,3.61999988555908,0,3.61999988555908
"2007-09-24",3.70000004768372,3.75500011444092,3.60999989509583,3.67000007629395,0,3.67000007629395
"2007-09-25",3.66000008583069,3.71000003814697,3.59999990463257,3.69000005722046,0,3.69000005722046
"2007-09-26",3.71000003814697,3.73000001907349,3.58999991416931,3.625,0,3.625
"2007-09-27",3.55999994277954,3.64000010490417,3.5,3.59999990463257,0,3.59999990463257
"2007-09-28",3.61999988555908,3.73000001907349,3.59999990463257,3.70000004768372,0,3.70000004768372
"2007-10-01",3.80999994277954,3.83500003814697,3.74000000953674,3.79500007629395,0,3.79500007629395
"2007-10-02",3.84500002861023,3.86500000953674,3.79999995231628,3.84999990463257,0,3.84999990463257
"2007-10-03",3.84500002861023,3.89000010490417,3.8199999332428,3.83999991416931,0,3.83999991416931
"2007-10-04",3.85999989509583,3.86999988555908,3.82500004768372,3.83500003814697,0,3.83500003814697
"2007-10-05",3.8199999332428,3.90000009536743,3.79999995231628,3.86999988555908,0,3.86999988555908
"2007-10-08",3.86500000953674,3.86500000953674,3.86500000953674,3.86500000953674,0,3.86500000953674
"2007-10-09",3.875,3.91000008583069,3.86999988555908,3.91000008583069,0,3.91000008583069
"2007-10-10",3.9449999332428,3.97000002861023,3.92000007629395,3.93499994277954,0,3.93499994277954
"2007-10-11",3.93499994277954,4.01999998092651,3.92499995231628,4.00500011444092,0,4.00500011444092
"2007-10-12",3.99000000953674,4.07999992370605,3.99000000953674,4.07999992370605,0,4.07999992370605
"2007-10-15",4.09999990463257,4.17999982833862,4.09999990463257,4.15999984741211,0,4.15999984741211
"2007-10-16",4.15000009536743,4.17000007629395,4.10500001907349,4.125,0,4.125
"2007-10-17",4.11999988555908,4.11999988555908,3.8199999332428,3.89000010490417,0,3.89000010490417
"2007-10-18",3.67000007629395,3.82999992370605,3.5,3.64000010490417,0,3.64000010490417
"2007-10-19",3.81500005722046,3.84999990463257,3.6800000667572,3.74000000953674,0,3.74000000953674
"2007-10-22",3.75,3.88499999046326,3.75,3.85999989509583,0,3.85999989509583
"2007-10-23",3.91000008583069,3.92499995231628,3.85999989509583,3.85999989509583,0,3.85999989509583
"2007-10-24",3.84500002861023,3.85500001907349,3.63000011444092,3.71000003814697,0,3.71000003814697
"2007-10-25",3.74000000953674,3.82999992370605,3.72000002861023,3.8199999332428,0,3.8199999332428
"2007-10-26",3.83999991416931,3.85500001907349,3.79999995231628,3.83999991416931,0,3.83999991416931
"2007-10-29",3.89000010490417,3.92000007629395,3.80999994277954,3.85999989509583,0,3.85999989509583
"2007-10-30",3.90499997138977,3.90499997138977,3.82999992370605,3.84999990463257,0,3.84999990463257
"2007-10-31",3.84500002861023,3.89000010490417,3.72000002861023,3.8199999332428,0,3.8199999332428
"2007-11-01",3.79999995231628,3.79999995231628,3.61999988555908,3.70499992370605,0,3.70499992370605
"2007-11-02",3.59999990463257,3.70000004768372,3.25,3.5,0,3.5
"2007-11-05",3.48000001907349,3.58999991416931,3.41000008583069,3.57999992370605,0,3.57999992370605
"2007-11-06",3.61999988555908,3.71499991416931,3.58999991416931,3.63000011444092,0,3.63000011444092
"2007-11-07",3.5,3.5699999332428,3.29999995231628,3.35999989509583,0,3.35999989509583
"2007-11-08",3.34999990463257,3.38000011444092,3.14000010490417,3.27999997138977,0,3.27999997138977
"2007-11-09",2.90000009536743,3.20000004768372,2.90000009536743,3.17000007629395,0,3.17000007629395
"2007-11-12",3.1800000667572,3.1800000667572,3.1800000667572,3.1800000667572,0,3.1800000667572
"2007-11-13",3.20000004768372,3.40499997138977,3.20000004768372,3.35999989509583,0,3.35999989509583
"2007-11-14",3.38000011444092,3.45000004768372,3.29999995231628,3.31500005722046,0,3.31500005722046
"2007-11-15",3.22499990463257,3.26999998092651,3.09999990463257,3.19000005722046,0,3.19000005722046
"2007-11-16",3.20000004768372,3.29999995231628,3.20000004768372,3.28999996185303,0,3.28999996185303
"2007-11-19",3.32999992370605,3.44000005722046,3.21499991416931,3.27500009536743,0,3.27500009536743
"2007-11-20",3.26999998092651,3.27999997138977,3.07999992370605,3.16000008583069,0,3.16000008583069
"2007-11-21",3.02999997138977,3.0550000667572,2.90000009536743,3.03999996185303,0,3.03999996185303
"2007-11-23",3.10999989509583,3.14000010490417,3.0699999332428,3.14000010490417,0,3.14000010490417
"2007-11-26",3.27999997138977,3.29999995231628,3,3.0550000667572,0,3.0550000667572
"2007-11-27",3.09500002861023,3.11999988555908,3.05999994277954,3.07500004768372,0,3.07500004768372
"2007-11-28",3.00999999046326,3.02500009536743,2.94000005722046,2.96000003814697,0,2.96000003814697
"2007-11-29",2.84999990463257,2.91000008583069,2.79999995231628,2.88499999046326,0,2.88499999046326
"2007-11-30",2.96499991416931,3.08500003814697,2.96499991416931,3.0699999332428,0,3.0699999332428
"2007-12-03",3.08999991416931,3.08999991416931,2.90000009536743,2.96000003814697,0,2.96000003814697
"2007-12-04",2.95000004768372,3.00999999046326,2.94000005722046,2.98000001907349,0,2.98000001907349
"2007-12-05",3.00500011444092,3.02999997138977,2.95000004768372,2.98000001907349,0,2.98000001907349
"2007-12-06",2.97499990463257,2.98000001907349,2.82999992370605,2.96000003814697,0,2.96000003814697
"2007-12-07",2.85999989509583,3.01999998092651,2.85999989509583,3.01999998092651,0,3.01999998092651
"2007-12-10",2.90000009536743,3.00500011444092,2.90000009536743,2.97000002861023,0,2.97000002861023
"2007-12-11",2.94000005722046,2.9449999332428,2.79999995231628,2.86999988555908,0,2.86999988555908
"2007-12-12",2.90000009536743,3.04999995231628,2.65000009536743,2.80999994277954,0,2.80999994277954
"2007-12-13",2.78500008583069,2.83999991416931,2.65000009536743,2.77999997138977,0,2.77999997138977
"2007-12-14",2.79999995231628,2.84999990463257,2.75,2.79500007629395,0,2.79500007629395
"2007-12-17",2.80999994277954,2.9300000667572,2.79999995231628,2.9300000667572,0,2.9300000667572
"2007-12-18",3.01500010490417,3.04999995231628,2.94000005722046,2.97000002861023,0,2.97000002861023
"2007-12-19",2.90000009536743,2.95000004768372,2.79999995231628,2.83500003814697,0,2.83500003814697
"2007-12-20",2.75,2.8050000667572,2.65000009536743,2.8050000667572,0,2.8050000667572
"2007-12-21",2.80999994277954,2.92000007629395,2.80999994277954,2.90000009536743,0,2.90000009536743
"2007-12-24",2.95000004768372,3.22000002861023,2.95000004768372,3.20000004768372,0,3.20000004768372
"2007-12-26",3.25999999046326,3.27999997138977,3.1949999332428,3.22499990463257,0,3.22499990463257
"2007-12-27",3.20499992370605,3.20499992370605,3.01999998092651,3.07500004768372,0,3.07500004768372
"2007-12-28",3.00500011444092,3.08999991416931,2.99000000953674,3.07999992370605,0,3.07999992370605
"2007-12-31",3.0699999332428,3.1800000667572,3.0699999332428,3.14000010490417,0,3.14000010490417
"2008-01-02",3.26500010490417,3.29999995231628,3.125,3.17000007629395,0,3.17000007629395
"2008-01-03",3.13000011444092,3.20499992370605,3.11999988555908,3.15000009536743,0,3.15000009536743
"2008-01-04",3.17499995231628,3.17499995231628,3.07999992370605,3.11500000953674,0,3.11500000953674
"2008-01-07",3.14000010490417,3.1800000667572,3.125,3.16499996185303,0,3.16499996185303
"2008-01-08",3.18499994277954,3.20000004768372,3.15000009536743,3.16000008583069,0,3.16000008583069
"2008-01-09",3.14000010490417,3.15000009536743,3.07999992370605,3.10999989509583,0,3.10999989509583
"2008-01-10",3.15499997138977,3.21000003814697,3.07999992370605,3.13000011444092,0,3.13000011444092
"2008-01-11",3.11999988555908,3.125,2.98000001907349,3.00999999046326,0,3.00999999046326
"2008-01-14",3,3.09500002861023,3,3.08500003814697,0,3.08500003814697
"2008-01-15",3.07999992370605,3.09500002861023,3.05999994277954,3.08500003814697,0,3.08500003814697
"2008-01-16",3.03999996185303,3.08500003814697,2.98000001907349,3.03999996185303,0,3.03999996185303
"2008-01-17",3.03500008583069,3.06500005722046,2.90000009536743,2.98000001907349,0,2.98000001907349
"2008-01-18",2.90000009536743,2.90000009536743,2.71000003814697,2.78999996185303,0,2.78999996185303
"2008-01-22",2.38000011444092,2.45000004768372,2.20000004768372,2.23000001907349,0,2.23000001907349
"2008-01-23",2.07999992370605,2.11999988555908,1.89999997615814,2.10999989509583,0,2.10999989509583
"2008-01-24",2.19000005722046,2.31500005722046,2.15000009536743,2.29999995231628,0,2.29999995231628
"2008-01-25",2.3199999332428,2.375,2.04999995231628,2.22000002861023,0,2.22000002861023
"2008-01-28",2.21000003814697,2.25999999046326,2.15000009536743,2.21499991416931,0,2.21499991416931
"2008-01-29",2.22499990463257,2.25,2.11999988555908,2.20499992370605,0,2.20499992370605
"2008-01-30",2.24000000953674,2.31500005722046,2.08999991416931,2.14000010490417,0,2.14000010490417
"2008-01-31",1.95000004768372,2.00999999046326,1.79999995231628,1.87000000476837,0,1.87000000476837
"2008-02-01",1.96000003814697,2.05999994277954,1.85000002384186,2.04999995231628,0,2.04999995231628
"2008-02-04",2.11500000953674,2.19000005722046,2.10999989509583,2.17000007629395,0,2.17000007629395
"2008-02-05",2.1800000667572,2.21000003814697,2.10999989509583,2.14499998092651,0,2.14499998092651
"2008-02-06",2.07999992370605,2.09999990463257,2,2.03999996185303,0,2.03999996185303
"2008-02-07",2,2.14000010490417,2,2.09999990463257,0,2.09999990463257
"2008-02-08",2.15000009536743,2.20000004768372,2.11999988555908,2.16000008583069,0,2.16000008583069
"2008-02-11",2.20000004768372,2.24000000953674,2.09999990463257,2.19000005722046,0,2.19000005722046
"2008-02-12",2.24499988555908,2.25999999046326,2.20000004768372,2.25,0,2.25
"2008-02-13",2.20499992370605,2.21499991416931,2.16000008583069,2.21000003814697,0,2.21000003814697
"2008-02-14",2.21000003814697,2.24499988555908,2.20000004768372,2.22000002861023,0,2.22000002861023
"2008-02-15",2.20000004768372,2.20499992370605,2.10999989509583,2.13000011444092,0,2.13000011444092
"2008-02-19",2.20499992370605,2.20499992370605,2.11999988555908,2.17000007629395,0,2.17000007629395
"2008-02-20",2.19000005722046,2.1949999332428,2.14000010490417,2.17499995231628,0,2.17499995231628
"2008-02-21",2.1800000667572,2.19000005722046,2.11999988555908,2.14000010490417,0,2.14000010490417
"2008-02-22",2.13499999046326,2.15000009536743,2.10500001907349,2.14000010490417,0,2.14000010490417
"2008-02-25",2.16000008583069,2.20000004768372,2.09999990463257,2.10999989509583,0,2.10999989509583
"2008-02-26",2.08999991416931,2.11500000953674,2.0550000667572,2.07500004768372,0,2.07500004768372
"2008-02-27",2.00999999046326,2.02999997138977,1.85000002384186,1.92999994754791,0,1.92999994754791
"2008-02-28",1.82500004768372,1.87000000476837,1.70000004768372,1.85500001907349,0,1.85500001907349
"2008-02-29",1.75499999523163,1.83500003814697,1.75499999523163,1.7849999666214,0,1.7849999666214
"2008-03-03",1.83500003814697,1.84500002861023,1.63499999046326,1.63499999046326,0,1.63499999046326
"2008-03-04",1.60500001907349,1.60500001907349,1.54499995708466,1.59500002861023,0,1.59500002861023
"2008-03-05",1.55499994754791,1.60000002384186,1.39999997615814,1.48000001907349,0,1.48000001907349
"2008-03-06",1.32000005245209,1.37999999523163,1.22000002861023,1.36500000953674,0,1.36500000953674
"2008-03-07",1.33500003814697,1.56500005722046,1.10000002384186,1.39999997615814,0,1.39999997615814
"2008-03-10",1.40499997138977,1.4650000333786,1.20000004768372,1.29999995231628,0,1.29999995231628
"2008-03-11",1.3400000333786,1.5,1.3400000333786,1.44000005722046,0,1.44000005722046
"2008-03-12",1.36000001430511,1.5,1.35000002384186,1.44000005722046,0,1.44000005722046
"2008-03-13",1.29999995231628,1.38999998569489,1.20000004768372,1.29999995231628,0,1.29999995231628
"2008-03-14",1.32000005245209,1.33000004291534,1.08000004291534,1.12000000476837,0,1.12000000476837
"2008-03-17",1.08500003814697,1.08500003814697,0.800000011920929,0.990000009536743,0,0.990000009536743
"2008-03-18",1.02499997615814,1.02999997138977,0.600000023841858,0.899999976158142,0,0.899999976158142
"2008-03-19",0.709999978542328,0.870000004768372,0.300000011920929,0.649999976158142,0,0.649999976158142
"2008-03-20",0.629999995231628,0.629999995231628,0.200000002980232,0.5,0,0.5
"2008-03-24",0.680000007152557,1.08000004291534,0.600000023841858,1.01499998569489,0,1.01499998569489
"2008-03-25",1.15499997138977,1.28999996185303,1.15499997138977,1.25499999523163,0,1.25499999523163
"2008-03-26",1.21000003814697,1.32000005245209,1.17999994754791,1.26999998092651,0,1.26999998092651
"2008-03-27",1.20000004768372,1.26999998092651,1.14999997615814,1.25,0,1.25
"2008-03-28",1.3400000333786,1.44500005245209,1.29999995231628,1.35000002384186,0,1.35000002384186
"2008-03-31",1.29499995708466,1.35000002384186,1.22500002384186,1.27499997615814,0,1.27499997615814
"2008-04-01",1.37999999523163,1.41499996185303,1.32500004768372,1.35500001907349,0,1.35500001907349
"2008-04-02",1.35000002384186,1.40499997138977,1.32500004768372,1.36500000953674,0,1.36500000953674
"2008-04-03",1.3400000333786,1.375,1.26999998092651,1.36000001430511,0,1.36000001430511
"2008-04-04",1.25,1.36000001430511,1.25,1.32000005245209,0,1.32000005245209
"2008-04-07",1.35000002384186,1.4099999666214,1.29999995231628,1.36000001430511,0,1.36000001430511
"2008-04-08",1.38999998569489,1.39999997615814,1.31500005722046,1.35000002384186,0,1.35000002384186
"2008-04-09",1.32500004768372,1.33000004291534,1.20000004768372,1.27499997615814,0,1.27499997615814
"2008-04-10",1.23500001430511,1.25999999046326,1.17999994754791,1.23500001430511,0,1.23500001430511
"2008-04-11",1.14999997615814,1.17999994754791,1.13999998569489,1.1599999666214,0,1.1599999666214
"2008-04-14",1.12999999523163,1.13999998569489,1,1.07500004768372,0,1.07500004768372
"2008-04-15",1.02999997138977,1.125,1.02999997138977,1.10000002384186,0,1.10000002384186
"2008-04-16",1.12000000476837,1.12999999523163,1.06500005722046,1.11500000953674,0,1.11500000953674
"2008-04-17",1.12000000476837,1.23000001907349,1.08000004291534,1.21000003814697,0,1.21000003814697
"2008-04-18",1.24000000953674,1.41999995708466,1.23000001907349,1.32000005245209,0,1.32000005245209
"2008-04-21",1.33000004291534,1.33500003814697,1.24000000953674,1.26999998092651,0,1.26999998092651
"2008-04-22",1.30499994754791,1.30499994754791,1.20500004291534,1.25499999523163,0,1.25499999523163
"2008-04-23",1.22000002861023,1.23000001907349,1.1599999666214,1.20000004768372,0,1.20000004768372
"2008-04-24",1.17999994754791,1.26999998092651,1.17999994754791,1.22000002861023,0,1.22000002861023
"2008-04-25",1.25,1.2849999666214,1.2150000333786,1.2849999666214,0,1.2849999666214
"2008-04-28",1.29499995708466,1.3400000333786,1.29499995708466,1.33000004291534,0,1.33000004291534
"2008-04-29",1.39999997615814,1.45000004768372,1.39999997615814,1.44000005722046,0,1.44000005722046
"2008-04-30",1.44000005722046,1.44500005245209,1.32000005245209,1.3400000333786,0,1.3400000333786
"2008-05-01",1.35000002384186,1.40499997138977,1.30999994277954,1.37000000476837,0,1.37000000476837
"2008-05-02",1.33500003814697,1.48000001907349,1.33000004291534,1.4650000333786,0,1.4650000333786
"2008-05-05",1.50999999046326,1.57000005245209,1.46000003814697,1.54999995231628,0,1.54999995231628
"2008-05-06",1.56500005722046,1.625,1.54999995231628,1.59500002861023,0,1.59500002861023
"2008-05-07",1.5900000333786,1.70000004768372,1.58500003814697,1.62999999523163,0,1.62999999523163
"2008-05-08",1.63499999046326,1.64499998092651,1.60000002384186,1.62000000476837,0,1.62000000476837
"2008-05-09",1.58000004291534,1.64999997615814,1.55999994277954,1.64999997615814,0,1.64999997615814
"2008-05-12",1.67499995231628,1.76499998569489,1.67499995231628,1.75,0,1.75
"2008-05-13",1.78999996185303,1.80999994277954,1.77499997615814,1.7849999666214,0,1.7849999666214
"2008-05-14",1.79499995708466,1.79999995231628,1.74000000953674,1.7849999666214,0,1.7849999666214
"2008-05-15",1.77999997138977,1.79999995231628,1.75999999046326,1.78999996185303,0,1.78999996185303
"2008-05-16",1.79499995708466,1.81500005722046,1.76999998092651,1.79999995231628,0,1.79999995231628
"2008-05-19",1.78999996185303,1.83500003814697,1.78999996185303,1.80499994754791,0,1.80499994754791
"2008-05-20",1.83500003814697,1.83500003814697,1.82000005245209,1.82500004768372,0,1.82500004768372
"2008-05-21",1.83000004291534,1.83000004291534,1.80999994277954,1.80999994277954,0,1.80999994277954
"2008-05-22",1.82500004768372,1.8400000333786,1.81500005722046,1.82500004768372,0,1.82500004768372
"2008-05-23",1.81500005722046,1.83000004291534,1.79999995231628,1.79999995231628,0,1.79999995231628
"2008-05-27",1.83500003814697,1.87999999523163,1.83500003814697,1.85000002384186,0,1.85000002384186
"2008-05-28",1.86500000953674,1.875,1.83000004291534,1.85500001907349,0,1.85500001907349
"2008-05-29",1.86500000953674,1.9099999666214,1.86500000953674,1.86500000953674,0,1.86500000953674
"2008-05-30",1.84500002861023,1.86000001430511,1.79999995231628,1.85000002384186,0,1.85000002384186
"2008-06-02",1.8400000333786,1.84500002861023,1.76999998092651,1.78999996185303,0,1.78999996185303
"2008-06-03",1.80499994754791,1.82500004768372,1.79999995231628,1.80999994277954,0,1.80999994277954
"2008-06-04",1.79999995231628,1.80999994277954,1.76999998092651,1.80499994754791,0,1.80499994754791
"2008-06-05",1.80499994754791,1.83000004291534,1.78999996185303,1.80999994277954,0,1.80999994277954
"2008-06-06",1.80999994277954,1.80999994277954,1.78999996185303,1.79999995231628,0,1.79999995231628
"2008-06-09",1.80999994277954,1.86000001430511,1.80999994277954,1.85000002384186,0,1.85000002384186
"2008-06-10",1.87000000476837,1.99000000953674,1.86000001430511,1.97000002861023,0,1.97000002861023
"2008-06-11",1.9099999666214,1.92999994754791,1.85000002384186,1.90499997138977,0,1.90499997138977
"2008-06-12",1.91499996185303,1.95000004768372,1.89499998092651,1.95000004768372,0,1.95000004768372
"2008-06-13",1.98000001907349,2.00999999046326,1.89999997615814,1.92999994754791,0,1.92999994754791
"2008-06-16",1.93499994277954,1.96000003814697,1.89999997615814,1.94000005722046,0,1.94000005722046
"2008-06-17",1.98500001430511,1.98500001430511,1.91999995708466,1.95500004291534,0,1.95500004291534
"2008-06-18",1.90499997138977,1.9099999666214,1.85000002384186,1.87999999523163,0,1.87999999523163
"2008-06-19",1.88499999046326,1.89499998092651,1.80999994277954,1.86000001430511,0,1.86000001430511
"2008-06-20",1.8400000333786,1.84500002861023,1.75,1.79999995231628,0,1.79999995231628
"2008-06-23",1.83000004291534,1.86000001430511,1.79999995231628,1.85000002384186,0,1.85000002384186
"2008-06-24",1.80499994754791,1.81500005722046,1.77999997138977,1.79499995708466,0,1.79499995708466
"2008-06-25",1.7849999666214,1.78999996185303,1.75,1.75999999046326,0,1.75999999046326
"2008-06-26",1.74000000953674,1.75499999523163,1.60000002384186,1.67999994754791,0,1.67999994754791
"2008-06-27",1.63999998569489,1.67999994754791,1.60000002384186,1.62999999523163,0,1.62999999523163
"2008-06-30",1.6599999666214,1.75,1.60000002384186,1.70500004291534,0,1.70500004291534
"2008-07-01",1.83000004291534,1.84500002861023,1.77999997138977,1.82500004768372,0,1.82500004768372
"2008-07-02",1.81500005722046,1.83000004291534,1.75,1.78999996185303,0,1.78999996185303
"2008-07-03",1.76999998092651,1.80999994277954,1.75,1.80999994277954,0,1.80999994277954
"2008-07-07",1.79999995231628,1.83000004291534,1.76499998569489,1.77499997615814,0,1.77499997615814
"2008-07-08",1.83000004291534,1.86000001430511,1.78999996185303,1.82000005245209,0,1.82000005245209
"2008-07-09",1.82500004768372,1.83000004291534,1.78999996185303,1.78999996185303,0,1.78999996185303
"2008-07-10",1.77999997138977,1.77999997138977,1.61000001430511,1.62999999523163,0,1.62999999523163
"2008-07-11",1.58000004291534,1.63999998569489,1.5,1.57000005245209,0,1.57000005245209
"2008-07-14",1.64999997615814,1.64999997615814,1.41999995708466,1.42499995231628,0,1.42499995231628
"2008-07-15",1.42499995231628,1.44000005722046,1.25,1.375,0,1.375
"2008-07-16",1.29999995231628,1.38999998569489,1.25,1.34500002861023,0,1.34500002861023
"2008-07-17",1.375,1.4099999666214,1.34500002861023,1.38999998569489,0,1.38999998569489
"2008-07-18",1.44000005722046,1.46000003814697,1.35000002384186,1.41999995708466,0,1.41999995708466
"2008-07-21",1.44000005722046,1.5,1.37999999523163,1.37999999523163,0,1.37999999523163
"2008-07-22",1.40499997138977,1.52999997138977,1.40499997138977,1.5,0,1.5
"2008-07-23",1.57500004768372,1.62000000476837,1.51499998569489,1.54499995708466,0,1.54499995708466
"2008-07-24",1.53999996185303,1.64999997615814,1.52499997615814,1.61000001430511,0,1.61000001430511
"2008-07-25",1.62999999523163,1.69500005245209,1.60000002384186,1.69000005722046,0,1.69000005722046
"2008-07-28",1.66999995708466,1.68499994277954,1.62999999523163,1.66499996185303,0,1.66499996185303
"2008-07-29",1.69000005722046,1.70500004291534,1.67499995231628,1.67999994754791,0,1.67999994754791
"2008-07-30",1.67999994754791,1.73000001907349,1.6599999666214,1.66999995708466,0,1.66999995708466
"2008-07-31",1.66499996185303,1.66499996185303,1.62999999523163,1.63499999046326,0,1.63499999046326
"2008-08-01",1.62999999523163,1.6599999666214,1.62000000476837,1.62999999523163,0,1.62999999523163
"2008-08-04",1.64999997615814,1.6599999666214,1.62000000476837,1.6599999666214,0,1.6599999666214
"2008-08-05",1.7150000333786,1.7150000333786,1.69000005722046,1.71000003814697,0,1.71000003814697
"2008-08-06",1.66999995708466,1.67999994754791,1.58000004291534,1.60000002384186,0,1.60000002384186
"2008-08-07",1.58000004291534,1.67499995231628,1.52999997138977,1.62999999523163,0,1.62999999523163
"2008-08-08",1.62000000476837,1.66499996185303,1.62000000476837,1.66499996185303,0,1.66499996185303
"2008-08-11",1.66999995708466,1.7849999666214,1.66999995708466,1.76999998092651,0,1.76999998092651
"2008-08-12",1.83500003814697,1.87000000476837,1.79999995231628,1.82500004768372,0,1.82500004768372
"2008-08-13",1.80499994754791,1.82000005245209,1.77999997138977,1.81500005722046,0,1.81500005722046
"2008-08-14",1.80999994277954,1.84500002861023,1.79999995231628,1.83000004291534,0,1.83000004291534
"2008-08-15",1.80999994277954,1.82000005245209,1.75,1.79999995231628,0,1.79999995231628
"2008-08-18",1.81500005722046,1.84500002861023,1.74000000953674,1.74000000953674,0,1.74000000953674
"2008-08-19",1.75,1.76999998092651,1.73000001907349,1.76499998569489,0,1.76499998569489
"2008-08-20",1.72500002384186,1.72500002384186,1.64999997615814,1.66999995708466,0,1.66999995708466
"2008-08-21",1.65499997138977,1.69000005722046,1.63999998569489,1.68499994277954,0,1.68499994277954
"2008-08-22",1.69000005722046,1.71000003814697,1.63999998569489,1.66499996185303,0,1.66499996185303
"2008-08-25",1.66999995708466,1.66999995708466,1.60000002384186,1.64499998092651,0,1.64499998092651
"2008-08-26",1.71000003814697,1.7150000333786,1.66999995708466,1.67499995231628,0,1.67499995231628
"2008-08-27",1.66999995708466,1.67999994754791,1.62999999523163,1.63999998569489,0,1.63999998569489
"2008-08-28",1.63999998569489,1.71000003814697,1.62000000476837,1.70000004768372,0,1.70000004768372
"2008-08-29",1.64999997615814,1.72000002861023,1.63999998569489,1.69000005722046,0,1.69000005722046
"2008-09-02",1.69500005245209,1.69500005245209,1.60000002384186,1.64999997615814,0,1.64999997615814
"2008-09-03",1.66499996185303,1.67499995231628,1.64499998092651,1.66499996185303,0,1.66499996185303
"2008-09-04",1.62999999523163,1.66499996185303,1.62000000476837,1.64999997615814,0,1.64999997615814
"2008-09-05",1.64499998092651,1.64999997615814,1.54999995231628,1.63999998569489,0,1.63999998569489
"2008-09-08",1.74000000953674,1.75,1.63999998569489,1.66999995708466,0,1.66999995708466
"2008-09-09",1.66999995708466,1.67999994754791,1.62000000476837,1.63999998569489,0,1.63999998569489
"2008-09-10",1.60500001907349,1.63499999046326,1.60000002384186,1.62000000476837,0,1.62000000476837
"2008-09-11",1.58500003814697,1.61000001430511,1.53999996185303,1.58000004291534,0,1.58000004291534
"2008-09-12",1.54999995231628,1.55499994754791,1.39999997615814,1.46000003814697,0,1.46000003814697
"2008-09-15",0.740000009536743,0.860000014305115,0.649999976158142,0.810000002384186,0,0.810000002384186
"2008-09-16",0.970000028610229,0.970000028610229,0.600000023841858,0.860000014305115,0,0.860000014305115
"2008-09-17",0.300000011920929,0.545000016689301,0.00999999977648258,0.0199999995529652,0,0.0199999995529652
"2008-09-18",0.0599999986588955,0.230000004172325,0.00999999977648258,0.0700000002980232,0,0.0700000002980232
"2008-09-19",0.800000011920929,1.04999995231628,0.150000005960464,0.920000016689301,0,0.920000016689301
"2008-09-22",0.850000023841858,0.949999988079071,0.5,0.875,0,0.875
"2008-09-23",0.899999976158142,0.970000028610229,0.75,0.800000011920929,0,0.800000011920929
"2008-09-24",0.550000011920929,0.560000002384186,0.305000007152557,0.439999997615814,0,0.439999997615814
"2008-09-25",0.25,0.800000011920929,0.25,0.709999978542328,0,0.709999978542328
"2008-09-26",0.620000004768372,0.910000026226044,0.300000011920929,0.829999983310699,0,0.829999983310699
"2008-09-29",0.699999988079071,0.720000028610229,0.100000001490116,0.449999988079071,0,0.449999988079071
"2008-09-30",0.479999989271164,1.00999999046326,0.479999989271164,0.899999976158142,0,0.899999976158142
"2008-10-01",0.75,0.870000004768372,0.560000002384186,0.800000011920929,0,0.800000011920929
"2008-10-02",0.620000004768372,0.785000026226044,0.550000011920929,0.589999973773956,0,0.589999973773956
"2008-10-03",0.540000021457672,0.550000011920929,0.200000002980232,0.469999998807907,0,0.469999998807907
"2008-10-06",0.400000005960464,0.479999989271164,0.100000001490116,0.409999996423721,0,0.409999996423721
"2008-10-07",0.620000004768372,1.01499998569489,0.620000004768372,0.785000026226044,0,0.785000026226044
"2008-10-08",0.509999990463257,0.75,0.46000000834465,0.639999985694885,0,0.639999985694885
"2008-10-09",0.649999976158142,0.769999980926514,0.5,0.579999983310699,0,0.579999983310699
"2008-10-10",0.400000005960464,0.400000005960464,0.0199999995529652,0.209999993443489,0,0.209999993443489
"2008-10-13",0.209999993443489,0.209999993443489,0.209999993443489,0.209999993443489,0,0.209999993443489
"2008-10-14",0.550000011920929,0.550000011920929,0.200000002980232,0.234999999403954,0,0.234999999403954
"2008-10-15",0.270000010728836,0.319999992847443,0.125,0.200000002980232,0,0.200000002980232
"2008-10-16",0.270000010728836,0.435000002384186,0.189999997615814,0.435000002384186,0,0.435000002384186
"2008-10-17",0.449999988079071,0.889999985694885,0.435000002384186,0.779999971389771,0,0.779999971389771
"2008-10-20",0.810000002384186,1.17999994754791,0.600000023841858,1.01999998092651,0,1.01999998092651
"2008-10-21",1.16999995708466,1.25999999046326,0.75,1.09500002861023,0,1.09500002861023
"2008-10-22",1,1.04999995231628,0.899999976158142,1.00999999046326,0,1.00999999046326
"2008-10-23",0.939999997615814,1.04999995231628,0.899999976158142,0.910000026226044,0,0.910000026226044
"2008-10-24",0.699999988079071,0.819999992847443,0.699999988079071,0.819999992847443,0,0.819999992847443
"2008-10-27",0.75,0.834999978542328,0.709999978542328,0.730000019073486,0,0.730000019073486
"2008-10-28",0.829999983310699,0.850000023841858,0.720000028610229,0.75,0,0.75
"2008-10-29",0.649999976158142,0.649999976158142,0.5,0.564999997615814,0,0.564999997615814
"2008-10-30",0.529999971389771,0.540000021457672,0.300000011920929,0.375,0,0.375
"2008-10-31",0.310000002384186,0.435000002384186,0.270000010728836,0.435000002384186,0,0.435000002384186
"2008-11-03",0.439999997615814,0.504999995231628,0.409999996423721,0.419999986886978,0,0.419999986886978
"2008-11-04",0.474999994039536,0.495000004768372,0.449999988079071,0.465000003576279,0,0.465000003576279
"2008-11-05",0.435000002384186,0.46000000834465,0.379999995231628,0.379999995231628,0,0.379999995231628
"2008-11-06",0.319999992847443,0.375,0.270000010728836,0.314999997615814,0,0.314999997615814
"2008-11-07",0.310000002384186,0.314999997615814,0.280000001192093,0.28999999165535,0,0.28999999165535
"2008-11-10",0.310000002384186,0.340000003576279,0.129999995231628,0.200000002980232,0,0.200000002980232
"2008-11-11",0.194999992847443,0.194999992847443,0.194999992847443,0.194999992847443,0,0.194999992847443
"2008-11-12",0.209999993443489,0.230000004172325,0.119999997317791,0.140000000596046,0,0.140000000596046
"2008-11-13",0.170000001788139,0.209999993443489,0.150000005960464,0.189999997615814,0,0.189999997615814
"2008-11-14",0.150000005960464,0.150000005960464,0.100000001490116,0.129999995231628,0,0.129999995231628
"2008-11-17",0.150000005960464,0.170000001788139,0.0199999995529652,0.0900000035762787,0,0.0900000035762787
"2008-11-18",0.0900000035762787,0.144999995827675,0.0850000008940697,0.109999999403954,0,0.109999999403954
"2008-11-19",0.0900000035762787,0.109999999403954,0.0599999986588955,0.0649999976158142,0,0.0649999976158142
"2008-11-20",0.00999999977648258,0.0299999993294477,0.00499999988824129,0.00499999988824129,0,0.00499999988824129
"2008-11-21",0.0399999991059303,0.0500000007450581,0.00499999988824129,0.00999999977648258,0,0.00999999977648258
"2008-11-24",0.00999999977648258,0.00999999977648258,0.00499999988824129,0.00999999977648258,0,0.00999999977648258
"2008-11-25",0.109999999403954,0.115000002086163,0.0799999982118607,0.100000001490116,0,0.100000001490116
"2008-11-26",0.115000002086163,0.129999995231628,0.0299999993294477,0.0299999993294477,0,0.0299999993294477
"2008-11-28",0.0199999995529652,0.0299999993294477,0.00999999977648258,0.0199999995529652,0,0.0199999995529652
"2008-12-01",0.0199999995529652,0.0299999993294477,0.00499999988824129,0.00999999977648258,0,0.00999999977648258
"2008-12-02",0.0500000007450581,0.0599999986588955,0.0350000001490116,0.0500000007450581,0,0.0500000007450581
"2008-12-03",0.0399999991059303,0.0399999991059303,0.00499999988824129,0.0149999996647239,0,0.0149999996647239
"2008-12-04",0.00999999977648258,0.00999999977648258,0.00499999988824129,0.00499999988824129,0,0.00499999988824129
"2008-12-05",0.0149999996647239,0.0149999996647239,0.00499999988824129,0.00999999977648258,0,0.00999999977648258
"2008-12-08",0.0199999995529652,0.0299999993294477,0.00499999988824129,0.00499999988824129,0,0.00499999988824129
"2008-12-09",0.00499999988824129,0.00999999977648258,0.00499999988824129,0.00999999977648258,0,0.00999999977648258
"2008-12-10",0.00499999988824129,0.00499999988824129,0.00499999988824129,0.00499999988824129,0,0.00499999988824129
"2008-12-11",0.00999999977648258,0.00999999977648258,0.00499999988824129,0.00999999977648258,0,0.00999999977648258
"2008-12-12",0.00999999977648258,0.0199999995529652,0.00499999988824129,0.00999999977648258,0,0.00999999977648258
"2008-12-15",0.00999999977648258,0.0350000001490116,0.00499999988824129,0.00499999988824129,0,0.00499999988824129
"2008-12-16",0.0350000001490116,0.0500000007450581,0.00999999977648258,0.025000000372529,0,0.025000000372529
"2008-12-17",0.0149999996647239,0.0199999995529652,0.00499999988824129,0.00499999988824129,0,0.00499999988824129
"2008-12-18",0.00499999988824129,0.00499999988824129,0.00499999988824129,0.00499999988824129,0,0.00499999988824129
"2008-12-19",0.0350000001490116,0.0350000001490116,0.00499999988824129,0.00499999988824129,0,0.00499999988824129
"2008-12-22",0.00999999977648258,0.0149999996647239,0.00499999988824129,0.00499999988824129,0,0.00499999988824129
"2008-12-23",0.0199999995529652,0.0399999991059303,0.00499999988824129,0.00499999988824129,0,0.00499999988824129
"2008-12-24",0.00499999988824129,0.00499999988824129,0.00499999988824129,0.00499999988824129,0,0.00499999988824129
"2008-12-26",0.0549999997019768,0.0549999997019768,0.00499999988824129,0.00499999988824129,0,0.00499999988824129
"2008-12-29",0.00999999977648258,0.00999999977648258,0.00499999988824129,0.00999999977648258,0,0.00999999977648258
"2008-12-30",0.0500000007450581,0.100000001490116,0.00999999977648258,0.0900000035762787,0,0.0900000035762787
"2008-12-31",0.0700000002980232,0.115000002086163,0.0500000007450581,0.115000002086163,0,0.115000002086163
"2009-01-02",0.0949999988079071,0.104999996721745,0.0799999982118607,0.0850000008940697,0,0.0850000008940697
"2009-01-05",0.0850000008940697,0.104999996721745,0.0649999976158142,0.0850000008940697,0,0.0850000008940697
"2009-01-06",0.125,0.150000005960464,0.0700000002980232,0.129999995231628,0,0.129999995231628
"2009-01-07",0.115000002086163,0.129999995231628,0.100000001490116,0.100000001490116,0,0.100000001490116
"2009-01-08",0.0799999982118607,0.100000001490116,0.0500000007450581,0.0799999982118607,0,0.0799999982118607
"2009-01-09",0.0599999986588955,0.0750000029802322,0.0500000007450581,0.0649999976158142,0,0.0649999976158142
"2009-01-12",0.0799999982118607,0.0799999982118607,0.0500000007450581,0.0649999976158142,0,0.0649999976158142
"2009-01-13",0.115000002086163,0.115000002086163,0.0599999986588955,0.104999996721745,0,0.104999996721745
"2009-01-14",0.115000002086163,0.115000002086163,0.0949999988079071,0.109999999403954,0,0.109999999403954
"2009-01-15",0.0900000035762787,0.109999999403954,0.0900000035762787,0.100000001490116,0,0.100000001490116
"2009-01-16",0.104999996721745,0.119999997317791,0.100000001490116,0.115000002086163,0,0.115000002086163
"2009-01-20",0.104999996721745,0.125,0.0949999988079071,0.100000001490116,0,0.100000001490116
"2009-01-21",0.115000002086163,0.119999997317791,0.0949999988079071,0.109999999403954,0,0.109999999403954
"2009-01-22",0.100000001490116,0.109999999403954,0.0900000035762787,0.100000001490116,0,0.100000001490116
"2009-01-23",0.0949999988079071,0.115000002086163,0.0900000035762787,0.0900000035762787,0,0.0900000035762787
"2009-01-26",0.100000001490116,0.100000001490116,0.0900000035762787,0.100000001490116,0,0.100000001490116
"2009-01-27",0.135000005364418,0.140000000596046,0.100000001490116,0.129999995231628,0,0.129999995231628
"2009-01-28",0.125,0.185000002384186,0.125,0.180000007152557,0,0.180000007152557
"2009-01-29",0.185000002384186,0.234999999403954,0.170000001788139,0.219999998807907,0,0.219999998807907
"2009-01-30",0.209999993443489,0.239999994635582,0.209999993443489,0.219999998807907,0,0.219999998807907
"2009-02-02",0.209999993443489,0.259999990463257,0.209999993443489,0.245000004768372,0,0.245000004768372
"2009-02-03",0.259999990463257,0.33500000834465,0.245000004768372,0.310000002384186,0,0.310000002384186
"2009-02-04",0.284999996423721,0.305000007152557,0.284999996423721,0.28999999165535,0,0.28999999165535
"2009-02-05",0.284999996423721,0.28999999165535,0.270000010728836,0.270000010728836,0,0.270000010728836
"2009-02-06",0.275000005960464,0.280000001192093,0.25,0.270000010728836,0,0.270000010728836
"2009-02-09",0.270000010728836,0.300000011920929,0.270000010728836,0.275000005960464,0,0.275000005960464
"2009-02-10",0.314999997615814,0.319999992847443,0.270000010728836,0.305000007152557,0,0.305000007152557
"2009-02-11",0.305000007152557,0.310000002384186,0.284999996423721,0.300000011920929,0,0.300000011920929
"2009-02-12",0.294999986886978,0.300000011920929,0.280000001192093,0.284999996423721,0,0.284999996423721
"2009-02-13",0.294999986886978,0.300000011920929,0.28999999165535,0.28999999165535,0,0.28999999165535
"2009-02-17",0.300000011920929,0.300000011920929,0.280000001192093,0.284999996423721,0,0.284999996423721
"2009-02-18",0.310000002384186,0.314999997615814,0.280000001192093,0.300000011920929,0,0.300000011920929
"2009-02-19",0.305000007152557,0.314999997615814,0.294999986886978,0.300000011920929,0,0.300000011920929
"2009-02-20",0.284999996423721,0.300000011920929,0.25,0.264999985694885,0,0.264999985694885
"2009-02-23",0.280000001192093,0.28999999165535,0.264999985694885,0.270000010728836,0,0.270000010728836
"2009-02-24",0.294999986886978,0.300000011920929,0.270000010728836,0.294999986886978,0,0.294999986886978
"2009-02-25",0.294999986886978,0.305000007152557,0.28999999165535,0.294999986886978,0,0.294999986886978
"2009-02-26",0.294999986886978,0.300000011920929,0.259999990463257,0.264999985694885,0,0.264999985694885
"2009-02-27",0.254999995231628,0.264999985694885,0.239999994635582,0.25,0,0.25
"2009-03-02",0.245000004768372,0.245000004768372,0.230000004172325,0.230000004172325,0,0.230000004172325
"2009-03-03",0.270000010728836,0.270000010728836,0.230000004172325,0.264999985694885,0,0.264999985694885
"2009-03-04",0.259999990463257,0.264999985694885,0.25,0.25,0,0.25
"2009-03-05",0.245000004768372,0.245000004768372,0.200000002980232,0.200000002980232,0,0.200000002980232
"2009-03-06",0.185000002384186,0.215000003576279,0.159999996423721,0.185000002384186,0,0.185000002384186
"2009-03-09",0.194999992847443,0.230000004172325,0.194999992847443,0.200000002980232,0,0.200000002980232
"2009-03-10",0.224999994039536,0.234999999403954,0.200000002980232,0.234999999403954,0,0.234999999403954
"2009-03-11",0.224999994039536,0.234999999403954,0.219999998807907,0.219999998807907,0,0.219999998807907
"2009-03-12",0.219999998807907,0.224999994039536,0.200000002980232,0.200000002980232,0,0.200000002980232
"2009-03-13",0.170000001788139,0.189999997615814,0.170000001788139,0.189999997615814,0,0.189999997615814
"2009-03-16",0.194999992847443,0.25,0.189999997615814,0.219999998807907,0,0.219999998807907
"2009-03-17",0.224999994039536,0.234999999403954,0.200000002980232,0.224999994039536,0,0.224999994039536
"2009-03-18",0.224999994039536,0.224999994039536,0.180000007152557,0.204999998211861,0,0.204999998211861
"2009-03-19",0.189999997615814,0.200000002980232,0.180000007152557,0.189999997615814,0,0.189999997615814
"2009-03-20",0.185000002384186,0.204999998211861,0.180000007152557,0.200000002980232,0,0.200000002980232
"2009-03-23",0.209999993443489,0.209999993443489,0.185000002384186,0.189999997615814,0,0.189999997615814
"2009-03-24",0.209999993443489,0.215000003576279,0.189999997615814,0.204999998211861,0,0.204999998211861
"2009-03-25",0.204999998211861,0.204999998211861,0.185000002384186,0.185000002384186,0,0.185000002384186
"2009-03-26",0.180000007152557,0.180000007152557,0.129999995231628,0.140000000596046,0,0.140000000596046
"2009-03-27",0.140000000596046,0.144999995827675,0.125,0.125,0,0.125
"2009-03-30",0.119999997317791,0.150000005960464,0.115000002086163,0.119999997317791,0,0.119999997317791
"2009-03-31",0.180000007152557,0.224999994039536,0.119999997317791,0.200000002980232,0,0.200000002980232
"2009-04-01",0.204999998211861,0.224999994039536,0.194999992847443,0.209999993443489,0,0.209999993443489
"2009-04-02",0.204999998211861,0.219999998807907,0.189999997615814,0.189999997615814,0,0.189999997615814
"2009-04-03",0.204999998211861,0.209999993443489,0.200000002980232,0.200000002980232,0,0.200000002980232
"2009-04-06",0.200000002980232,0.200000002980232,0.159999996423721,0.185000002384186,0,0.185000002384186
"2009-04-07",0.189999997615814,0.194999992847443,0.180000007152557,0.189999997615814,0,0.189999997615814
"2009-04-08",0.189999997615814,0.189999997615814,0.159999996423721,0.180000007152557,0,0.180000007152557
"2009-04-09",0.174999997019768,0.180000007152557,0.170000001788139,0.174999997019768,0,0.174999997019768
"2009-04-13",0.174999997019768,0.174999997019768,0.165000006556511,0.170000001788139,0,0.170000001788139
"2009-04-14",0.174999997019768,0.174999997019768,0.159999996423721,0.165000006556511,0,0.165000006556511
"2009-04-15",0.159999996423721,0.165000006556511,0.140000000596046,0.140000000596046,0,0.140000000596046
"2009-04-16",0.140000000596046,0.150000005960464,0.109999999403954,0.125,0,0.125
"2009-04-17",0.140000000596046,0.144999995827675,0.125,0.129999995231628,0,0.129999995231628
"2009-04-20",0.125,0.129999995231628,0.119999997317791,0.119999997317791,0,0.119999997317791
"2009-04-21",0.129999995231628,0.150000005960464,0.119999997317791,0.140000000596046,0,0.140000000596046
"2009-04-22",0.135000005364418,0.144999995827675,0.135000005364418,0.135000005364418,0,0.135000005364418
"2009-04-23",0.129999995231628,0.135000005364418,0.0799999982118607,0.0949999988079071,0,0.0949999988079071
"2009-04-24",0.0949999988079071,0.100000001490116,0.0850000008940697,0.0949999988079071,0,0.0949999988079071
"2009-04-27",0.0900000035762787,0.104999996721745,0.0649999976158142,0.0900000035762787,0,0.0900000035762787
"2009-04-28",0.125,0.125,0.0750000029802322,0.119999997317791,0,0.119999997317791
"2009-04-29",0.119999997317791,0.119999997317791,0.0799999982118607,0.0949999988079071,0,0.0949999988079071
"2009-04-30",0.100000001490116,0.140000000596046,0.0949999988079071,0.125,0,0.125
"2009-05-01",0.129999995231628,0.155000001192093,0.119999997317791,0.144999995827675,0,0.144999995827675
"2009-05-04",0.150000005960464,0.185000002384186,0.140000000596046,0.174999997019768,0,0.174999997019768
"2009-05-05",0.185000002384186,0.185000002384186,0.174999997019768,0.174999997019768,0,0.174999997019768
"2009-05-06",0.185000002384186,0.189999997615814,0.174999997019768,0.180000007152557,0,0.180000007152557
"2009-05-07",0.180000007152557,0.185000002384186,0.174999997019768,0.180000007152557,0,0.180000007152557
"2009-05-08",0.174999997019768,0.180000007152557,0.165000006556511,0.165000006556511,0,0.165000006556511
"2009-05-11",0.170000001788139,0.174999997019768,0.140000000596046,0.155000001192093,0,0.155000001192093
"2009-05-12",0.185000002384186,0.189999997615814,0.155000001192093,0.180000007152557,0,0.180000007152557
"2009-05-13",0.180000007152557,0.180000007152557,0.165000006556511,0.170000001788139,0,0.170000001788139
"2009-05-14",0.165000006556511,0.165000006556511,0.155000001192093,0.155000001192093,0,0.155000001192093
"2009-05-15",0.159999996423721,0.159999996423721,0.155000001192093,0.155000001192093,0,0.155000001192093
"2009-05-18",0.155000001192093,0.165000006556511,0.155000001192093,0.159999996423721,0,0.159999996423721
"2009-05-19",0.180000007152557,0.180000007152557,0.159999996423721,0.174999997019768,0,0.174999997019768
"2009-05-20",0.174999997019768,0.180000007152557,0.170000001788139,0.170000001788139,0,0.170000001788139
"2009-05-21",0.170000001788139,0.174999997019768,0.165000006556511,0.174999997019768,0,0.174999997019768
"2009-05-22",0.174999997019768,0.174999997019768,0.170000001788139,0.174999997019768,0,0.174999997019768
"2009-05-26",0.174999997019768,0.174999997019768,0.165000006556511,0.165000006556511,0,0.165000006556511
"2009-05-27",0.170000001788139,0.170000001788139,0.155000001192093,0.159999996423721,0,0.159999996423721
"2009-05-28",0.159999996423721,0.159999996423721,0.129999995231628,0.135000005364418,0,0.135000005364418
"2009-05-29",0.129999995231628,0.140000000596046,0.125,0.129999995231628,0,0.129999995231628
"2009-06-01",0.140000000596046,0.144999995827675,0.0500000007450581,0.0850000008940697,0,0.0850000008940697
"2009-06-02",0.125,0.129999995231628,0.0750000029802322,0.129999995231628,0,0.129999995231628
"2009-06-03",0.129999995231628,0.129999995231628,0.115000002086163,0.129999995231628,0,0.129999995231628
"2009-06-04",0.125,0.140000000596046,0.119999997317791,0.135000005364418,0,0.135000005364418
"2009-06-05",0.150000005960464,0.180000007152557,0.135000005364418,0.180000007152557,0,0.180000007152557
"2009-06-08",0.170000001788139,0.174999997019768,0.109999999403954,0.170000001788139,0,0.170000001788139
"2009-06-09",0.174999997019768,0.180000007152557,0.150000005960464,0.174999997019768,0,0.174999997019768
"2009-06-10",0.174999997019768,0.174999997019768,0.170000001788139,0.174999997019768,0,0.174999997019768
"2009-06-11",0.170000001788139,0.174999997019768,0.159999996423721,0.170000001788139,0,0.170000001788139
"2009-06-12",0.159999996423721,0.170000001788139,0.159999996423721,0.165000006556511,0,0.165000006556511
"2009-06-15",0.159999996423721,0.165000006556511,0.144999995827675,0.155000001192093,0,0.155000001192093
"2009-06-16",0.159999996423721,0.174999997019768,0.155000001192093,0.165000006556511,0,0.165000006556511
"2009-06-17",0.185000002384186,0.185000002384186,0.150000005960464,0.165000006556511,0,0.165000006556511
"2009-06-18",0.174999997019768,0.185000002384186,0.159999996423721,0.170000001788139,0,0.170000001788139
"2009-06-19",0.174999997019768,0.174999997019768,0.170000001788139,0.170000001788139,0,0.170000001788139
"2009-06-22",0.165000006556511,0.189999997615814,0.165000006556511,0.185000002384186,0,0.185000002384186
"2009-06-23",0.194999992847443,0.209999993443489,0.185000002384186,0.194999992847443,0,0.194999992847443
"2009-06-24",0.189999997615814,0.194999992847443,0.174999997019768,0.180000007152557,0,0.180000007152557
"2009-06-25",0.170000001788139,0.180000007152557,0.159999996423721,0.165000006556511,0,0.165000006556511
"2009-06-26",0.159999996423721,0.185000002384186,0.159999996423721,0.174999997019768,0,0.174999997019768
"2009-06-29",0.200000002980232,0.200000002980232,0.159999996423721,0.159999996423721,0,0.159999996423721
"2009-06-30",0.185000002384186,0.189999997615814,0.174999997019768,0.180000007152557,0,0.180000007152557
"2009-07-01",0.174999997019768,0.180000007152557,0.150000005960464,0.165000006556511,0,0.165000006556511
"2009-07-02",0.159999996423721,0.165000006556511,0.135000005364418,0.155000001192093,0,0.155000001192093
"2009-07-06",0.155000001192093,0.155000001192093,0.119999997317791,0.155000001192093,0,0.155000001192093
"2009-07-07",0.180000007152557,0.185000002384186,0.150000005960464,0.180000007152557,0,0.180000007152557
"2009-07-08",0.174999997019768,0.180000007152557,0.174999997019768,0.174999997019768,0,0.174999997019768
"2009-07-09",0.174999997019768,0.180000007152557,0.174999997019768,0.174999997019768,0,0.174999997019768
"2009-07-10",0.174999997019768,0.180000007152557,0.165000006556511,0.165000006556511,0,0.165000006556511
"2009-07-13",0.170000001788139,0.180000007152557,0.165000006556511,0.170000001788139,0,0.170000001788139
"2009-07-14",0.180000007152557,0.180000007152557,0.170000001788139,0.174999997019768,0,0.174999997019768
"2009-07-15",0.174999997019768,0.180000007152557,0.170000001788139,0.174999997019768,0,0.174999997019768
"2009-07-16",0.170000001788139,0.174999997019768,0.165000006556511,0.165000006556511,0,0.165000006556511
"2009-07-17",0.165000006556511,0.170000001788139,0.165000006556511,0.165000006556511,0,0.165000006556511
"2009-07-20",0.170000001788139,0.170000001788139,0.159999996423721,0.159999996423721,0,0.159999996423721
"2009-07-21",0.185000002384186,0.185000002384186,0.165000006556511,0.180000007152557,0,0.180000007152557
"2009-07-22",0.180000007152557,0.180000007152557,0.174999997019768,0.180000007152557,0,0.180000007152557
"2009-07-23",0.174999997019768,0.180000007152557,0.174999997019768,0.180000007152557,0,0.180000007152557
"2009-07-24",0.180000007152557,0.185000002384186,0.180000007152557,0.180000007152557,0,0.180000007152557
"2009-07-27",0.180000007152557,0.185000002384186,0.174999997019768,0.180000007152557,0,0.180000007152557
"2009-07-28",0.185000002384186,0.185000002384186,0.180000007152557,0.185000002384186,0,0.185000002384186
"2009-07-29",0.180000007152557,0.185000002384186,0.174999997019768,0.174999997019768,0,0.174999997019768
"2009-07-30",0.174999997019768,0.180000007152557,0.170000001788139,0.174999997019768,0,0.174999997019768
"2009-07-31",0.170000001788139,0.174999997019768,0.170000001788139,0.174999997019768,0,0.174999997019768
"2009-08-03",0.174999997019768,0.180000007152557,0.170000001788139,0.174999997019768,0,0.174999997019768
"2009-08-04",0.174999997019768,0.180000007152557,0.174999997019768,0.174999997019768,0,0.174999997019768
"2009-08-05",0.174999997019768,0.180000007152557,0.165000006556511,0.174999997019768,0,0.174999997019768
"2009-08-06",0.174999997019768,0.174999997019768,0.165000006556511,0.170000001788139,0,0.170000001788139
"2009-08-07",0.165000006556511,0.174999997019768,0.159999996423721,0.170000001788139,0,0.170000001788139
"2009-08-10",0.165000006556511,0.170000001788139,0.155000001192093,0.159999996423721,0,0.159999996423721
"2009-08-11",0.174999997019768,0.180000007152557,0.150000005960464,0.180000007152557,0,0.180000007152557
"2009-08-12",0.174999997019768,0.174999997019768,0.170000001788139,0.170000001788139,0,0.170000001788139
"2009-08-13",0.170000001788139,0.170000001788139,0.165000006556511,0.165000006556511,0,0.165000006556511
"2009-08-14",0.170000001788139,0.170000001788139,0.165000006556511,0.170000001788139,0,0.170000001788139
"2009-08-17",0.165000006556511,0.174999997019768,0.159999996423721,0.170000001788139,0,0.170000001788139
"2009-08-18",0.174999997019768,0.180000007152557,0.170000001788139,0.174999997019768,0,0.174999997019768
"2009-08-19",0.170000001788139,0.174999997019768,0.165000006556511,0.165000006556511,0,0.165000006556511
"2009-08-20",0.159999996423721,0.165000006556511,0.159999996423721,0.159999996423721,0,0.159999996423721
"2009-08-21",0.159999996423721,0.165000006556511,0.155000001192093,0.159999996423721,0,0.159999996423721
"2009-08-24",0.159999996423721,0.159999996423721,0.150000005960464,0.155000001192093,0,0.155000001192093
"2009-08-25",0.159999996423721,0.165000006556511,0.150000005960464,0.155000001192093,0,0.155000001192093
"2009-08-26",0.150000005960464,0.155000001192093,0.135000005364418,0.144999995827675,0,0.144999995827675
"2009-08-27",0.140000000596046,0.144999995827675,0.140000000596046,0.140000000596046,0,0.140000000596046
"2009-08-28",0.140000000596046,0.140000000596046,0.100000001490116,0.129999995231628,0,0.129999995231628
"2009-08-31",0.140000000596046,0.140000000596046,0.125,0.129999995231628,0,0.129999995231628
"2009-09-01",0.144999995827675,0.144999995827675,0.125,0.129999995231628,0,0.129999995231628
"2009-09-02",0.135000005364418,0.135000005364418,0.125,0.129999995231628,0,0.129999995231628
"2009-09-03",0.129999995231628,0.129999995231628,0.115000002086163,0.125,0,0.125
"2009-09-04",0.129999995231628,0.129999995231628,0.125,0.125,0,0.125
"2009-09-08",0.129999995231628,0.129999995231628,0.125,0.125,0,0.125
"2009-09-09",0.140000000596046,0.140000000596046,0.125,0.135000005364418,0,0.135000005364418
"2009-09-10",0.135000005364418,0.140000000596046,0.129999995231628,0.135000005364418,0,0.135000005364418
"2009-09-11",0.140000000596046,0.140000000596046,0.129999995231628,0.135000005364418,0,0.135000005364418
"2009-09-14",0.135000005364418,0.135000005364418,0.129999995231628,0.129999995231628,0,0.129999995231628
"2009-09-15",0.129999995231628,0.140000000596046,0.119999997317791,0.125,0,0.125
"2009-09-16",0.0850000008940697,0.125,0.0850000008940697,0.0949999988079071,0,0.0949999988079071
"2009-09-17",0.100000001490116,0.109999999403954,0.0900000035762787,0.0949999988079071,0,0.0949999988079071
"2009-09-18",0.0850000008940697,0.0900000035762787,0.0649999976158142,0.0799999982118607,0,0.0799999982118607
"2009-09-21",0.0799999982118607,0.0900000035762787,0.0750000029802322,0.0900000035762787,0,0.0900000035762787
"2009-09-22",0.0949999988079071,0.104999996721745,0.0850000008940697,0.0949999988079071,0,0.0949999988079071
"2009-09-23",0.0949999988079071,0.109999999403954,0.0799999982118607,0.0949999988079071,0,0.0949999988079071
"2009-09-24",0.0900000035762787,0.0949999988079071,0.0850000008940697,0.0900000035762787,0,0.0900000035762787
"2009-09-25",0.0900000035762787,0.0949999988079071,0.0850000008940697,0.0900000035762787,0,0.0900000035762787
"2009-09-28",0.0949999988079071,0.100000001490116,0.0850000008940697,0.0900000035762787,0,0.0900000035762787
"2009-09-29",0.100000001490116,0.125,0.0900000035762787,0.119999997317791,0,0.119999997317791
"2009-09-30",0.125,0.135000005364418,0.109999999403954,0.115000002086163,0,0.115000002086163
"2009-10-01",0.0949999988079071,0.109999999403954,0.0949999988079071,0.0949999988079071,0,0.0949999988079071
"2009-10-02",0.0949999988079071,0.100000001490116,0.0799999982118607,0.0900000035762787,0,0.0900000035762787
"2009-10-05",0.0850000008940697,0.0949999988079071,0.0799999982118607,0.0900000035762787,0,0.0900000035762787
"2009-10-06",0.0750000029802322,0.0900000035762787,0.0649999976158142,0.0700000002980232,0,0.0700000002980232
"2009-10-07",0.0700000002980232,0.0700000002980232,0.0450000017881393,0.0599999986588955,0,0.0599999986588955
"2009-10-08",0.0599999986588955,0.0649999976158142,0.0599999986588955,0.0599999986588955,0,0.0599999986588955
"2009-10-09",0.0599999986588955,0.0700000002980232,0.0599999986588955,0.0649999976158142,0,0.0649999976158142
"2009-10-12",0.0599999986588955,0.0599999986588955,0.0599999986588955,0.0599999986588955,0,0.0599999986588955
"2009-10-13",0.0599999986588955,0.0649999976158142,0.0599999986588955,0.0599999986588955,0,0.0599999986588955
"2009-10-14",0.0700000002980232,0.0750000029802322,0.0599999986588955,0.0649999976158142,0,0.0649999976158142
"2009-10-15",0.0649999976158142,0.0700000002980232,0.0549999997019768,0.0549999997019768,0,0.0549999997019768
"2009-10-16",0.0549999997019768,0.0649999976158142,0.0450000017881393,0.0599999986588955,0,0.0599999986588955
"2009-10-19",0.0649999976158142,0.0649999976158142,0.0549999997019768,0.0599999986588955,0,0.0599999986588955
"2009-10-20",0.0750000029802322,0.0799999982118607,0.0599999986588955,0.0750000029802322,0,0.0750000029802322
"2009-10-21",0.0750000029802322,0.0750000029802322,0.0599999986588955,0.0649999976158142,0,0.0649999976158142
"2009-10-22",0.0599999986588955,0.0649999976158142,0.0399999991059303,0.0500000007450581,0,0.0500000007450581
"2009-10-23",0.0500000007450581,0.0549999997019768,0.0450000017881393,0.0500000007450581,0,0.0500000007450581
"2009-10-26",0.0500000007450581,0.0549999997019768,0.0500000007450581,0.0500000007450581,0,0.0500000007450581
"2009-10-27",0.0700000002980232,0.0750000029802322,0.0450000017881393,0.0700000002980232,0,0.0700000002980232
"2009-10-28",0.0649999976158142,0.0700000002980232,0.0599999986588955,0.0599999986588955,0,0.0599999986588955
"2009-10-29",0.0599999986588955,0.0599999986588955,0.0500000007450581,0.0500000007450581,0,0.0500000007450581
"2009-10-30",0.0500000007450581,0.0549999997019768,0.0450000017881393,0.0450000017881393,0,0.0450000017881393
"2009-11-02",0.0549999997019768,0.0549999997019768,0.0350000001490116,0.0399999991059303,0,0.0399999991059303
"2009-11-03",0.0549999997019768,0.0549999997019768,0.0399999991059303,0.0500000007450581,0,0.0500000007450581
"2009-11-04",0.0450000017881393,0.0549999997019768,0.0399999991059303,0.0450000017881393,0,0.0450000017881393
"2009-11-05",0.0399999991059303,0.0500000007450581,0.0350000001490116,0.0350000001490116,0,0.0350000001490116
"2009-11-06",0.0399999991059303,0.0599999986588955,0.0399999991059303,0.0450000017881393,0,0.0450000017881393
"2009-11-09",0.0500000007450581,0.0500000007450581,0.0399999991059303,0.0450000017881393,0,0.0450000017881393
"2009-11-10",0.0599999986588955,0.0649999976158142,0.0599999986588955,0.0599999986588955,0,0.0599999986588955
"2009-11-11",0.0599999986588955,0.0599999986588955,0.0599999986588955,0.0599999986588955,0,0.0599999986588955
"2009-11-12",0.0549999997019768,0.0599999986588955,0.0549999997019768,0.0549999997019768,0,0.0549999997019768
"2009-11-13",0.0549999997019768,0.0599999986588955,0.0549999997019768,0.0549999997019768,0,0.0549999997019768
"2009-11-16",0.0599999986588955,0.0599999986588955,0.0500000007450581,0.0549999997019768,0,0.0549999997019768
"2009-11-17",0.0549999997019768,0.0599999986588955,0.0450000017881393,0.0549999997019768,0,0.0549999997019768
"2009-11-18",0.0500000007450581,0.0500000007450581,0.025000000372529,0.0299999993294477,0,0.0299999993294477
"2009-11-19",0.0199999995529652,0.0199999995529652,0.00499999988824129,0.00499999988824129,0,0.00499999988824129
"2009-11-20",0.0149999996647239,0.0149999996647239,0.00499999988824129,0.00999999977648258,0,0.00999999977648258
"2009-11-23",0.0199999995529652,0.025000000372529,0.00499999988824129,0.0199999995529652,0,0.0199999995529652
"2009-11-24",0.0350000001490116,0.0450000017881393,0.0350000001490116,0.0399999991059303,0,0.0399999991059303
"2009-11-25",0.0399999991059303,0.0450000017881393,0.0399999991059303,0.0399999991059303,0,0.0399999991059303
"2009-11-27",0.0299999993294477,0.0350000001490116,0.00999999977648258,0.025000000372529,0,0.025000000372529
"2009-11-30",0.0399999991059303,0.0500000007450581,0.0199999995529652,0.0500000007450581,0,0.0500000007450581
"2009-12-01",0.0549999997019768,0.0549999997019768,0.0500000007450581,0.0500000007450581,0,0.0500000007450581
"2009-12-02",0.0500000007450581,0.0500000007450581,0.0399999991059303,0.0399999991059303,0,0.0399999991059303
"2009-12-03",0.0450000017881393,0.0500000007450581,0.0399999991059303,0.0399999991059303,0,0.0399999991059303
"2009-12-04",0.0399999991059303,0.0500000007450581,0.0350000001490116,0.0399999991059303,0,0.0399999991059303
"2009-12-07",0.0450000017881393,0.0450000017881393,0.00999999977648258,0.0149999996647239,0,0.0149999996647239
"2009-12-08",0.0199999995529652,0.025000000372529,0.0199999995529652,0.025000000372529,0,0.025000000372529
"2009-12-09",0.025000000372529,0.0299999993294477,0.0199999995529652,0.025000000372529,0,0.025000000372529
"2009-12-10",0.0199999995529652,0.0299999993294477,0.0199999995529652,0.025000000372529,0,0.025000000372529
"2009-12-11",0.0199999995529652,0.025000000372529,0.0199999995529652,0.0199999995529652,0,0.0199999995529652
"2009-12-14",0.0199999995529652,0.025000000372529,0.0199999995529652,0.0199999995529652,0,0.0199999995529652
"2009-12-15",0.0399999991059303,0.0450000017881393,0.0399999991059303,0.0399999991059303,0,0.0399999991059303
"2009-12-16",0.0350000001490116,0.0399999991059303,0.0299999993294477,0.0350000001490116,0,0.0350000001490116
"2009-12-17",0.0350000001490116,0.0450000017881393,0.0350000001490116,0.0399999991059303,0,0.0399999991059303
"2009-12-18",0.0350000001490116,0.0399999991059303,0.0350000001490116,0.0399999991059303,0,0.0399999991059303
"2009-12-21",0.0399999991059303,0.0500000007450581,0.0399999991059303,0.0450000017881393,0,0.0450000017881393
"2009-12-22",0.0700000002980232,0.0750000029802322,0.0700000002980232,0.0700000002980232,0,0.0700000002980232
"2009-12-23",0.0649999976158142,0.0700000002980232,0.0549999997019768,0.0549999997019768,0,0.0549999997019768
"2009-12-24",0.0450000017881393,0.0500000007450581,0.0399999991059303,0.0399999991059303,0,0.0399999991059303
"2009-12-28",0.0500000007450581,0.0599999986588955,0.0399999991059303,0.0549999997019768,0,0.0549999997019768
"2009-12-29",0.104999996721745,0.109999999403954,0.0599999986588955,0.0949999988079071,0,0.0949999988079071
"2009-12-30",0.0900000035762787,0.0900000035762787,0.0399999991059303,0.0399999991059303,0,0.0399999991059303
"2009-12-31",0.0599999986588955,0.0700000002980232,0.0350000001490116,0.0500000007450581,0,0.0500000007450581
"2010-01-04",0.0799999982118607,0.0799999982118607,0.0549999997019768,0.0549999997019768,0,0.0549999997019768
"2010-01-05",0.0599999986588955,0.0649999976158142,0.0399999991059303,0.0599999986588955,0,0.0599999986588955
"2010-01-06",0.0599999986588955,0.0599999986588955,0.0450000017881393,0.0450000017881393,0,0.0450000017881393
"2010-01-07",0.0450000017881393,0.0549999997019768,0.0399999991059303,0.0450000017881393,0,0.0450000017881393
"2010-01-08",0.0450000017881393,0.0450000017881393,0.0350000001490116,0.0399999991059303,0,0.0399999991059303
"2010-01-11",0.0399999991059303,0.0399999991059303,0.0149999996647239,0.025000000372529,0,0.025000000372529
"2010-01-12",0.0350000001490116,0.0399999991059303,0.0299999993294477,0.0399999991059303,0,0.0399999991059303
"2010-01-13",0.0399999991059303,0.0500000007450581,0.0399999991059303,0.0500000007450581,0,0.0500000007450581
"2010-01-14",0.0450000017881393,0.0549999997019768,0.0399999991059303,0.0450000017881393,0,0.0450000017881393
"2010-01-15",0.0500000007450581,0.0649999976158142,0.0450000017881393,0.0549999997019768,0,0.0549999997019768
"2010-01-19",0.0549999997019768,0.0599999986588955,0.0450000017881393,0.0500000007450581,0,0.0500000007450581
"2010-01-20",0.0500000007450581,0.0500000007450581,0.0450000017881393,0.0500000007450581,0,0.0500000007450581
"2010-01-21",0.0500000007450581,0.0500000007450581,0.0399999991059303,0.0399999991059303,0,0.0399999991059303
"2010-01-22",0.0450000017881393,0.0450000017881393,0.0450000017881393,0.0450000017881393,0,0.0450000017881393
"2010-01-25",0.0450000017881393,0.0799999982118607,0.0399999991059303,0.0450000017881393,0,0.0450000017881393
"2010-01-26",0.0549999997019768,0.0700000002980232,0.0450000017881393,0.0649999976158142,0,0.0649999976158142
"2010-01-27",0.0599999986588955,0.0750000029802322,0.0549999997019768,0.0700000002980232,0,0.0700000002980232
"2010-01-28",0.0750000029802322,0.0799999982118607,0.0649999976158142,0.0700000002980232,0,0.0700000002980232
"2010-01-29",0.0700000002980232,0.0750000029802322,0.0599999986588955,0.0700000002980232,0,0.0700000002980232
"2010-02-01",0.0599999986588955,0.0900000035762787,0.0599999986588955,0.0850000008940697,0,0.0850000008940697
"2010-02-02",0.0900000035762787,0.0949999988079071,0.0900000035762787,0.0900000035762787,0,0.0900000035762787
"2010-02-03",0.0900000035762787,0.100000001490116,0.0900000035762787,0.0900000035762787,0,0.0900000035762787
"2010-02-04",0.0900000035762787,0.0949999988079071,0.0850000008940697,0.0850000008940697,0,0.0850000008940697
"2010-02-05",0.0750000029802322,0.0850000008940697,0.0750000029802322,0.0850000008940697,0,0.0850000008940697
"2010-02-08",0.0900000035762787,0.100000001490116,0.0799999982118607,0.0900000035762787,0,0.0900000035762787
"2010-02-09",0.104999996721745,0.104999996721745,0.100000001490116,0.100000001490116,0,0.100000001490116
"2010-02-10",0.100000001490116,0.104999996721745,0.100000001490116,0.100000001490116,0,0.100000001490116
"2010-02-11",0.100000001490116,0.100000001490116,0.0900000035762787,0.0949999988079071,0,0.0949999988079071
"2010-02-12",0.0900000035762787,0.0949999988079071,0.0850000008940697,0.0900000035762787,0,0.0900000035762787
"2010-02-16",0.0900000035762787,0.0949999988079071,0.0750000029802322,0.0850000008940697,0,0.0850000008940697
"2010-02-17",0.0949999988079071,0.100000001490116,0.0799999982118607,0.0900000035762787,0,0.0900000035762787
"2010-02-18",0.0900000035762787,0.0949999988079071,0.0850000008940697,0.0850000008940697,0,0.0850000008940697
"2010-02-19",0.0949999988079071,0.100000001490116,0.0900000035762787,0.0949999988079071,0,0.0949999988079071
"2010-02-22",0.0949999988079071,0.100000001490116,0.0750000029802322,0.0850000008940697,0,0.0850000008940697
"2010-02-23",0.0900000035762787,0.129999995231628,0.0799999982118607,0.115000002086163,0,0.115000002086163
"2010-02-24",0.115000002086163,0.115000002086163,0.109999999403954,0.109999999403954,0,0.109999999403954
"2010-02-25",0.109999999403954,0.119999997317791,0.109999999403954,0.115000002086163,0,0.115000002086163
"2010-02-26",0.115000002086163,0.119999997317791,0.115000002086163,0.115000002086163,0,0.115000002086163
"2010-03-01",0.125,0.125,0.119999997317791,0.119999997317791,0,0.119999997317791
"2010-03-02",0.125,0.125,0.119999997317791,0.125,0,0.125
"2010-03-03",0.129999995231628,0.135000005364418,0.125,0.135000005364418,0,0.135000005364418
"2010-03-04",0.135000005364418,0.135000005364418,0.135000005364418,0.135000005364418,0,0.135000005364418
"2010-03-05",0.135000005364418,0.150000005960464,0.135000005364418,0.144999995827675,0,0.144999995827675
"2010-03-08",0.144999995827675,0.150000005960464,0.144999995827675,0.144999995827675,0,0.144999995827675
"2010-03-09",0.150000005960464,0.150000005960464,0.150000005960464,0.150000005960464,0,0.150000005960464
"2010-03-10",0.144999995827675,0.150000005960464,0.144999995827675,0.144999995827675,0,0.144999995827675
"2010-03-11",0.150000005960464,0.150000005960464,0.140000000596046,0.144999995827675,0,0.144999995827675
"2010-03-12",0.144999995827675,0.150000005960464,0.140000000596046,0.140000000596046,0,0.140000000596046
"2010-03-15",0.144999995827675,0.150000005960464,0.144999995827675,0.144999995827675,0,0.144999995827675
"2010-03-16",0.159999996423721,0.159999996423721,0.129999995231628,0.155000001192093,0,0.155000001192093
"2010-03-17",0.155000001192093,0.159999996423721,0.144999995827675,0.150000005960464,0,0.150000005960464
"2010-03-18",0.144999995827675,0.150000005960464,0.135000005364418,0.144999995827675,0,0.144999995827675
"2010-03-19",0.144999995827675,0.150000005960464,0.135000005364418,0.144999995827675,0,0.144999995827675
"2010-03-22",0.150000005960464,0.150000005960464,0.140000000596046,0.140000000596046,0,0.140000000596046
"2010-03-23",0.140000000596046,0.140000000596046,0.125,0.129999995231628,0,0.129999995231628
"2010-03-24",0.135000005364418,0.140000000596046,0.129999995231628,0.135000005364418,0,0.135000005364418
"2010-03-25",0.129999995231628,0.135000005364418,0.125,0.129999995231628,0,0.129999995231628
"2010-03-26",0.135000005364418,0.135000005364418,0.129999995231628,0.129999995231628,0,0.129999995231628
"2010-03-29",0.129999995231628,0.129999995231628,0.115000002086163,0.125,0,0.125
"2010-03-30",0.144999995827675,0.150000005960464,0.144999995827675,0.150000005960464,0,0.150000005960464
"2010-03-31",0.144999995827675,0.155000001192093,0.144999995827675,0.150000005960464,0,0.150000005960464
"2010-04-01",0.150000005960464,0.155000001192093,0.144999995827675,0.150000005960464,0,0.150000005960464
"2010-04-05",0.155000001192093,0.165000006556511,0.155000001192093,0.159999996423721,0,0.159999996423721
"2010-04-06",0.165000006556511,0.170000001788139,0.165000006556511,0.165000006556511,0,0.165000006556511
"2010-04-07",0.165000006556511,0.165000006556511,0.159999996423721,0.159999996423721,0,0.159999996423721
"2010-04-08",0.159999996423721,0.159999996423721,0.155000001192093,0.155000001192093,0,0.155000001192093
"2010-04-09",0.150000005960464,0.155000001192093,0.144999995827675,0.150000005960464,0,0.150000005960464
"2010-04-12",0.150000005960464,0.150000005960464,0.129999995231628,0.135000005364418,0,0.135000005364418
"2010-04-13",0.144999995827675,0.155000001192093,0.144999995827675,0.150000005960464,0,0.150000005960464
"2010-04-14",0.150000005960464,0.155000001192093,0.150000005960464,0.155000001192093,0,0.155000001192093
"2010-04-15",0.155000001192093,0.155000001192093,0.150000005960464,0.150000005960464,0,0.150000005960464
"2010-04-16",0.150000005960464,0.155000001192093,0.144999995827675,0.150000005960464,0,0.150000005960464
"2010-04-19",0.144999995827675,0.150000005960464,0.144999995827675,0.150000005960464,0,0.150000005960464
"2010-04-20",0.144999995827675,0.150000005960464,0.144999995827675,0.144999995827675,0,0.144999995827675
"2010-04-21",0.144999995827675,0.150000005960464,0.144999995827675,0.144999995827675,0,0.144999995827675
"2010-04-22",0.144999995827675,0.150000005960464,0.144999995827675,0.150000005960464,0,0.150000005960464
"2010-04-23",0.150000005960464,0.155000001192093,0.144999995827675,0.155000001192093,0,0.155000001192093
"2010-04-26",0.150000005960464,0.155000001192093,0.150000005960464,0.150000005960464,0,0.150000005960464
"2010-04-27",0.144999995827675,0.150000005960464,0.140000000596046,0.144999995827675,0,0.144999995827675
"2010-04-28",0.144999995827675,0.159999996423721,0.144999995827675,0.155000001192093,0,0.155000001192093
"2010-04-29",0.155000001192093,0.159999996423721,0.155000001192093,0.159999996423721,0,0.159999996423721
"2010-04-30",0.155000001192093,0.159999996423721,0.155000001192093,0.155000001192093,0,0.155000001192093
"2010-05-03",0.155000001192093,0.159999996423721,0.155000001192093,0.159999996423721,0,0.159999996423721
"2010-05-04",0.159999996423721,0.159999996423721,0.155000001192093,0.155000001192093,0,0.155000001192093
"2010-05-05",0.155000001192093,0.155000001192093,0.135000005364418,0.144999995827675,0,0.144999995827675
"2010-05-06",0.140000000596046,0.140000000596046,0.0799999982118607,0.100000001490116,0,0.100000001490116
"2010-05-07",0.104999996721745,0.125,0.104999996721745,0.119999997317791,0,0.119999997317791
"2010-05-10",0.140000000596046,0.144999995827675,0.115000002086163,0.144999995827675,0,0.144999995827675
"2010-05-11",0.144999995827675,0.155000001192093,0.144999995827675,0.150000005960464,0,0.150000005960464
"2010-05-12",0.155000001192093,0.155000001192093,0.150000005960464,0.150000005960464,0,0.150000005960464
"2010-05-13",0.155000001192093,0.159999996423721,0.155000001192093,0.155000001192093,0,0.155000001192093
"2010-05-14",0.155000001192093,0.155000001192093,0.135000005364418,0.144999995827675,0,0.144999995827675
"2010-05-17",0.150000005960464,0.150000005960464,0.135000005364418,0.150000005960464,0,0.150000005960464
"2010-05-18",0.159999996423721,0.170000001788139,0.159999996423721,0.165000006556511,0,0.165000006556511
"2010-05-19",0.165000006556511,0.165000006556511,0.159999996423721,0.165000006556511,0,0.165000006556511
"2010-05-20",0.159999996423721,0.159999996423721,0.150000005960464,0.155000001192093,0,0.155000001192093
"2010-05-21",0.150000005960464,0.155000001192093,0.135000005364418,0.150000005960464,0,0.150000005960464
"2010-05-24",0.155000001192093,0.155000001192093,0.144999995827675,0.150000005960464,0,0.150000005960464
"2010-05-25",0.155000001192093,0.165000006556511,0.144999995827675,0.159999996423721,0,0.159999996423721
"2010-05-26",0.159999996423721,0.165000006556511,0.159999996423721,0.159999996423721,0,0.159999996423721
"2010-05-27",0.155000001192093,0.165000006556511,0.155000001192093,0.159999996423721,0,0.159999996423721
"2010-05-28",0.159999996423721,0.159999996423721,0.150000005960464,0.150000005960464,0,0.150000005960464
"2010-06-01",0.155000001192093,0.155000001192093,0.144999995827675,0.144999995827675,0,0.144999995827675
"2010-06-02",0.150000005960464,0.155000001192093,0.140000000596046,0.144999995827675,0,0.144999995827675
"2010-06-03",0.135000005364418,0.140000000596046,0.125,0.129999995231628,0,0.129999995231628
"2010-06-04",0.129999995231628,0.129999995231628,0.119999997317791,0.119999997317791,0,0.119999997317791
"2010-06-07",0.119999997317791,0.125,0.104999996721745,0.104999996721745,0,0.104999996721745
"2010-06-08",0.115000002086163,0.115000002086163,0.109999999403954,0.109999999403954,0,0.109999999403954
"2010-06-09",0.100000001490116,0.100000001490116,0.0949999988079071,0.0949999988079071,0,0.0949999988079071
"2010-06-10",0.0799999982118607,0.0850000008940697,0.0799999982118607,0.0850000008940697,0,0.0850000008940697
"2010-06-11",0.0799999982118607,0.0799999982118607,0.0700000002980232,0.0700000002980232,0,0.0700000002980232
"2010-06-14",0.0700000002980232,0.0700000002980232,0.0549999997019768,0.0549999997019768,0,0.0549999997019768
"2010-06-15",0.0649999976158142,0.0850000008940697,0.0500000007450581,0.0799999982118607,0,0.0799999982118607
"2010-06-16",0.0750000029802322,0.100000001490116,0.0750000029802322,0.0900000035762787,0,0.0900000035762787
"2010-06-17",0.0900000035762787,0.0900000035762787,0.0850000008940697,0.0900000035762787,0,0.0900000035762787
"2010-06-18",0.0900000035762787,0.0949999988079071,0.0900000035762787,0.0949999988079071,0,0.0949999988079071
"2010-06-21",0.100000001490116,0.109999999403954,0.100000001490116,0.104999996721745,0,0.104999996721745
"2010-06-22",0.115000002086163,0.129999995231628,0.104999996721745,0.125,0,0.125
"2010-06-23",0.119999997317791,0.125,0.115000002086163,0.119999997317791,0,0.119999997317791
"2010-06-24",0.115000002086163,0.125,0.115000002086163,0.125,0,0.125
"2010-06-25",0.119999997317791,0.125,0.119999997317791,0.125,0,0.125
"2010-06-28",0.119999997317791,0.140000000596046,0.119999997317791,0.135000005364418,0,0.135000005364418
"2010-06-29",0.155000001192093,0.159999996423721,0.155000001192093,0.159999996423721,0,0.159999996423721
"2010-06-30",0.159999996423721,0.180000007152557,0.150000005960464,0.170000001788139,0,0.170000001788139
"2010-07-01",0.170000001788139,0.170000001788139,0.165000006556511,0.165000006556511,0,0.165000006556511
"2010-07-02",0.165000006556511,0.165000006556511,0.155000001192093,0.159999996423721,0,0.159999996423721
"2010-07-06",0.165000006556511,0.170000001788139,0.140000000596046,0.159999996423721,0,0.159999996423721
"2010-07-07",0.155000001192093,0.159999996423721,0.155000001192093,0.155000001192093,0,0.155000001192093
"2010-07-08",0.155000001192093,0.155000001192093,0.144999995827675,0.144999995827675,0,0.144999995827675
"2010-07-09",0.144999995827675,0.144999995827675,0.144999995827675,0.144999995827675,0,0.144999995827675
"2010-07-12",0.144999995827675,0.144999995827675,0.140000000596046,0.140000000596046,0,0.140000000596046
"2010-07-13",0.144999995827675,0.155000001192093,0.140000000596046,0.144999995827675,0,0.144999995827675
"2010-07-14",0.144999995827675,0.150000005960464,0.144999995827675,0.144999995827675,0,0.144999995827675
"2010-07-15",0.144999995827675,0.155000001192093,0.135000005364418,0.144999995827675,0,0.144999995827675
"2010-07-16",0.144999995827675,0.144999995827675,0.144999995827675,0.144999995827675,0,0.144999995827675
"2010-07-19",0.150000005960464,0.150000005960464,0.144999995827675,0.144999995827675,0,0.144999995827675
"2010-07-20",0.150000005960464,0.150000005960464,0.144999995827675,0.150000005960464,0,0.150000005960464
"2010-07-21",0.150000005960464,0.150000005960464,0.135000005364418,0.150000005960464,0,0.150000005960464
"2010-07-22",0.150000005960464,0.155000001192093,0.144999995827675,0.144999995827675,0,0.144999995827675
"2010-07-23",0.144999995827675,0.144999995827675,0.135000005364418,0.144999995827675,0,0.144999995827675
"2010-07-26",0.144999995827675,0.150000005960464,0.144999995827675,0.144999995827675,0,0.144999995827675
"2010-07-27",0.144999995827675,0.150000005960464,0.144999995827675,0.150000005960464,0,0.150000005960464
"2010-07-28",0.150000005960464,0.150000005960464,0.144999995827675,0.144999995827675,0,0.144999995827675
"2010-07-29",0.144999995827675,0.144999995827675,0.144999995827675,0.144999995827675,0,0.144999995827675
"2010-07-30",0.140000000596046,0.144999995827675,0.140000000596046,0.140000000596046,0,0.140000000596046
"2010-08-02",0.140000000596046,0.144999995827675,0.140000000596046,0.140000000596046,0,0.140000000596046
"2010-08-03",0.150000005960464,0.150000005960464,0.135000005364418,0.150000005960464,0,0.150000005960464
"2010-08-04",0.144999995827675,0.150000005960464,0.144999995827675,0.144999995827675,0,0.144999995827675
"2010-08-05",0.150000005960464,0.150000005960464,0.140000000596046,0.140000000596046,0,0.140000000596046
"2010-08-06",0.144999995827675,0.144999995827675,0.135000005364418,0.140000000596046,0,0.140000000596046
"2010-08-09",0.140000000596046,0.144999995827675,0.129999995231628,0.140000000596046,0,0.140000000596046
"2010-08-10",0.150000005960464,0.150000005960464,0.135000005364418,0.144999995827675,0,0.144999995827675
"2010-08-11",0.144999995827675,0.150000005960464,0.144999995827675,0.144999995827675,0,0.144999995827675
"2010-08-12",0.150000005960464,0.150000005960464,0.144999995827675,0.150000005960464,0,0.150000005960464
"2010-08-13",0.150000005960464,0.150000005960464,0.144999995827675,0.144999995827675,0,0.144999995827675
"2010-08-16",0.150000005960464,0.155000001192093,0.150000005960464,0.150000005960464,0,0.150000005960464
"2010-08-17",0.155000001192093,0.155000001192093,0.155000001192093,0.155000001192093,0,0.155000001192093
"2010-08-18",0.155000001192093,0.155000001192093,0.150000005960464,0.150000005960464,0,0.150000005960464
"2010-08-19",0.150000005960464,0.150000005960464,0.144999995827675,0.144999995827675,0,0.144999995827675
"2010-08-20",0.144999995827675,0.144999995827675,0.144999995827675,0.144999995827675,0,0.144999995827675
"2010-08-23",0.144999995827675,0.150000005960464,0.140000000596046,0.150000005960464,0,0.150000005960464
"2010-08-24",0.155000001192093,0.155000001192093,0.150000005960464,0.155000001192093,0,0.155000001192093
"2010-08-25",0.155000001192093,0.155000001192093,0.150000005960464,0.150000005960464,0,0.150000005960464
"2010-08-26",0.150000005960464,0.150000005960464,0.135000005364418,0.144999995827675,0,0.144999995827675
"2010-08-27",0.144999995827675,0.144999995827675,0.140000000596046,0.140000000596046,0,0.140000000596046
"2010-08-30",0.140000000596046,0.140000000596046,0.125,0.129999995231628,0,0.129999995231628
"2010-08-31",0.135000005364418,0.140000000596046,0.135000005364418,0.135000005364418,0,0.135000005364418
"2010-09-01",0.135000005364418,0.135000005364418,0.125,0.129999995231628,0,0.129999995231628
"2010-09-02",0.129999995231628,0.129999995231628,0.125,0.125,0,0.125
"2010-09-03",0.125,0.129999995231628,0.125,0.125,0,0.125
"2010-09-07",0.125,0.129999995231628,0.119999997317791,0.119999997317791,0,0.119999997317791
"2010-09-08",0.125,0.129999995231628,0.125,0.129999995231628,0,0.129999995231628
"2010-09-09",0.129999995231628,0.135000005364418,0.129999995231628,0.135000005364418,0,0.135000005364418
"2010-09-10",0.135000005364418,0.135000005364418,0.135000005364418,0.135000005364418,0,0.135000005364418
"2010-09-13",0.135000005364418,0.140000000596046,0.129999995231628,0.135000005364418,0,0.135000005364418
"2010-09-14",0.140000000596046,0.150000005960464,0.140000000596046,0.144999995827675,0,0.144999995827675
"2010-09-15",0.140000000596046,0.155000001192093,0.140000000596046,0.150000005960464,0,0.150000005960464
"2010-09-16",0.144999995827675,0.150000005960464,0.144999995827675,0.150000005960464,0,0.150000005960464
"2010-09-17",0.144999995827675,0.144999995827675,0.144999995827675,0.144999995827675,0,0.144999995827675
"2010-09-20",0.144999995827675,0.155000001192093,0.144999995827675,0.150000005960464,0,0.150000005960464
"2010-09-21",0.155000001192093,0.159999996423721,0.155000001192093,0.155000001192093,0,0.155000001192093
"2010-09-22",0.155000001192093,0.155000001192093,0.150000005960464,0.155000001192093,0,0.155000001192093
"2010-09-23",0.150000005960464,0.155000001192093,0.150000005960464,0.150000005960464,0,0.150000005960464
"2010-09-24",0.150000005960464,0.150000005960464,0.135000005364418,0.140000000596046,0,0.140000000596046
"2010-09-27",0.140000000596046,0.140000000596046,0.125,0.129999995231628,0,0.129999995231628
"2010-09-28",0.155000001192093,0.155000001192093,0.150000005960464,0.150000005960464,0,0.150000005960464
"2010-09-29",0.150000005960464,0.159999996423721,0.150000005960464,0.155000001192093,0,0.155000001192093
"2010-09-30",0.159999996423721,0.159999996423721,0.150000005960464,0.155000001192093,0,0.155000001192093
"2010-10-01",0.155000001192093,0.155000001192093,0.144999995827675,0.150000005960464,0,0.150000005960464
"2010-10-04",0.150000005960464,0.150000005960464,0.144999995827675,0.144999995827675,0,0.144999995827675
"2010-10-05",0.119999997317791,0.119999997317791,0.109999999403954,0.115000002086163,0,0.115000002086163
"2010-10-06",0.109999999403954,0.119999997317791,0.109999999403954,0.115000002086163,0,0.115000002086163
"2010-10-07",0.115000002086163,0.119999997317791,0.115000002086163,0.115000002086163,0,0.115000002086163
"2010-10-08",0.115000002086163,0.115000002086163,0.115000002086163,0.115000002086163,0,0.115000002086163
"2010-10-11",NA,NA,NA,NA,NA,NA
"2010-10-12",0.115000002086163,0.119999997317791,0.109999999403954,0.115000002086163,0,0.115000002086163
"2010-10-13",0.129999995231628,0.129999995231628,0.129999995231628,0.129999995231628,0,0.129999995231628
"2010-10-14",0.125,0.140000000596046,0.125,0.135000005364418,0,0.135000005364418
"2010-10-15",0.129999995231628,0.135000005364418,0.129999995231628,0.135000005364418,0,0.135000005364418
"2010-10-18",0.135000005364418,0.140000000596046,0.135000005364418,0.135000005364418,0,0.135000005364418
"2010-10-19",0.135000005364418,0.140000000596046,0.135000005364418,0.135000005364418,0,0.135000005364418
"2010-10-20",0.135000005364418,0.135000005364418,0.135000005364418,0.135000005364418,0,0.135000005364418
"2010-10-21",0.129999995231628,0.129999995231628,0.119999997317791,0.119999997317791,0,0.119999997317791
"2010-10-22",0.119999997317791,0.125,0.119999997317791,0.119999997317791,0,0.119999997317791
"2010-10-25",0.119999997317791,0.119999997317791,0.109999999403954,0.115000002086163,0,0.115000002086163
"2010-10-26",0.129999995231628,0.129999995231628,0.129999995231628,0.129999995231628,0,0.129999995231628
"2010-10-27",0.129999995231628,0.135000005364418,0.129999995231628,0.129999995231628,0,0.129999995231628
"2010-10-28",0.125,0.129999995231628,0.125,0.125,0,0.125
"2010-10-29",0.125,0.125,0.109999999403954,0.109999999403954,0,0.109999999403954
"2010-11-01",0.109999999403954,0.109999999403954,0.100000001490116,0.104999996721745,0,0.104999996721745
"2010-11-02",0.125,0.129999995231628,0.125,0.125,0,0.125
"2010-11-03",0.109999999403954,0.125,0.100000001490116,0.119999997317791,0,0.119999997317791
"2010-11-04",0.115000002086163,0.119999997317791,0.115000002086163,0.115000002086163,0,0.115000002086163
"2010-11-05",0.115000002086163,0.119999997317791,0.109999999403954,0.119999997317791,0,0.119999997317791
"2010-11-08",0.119999997317791,0.119999997317791,0.109999999403954,0.109999999403954,0,0.109999999403954
"2010-11-09",0.125,0.125,0.119999997317791,0.125,0,0.125
"2010-11-10",0.119999997317791,0.125,0.119999997317791,0.125,0,0.125
"2010-11-11",0.125,0.125,0.125,0.125,0,0.125
"2010-11-12",0.125,0.125,0.125,0.125,0,0.125
"2010-11-15",0.125,0.129999995231628,0.125,0.129999995231628,0,0.129999995231628
"2010-11-16",0.135000005364418,0.140000000596046,0.135000005364418,0.135000005364418,0,0.135000005364418
"2010-11-17",0.135000005364418,0.140000000596046,0.129999995231628,0.135000005364418,0,0.135000005364418
"2010-11-18",0.135000005364418,0.135000005364418,0.135000005364418,0.135000005364418,0,0.135000005364418
"2010-11-19",0.129999995231628,0.129999995231628,0.129999995231628,0.129999995231628,0,0.129999995231628
"2010-11-22",0.129999995231628,0.129999995231628,0.115000002086163,0.125,0,0.125
"2010-11-23",0.135000005364418,0.144999995827675,0.125,0.140000000596046,0,0.140000000596046
"2010-11-24",0.144999995827675,0.159999996423721,0.140000000596046,0.150000005960464,0,0.150000005960464
"2010-11-26",0.144999995827675,0.155000001192093,0.144999995827675,0.155000001192093,0,0.155000001192093
"2010-11-29",0.150000005960464,0.159999996423721,0.150000005960464,0.155000001192093,0,0.155000001192093
"2010-11-30",0.165000006556511,0.165000006556511,0.159999996423721,0.159999996423721,0,0.159999996423721
"2010-12-01",0.159999996423721,0.159999996423721,0.155000001192093,0.155000001192093,0,0.155000001192093
"2010-12-02",0.155000001192093,0.155000001192093,0.144999995827675,0.144999995827675,0,0.144999995827675
"2010-12-03",0.144999995827675,0.144999995827675,0.129999995231628,0.129999995231628,0,0.129999995231628
"2010-12-06",0.135000005364418,0.135000005364418,0.125,0.125,0,0.125
"2010-12-07",0.140000000596046,0.144999995827675,0.125,0.140000000596046,0,0.140000000596046
"2010-12-08",0.140000000596046,0.140000000596046,0.129999995231628,0.135000005364418,0,0.135000005364418
"2010-12-09",0.135000005364418,0.140000000596046,0.129999995231628,0.135000005364418,0,0.135000005364418
"2010-12-10",0.135000005364418,0.135000005364418,0.115000002086163,0.115000002086163,0,0.115000002086163
"2010-12-13",0.119999997317791,0.125,0.109999999403954,0.119999997317791,0,0.119999997317791
"2010-12-14",0.140000000596046,0.140000000596046,0.119999997317791,0.135000005364418,0,0.135000005364418
"2010-12-15",0.140000000596046,0.140000000596046,0.129999995231628,0.135000005364418,0,0.135000005364418
"2010-12-16",0.135000005364418,0.140000000596046,0.119999997317791,0.125,0,0.125
"2010-12-17",0.119999997317791,0.119999997317791,0.100000001490116,0.104999996721745,0,0.104999996721745
"2010-12-20",0.0949999988079071,0.104999996721745,0.0900000035762787,0.100000001490116,0,0.100000001490116
"2010-12-21",0.125,0.135000005364418,0.125,0.129999995231628,0,0.129999995231628
"2010-12-22",0.135000005364418,0.135000005364418,0.129999995231628,0.129999995231628,0,0.129999995231628
"2010-12-23",0.129999995231628,0.135000005364418,0.129999995231628,0.129999995231628,0,0.129999995231628
"2010-12-27",0.135000005364418,0.150000005960464,0.119999997317791,0.119999997317791,0,0.119999997317791
"2010-12-28",0.159999996423721,0.159999996423721,0.115000002086163,0.140000000596046,0,0.140000000596046
"2010-12-29",0.135000005364418,0.135000005364418,0.125,0.125,0,0.125
"2010-12-30",0.135000005364418,0.135000005364418,0.100000001490116,0.109999999403954,0,0.109999999403954
"2010-12-31",0.119999997317791,0.125,0.115000002086163,0.115000002086163,0,0.115000002086163
"2011-01-03",0.135000005364418,0.135000005364418,0.109999999403954,0.119999997317791,0,0.119999997317791
"2011-01-04",0.135000005364418,0.140000000596046,0.129999995231628,0.135000005364418,0,0.135000005364418
"2011-01-05",0.129999995231628,0.140000000596046,0.129999995231628,0.135000005364418,0,0.135000005364418
"2011-01-06",0.135000005364418,0.144999995827675,0.135000005364418,0.140000000596046,0,0.140000000596046
"2011-01-07",0.140000000596046,0.140000000596046,0.135000005364418,0.135000005364418,0,0.135000005364418
"2011-01-10",0.135000005364418,0.135000005364418,0.135000005364418,0.135000005364418,0,0.135000005364418
"2011-01-11",0.144999995827675,0.144999995827675,0.144999995827675,0.144999995827675,0,0.144999995827675
"2011-01-12",0.144999995827675,0.144999995827675,0.144999995827675,0.144999995827675,0,0.144999995827675
"2011-01-13",0.140000000596046,0.144999995827675,0.140000000596046,0.140000000596046,0,0.140000000596046
"2011-01-14",0.140000000596046,0.144999995827675,0.140000000596046,0.144999995827675,0,0.144999995827675
"2011-01-18",0.144999995827675,0.150000005960464,0.144999995827675,0.144999995827675,0,0.144999995827675
"2011-01-19",0.150000005960464,0.155000001192093,0.144999995827675,0.155000001192093,0,0.155000001192093
"2011-01-20",0.155000001192093,0.155000001192093,0.155000001192093,0.155000001192093,0,0.155000001192093
"2011-01-21",0.150000005960464,0.155000001192093,0.150000005960464,0.150000005960464,0,0.150000005960464
"2011-01-24",0.150000005960464,0.150000005960464,0.150000005960464,0.150000005960464,0,0.150000005960464
"2011-01-25",0.150000005960464,0.150000005960464,0.150000005960464,0.150000005960464,0,0.150000005960464
"2011-01-26",0.150000005960464,0.159999996423721,0.150000005960464,0.155000001192093,0,0.155000001192093
"2011-01-27",0.155000001192093,0.155000001192093,0.135000005364418,0.140000000596046,0,0.140000000596046
"2011-01-28",0.140000000596046,0.140000000596046,0.129999995231628,0.135000005364418,0,0.135000005364418
"2011-01-31",0.135000005364418,0.150000005960464,0.135000005364418,0.144999995827675,0,0.144999995827675
"2011-02-01",0.150000005960464,0.155000001192093,0.150000005960464,0.150000005960464,0,0.150000005960464
"2011-02-02",0.150000005960464,0.155000001192093,0.150000005960464,0.150000005960464,0,0.150000005960464
"2011-02-03",0.150000005960464,0.150000005960464,0.144999995827675,0.144999995827675,0,0.144999995827675
"2011-02-04",0.140000000596046,0.144999995827675,0.140000000596046,0.144999995827675,0,0.144999995827675
"2011-02-07",0.144999995827675,0.150000005960464,0.140000000596046,0.140000000596046,0,0.140000000596046
"2011-02-08",0.144999995827675,0.144999995827675,0.140000000596046,0.144999995827675,0,0.144999995827675
"2011-02-09",0.140000000596046,0.140000000596046,0.129999995231628,0.129999995231628,0,0.129999995231628
"2011-02-10",0.129999995231628,0.129999995231628,0.100000001490116,0.109999999403954,0,0.109999999403954
"2011-02-11",0.109999999403954,0.109999999403954,0.109999999403954,0.109999999403954,0,0.109999999403954
"2011-02-14",0.109999999403954,0.115000002086163,0.109999999403954,0.109999999403954,0,0.109999999403954
"2011-02-15",0.125,0.125,0.104999996721745,0.125,0,0.125
"2011-02-16",0.115000002086163,0.125,0.109999999403954,0.109999999403954,0,0.109999999403954
"2011-02-17",0.104999996721745,0.109999999403954,0.0750000029802322,0.0900000035762787,0,0.0900000035762787
"2011-02-18",0.0900000035762787,0.0949999988079071,0.0850000008940697,0.0900000035762787,0,0.0900000035762787
"2011-02-22",0.0900000035762787,0.104999996721745,0.0900000035762787,0.100000001490116,0,0.100000001490116
"2011-02-23",0.119999997317791,0.125,0.104999996721745,0.115000002086163,0,0.115000002086163
"2011-02-24",0.115000002086163,0.119999997317791,0.115000002086163,0.119999997317791,0,0.119999997317791
"2011-02-25",0.119999997317791,0.140000000596046,0.119999997317791,0.125,0,0.125
"2011-02-28",0.125,0.135000005364418,0.125,0.135000005364418,0,0.135000005364418
"2011-03-01",0.140000000596046,0.140000000596046,0.129999995231628,0.129999995231628,0,0.129999995231628
"2011-03-02",0.129999995231628,0.129999995231628,0.119999997317791,0.119999997317791,0,0.119999997317791
"2011-03-03",0.119999997317791,0.125,0.119999997317791,0.125,0,0.125
"2011-03-04",0.119999997317791,0.125,0.109999999403954,0.109999999403954,0,0.109999999403954
"2011-03-07",0.109999999403954,0.115000002086163,0.100000001490116,0.100000001490116,0,0.100000001490116
"2011-03-08",0.104999996721745,0.104999996721745,0.104999996721745,0.104999996721745,0,0.104999996721745
"2011-03-09",0.100000001490116,0.104999996721745,0.0900000035762787,0.0949999988079071,0,0.0949999988079071
"2011-03-10",0.0799999982118607,0.0850000008940697,0.0599999986588955,0.0649999976158142,0,0.0649999976158142
"2011-03-11",0.0700000002980232,0.0750000029802322,0.0649999976158142,0.0700000002980232,0,0.0700000002980232
"2011-03-14",0.0700000002980232,0.0799999982118607,0.0649999976158142,0.0750000029802322,0,0.0750000029802322
"2011-03-15",0.0850000008940697,0.100000001490116,0.0599999986588955,0.0949999988079071,0,0.0949999988079071
"2011-03-16",0.0900000035762787,0.0949999988079071,0.0850000008940697,0.0850000008940697,0,0.0850000008940697
"2011-03-17",0.0850000008940697,0.0900000035762787,0.0649999976158142,0.0700000002980232,0,0.0700000002980232
"2011-03-18",0.0750000029802322,0.0750000029802322,0.0599999986588955,0.0649999976158142,0,0.0649999976158142
"2011-03-21",0.0700000002980232,0.0700000002980232,0.0599999986588955,0.0700000002980232,0,0.0700000002980232
"2011-03-22",0.0900000035762787,0.0900000035762787,0.0900000035762787,0.0900000035762787,0,0.0900000035762787
"2011-03-23",0.0900000035762787,0.0900000035762787,0.0850000008940697,0.0850000008940697,0,0.0850000008940697
"2011-03-24",0.0900000035762787,0.0900000035762787,0.0700000002980232,0.0799999982118607,0,0.0799999982118607
"2011-03-25",0.0799999982118607,0.0850000008940697,0.0700000002980232,0.0799999982118607,0,0.0799999982118607
"2011-03-28",0.0850000008940697,0.0900000035762787,0.0799999982118607,0.0799999982118607,0,0.0799999982118607
"2011-03-29",0.0949999988079071,0.0949999988079071,0.0799999982118607,0.0949999988079071,0,0.0949999988079071
"2011-03-30",0.0949999988079071,0.104999996721745,0.0949999988079071,0.0949999988079071,0,0.0949999988079071
"2011-03-31",0.0850000008940697,0.0900000035762787,0.0850000008940697,0.0900000035762787,0,0.0900000035762787
"2011-04-01",0.0450000017881393,0.0900000035762787,0.0399999991059303,0.0549999997019768,0,0.0549999997019768
"2011-04-04",0.0399999991059303,0.0500000007450581,0.025000000372529,0.0350000001490116,0,0.0350000001490116
"2011-04-05",0.0500000007450581,0.0700000002980232,0.0299999993294477,0.0649999976158142,0,0.0649999976158142
"2011-04-06",0.0599999986588955,0.0649999976158142,0.0500000007450581,0.0500000007450581,0,0.0500000007450581
"2011-04-07",0.0500000007450581,0.0500000007450581,0.0350000001490116,0.0350000001490116,0,0.0350000001490116
"2011-04-08",0.0350000001490116,0.0399999991059303,0.025000000372529,0.0350000001490116,0,0.0350000001490116
"2011-04-11",0.0299999993294477,0.0399999991059303,0.0299999993294477,0.0350000001490116,0,0.0350000001490116
"2011-04-12",0.0450000017881393,0.0500000007450581,0.0450000017881393,0.0450000017881393,0,0.0450000017881393
"2011-04-13",0.0450000017881393,0.0599999986588955,0.0450000017881393,0.0500000007450581,0,0.0500000007450581
"2011-04-14",0.0500000007450581,0.0649999976158142,0.0450000017881393,0.0649999976158142,0,0.0649999976158142
"2011-04-15",0.0649999976158142,0.0700000002980232,0.0599999986588955,0.0599999986588955,0,0.0599999986588955
"2011-04-18",0.0599999986588955,0.0649999976158142,0.0350000001490116,0.0549999997019768,0,0.0549999997019768
"2011-04-19",0.0599999986588955,0.0599999986588955,0.0549999997019768,0.0549999997019768,0,0.0549999997019768
"2011-04-20",0.0599999986588955,0.0599999986588955,0.0549999997019768,0.0549999997019768,0,0.0549999997019768
"2011-04-21",0.0549999997019768,0.0599999986588955,0.0450000017881393,0.0450000017881393,0,0.0450000017881393
"2011-04-25",0.0500000007450581,0.0500000007450581,0.0450000017881393,0.0450000017881393,0,0.0450000017881393
"2011-04-26",0.0599999986588955,0.0599999986588955,0.0549999997019768,0.0549999997019768,0,0.0549999997019768
"2011-04-27",0.0549999997019768,0.0549999997019768,0.0500000007450581,0.0500000007450581,0,0.0500000007450581
"2011-04-28",0.0450000017881393,0.0500000007450581,0.0149999996647239,0.0350000001490116,0,0.0350000001490116
"2011-04-29",0.0350000001490116,0.0399999991059303,0.0350000001490116,0.0399999991059303,0,0.0399999991059303
"2011-05-02",0.0399999991059303,0.0399999991059303,0.025000000372529,0.0299999993294477,0,0.0299999993294477
"2011-05-03",0.025000000372529,0.0299999993294477,0.00499999988824129,0.025000000372529,0,0.025000000372529
"2011-05-04",0.025000000372529,0.0350000001490116,0.0199999995529652,0.0199999995529652,0,0.0199999995529652
"2011-05-05",0.0149999996647239,0.0199999995529652,0.00499999988824129,0.00999999977648258,0,0.00999999977648258
"2011-05-06",0.00499999988824129,0.0149999996647239,0.00499999988824129,0.00499999988824129,0,0.00499999988824129
"2011-05-09",0.00499999988824129,0.00999999977648258,0.00499999988824129,0.00499999988824129,0,0.00499999988824129
"2011-05-10",0.0299999993294477,0.0350000001490116,0.00499999988824129,0.025000000372529,0,0.025000000372529
"2011-05-11",0.025000000372529,0.0299999993294477,0.0149999996647239,0.0199999995529652,0,0.0199999995529652
"2011-05-12",0.0199999995529652,0.025000000372529,0.0149999996647239,0.0199999995529652,0,0.0199999995529652
"2011-05-13",0.0199999995529652,0.0199999995529652,0.0199999995529652,0.0199999995529652,0,0.0199999995529652
"2011-05-16",0.0199999995529652,0.025000000372529,0.0199999995529652,0.0199999995529652,0,0.0199999995529652
"2011-05-17",0.0299999993294477,0.0399999991059303,0.0299999993294477,0.0350000001490116,0,0.0350000001490116
"2011-05-18",0.0350000001490116,0.0500000007450581,0.0350000001490116,0.0399999991059303,0,0.0399999991059303
"2011-05-19",0.0450000017881393,0.0549999997019768,0.0399999991059303,0.0399999991059303,0,0.0399999991059303
"2011-05-20",0.0399999991059303,0.0450000017881393,0.0399999991059303,0.0399999991059303,0,0.0399999991059303
"2011-05-23",0.0399999991059303,0.0450000017881393,0.0399999991059303,0.0450000017881393,0,0.0450000017881393
"2011-05-24",0.0500000007450581,0.0500000007450581,0.0500000007450581,0.0500000007450581,0,0.0500000007450581
"2011-05-25",0.0500000007450581,0.0500000007450581,0.0450000017881393,0.0450000017881393,0,0.0450000017881393
"2011-05-26",0.0450000017881393,0.0500000007450581,0.0450000017881393,0.0450000017881393,0,0.0450000017881393
"2011-05-27",0.0450000017881393,0.0500000007450581,0.0350000001490116,0.0350000001490116,0,0.0350000001490116
"2011-05-31",0.0450000017881393,0.0500000007450581,0.0399999991059303,0.0399999991059303,0,0.0399999991059303
"2011-06-01",0.0549999997019768,0.0549999997019768,0.0399999991059303,0.0399999991059303,0,0.0399999991059303
"2011-06-02",0.0350000001490116,0.0399999991059303,0.0299999993294477,0.0350000001490116,0,0.0350000001490116
"2011-06-03",0.0350000001490116,0.0350000001490116,0.025000000372529,0.0299999993294477,0,0.0299999993294477
"2011-06-06",0.0299999993294477,0.0299999993294477,0.0299999993294477,0.0299999993294477,0,0.0299999993294477
"2011-06-07",0.0399999991059303,0.0399999991059303,0.025000000372529,0.0399999991059303,0,0.0399999991059303
"2011-06-08",0.0350000001490116,0.0399999991059303,0.0350000001490116,0.0350000001490116,0,0.0350000001490116
"2011-06-09",0.0350000001490116,0.0399999991059303,0.0350000001490116,0.0399999991059303,0,0.0399999991059303
"2011-06-10",0.0350000001490116,0.0350000001490116,0.0350000001490116,0.0350000001490116,0,0.0350000001490116
"2011-06-13",0.0350000001490116,0.0399999991059303,0.0350000001490116,0.0399999991059303,0,0.0399999991059303
"2011-06-14",0.0450000017881393,0.0549999997019768,0.0450000017881393,0.0500000007450581,0,0.0500000007450581
"2011-06-15",0.0500000007450581,0.0549999997019768,0.0450000017881393,0.0450000017881393,0,0.0450000017881393
"2011-06-16",0.0399999991059303,0.0450000017881393,0.0350000001490116,0.0350000001490116,0,0.0350000001490116
"2011-06-17",0.0350000001490116,0.0350000001490116,0.0199999995529652,0.025000000372529,0,0.025000000372529
"2011-06-20",0.025000000372529,0.025000000372529,0.0149999996647239,0.0149999996647239,0,0.0149999996647239
"2011-06-21",0.0199999995529652,0.025000000372529,0.0199999995529652,0.0199999995529652,0,0.0199999995529652
"2011-06-22",0.0199999995529652,0.0199999995529652,0.00999999977648258,0.00999999977648258,0,0.00999999977648258
"2011-06-23",0.00499999988824129,0.00499999988824129,0.00499999988824129,0.00499999988824129,0,0.00499999988824129
"2011-06-24",0.00999999977648258,0.00999999977648258,0.00999999977648258,0.00999999977648258,0,0.00999999977648258
"2011-06-27",0.0149999996647239,0.0199999995529652,0.00999999977648258,0.0149999996647239,0,0.0149999996647239
"2011-06-28",0.025000000372529,0.0299999993294477,0.00999999977648258,0.025000000372529,0,0.025000000372529
"2011-06-29",0.0299999993294477,0.0299999993294477,0.00499999988824129,0.0199999995529652,0,0.0199999995529652
"2011-06-30",0.025000000372529,0.025000000372529,0.00999999977648258,0.0149999996647239,0,0.0149999996647239
"2011-07-01",0.025000000372529,0.025000000372529,0.00999999977648258,0.00999999977648258,0,0.00999999977648258
"2011-07-05",0.0149999996647239,0.0149999996647239,0.00499999988824129,0.00999999977648258,0,0.00999999977648258
"2011-07-06",0.00499999988824129,0.00999999977648258,0.00499999988824129,0.00499999988824129,0,0.00499999988824129
"2011-07-07",0.00999999977648258,0.0350000001490116,0.00999999977648258,0.0199999995529652,0,0.0199999995529652
"2011-07-08",0.0199999995529652,0.0199999995529652,0.0149999996647239,0.0199999995529652,0,0.0199999995529652
"2011-07-11",0.0199999995529652,0.0199999995529652,0.0149999996647239,0.0149999996647239,0,0.0149999996647239
"2011-07-12",0.0299999993294477,0.0299999993294477,0.0299999993294477,0.0299999993294477,0,0.0299999993294477
"2011-07-13",0.025000000372529,0.025000000372529,0.00499999988824129,0.00499999988824129,0,0.00499999988824129
"2011-07-14",0.025000000372529,0.025000000372529,0.00499999988824129,0.00499999988824129,0,0.00499999988824129
"2011-07-15",0.00499999988824129,0.00499999988824129,0.00499999988824129,0.00499999988824129,0,0.00499999988824129
"2011-07-18",0.0149999996647239,0.0149999996647239,0.00499999988824129,0.00499999988824129,0,0.00499999988824129
"2011-07-19",0.0149999996647239,0.0299999993294477,0.00999999977648258,0.025000000372529,0,0.025000000372529
"2011-07-20",0.0199999995529652,0.025000000372529,0.0149999996647239,0.0199999995529652,0,0.0199999995529652
"2011-07-21",0.0199999995529652,0.0399999991059303,0.0199999995529652,0.0350000001490116,0,0.0350000001490116
"2011-07-22",0.0350000001490116,0.0350000001490116,0.0299999993294477,0.0299999993294477,0,0.0299999993294477
"2011-07-25",0.0399999991059303,0.0399999991059303,0.025000000372529,0.0350000001490116,0,0.0350000001490116
"2011-07-26",0.0599999986588955,0.0700000002980232,0.0350000001490116,0.0649999976158142,0,0.0649999976158142
"2011-07-27",0.0700000002980232,0.0750000029802322,0.0649999976158142,0.0700000002980232,0,0.0700000002980232
"2011-07-28",0.0700000002980232,0.0799999982118607,0.0649999976158142,0.0649999976158142,0,0.0649999976158142
"2011-07-29",0.0649999976158142,0.0949999988079071,0.0649999976158142,0.0900000035762787,0,0.0900000035762787
"2011-08-01",0.0750000029802322,0.0900000035762787,0.0649999976158142,0.0750000029802322,0,0.0750000029802322
"2011-08-02",0.0850000008940697,0.0900000035762787,0.0450000017881393,0.0500000007450581,0,0.0500000007450581
"2011-08-03",0.0450000017881393,0.0450000017881393,0.00499999988824129,0.00999999977648258,0,0.00999999977648258
"2011-08-04",0.00499999988824129,0.00999999977648258,0.00499999988824129,0.00999999977648258,0,0.00999999977648258
"2011-08-05",0.00999999977648258,0.00999999977648258,0.00499999988824129,0.00999999977648258,0,0.00999999977648258
"2011-08-08",0.0149999996647239,0.0199999995529652,0.00499999988824129,0.0149999996647239,0,0.0149999996647239
"2011-08-09",0.0500000007450581,0.0500000007450581,0.0199999995529652,0.0299999993294477,0,0.0299999993294477
"2011-08-10",0.025000000372529,0.025000000372529,0.00999999977648258,0.0149999996647239,0,0.0149999996647239
"2011-08-11",0.0149999996647239,0.025000000372529,0.00999999977648258,0.00999999977648258,0,0.00999999977648258
"2011-08-12",0.00499999988824129,0.00499999988824129,0.00499999988824129,0.00499999988824129,0,0.00499999988824129
"2011-08-15",0.00499999988824129,0.0149999996647239,0.00499999988824129,0.00499999988824129,0,0.00499999988824129
"2011-08-16",0.0199999995529652,0.0199999995529652,0.0149999996647239,0.0199999995529652,0,0.0199999995529652
"2011-08-17",0.0149999996647239,0.0149999996647239,0.00499999988824129,0.00499999988824129,0,0.00499999988824129
"2011-08-18",0.00999999977648258,0.00999999977648258,0.00499999988824129,0.00999999977648258,0,0.00999999977648258
"2011-08-19",0.00999999977648258,0.00999999977648258,0.00999999977648258,0.00999999977648258,0,0.00999999977648258
"2011-08-22",0.00999999977648258,0.00999999977648258,0.00499999988824129,0.00499999988824129,0,0.00499999988824129
"2011-08-23",0.00499999988824129,0.00999999977648258,0.00499999988824129,0.00499999988824129,0,0.00499999988824129
"2011-08-24",0.00499999988824129,0.00999999977648258,0.00499999988824129,0.00999999977648258,0,0.00999999977648258
"2011-08-25",0.00999999977648258,0.00999999977648258,0.00999999977648258,0.00999999977648258,0,0.00999999977648258
"2011-08-26",0.00999999977648258,0.00999999977648258,0.00999999977648258,0.00999999977648258,0,0.00999999977648258
"2011-08-29",0.00999999977648258,0.00999999977648258,0.00499999988824129,0.00499999988824129,0,0.00499999988824129
"2011-08-30",0.00999999977648258,0.0149999996647239,0.00499999988824129,0.0149999996647239,0,0.0149999996647239
"2011-08-31",0.00999999977648258,0.0199999995529652,0.00499999988824129,0.0149999996647239,0,0.0149999996647239
"2011-09-01",0.00999999977648258,0.00999999977648258,0.00499999988824129,0.00999999977648258,0,0.00999999977648258
"2011-09-02",0.00999999977648258,0.0199999995529652,0.00999999977648258,0.0149999996647239,0,0.0149999996647239
"2011-09-06",0.0199999995529652,0.025000000372529,0.00999999977648258,0.0149999996647239,0,0.0149999996647239
"2011-09-07",0.025000000372529,0.025000000372529,0.0149999996647239,0.0149999996647239,0,0.0149999996647239
"2011-09-08",0.0149999996647239,0.0149999996647239,0.00999999977648258,0.00999999977648258,0,0.00999999977648258
"2011-09-09",0.00999999977648258,0.00999999977648258,0.00499999988824129,0.00499999988824129,0,0.00499999988824129
"2011-09-12",0.00499999988824129,0.00499999988824129,0.00499999988824129,0.00499999988824129,0,0.00499999988824129
"2011-09-13",0.00499999988824129,0.00499999988824129,0.00499999988824129,0.00499999988824129,0,0.00499999988824129
"2011-09-14",0.00499999988824129,0.00499999988824129,0.00499999988824129,0.00499999988824129,0,0.00499999988824129
"2011-09-15",0.00999999977648258,0.00999999977648258,0.00499999988824129,0.00499999988824129,0,0.00499999988824129
"2011-09-16",0.00499999988824129,0.00499999988824129,0.00499999988824129,0.00499999988824129,0,0.00499999988824129
"2011-09-19",0.00499999988824129,0.00499999988824129,0.00499999988824129,0.00499999988824129,0,0.00499999988824129
"2011-09-20",0.00499999988824129,0.00999999977648258,0.00499999988824129,0.00499999988824129,0,0.00499999988824129
"2011-09-21",0.00499999988824129,0.00999999977648258,0.00499999988824129,0.00499999988824129,0,0.00499999988824129
"2011-09-22",0.00499999988824129,0.00499999988824129,0.00499999988824129,0.00499999988824129,0,0.00499999988824129
"2011-09-23",0.00499999988824129,0.00499999988824129,0.00499999988824129,0.00499999988824129,0,0.00499999988824129
"2011-09-26",0.00499999988824129,0.00499999988824129,0.00499999988824129,0.00499999988824129,0,0.00499999988824129
"2011-09-27",0.00999999977648258,0.00999999977648258,0.00499999988824129,0.00999999977648258,0,0.00999999977648258
"2011-09-28",0.00499999988824129,0.00999999977648258,0.00499999988824129,0.00999999977648258,0,0.00999999977648258
"2011-09-29",0.00499999988824129,0.00999999977648258,0.00499999988824129,0.00999999977648258,0,0.00999999977648258
"2011-09-30",0.00999999977648258,0.025000000372529,0.00999999977648258,0.00999999977648258,0,0.00999999977648258
"2011-10-03",0.0149999996647239,0.0199999995529652,0.00499999988824129,0.0199999995529652,0,0.0199999995529652
"2011-10-04",0.00499999988824129,0.00499999988824129,0.00499999988824129,0.00499999988824129,0,0.00499999988824129
"2011-10-05",0.00499999988824129,0.00499999988824129,0.00499999988824129,0.00499999988824129,0,0.00499999988824129
"2011-10-06",0.00499999988824129,0.00499999988824129,0.00499999988824129,0.00499999988824129,0,0.00499999988824129
"2011-10-07",0.00499999988824129,0.00499999988824129,0.00499999988824129,0.00499999988824129,0,0.00499999988824129
"2011-10-10",0.00499999988824129,0.00499999988824129,0.00499999988824129,0.00499999988824129,0,0.00499999988824129
"2011-10-11",0.00999999977648258,0.00999999977648258,0.00499999988824129,0.00499999988824129,0,0.00499999988824129
"2011-10-12",0.00999999977648258,0.0199999995529652,0.00999999977648258,0.0149999996647239,0,0.0149999996647239
"2011-10-13",0.00999999977648258,0.0199999995529652,0.00999999977648258,0.0149999996647239,0,0.0149999996647239
"2011-10-14",0.0149999996647239,0.0199999995529652,0.00999999977648258,0.0149999996647239,0,0.0149999996647239
"2011-10-17",0.0149999996647239,0.0199999995529652,0.0149999996647239,0.0199999995529652,0,0.0199999995529652
"2011-10-18",0.025000000372529,0.0299999993294477,0.025000000372529,0.025000000372529,0,0.025000000372529
"2011-10-19",0.025000000372529,0.025000000372529,0.0199999995529652,0.0199999995529652,0,0.0199999995529652
"2011-10-20",0.0149999996647239,0.0199999995529652,0.0149999996647239,0.0149999996647239,0,0.0149999996647239
"2011-10-21",0.00999999977648258,0.0149999996647239,0.00999999977648258,0.0149999996647239,0,0.0149999996647239
"2011-10-24",0.0149999996647239,0.0149999996647239,0.00499999988824129,0.00499999988824129,0,0.00499999988824129
"2011-10-25",0.00999999977648258,0.0149999996647239,0.00999999977648258,0.0149999996647239,0,0.0149999996647239
"2011-10-26",0.00999999977648258,0.0149999996647239,0.00999999977648258,0.0149999996647239,0,0.0149999996647239
"2011-10-27",0.0149999996647239,0.0149999996647239,0.00999999977648258,0.00999999977648258,0,0.00999999977648258
"2011-10-28",0.00999999977648258,0.00999999977648258,0.00499999988824129,0.00999999977648258,0,0.00999999977648258
"2011-10-31",0.00499999988824129,0.00499999988824129,0.00499999988824129,0.00499999988824129,0,0.00499999988824129
"2011-11-01",0.00499999988824129,0.00499999988824129,0.00499999988824129,0.00499999988824129,0,0.00499999988824129
"2011-11-02",0.00499999988824129,0.0199999995529652,0.00499999988824129,0.00499999988824129,0,0.00499999988824129
"2011-11-03",0.00499999988824129,0.00499999988824129,0.00499999988824129,0.00499999988824129,0,0.00499999988824129
"2011-11-04",0.00499999988824129,0.00499999988824129,0.00499999988824129,0.00499999988824129,0,0.00499999988824129
"2011-11-07",0.00499999988824129,0.00499999988824129,0.00499999988824129,0.00499999988824129,0,0.00499999988824129
"2011-11-08",0.00499999988824129,0.00999999977648258,0.00499999988824129,0.00499999988824129,0,0.00499999988824129
"2011-11-09",0.00499999988824129,0.00499999988824129,0.00499999988824129,0.00499999988824129,0,0.00499999988824129
"2011-11-10",0.00499999988824129,0.00499999988824129,0.00499999988824129,0.00499999988824129,0,0.00499999988824129
"2011-11-11",0.00499999988824129,0.00499999988824129,0.00499999988824129,0.00499999988824129,0,0.00499999988824129
"2011-11-14",0.00499999988824129,0.00999999977648258,0.00499999988824129,0.00499999988824129,0,0.00499999988824129
"2011-11-15",0.00499999988824129,0.0149999996647239,0.00499999988824129,0.00999999977648258,0,0.00999999977648258
"2011-11-16",0.00999999977648258,0.0149999996647239,0.00499999988824129,0.00499999988824129,0,0.00499999988824129
"2011-11-17",0.00499999988824129,0.00499999988824129,0.00499999988824129,0.00499999988824129,0,0.00499999988824129
"2011-11-18",0.00499999988824129,0.00499999988824129,0.00499999988824129,0.00499999988824129,0,0.00499999988824129
"2011-11-21",0.00499999988824129,0.00499999988824129,0.00499999988824129,0.00499999988824129,0,0.00499999988824129
"2011-11-22",0.0149999996647239,0.0199999995529652,0.0149999996647239,0.0149999996647239,0,0.0149999996647239
"2011-11-23",0.0149999996647239,0.0199999995529652,0.0149999996647239,0.0149999996647239,0,0.0149999996647239
"2011-11-25",0.0149999996647239,0.0149999996647239,0.00499999988824129,0.00499999988824129,0,0.00499999988824129
"2011-11-28",0.0199999995529652,0.0199999995529652,0.00499999988824129,0.00999999977648258,0,0.00999999977648258
"2011-11-29",0.0199999995529652,0.0199999995529652,0.0149999996647239,0.0149999996647239,0,0.0149999996647239
"2011-11-30",0.00999999977648258,0.0149999996647239,0.00499999988824129,0.0149999996647239,0,0.0149999996647239
"2011-12-01",0.0149999996647239,0.0149999996647239,0.0149999996647239,0.0149999996647239,0,0.0149999996647239
"2011-12-02",0.0149999996647239,0.0149999996647239,0.0149999996647239,0.0149999996647239,0,0.0149999996647239
"2011-12-05",0.0149999996647239,0.0149999996647239,0.0149999996647239,0.0149999996647239,0,0.0149999996647239
"2011-12-06",0.00499999988824129,0.0149999996647239,0.00499999988824129,0.00499999988824129,0,0.00499999988824129
"2011-12-07",0.00499999988824129,0.00499999988824129,0.00499999988824129,0.00499999988824129,0,0.00499999988824129
"2011-12-08",0.00499999988824129,0.00999999977648258,0.00499999988824129,0.00499999988824129,0,0.00499999988824129
"2011-12-09",0.00499999988824129,0.00499999988824129,0.00499999988824129,0.00499999988824129,0,0.00499999988824129
"2011-12-12",0.00499999988824129,0.00499999988824129,0.00499999988824129,0.00499999988824129,0,0.00499999988824129
"2011-12-13",0.00499999988824129,0.00499999988824129,0.00499999988824129,0.00499999988824129,0,0.00499999988824129
"2011-12-14",0.00499999988824129,0.00499999988824129,0.00499999988824129,0.00499999988824129,0,0.00499999988824129
"2011-12-15",0.00499999988824129,0.00499999988824129,0.00499999988824129,0.00499999988824129,0,0.00499999988824129
"2011-12-16",0.00499999988824129,0.00499999988824129,0.00499999988824129,0.00499999988824129,0,0.00499999988824129
"2011-12-19",0.00499999988824129,0.00499999988824129,0.00499999988824129,0.00499999988824129,0,0.00499999988824129
"2011-12-20",0.00499999988824129,0.00999999977648258,0.00499999988824129,0.00499999988824129,0,0.00499999988824129
"2011-12-21",0.00499999988824129,0.00499999988824129,0.00499999988824129,0.00499999988824129,0,0.00499999988824129
"2011-12-22",0.00499999988824129,0.00499999988824129,0.00499999988824129,0.00499999988824129,0,0.00499999988824129
"2011-12-23",0.00499999988824129,0.00499999988824129,0.00499999988824129,0.00499999988824129,0,0.00499999988824129
"2011-12-27",0.00499999988824129,0.00999999977648258,0.00499999988824129,0.00499999988824129,0,0.00499999988824129
"2011-12-28",0.0149999996647239,0.0149999996647239,0.00499999988824129,0.00499999988824129,0,0.00499999988824129
"2011-12-29",0.00499999988824129,0.00499999988824129,0.00499999988824129,0.00499999988824129,0,0.00499999988824129
"2011-12-30",0.00499999988824129,0.0149999996647239,0.00499999988824129,0.00499999988824129,0,0.00499999988824129
"2012-01-03",0.0149999996647239,0.0149999996647239,0.00499999988824129,0.00499999988824129,0,0.00499999988824129
"2012-01-04",0.00999999977648258,0.0149999996647239,0.00999999977648258,0.00999999977648258,0,0.00999999977648258
"2012-01-05",0.00999999977648258,0.00999999977648258,0.00999999977648258,0.00999999977648258,0,0.00999999977648258
"2012-01-06",0.00999999977648258,0.0199999995529652,0.00999999977648258,0.0149999996647239,0,0.0149999996647239
"2012-01-09",0.00999999977648258,0.00999999977648258,0.00499999988824129,0.00499999988824129,0,0.00499999988824129
"2012-01-10",0.00499999988824129,0.0149999996647239,0.00499999988824129,0.00999999977648258,0,0.00999999977648258
"2012-01-11",0.00999999977648258,0.0149999996647239,0.00999999977648258,0.0149999996647239,0,0.0149999996647239
"2012-01-12",0.0199999995529652,0.025000000372529,0.0149999996647239,0.0199999995529652,0,0.0199999995529652
"2012-01-13",0.0199999995529652,0.025000000372529,0.0199999995529652,0.0199999995529652,0,0.0199999995529652
"2012-01-17",0.0199999995529652,0.025000000372529,0.0199999995529652,0.0199999995529652,0,0.0199999995529652
"2012-01-18",0.025000000372529,0.025000000372529,0.025000000372529,0.025000000372529,0,0.025000000372529
"2012-01-19",0.0299999993294477,0.0399999991059303,0.025000000372529,0.0399999991059303,0,0.0399999991059303
"2012-01-20",0.0450000017881393,0.0450000017881393,0.0399999991059303,0.0399999991059303,0,0.0399999991059303
"2012-01-23",0.0399999991059303,0.0399999991059303,0.0350000001490116,0.0350000001490116,0,0.0350000001490116
"2012-01-24",0.0350000001490116,0.0350000001490116,0.0350000001490116,0.0350000001490116,0,0.0350000001490116
"2012-01-25",0.0350000001490116,0.0350000001490116,0.0350000001490116,0.0350000001490116,0,0.0350000001490116
"2012-01-26",0.0350000001490116,0.0500000007450581,0.0350000001490116,0.0450000017881393,0,0.0450000017881393
"2012-01-27",0.0450000017881393,0.0549999997019768,0.0450000017881393,0.0500000007450581,0,0.0500000007450581
"2012-01-30",0.0450000017881393,0.0500000007450581,0.0350000001490116,0.0450000017881393,0,0.0450000017881393
"2012-01-31",0.0549999997019768,0.0549999997019768,0.0500000007450581,0.0549999997019768,0,0.0549999997019768
"2012-02-01",0.0549999997019768,0.0649999976158142,0.0549999997019768,0.0549999997019768,0,0.0549999997019768
"2012-02-02",0.0549999997019768,0.0750000029802322,0.0549999997019768,0.0750000029802322,0,0.0750000029802322
"2012-02-03",0.0750000029802322,0.0799999982118607,0.0649999976158142,0.0700000002980232,0,0.0700000002980232
"2012-02-06",0.0700000002980232,0.0700000002980232,0.0599999986588955,0.0649999976158142,0,0.0649999976158142
"2012-02-07",0.0750000029802322,0.0799999982118607,0.0750000029802322,0.0799999982118607,0,0.0799999982118607
"2012-02-08",0.0750000029802322,0.0799999982118607,0.0750000029802322,0.0750000029802322,0,0.0750000029802322
"2012-02-09",0.0750000029802322,0.0900000035762787,0.0750000029802322,0.0850000008940697,0,0.0850000008940697
"2012-02-10",0.0850000008940697,0.0850000008940697,0.0799999982118607,0.0799999982118607,0,0.0799999982118607
"2012-02-13",0.0850000008940697,0.100000001490116,0.0850000008940697,0.0949999988079071,0,0.0949999988079071
"2012-02-14",0.104999996721745,0.119999997317791,0.0949999988079071,0.109999999403954,0,0.109999999403954
"2012-02-15",0.109999999403954,0.109999999403954,0.0949999988079071,0.104999996721745,0,0.104999996721745
"2012-02-16",0.0949999988079071,0.0949999988079071,0.0850000008940697,0.0949999988079071,0,0.0949999988079071
"2012-02-17",0.0799999982118607,0.0850000008940697,0.0549999997019768,0.0750000029802322,0,0.0750000029802322
"2012-02-21",0.0700000002980232,0.0700000002980232,0.0599999986588955,0.0700000002980232,0,0.0700000002980232
"2012-02-22",0.0799999982118607,0.0850000008940697,0.0799999982118607,0.0799999982118607,0,0.0799999982118607
"2012-02-23",0.0799999982118607,0.0949999988079071,0.0799999982118607,0.0850000008940697,0,0.0850000008940697
"2012-02-24",0.0850000008940697,0.0900000035762787,0.0850000008940697,0.0900000035762787,0,0.0900000035762787
"2012-02-27",0.0949999988079071,0.100000001490116,0.0900000035762787,0.100000001490116,0,0.100000001490116
"2012-02-28",0.104999996721745,0.104999996721745,0.0949999988079071,0.0949999988079071,0,0.0949999988079071
"2012-02-29",0.0850000008940697,0.0850000008940697,0.0750000029802322,0.0750000029802322,0,0.0750000029802322
"2012-03-01",0.0700000002980232,0.0700000002980232,0.0649999976158142,0.0700000002980232,0,0.0700000002980232
"2012-03-02",0.0700000002980232,0.0700000002980232,0.0599999986588955,0.0599999986588955,0,0.0599999986588955
"2012-03-05",0.0599999986588955,0.0599999986588955,0.0549999997019768,0.0599999986588955,0,0.0599999986588955
"2012-03-06",0.0799999982118607,0.0799999982118607,0.0700000002980232,0.0700000002980232,0,0.0700000002980232
"2012-03-07",0.0700000002980232,0.0750000029802322,0.0649999976158142,0.0750000029802322,0,0.0750000029802322
"2012-03-08",0.0750000029802322,0.0750000029802322,0.0700000002980232,0.0750000029802322,0,0.0750000029802322
"2012-03-09",0.0750000029802322,0.0799999982118607,0.0750000029802322,0.0799999982118607,0,0.0799999982118607
"2012-03-12",0.0799999982118607,0.0949999988079071,0.0750000029802322,0.0750000029802322,0,0.0750000029802322
"2012-03-13",0.0799999982118607,0.0799999982118607,0.0750000029802322,0.0799999982118607,0,0.0799999982118607
"2012-03-14",0.0799999982118607,0.0799999982118607,0.0799999982118607,0.0799999982118607,0,0.0799999982118607
"2012-03-15",0.0750000029802322,0.0799999982118607,0.0750000029802322,0.0750000029802322,0,0.0750000029802322
"2012-03-16",0.0750000029802322,0.0799999982118607,0.0750000029802322,0.0799999982118607,0,0.0799999982118607
"2012-03-19",0.0799999982118607,0.0799999982118607,0.0750000029802322,0.0750000029802322,0,0.0750000029802322
"2012-03-20",0.0900000035762787,0.0949999988079071,0.0900000035762787,0.0949999988079071,0,0.0949999988079071
"2012-03-21",0.0900000035762787,0.0949999988079071,0.0850000008940697,0.0850000008940697,0,0.0850000008940697
"2012-03-22",0.0799999982118607,0.0850000008940697,0.0649999976158142,0.0700000002980232,0,0.0700000002980232
"2012-03-23",0.0649999976158142,0.0750000029802322,0.0649999976158142,0.0700000002980232,0,0.0700000002980232
"2012-03-26",0.0700000002980232,0.0750000029802322,0.0700000002980232,0.0700000002980232,0,0.0700000002980232
"2012-03-27",0.0799999982118607,0.0799999982118607,0.0750000029802322,0.0799999982118607,0,0.0799999982118607
"2012-03-28",0.0799999982118607,0.0799999982118607,0.0750000029802322,0.0750000029802322,0,0.0750000029802322
"2012-03-29",0.0700000002980232,0.0700000002980232,0.0549999997019768,0.0549999997019768,0,0.0549999997019768
"2012-03-30",0.0599999986588955,0.0649999976158142,0.0599999986588955,0.0649999976158142,0,0.0649999976158142
"2012-04-02",0.0649999976158142,0.0649999976158142,0.0549999997019768,0.0599999986588955,0,0.0599999986588955
"2012-04-03",0.0649999976158142,0.0750000029802322,0.0649999976158142,0.0750000029802322,0,0.0750000029802322
"2012-04-04",0.0700000002980232,0.0750000029802322,0.0649999976158142,0.0700000002980232,0,0.0700000002980232
"2012-04-05",0.0649999976158142,0.0700000002980232,0.0649999976158142,0.0700000002980232,0,0.0700000002980232
"2012-04-09",0.0649999976158142,0.0750000029802322,0.0649999976158142,0.0750000029802322,0,0.0750000029802322
"2012-04-10",0.0799999982118607,0.0850000008940697,0.0799999982118607,0.0850000008940697,0,0.0850000008940697
"2012-04-11",0.0799999982118607,0.0850000008940697,0.0799999982118607,0.0850000008940697,0,0.0850000008940697
"2012-04-12",0.0799999982118607,0.0850000008940697,0.0799999982118607,0.0850000008940697,0,0.0850000008940697
"2012-04-13",0.0799999982118607,0.0850000008940697,0.0799999982118607,0.0799999982118607,0,0.0799999982118607
"2012-04-16",0.0750000029802322,0.0799999982118607,0.0750000029802322,0.0750000029802322,0,0.0750000029802322
"2012-04-17",0.0750000029802322,0.0750000029802322,0.0750000029802322,0.0750000029802322,0,0.0750000029802322
"2012-04-18",0.0750000029802322,0.0750000029802322,0.0649999976158142,0.0649999976158142,0,0.0649999976158142
"2012-04-19",0.0649999976158142,0.0649999976158142,0.0599999986588955,0.0649999976158142,0,0.0649999976158142
"2012-04-20",0.0649999976158142,0.0700000002980232,0.0649999976158142,0.0649999976158142,0,0.0649999976158142
"2012-04-23",0.0649999976158142,0.0750000029802322,0.0649999976158142,0.0700000002980232,0,0.0700000002980232
"2012-04-24",0.0750000029802322,0.0850000008940697,0.0750000029802322,0.0799999982118607,0,0.0799999982118607
"2012-04-25",0.0850000008940697,0.0900000035762787,0.0799999982118607,0.0850000008940697,0,0.0850000008940697
"2012-04-26",0.0799999982118607,0.0900000035762787,0.0799999982118607,0.0850000008940697,0,0.0850000008940697
"2012-04-27",0.0850000008940697,0.0900000035762787,0.0850000008940697,0.0850000008940697,0,0.0850000008940697
"2012-04-30",0.0900000035762787,0.0949999988079071,0.0900000035762787,0.0900000035762787,0,0.0900000035762787
"2012-05-01",0.0949999988079071,0.100000001490116,0.0850000008940697,0.0850000008940697,0,0.0850000008940697
"2012-05-02",0.0850000008940697,0.0850000008940697,0.0799999982118607,0.0799999982118607,0,0.0799999982118607
"2012-05-03",0.0750000029802322,0.0799999982118607,0.0700000002980232,0.0750000029802322,0,0.0750000029802322
"2012-05-04",0.0750000029802322,0.0750000029802322,0.0649999976158142,0.0700000002980232,0,0.0700000002980232
"2012-05-07",0.0750000029802322,0.0850000008940697,0.0750000029802322,0.0750000029802322,0,0.0750000029802322
"2012-05-08",0.0850000008940697,0.0900000035762787,0.0850000008940697,0.0900000035762787,0,0.0900000035762787
"2012-05-09",0.0850000008940697,0.0900000035762787,0.0850000008940697,0.0900000035762787,0,0.0900000035762787
"2012-05-10",0.0900000035762787,0.0949999988079071,0.0900000035762787,0.0900000035762787,0,0.0900000035762787
"2012-05-11",0.0850000008940697,0.0949999988079071,0.0850000008940697,0.0900000035762787,0,0.0900000035762787
"2012-05-14",0.0900000035762787,0.0900000035762787,0.0850000008940697,0.0850000008940697,0,0.0850000008940697
"2012-05-15",0.0900000035762787,0.0949999988079071,0.0900000035762787,0.0900000035762787,0,0.0900000035762787
"2012-05-16",0.0949999988079071,0.0949999988079071,0.0900000035762787,0.0949999988079071,0,0.0949999988079071
"2012-05-17",0.0900000035762787,0.0949999988079071,0.0900000035762787,0.0900000035762787,0,0.0900000035762787
"2012-05-18",0.0900000035762787,0.0900000035762787,0.0750000029802322,0.0750000029802322,0,0.0750000029802322
"2012-05-21",0.0549999997019768,0.0700000002980232,0.0549999997019768,0.0599999986588955,0,0.0599999986588955
"2012-05-22",0.0799999982118607,0.0850000008940697,0.0799999982118607,0.0850000008940697,0,0.0850000008940697
"2012-05-23",0.0850000008940697,0.0850000008940697,0.0799999982118607,0.0799999982118607,0,0.0799999982118607
"2012-05-24",0.0850000008940697,0.0900000035762787,0.0850000008940697,0.0900000035762787,0,0.0900000035762787
"2012-05-25",0.0900000035762787,0.0900000035762787,0.0799999982118607,0.0799999982118607,0,0.0799999982118607
"2012-05-29",0.0799999982118607,0.0850000008940697,0.0750000029802322,0.0750000029802322,0,0.0750000029802322
"2012-05-30",0.0750000029802322,0.0750000029802322,0.0599999986588955,0.0649999976158142,0,0.0649999976158142
"2012-05-31",0.0649999976158142,0.0700000002980232,0.0500000007450581,0.0599999986588955,0,0.0599999986588955
"2012-06-01",0.0549999997019768,0.0649999976158142,0.0549999997019768,0.0649999976158142,0,0.0649999976158142
"2012-06-04",0.0649999976158142,0.0700000002980232,0.0599999986588955,0.0649999976158142,0,0.0649999976158142
"2012-06-05",0.0750000029802322,0.0850000008940697,0.0750000029802322,0.0799999982118607,0,0.0799999982118607
"2012-06-06",0.0799999982118607,0.0850000008940697,0.0799999982118607,0.0799999982118607,0,0.0799999982118607
"2012-06-07",0.0799999982118607,0.0850000008940697,0.0750000029802322,0.0799999982118607,0,0.0799999982118607
"2012-06-08",0.0750000029802322,0.0850000008940697,0.0750000029802322,0.0799999982118607,0,0.0799999982118607
"2012-06-11",0.0799999982118607,0.0799999982118607,0.0750000029802322,0.0750000029802322,0,0.0750000029802322
"2012-06-12",0.0850000008940697,0.100000001490116,0.0850000008940697,0.0900000035762787,0,0.0900000035762787
"2012-06-13",0.0900000035762787,0.100000001490116,0.0900000035762787,0.0900000035762787,0,0.0900000035762787
"2012-06-14",0.0900000035762787,0.0949999988079071,0.0900000035762787,0.0949999988079071,0,0.0949999988079071
"2012-06-15",0.0949999988079071,0.0949999988079071,0.0799999982118607,0.0850000008940697,0,0.0850000008940697
"2012-06-18",0.0850000008940697,0.0900000035762787,0.0750000029802322,0.0750000029802322,0,0.0750000029802322
"2012-06-19",0.0850000008940697,0.0900000035762787,0.0850000008940697,0.0900000035762787,0,0.0900000035762787
"2012-06-20",0.0850000008940697,0.0900000035762787,0.0799999982118607,0.0799999982118607,0,0.0799999982118607
"2012-06-21",0.0799999982118607,0.0799999982118607,0.0750000029802322,0.0750000029802322,0,0.0750000029802322
"2012-06-22",0.0750000029802322,0.0750000029802322,0.0700000002980232,0.0750000029802322,0,0.0750000029802322
"2012-06-25",0.0750000029802322,0.0799999982118607,0.0750000029802322,0.0750000029802322,0,0.0750000029802322
"2012-06-26",0.0850000008940697,0.0949999988079071,0.0850000008940697,0.0949999988079071,0,0.0949999988079071
"2012-06-27",0.0949999988079071,0.100000001490116,0.0799999982118607,0.0799999982118607,0,0.0799999982118607
"2012-06-28",0.0799999982118607,0.0850000008940697,0.0750000029802322,0.0750000029802322,0,0.0750000029802322
"2012-06-29",0.0799999982118607,0.0850000008940697,0.0750000029802322,0.0799999982118607,0,0.0799999982118607
"2012-07-02",0.0850000008940697,0.0850000008940697,0.0599999986588955,0.0700000002980232,0,0.0700000002980232
"2012-07-03",0.0799999982118607,0.0850000008940697,0.0750000029802322,0.0750000029802322,0,0.0750000029802322
"2012-07-05",0.0750000029802322,0.0750000029802322,0.0599999986588955,0.0750000029802322,0,0.0750000029802322
"2012-07-06",0.0700000002980232,0.0700000002980232,0.0649999976158142,0.0700000002980232,0,0.0700000002980232
"2012-07-09",0.0750000029802322,0.0750000029802322,0.0700000002980232,0.0700000002980232,0,0.0700000002980232
"2012-07-10",0.0850000008940697,0.0900000035762787,0.0850000008940697,0.0900000035762787,0,0.0900000035762787
"2012-07-11",0.0900000035762787,0.0949999988079071,0.0900000035762787,0.0900000035762787,0,0.0900000035762787
"2012-07-12",0.0949999988079071,0.100000001490116,0.0900000035762787,0.0949999988079071,0,0.0949999988079071
"2012-07-13",0.0949999988079071,0.0949999988079071,0.0900000035762787,0.0900000035762787,0,0.0900000035762787
"2012-07-16",0.0850000008940697,0.0850000008940697,0.0850000008940697,0.0850000008940697,0,0.0850000008940697
"2012-07-17",0.0900000035762787,0.0949999988079071,0.0900000035762787,0.0949999988079071,0,0.0949999988079071
"2012-07-18",0.0900000035762787,0.0900000035762787,0.0850000008940697,0.0850000008940697,0,0.0850000008940697
"2012-07-19",0.0799999982118607,0.0850000008940697,0.0750000029802322,0.0799999982118607,0,0.0799999982118607
"2012-07-20",0.0750000029802322,0.0900000035762787,0.0750000029802322,0.0850000008940697,0,0.0850000008940697
"2012-07-23",0.0850000008940697,0.0949999988079071,0.0850000008940697,0.0900000035762787,0,0.0900000035762787
"2012-07-24",0.0949999988079071,0.100000001490116,0.0949999988079071,0.0949999988079071,0,0.0949999988079071
"2012-07-25",0.0949999988079071,0.100000001490116,0.0949999988079071,0.0949999988079071,0,0.0949999988079071
"2012-07-26",0.0949999988079071,0.104999996721745,0.0949999988079071,0.100000001490116,0,0.100000001490116
"2012-07-27",0.100000001490116,0.100000001490116,0.100000001490116,0.100000001490116,0,0.100000001490116
"2012-07-30",0.100000001490116,0.100000001490116,0.0900000035762787,0.0900000035762787,0,0.0900000035762787
"2012-07-31",0.104999996721745,0.104999996721745,0.0949999988079071,0.100000001490116,0,0.100000001490116
"2012-08-01",0.0900000035762787,0.0949999988079071,0.0850000008940697,0.0900000035762787,0,0.0900000035762787
"2012-08-02",0.0850000008940697,0.0900000035762787,0.0799999982118607,0.0850000008940697,0,0.0850000008940697
"2012-08-03",0.0799999982118607,0.0799999982118607,0.0750000029802322,0.0750000029802322,0,0.0750000029802322
"2012-08-06",0.0799999982118607,0.0850000008940697,0.0700000002980232,0.0750000029802322,0,0.0750000029802322
"2012-08-07",0.0949999988079071,0.100000001490116,0.0900000035762787,0.100000001490116,0,0.100000001490116
"2012-08-08",0.100000001490116,0.109999999403954,0.100000001490116,0.104999996721745,0,0.104999996721745
"2012-08-09",0.104999996721745,0.115000002086163,0.104999996721745,0.109999999403954,0,0.109999999403954
"2012-08-10",0.104999996721745,0.109999999403954,0.0900000035762787,0.0949999988079071,0,0.0949999988079071
"2012-08-13",0.100000001490116,0.100000001490116,0.0949999988079071,0.0949999988079071,0,0.0949999988079071
"2012-08-14",0.104999996721745,0.104999996721745,0.104999996721745,0.104999996721745,0,0.104999996721745
"2012-08-15",0.104999996721745,0.104999996721745,0.0799999982118607,0.0799999982118607,0,0.0799999982118607
"2012-08-16",0.0799999982118607,0.0850000008940697,0.0700000002980232,0.0750000029802322,0,0.0750000029802322
"2012-08-17",0.0799999982118607,0.0850000008940697,0.0750000029802322,0.0799999982118607,0,0.0799999982118607
"2012-08-20",0.0850000008940697,0.0900000035762787,0.0850000008940697,0.0850000008940697,0,0.0850000008940697
"2012-08-21",0.104999996721745,0.104999996721745,0.100000001490116,0.104999996721745,0,0.104999996721745
"2012-08-22",0.100000001490116,0.104999996721745,0.100000001490116,0.100000001490116,0,0.100000001490116
"2012-08-23",0.100000001490116,0.104999996721745,0.0900000035762787,0.0949999988079071,0,0.0949999988079071
"2012-08-24",0.0900000035762787,0.0949999988079071,0.0900000035762787,0.0900000035762787,0,0.0900000035762787
"2012-08-27",0.0949999988079071,0.0949999988079071,0.0949999988079071,0.0949999988079071,0,0.0949999988079071
"2012-08-28",0.100000001490116,0.100000001490116,0.0949999988079071,0.100000001490116,0,0.100000001490116
"2012-08-29",0.100000001490116,0.100000001490116,0.0949999988079071,0.0949999988079071,0,0.0949999988079071
"2012-08-30",0.0949999988079071,0.0949999988079071,0.0900000035762787,0.0900000035762787,0,0.0900000035762787
"2012-08-31",0.0850000008940697,0.0850000008940697,0.0799999982118607,0.0850000008940697,0,0.0850000008940697
"2012-09-04",0.0949999988079071,0.0949999988079071,0.0900000035762787,0.0900000035762787,0,0.0900000035762787
"2012-09-05",0.100000001490116,0.104999996721745,0.100000001490116,0.100000001490116,0,0.100000001490116
"2012-09-06",0.100000001490116,0.104999996721745,0.100000001490116,0.100000001490116,0,0.100000001490116
"2012-09-07",0.100000001490116,0.104999996721745,0.100000001490116,0.100000001490116,0,0.100000001490116
"2012-09-10",0.100000001490116,0.100000001490116,0.0949999988079071,0.0949999988079071,0,0.0949999988079071
"2012-09-11",0.0949999988079071,0.100000001490116,0.0949999988079071,0.100000001490116,0,0.100000001490116
"2012-09-12",0.0949999988079071,0.100000001490116,0.0949999988079071,0.0949999988079071,0,0.0949999988079071
"2012-09-13",0.0900000035762787,0.100000001490116,0.0900000035762787,0.0949999988079071,0,0.0949999988079071
"2012-09-14",0.0900000035762787,0.100000001490116,0.0900000035762787,0.0949999988079071,0,0.0949999988079071
"2012-09-17",0.0949999988079071,0.100000001490116,0.0850000008940697,0.0900000035762787,0,0.0900000035762787
"2012-09-18",0.100000001490116,0.104999996721745,0.100000001490116,0.100000001490116,0,0.100000001490116
"2012-09-19",0.104999996721745,0.109999999403954,0.100000001490116,0.104999996721745,0,0.104999996721745
"2012-09-20",0.100000001490116,0.104999996721745,0.100000001490116,0.104999996721745,0,0.104999996721745
"2012-09-21",0.100000001490116,0.104999996721745,0.100000001490116,0.100000001490116,0,0.100000001490116
"2012-09-24",0.100000001490116,0.100000001490116,0.0949999988079071,0.0949999988079071,0,0.0949999988079071
"2012-09-25",0.104999996721745,0.109999999403954,0.104999996721745,0.104999996721745,0,0.104999996721745
"2012-09-26",0.104999996721745,0.104999996721745,0.100000001490116,0.100000001490116,0,0.100000001490116
"2012-09-27",0.0900000035762787,0.100000001490116,0.0799999982118607,0.0850000008940697,0,0.0850000008940697
"2012-09-28",0.0949999988079071,0.0949999988079071,0.0850000008940697,0.0900000035762787,0,0.0900000035762787
"2012-10-01",0.0900000035762787,0.0900000035762787,0.0799999982118607,0.0799999982118607,0,0.0799999982118607
"2012-10-02",0.0799999982118607,0.0900000035762787,0.0799999982118607,0.0900000035762787,0,0.0900000035762787
"2012-10-03",0.0850000008940697,0.0850000008940697,0.0850000008940697,0.0850000008940697,0,0.0850000008940697
"2012-10-04",0.0850000008940697,0.100000001490116,0.0850000008940697,0.0949999988079071,0,0.0949999988079071
"2012-10-05",0.0900000035762787,0.100000001490116,0.0900000035762787,0.100000001490116,0,0.100000001490116
"2012-10-08",0.0949999988079071,0.0949999988079071,0.0949999988079071,0.0949999988079071,0,0.0949999988079071
"2012-10-09",0.104999996721745,0.104999996721745,0.0900000035762787,0.0949999988079071,0,0.0949999988079071
"2012-10-10",0.0949999988079071,0.100000001490116,0.0949999988079071,0.0949999988079071,0,0.0949999988079071
"2012-10-11",0.0900000035762787,0.100000001490116,0.0900000035762787,0.0949999988079071,0,0.0949999988079071
"2012-10-12",0.0949999988079071,0.100000001490116,0.0949999988079071,0.100000001490116,0,0.100000001490116
"2012-10-15",0.100000001490116,0.100000001490116,0.0949999988079071,0.0949999988079071,0,0.0949999988079071
"2012-10-16",0.104999996721745,0.104999996721745,0.100000001490116,0.100000001490116,0,0.100000001490116
"2012-10-17",0.100000001490116,0.104999996721745,0.100000001490116,0.104999996721745,0,0.104999996721745
"2012-10-18",0.100000001490116,0.104999996721745,0.0949999988079071,0.0949999988079071,0,0.0949999988079071
"2012-10-19",0.0949999988079071,0.0949999988079071,0.0900000035762787,0.0900000035762787,0,0.0900000035762787
"2012-10-22",0.0900000035762787,0.0949999988079071,0.0900000035762787,0.0900000035762787,0,0.0900000035762787
"2012-10-23",0.100000001490116,0.100000001490116,0.100000001490116,0.100000001490116,0,0.100000001490116
"2012-10-24",0.100000001490116,0.104999996721745,0.100000001490116,0.104999996721745,0,0.104999996721745
"2012-10-25",0.104999996721745,0.109999999403954,0.104999996721745,0.109999999403954,0,0.109999999403954
"2012-10-26",0.104999996721745,0.109999999403954,0.104999996721745,0.104999996721745,0,0.104999996721745
"2012-10-31",0.115000002086163,0.115000002086163,0.104999996721745,0.104999996721745,0,0.104999996721745
"2012-11-01",0.100000001490116,0.104999996721745,0.0850000008940697,0.0900000035762787,0,0.0900000035762787
"2012-11-02",0.0949999988079071,0.0949999988079071,0.0900000035762787,0.0900000035762787,0,0.0900000035762787
"2012-11-05",0.0850000008940697,0.0949999988079071,0.0750000029802322,0.0900000035762787,0,0.0900000035762787
"2012-11-06",0.104999996721745,0.104999996721745,0.100000001490116,0.100000001490116,0,0.100000001490116
"2012-11-07",0.100000001490116,0.100000001490116,0.0900000035762787,0.0900000035762787,0,0.0900000035762787
"2012-11-08",0.0900000035762787,0.0949999988079071,0.0799999982118607,0.0850000008940697,0,0.0850000008940697
"2012-11-09",0.0799999982118607,0.0900000035762787,0.0799999982118607,0.0900000035762787,0,0.0900000035762787
"2012-11-12",0.0869999974966049,0.0869999974966049,0.0869999974966049,0.0869999974966049,0,0.0869999974966049
"2012-11-13",0.0850000008940697,0.0900000035762787,0.0850000008940697,0.0850000008940697,0,0.0850000008940697
"2012-11-14",0.104999996721745,0.104999996721745,0.0850000008940697,0.0949999988079071,0,0.0949999988079071
"2012-11-15",0.0900000035762787,0.0900000035762787,0.0649999976158142,0.0750000029802322,0,0.0750000029802322
"2012-11-16",0.0750000029802322,0.0750000029802322,0.0750000029802322,0.0750000029802322,0,0.0750000029802322
"2012-11-19",0.0750000029802322,0.0750000029802322,0.0700000002980232,0.0750000029802322,0,0.0750000029802322
"2012-11-20",0.0850000008940697,0.0949999988079071,0.0750000029802322,0.0850000008940697,0,0.0850000008940697
"2012-11-21",0.0900000035762787,0.0949999988079071,0.0900000035762787,0.0900000035762787,0,0.0900000035762787
"2012-11-23",0.0850000008940697,0.0900000035762787,0.0850000008940697,0.0900000035762787,0,0.0900000035762787
"2012-11-26",0.0900000035762787,0.0949999988079071,0.0900000035762787,0.0900000035762787,0,0.0900000035762787
"2012-11-27",0.0949999988079071,0.0949999988079071,0.0949999988079071,0.0949999988079071,0,0.0949999988079071
"2012-11-28",0.0949999988079071,0.0949999988079071,0.0920000001788139,0.0920000001788139,0,0.0920000001788139
"2012-11-29",0.0900000035762787,0.0900000035762787,0.0799999982118607,0.0799999982118607,0,0.0799999982118607
"2012-11-30",0.0750000029802322,0.0750000029802322,0.068000003695488,0.0750000029802322,0,0.0750000029802322
"2012-12-03",0.0799999982118607,0.0799999982118607,0.0750000029802322,0.0769999995827675,0,0.0769999995827675
"2012-12-04",0.0900000035762787,0.0900000035762787,0.0900000035762787,0.0900000035762787,0,0.0900000035762787
"2012-12-05",0.0900000035762787,0.0920000001788139,0.0869999974966049,0.0900000035762787,0,0.0900000035762787
"2012-12-06",0.0869999974966049,0.0900000035762787,0.0850000008940697,0.0900000035762787,0,0.0900000035762787
"2012-12-07",0.0799999982118607,0.0829999968409538,0.0799999982118607,0.0799999982118607,0,0.0799999982118607
"2012-12-10",0.0799999982118607,0.0799999982118607,0.0750000029802322,0.0750000029802322,0,0.0750000029802322
"2012-12-11",0.0769999995827675,0.0850000008940697,0.0750000029802322,0.0750000029802322,0,0.0750000029802322
"2012-12-12",0.0769999995827675,0.0769999995827675,0.0599999986588955,0.0599999986588955,0,0.0599999986588955
"2012-12-13",0.0599999986588955,0.0599999986588955,0.0500000007450581,0.0520000010728836,0,0.0520000010728836
"2012-12-14",0.0480000004172325,0.0480000004172325,0.0179999992251396,0.025000000372529,0,0.025000000372529
"2012-12-17",0.0280000008642673,0.0299999993294477,0.00999999977648258,0.0219999998807907,0,0.0219999998807907
"2012-12-18",0.0399999991059303,0.0549999997019768,0.0370000004768372,0.0549999997019768,0,0.0549999997019768
"2012-12-19",0.0450000017881393,0.0500000007450581,0.0450000017881393,0.0450000017881393,0,0.0450000017881393
"2012-12-20",0.0450000017881393,0.0520000010728836,0.0450000017881393,0.0500000007450581,0,0.0500000007450581
"2012-12-21",0.0450000017881393,0.0500000007450581,0.0430000014603138,0.0500000007450581,0,0.0500000007450581
"2012-12-24",0.0520000010728836,0.0549999997019768,0.0500000007450581,0.0500000007450581,0,0.0500000007450581
"2012-12-26",0.0520000010728836,0.0649999976158142,0.0520000010728836,0.0549999997019768,0,0.0549999997019768
"2012-12-27",0.0750000029802322,0.0769999995827675,0.068000003695488,0.0700000002980232,0,0.0700000002980232
"2012-12-28",0.0649999976158142,0.0649999976158142,0.00499999988824129,0.00999999977648258,0,0.00999999977648258
"2012-12-31",0.0130000002682209,0.0399999991059303,0.00999999977648258,0.0350000001490116,0,0.0350000001490116
"2013-01-02",0.0520000010728836,0.0599999986588955,0.0500000007450581,0.0549999997019768,0,0.0549999997019768
"2013-01-03",0.0649999976158142,0.0649999976158142,0.063000001013279,0.0649999976158142,0,0.0649999976158142
"2013-01-04",0.0700000002980232,0.0700000002980232,0.0599999986588955,0.0649999976158142,0,0.0649999976158142
"2013-01-07",0.0649999976158142,0.0649999976158142,0.0549999997019768,0.0579999983310699,0,0.0579999983310699
"2013-01-08",0.0649999976158142,0.0649999976158142,0.0599999986588955,0.0599999986588955,0,0.0599999986588955
"2013-01-09",0.063000001013279,0.063000001013279,0.0549999997019768,0.0549999997019768,0,0.0549999997019768
"2013-01-10",0.0500000007450581,0.0579999983310699,0.0480000004172325,0.0549999997019768,0,0.0549999997019768
"2013-01-11",0.0579999983310699,0.0649999976158142,0.0579999983310699,0.063000001013279,0,0.063000001013279
"2013-01-14",0.0649999976158142,0.0649999976158142,0.0579999983310699,0.0599999986588955,0,0.0599999986588955
"2013-01-15",0.0750000029802322,0.0829999968409538,0.0719999969005585,0.0799999982118607,0,0.0799999982118607
"2013-01-16",0.0799999982118607,0.0799999982118607,0.0719999969005585,0.0719999969005585,0,0.0719999969005585
"2013-01-17",0.0700000002980232,0.0719999969005585,0.0700000002980232,0.0700000002980232,0,0.0700000002980232
"2013-01-18",0.0700000002980232,0.0719999969005585,0.0700000002980232,0.0700000002980232,0,0.0700000002980232
"2013-01-22",0.0700000002980232,0.0700000002980232,0.0599999986588955,0.0599999986588955,0,0.0599999986588955
"2013-01-23",0.0599999986588955,0.0750000029802322,0.0599999986588955,0.0700000002980232,0,0.0700000002980232
"2013-01-24",0.0700000002980232,0.0769999995827675,0.0700000002980232,0.0750000029802322,0,0.0750000029802322
"2013-01-25",0.0750000029802322,0.0750000029802322,0.0649999976158142,0.0700000002980232,0,0.0700000002980232
"2013-01-28",0.0700000002980232,0.0719999969005585,0.0599999986588955,0.0599999986588955,0,0.0599999986588955
"2013-01-29",0.063000001013279,0.0649999976158142,0.0599999986588955,0.063000001013279,0,0.063000001013279
"2013-01-30",0.0649999976158142,0.0649999976158142,0.0599999986588955,0.0599999986588955,0,0.0599999986588955
"2013-01-31",0.063000001013279,0.0649999976158142,0.0579999983310699,0.0649999976158142,0,0.0649999976158142
"2013-02-01",0.0649999976158142,0.0649999976158142,0.0599999986588955,0.0599999986588955,0,0.0599999986588955
"2013-02-04",0.0599999986588955,0.063000001013279,0.0549999997019768,0.0549999997019768,0,0.0549999997019768
"2013-02-05",0.0700000002980232,0.0700000002980232,0.068000003695488,0.0700000002980232,0,0.0700000002980232
"2013-02-06",0.068000003695488,0.0700000002980232,0.0649999976158142,0.0649999976158142,0,0.0649999976158142
"2013-02-07",0.0649999976158142,0.0649999976158142,0.0649999976158142,0.0649999976158142,0,0.0649999976158142
"2013-02-08",0.0649999976158142,0.0700000002980232,0.0649999976158142,0.0649999976158142,0,0.0649999976158142
"2013-02-11",0.068000003695488,0.0769999995827675,0.0649999976158142,0.0649999976158142,0,0.0649999976158142
"2013-02-12",0.0799999982118607,0.0829999968409538,0.0799999982118607,0.0829999968409538,0,0.0829999968409538
"2013-02-13",0.0829999968409538,0.0850000008940697,0.0829999968409538,0.0850000008940697,0,0.0850000008940697
"2013-02-14",0.0900000035762787,0.0979999974370003,0.0900000035762787,0.0949999988079071,0,0.0949999988079071
"2013-02-15",0.0949999988079071,0.0979999974370003,0.0949999988079071,0.0949999988079071,0,0.0949999988079071
"2013-02-19",0.0949999988079071,0.100000001490116,0.0920000001788139,0.100000001490116,0,0.100000001490116
"2013-02-20",0.112999998033047,0.119999997317791,0.112999998033047,0.115000002086163,0,0.115000002086163
"2013-02-21",0.115000002086163,0.119999997317791,0.112999998033047,0.119999997317791,0,0.119999997317791
"2013-02-22",0.119999997317791,0.119999997317791,0.116999998688698,0.119999997317791,0,0.119999997317791
"2013-02-25",0.116999998688698,0.119999997317791,0.115000002086163,0.115000002086163,0,0.115000002086163
"2013-02-26",0.112999998033047,0.112999998033047,0.109999999403954,0.109999999403954,0,0.109999999403954
"2013-02-27",0.104999996721745,0.104999996721745,0.100000001490116,0.100000001490116,0,0.100000001490116
"2013-02-28",0.100000001490116,0.101999998092651,0.100000001490116,0.100000001490116,0,0.100000001490116
"2013-03-01",0.100000001490116,0.101999998092651,0.100000001490116,0.100000001490116,0,0.100000001490116
"2013-03-04",0.100000001490116,0.100000001490116,0.0850000008940697,0.0850000008940697,0,0.0850000008940697
"2013-03-05",0.0850000008940697,0.0850000008940697,0.0850000008940697,0.0850000008940697,0,0.0850000008940697
"2013-03-06",0.0900000035762787,0.0920000001788139,0.0900000035762787,0.0920000001788139,0,0.0920000001788139
"2013-03-07",0.0900000035762787,0.0920000001788139,0.0900000035762787,0.0900000035762787,0,0.0900000035762787
"2013-03-08",0.0900000035762787,0.0900000035762787,0.0869999974966049,0.0869999974966049,0,0.0869999974966049
"2013-03-11",0.0869999974966049,0.0900000035762787,0.0850000008940697,0.0869999974966049,0,0.0869999974966049
"2013-03-12",0.0900000035762787,0.0949999988079071,0.0900000035762787,0.0920000001788139,0,0.0920000001788139
"2013-03-13",0.0900000035762787,0.0920000001788139,0.0850000008940697,0.0850000008940697,0,0.0850000008940697
"2013-03-14",0.0829999968409538,0.0900000035762787,0.0829999968409538,0.0900000035762787,0,0.0900000035762787
"2013-03-15",0.0850000008940697,0.0850000008940697,0.0799999982118607,0.0829999968409538,0,0.0829999968409538
"2013-03-18",0.0799999982118607,0.0799999982118607,0.0719999969005585,0.0719999969005585,0,0.0719999969005585
"2013-03-19",0.0769999995827675,0.0769999995827675,0.0700000002980232,0.0700000002980232,0,0.0700000002980232
"2013-03-20",0.0719999969005585,0.0719999969005585,0.0579999983310699,0.063000001013279,0,0.063000001013279
"2013-03-21",0.0599999986588955,0.063000001013279,0.0549999997019768,0.0599999986588955,0,0.0599999986588955
"2013-03-22",0.063000001013279,0.0649999976158142,0.063000001013279,0.0649999976158142,0,0.0649999976158142
"2013-03-25",0.0599999986588955,0.063000001013279,0.0579999983310699,0.0579999983310699,0,0.0579999983310699
"2013-03-26",0.0719999969005585,0.0719999969005585,0.0700000002980232,0.0719999969005585,0,0.0719999969005585
"2013-03-27",0.0700000002980232,0.0799999982118607,0.0700000002980232,0.0799999982118607,0,0.0799999982118607
"2013-03-28",0.0799999982118607,0.0799999982118607,0.0599999986588955,0.0649999976158142,0,0.0649999976158142
"2013-04-01",0.0700000002980232,0.0700000002980232,0.0649999976158142,0.0649999976158142,0,0.0649999976158142
"2013-04-02",0.0649999976158142,0.0700000002980232,0.0649999976158142,0.068000003695488,0,0.068000003695488
"2013-04-03",0.068000003695488,0.068000003695488,0.0549999997019768,0.0549999997019768,0,0.0549999997019768
"2013-04-04",0.0549999997019768,0.068000003695488,0.0549999997019768,0.0649999976158142,0,0.0649999976158142
"2013-04-05",0.063000001013279,0.063000001013279,0.0549999997019768,0.0599999986588955,0,0.0599999986588955
"2013-04-08",0.0599999986588955,0.0599999986588955,0.0520000010728836,0.0549999997019768,0,0.0549999997019768
"2013-04-09",0.0599999986588955,0.063000001013279,0.0579999983310699,0.063000001013279,0,0.063000001013279
"2013-04-10",0.063000001013279,0.0649999976158142,0.063000001013279,0.0649999976158142,0,0.0649999976158142
"2013-04-11",0.0649999976158142,0.0649999976158142,0.0549999997019768,0.063000001013279,0,0.063000001013279
"2013-04-12",0.0549999997019768,0.0579999983310699,0.0549999997019768,0.0549999997019768,0,0.0549999997019768
"2013-04-15",0.0500000007450581,0.0549999997019768,0.0500000007450581,0.0549999997019768,0,0.0549999997019768
"2013-04-16",0.0520000010728836,0.0549999997019768,0.0500000007450581,0.0520000010728836,0,0.0520000010728836
"2013-04-17",0.0500000007450581,0.0500000007450581,0.0480000004172325,0.0500000007450581,0,0.0500000007450581
"2013-04-18",0.0450000017881393,0.0500000007450581,0.0430000014603138,0.0500000007450581,0,0.0500000007450581
"2013-04-19",0.0450000017881393,0.0480000004172325,0.0450000017881393,0.0450000017881393,0,0.0450000017881393
"2013-04-22",0.0480000004172325,0.0480000004172325,0.0450000017881393,0.0450000017881393,0,0.0450000017881393
"2013-04-23",0.0450000017881393,0.0450000017881393,0.0450000017881393,0.0450000017881393,0,0.0450000017881393
"2013-04-24",0.0450000017881393,0.0520000010728836,0.0450000017881393,0.0480000004172325,0,0.0480000004172325
"2013-04-25",0.0500000007450581,0.0500000007450581,0.0450000017881393,0.0500000007450581,0,0.0500000007450581
"2013-04-26",0.0450000017881393,0.0480000004172325,0.0450000017881393,0.0450000017881393,0,0.0450000017881393
"2013-04-29",0.0500000007450581,0.0500000007450581,0.0450000017881393,0.0450000017881393,0,0.0450000017881393
"2013-04-30",0.0450000017881393,0.0450000017881393,0.0450000017881393,0.0450000017881393,0,0.0450000017881393
"2013-05-01",0.0480000004172325,0.0500000007450581,0.0450000017881393,0.0500000007450581,0,0.0500000007450581
"2013-05-02",0.0500000007450581,0.0500000007450581,0.0480000004172325,0.0500000007450581,0,0.0500000007450581
"2013-05-03",0.0450000017881393,0.0480000004172325,0.0450000017881393,0.0450000017881393,0,0.0450000017881393
"2013-05-06",0.0450000017881393,0.0480000004172325,0.0299999993294477,0.0299999993294477,0,0.0299999993294477
"2013-05-07",0.0350000001490116,0.0350000001490116,0.0350000001490116,0.0350000001490116,0,0.0350000001490116
"2013-05-08",0.0350000001490116,0.0399999991059303,0.0350000001490116,0.0350000001490116,0,0.0350000001490116
"2013-05-09",0.0350000001490116,0.0370000004768372,0.0350000001490116,0.0350000001490116,0,0.0350000001490116
"2013-05-10",0.0350000001490116,0.0350000001490116,0.0329999998211861,0.0350000001490116,0,0.0350000001490116
"2013-05-13",0.0350000001490116,0.0350000001490116,0.0329999998211861,0.0350000001490116,0,0.0350000001490116
"2013-05-14",0.0399999991059303,0.0399999991059303,0.0399999991059303,0.0399999991059303,0,0.0399999991059303
"2013-05-15",0.0399999991059303,0.0399999991059303,0.0370000004768372,0.0370000004768372,0,0.0370000004768372
"2013-05-16",0.025000000372529,0.0280000008642673,0.0219999998807907,0.025000000372529,0,0.025000000372529
"2013-05-17",0.025000000372529,0.0299999993294477,0.025000000372529,0.0299999993294477,0,0.0299999993294477
"2013-05-20",0.0299999993294477,0.0370000004768372,0.0280000008642673,0.0350000001490116,0,0.0350000001490116
"2013-05-21",0.0370000004768372,0.0399999991059303,0.0370000004768372,0.0399999991059303,0,0.0399999991059303
"2013-05-22",0.0350000001490116,0.0350000001490116,0.0350000001490116,0.0350000001490116,0,0.0350000001490116
"2013-05-23",0.0350000001490116,0.0399999991059303,0.0350000001490116,0.0399999991059303,0,0.0399999991059303
"2013-05-24",0.0399999991059303,0.0399999991059303,0.0350000001490116,0.0370000004768372,0,0.0370000004768372
"2013-05-28",0.0350000001490116,0.0399999991059303,0.0350000001490116,0.0350000001490116,0,0.0350000001490116
"2013-05-29",0.0399999991059303,0.0399999991059303,0.0399999991059303,0.0399999991059303,0,0.0399999991059303
"2013-05-30",0.0299999993294477,0.0299999993294477,0.0219999998807907,0.025000000372529,0,0.025000000372529
"2013-05-31",0.025000000372529,0.0329999998211861,0.025000000372529,0.0299999993294477,0,0.0299999993294477
"2013-06-03",0.0299999993294477,0.0299999993294477,0.0299999993294477,0.0299999993294477,0,0.0299999993294477
"2013-06-04",0.0430000014603138,0.0430000014603138,0.0399999991059303,0.0399999991059303,0,0.0399999991059303
"2013-06-05",0.0430000014603138,0.0450000017881393,0.0399999991059303,0.0450000017881393,0,0.0450000017881393
"2013-06-06",0.0450000017881393,0.0450000017881393,0.0430000014603138,0.0450000017881393,0,0.0450000017881393
"2013-06-07",0.0450000017881393,0.0450000017881393,0.0399999991059303,0.0399999991059303,0,0.0399999991059303
"2013-06-10",0.0399999991059303,0.0399999991059303,0.0399999991059303,0.0399999991059303,0,0.0399999991059303
"2013-06-11",0.0430000014603138,0.0450000017881393,0.0430000014603138,0.0450000017881393,0,0.0450000017881393
"2013-06-12",0.0450000017881393,0.0450000017881393,0.0399999991059303,0.0399999991059303,0,0.0399999991059303
"2013-06-13",0.0430000014603138,0.0450000017881393,0.0399999991059303,0.0430000014603138,0,0.0430000014603138
"2013-06-14",0.0399999991059303,0.0430000014603138,0.0370000004768372,0.0399999991059303,0,0.0399999991059303
"2013-06-17",0.0399999991059303,0.0430000014603138,0.0370000004768372,0.0399999991059303,0,0.0399999991059303
"2013-06-18",0.0430000014603138,0.0450000017881393,0.0430000014603138,0.0450000017881393,0,0.0450000017881393
"2013-06-19",0.0430000014603138,0.0450000017881393,0.0399999991059303,0.0399999991059303,0,0.0399999991059303
"2013-06-20",0.0450000017881393,0.0450000017881393,0.0399999991059303,0.0399999991059303,0,0.0399999991059303
"2013-06-21",0.0399999991059303,0.0430000014603138,0.0399999991059303,0.0399999991059303,0,0.0399999991059303
"2013-06-24",0.0450000017881393,0.0450000017881393,0.0399999991059303,0.0399999991059303,0,0.0399999991059303
"2013-06-25",0.0549999997019768,0.0579999983310699,0.0549999997019768,0.0579999983310699,0,0.0579999983310699
"2013-06-26",0.0549999997019768,0.0549999997019768,0.0549999997019768,0.0549999997019768,0,0.0549999997019768
"2013-06-27",0.0500000007450581,0.0520000010728836,0.0450000017881393,0.0450000017881393,0,0.0450000017881393
"2013-06-28",0.0500000007450581,0.0500000007450581,0.025000000372529,0.0299999993294477,0,0.0299999993294477
"2013-07-01",0.0350000001490116,0.0350000001490116,0.00999999977648258,0.00999999977648258,0,0.00999999977648258
"2013-07-02",0.0299999993294477,0.0370000004768372,0.0149999996647239,0.0350000001490116,0,0.0350000001490116
"2013-07-03",0.0329999998211861,0.0350000001490116,0.0299999993294477,0.0350000001490116,0,0.0350000001490116
"2013-07-05",0.0370000004768372,0.0450000017881393,0.0350000001490116,0.0350000001490116,0,0.0350000001490116
"2013-07-08",0.0399999991059303,0.0399999991059303,0.0329999998211861,0.0350000001490116,0,0.0350000001490116
"2013-07-09",0.0399999991059303,0.0399999991059303,0.0350000001490116,0.0350000001490116,0,0.0350000001490116
"2013-07-10",0.0350000001490116,0.0350000001490116,0.0299999993294477,0.0299999993294477,0,0.0299999993294477
"2013-07-11",0.0299999993294477,0.0299999993294477,0.0280000008642673,0.0299999993294477,0,0.0299999993294477
"2013-07-12",0.0280000008642673,0.0299999993294477,0.0280000008642673,0.0299999993294477,0,0.0299999993294477
"2013-07-15",0.0299999993294477,0.0299999993294477,0.0199999995529652,0.0199999995529652,0,0.0199999995529652
"2013-07-16",0.0329999998211861,0.0350000001490116,0.0329999998211861,0.0350000001490116,0,0.0350000001490116
"2013-07-17",0.0329999998211861,0.0350000001490116,0.025000000372529,0.025000000372529,0,0.025000000372529
"2013-07-18",0.025000000372529,0.025000000372529,0.0219999998807907,0.0219999998807907,0,0.0219999998807907
"2013-07-19",0.0199999995529652,0.0219999998807907,0.0149999996647239,0.0199999995529652,0,0.0199999995529652
"2013-07-22",0.0219999998807907,0.0219999998807907,0.00499999988824129,0.00499999988824129,0,0.00499999988824129
"2013-07-23",0.0219999998807907,0.025000000372529,0.0199999995529652,0.0199999995529652,0,0.0199999995529652
"2013-07-24",0.0199999995529652,0.025000000372529,0.0199999995529652,0.0199999995529652,0,0.0199999995529652
"2013-07-25",0.0149999996647239,0.0199999995529652,0.0130000002682209,0.0149999996647239,0,0.0149999996647239
"2013-07-26",0.0149999996647239,0.0149999996647239,0.0130000002682209,0.0149999996647239,0,0.0149999996647239
"2013-07-29",0.0149999996647239,0.0199999995529652,0.0149999996647239,0.0199999995529652,0,0.0199999995529652
"2013-07-30",0.0299999993294477,0.0329999998211861,0.025000000372529,0.0299999993294477,0,0.0299999993294477
"2013-07-31",0.0280000008642673,0.0329999998211861,0.0280000008642673,0.0299999993294477,0,0.0299999993294477
"2013-08-01",0.0299999993294477,0.0350000001490116,0.0299999993294477,0.0350000001490116,0,0.0350000001490116
"2013-08-02",0.0350000001490116,0.0350000001490116,0.0280000008642673,0.0299999993294477,0,0.0299999993294477
"2013-08-05",0.0299999993294477,0.0350000001490116,0.0299999993294477,0.0350000001490116,0,0.0350000001490116
"2013-08-06",0.0370000004768372,0.0430000014603138,0.0370000004768372,0.0399999991059303,0,0.0399999991059303
"2013-08-07",0.0430000014603138,0.0430000014603138,0.0370000004768372,0.0399999991059303,0,0.0399999991059303
"2013-08-08",0.0450000017881393,0.0450000017881393,0.0399999991059303,0.0450000017881393,0,0.0450000017881393
"2013-08-09",0.0450000017881393,0.0480000004172325,0.0450000017881393,0.0480000004172325,0,0.0480000004172325
"2013-08-12",0.0450000017881393,0.0500000007450581,0.0450000017881393,0.0480000004172325,0,0.0480000004172325
"2013-08-13",0.0500000007450581,0.0520000010728836,0.0500000007450581,0.0520000010728836,0,0.0520000010728836
"2013-08-14",0.0500000007450581,0.0500000007450581,0.0450000017881393,0.0500000007450581,0,0.0500000007450581
"2013-08-15",0.0450000017881393,0.0480000004172325,0.0450000017881393,0.0450000017881393,0,0.0450000017881393
"2013-08-16",0.0450000017881393,0.0450000017881393,0.0370000004768372,0.0399999991059303,0,0.0399999991059303
"2013-08-19",0.0399999991059303,0.0399999991059303,0.0399999991059303,0.0399999991059303,0,0.0399999991059303
"2013-08-20",0.0480000004172325,0.0480000004172325,0.0430000014603138,0.0450000017881393,0,0.0450000017881393
"2013-08-21",0.0399999991059303,0.0399999991059303,0.0299999993294477,0.0329999998211861,0,0.0329999998211861
"2013-08-22",0.0299999993294477,0.0299999993294477,0.0199999995529652,0.0199999995529652,0,0.0199999995529652
"2013-08-23",0.0199999995529652,0.025000000372529,0.0199999995529652,0.0219999998807907,0,0.0219999998807907
"2013-08-26",0.025000000372529,0.0299999993294477,0.0130000002682209,0.0130000002682209,0,0.0130000002682209
"2013-08-27",0.0329999998211861,0.0329999998211861,0.0329999998211861,0.0329999998211861,0,0.0329999998211861
"2013-08-28",0.0299999993294477,0.0329999998211861,0.0299999993294477,0.0299999993294477,0,0.0299999993294477
"2013-08-29",0.0280000008642673,0.0280000008642673,0.0179999992251396,0.0199999995529652,0,0.0199999995529652
"2013-08-30",0.0199999995529652,0.0199999995529652,0.0179999992251396,0.0199999995529652,0,0.0199999995529652
"2013-09-03",0.0199999995529652,0.0219999998807907,0.0149999996647239,0.0149999996647239,0,0.0149999996647239
"2013-09-04",0.0179999992251396,0.0179999992251396,0.0149999996647239,0.0149999996647239,0,0.0149999996647239
"2013-09-05",0.0130000002682209,0.0179999992251396,0.0130000002682209,0.0149999996647239,0,0.0149999996647239
"2013-09-06",0.0149999996647239,0.0179999992251396,0.0149999996647239,0.0149999996647239,0,0.0149999996647239
"2013-09-09",0.0149999996647239,0.0149999996647239,0.00499999988824129,0.00999999977648258,0,0.00999999977648258
"2013-09-10",0.0149999996647239,0.0179999992251396,0.0149999996647239,0.0149999996647239,0,0.0149999996647239
"2013-09-11",0.0179999992251396,0.0179999992251396,0.0149999996647239,0.0149999996647239,0,0.0149999996647239
"2013-09-12",0.0149999996647239,0.0149999996647239,0.00999999977648258,0.00999999977648258,0,0.00999999977648258
"2013-09-13",0.00999999977648258,0.0130000002682209,0.00999999977648258,0.00999999977648258,0,0.00999999977648258
"2013-09-16",0.00999999977648258,0.00999999977648258,0.00300000002607703,0.00300000002607703,0,0.00300000002607703
"2013-09-17",0.00700000021606684,0.00700000021606684,0.00499999988824129,0.00499999988824129,0,0.00499999988824129
"2013-09-18",0.00499999988824129,0.00700000021606684,0.00499999988824129,0.00499999988824129,0,0.00499999988824129
"2013-09-19",0.00499999988824129,0.00499999988824129,0.00300000002607703,0.00499999988824129,0,0.00499999988824129
"2013-09-20",0.00300000002607703,0.0299999993294477,0.00300000002607703,0.00499999988824129,0,0.00499999988824129
"2013-09-23",0.00499999988824129,0.00999999977648258,0.00499999988824129,0.00499999988824129,0,0.00499999988824129
"2013-09-24",0.0149999996647239,0.0149999996647239,0.0130000002682209,0.0149999996647239,0,0.0149999996647239
"2013-09-25",0.0199999995529652,0.0199999995529652,0.0130000002682209,0.0149999996647239,0,0.0149999996647239
"2013-09-26",0.0199999995529652,0.0199999995529652,0.00300000002607703,0.00300000002607703,0,0.00300000002607703
"2013-09-27",0.00499999988824129,0.0149999996647239,0.00300000002607703,0.00499999988824129,0,0.00499999988824129
"2013-09-30",0.00499999988824129,0.00999999977648258,0.00300000002607703,0.00499999988824129,0,0.00499999988824129
"2013-10-01",0.00999999977648258,0.0149999996647239,0.00999999977648258,0.0130000002682209,0,0.0130000002682209
"2013-10-02",0.0130000002682209,0.0130000002682209,0.00499999988824129,0.00999999977648258,0,0.00999999977648258
"2013-10-03",0.00700000021606684,0.025000000372529,0.00700000021606684,0.0199999995529652,0,0.0199999995529652
"2013-10-04",0.0199999995529652,0.0219999998807907,0.0179999992251396,0.0179999992251396,0,0.0179999992251396
"2013-10-07",0.0199999995529652,0.025000000372529,0.0130000002682209,0.0179999992251396,0,0.0179999992251396
"2013-10-08",0.0329999998211861,0.0520000010728836,0.0299999993294477,0.0450000017881393,0,0.0450000017881393
"2013-10-09",0.0480000004172325,0.0480000004172325,0.0350000001490116,0.0370000004768372,0,0.0370000004768372
"2013-10-10",0.0350000001490116,0.0430000014603138,0.0329999998211861,0.0399999991059303,0,0.0399999991059303
"2013-10-11",0.0399999991059303,0.0719999969005585,0.0399999991059303,0.063000001013279,0,0.063000001013279
"2013-10-14",0.0579999983310699,0.0579999983310699,0.0579999983310699,0.0579999983310699,0,0.0579999983310699
"2013-10-15",0.0500000007450581,0.0949999988079071,0.0500000007450581,0.0920000001788139,0,0.0920000001788139
"2013-10-16",0.135000005364418,0.135000005364418,0.0799999982118607,0.0920000001788139,0,0.0920000001788139
"2013-10-17",0.0430000014603138,0.0500000007450581,0.0350000001490116,0.0370000004768372,0,0.0370000004768372
"2013-10-18",0.0399999991059303,0.0399999991059303,0.0219999998807907,0.025000000372529,0,0.025000000372529
"2013-10-21",0.025000000372529,0.025000000372529,0.0219999998807907,0.025000000372529,0,0.025000000372529
"2013-10-22",0.0329999998211861,0.0350000001490116,0.0280000008642673,0.0329999998211861,0,0.0329999998211861
"2013-10-23",0.0299999993294477,0.0299999993294477,0.0299999993294477,0.0299999993294477,0,0.0299999993294477
"2013-10-24",0.0299999993294477,0.0350000001490116,0.0299999993294477,0.0299999993294477,0,0.0299999993294477
"2013-10-25",0.0299999993294477,0.0299999993294477,0.0299999993294477,0.0299999993294477,0,0.0299999993294477
"2013-10-28",0.0299999993294477,0.0350000001490116,0.0199999995529652,0.0199999995529652,0,0.0199999995529652
"2013-10-29",0.0350000001490116,0.0430000014603138,0.0329999998211861,0.0399999991059303,0,0.0399999991059303
"2013-10-30",0.0350000001490116,0.0370000004768372,0.0350000001490116,0.0350000001490116,0,0.0350000001490116
"2013-10-31",0.0329999998211861,0.0329999998211861,0.0280000008642673,0.0329999998211861,0,0.0329999998211861
"2013-11-01",0.0329999998211861,0.0350000001490116,0.0299999993294477,0.0329999998211861,0,0.0329999998211861
"2013-11-04",0.0350000001490116,0.0350000001490116,0.0329999998211861,0.0329999998211861,0,0.0329999998211861
"2013-11-05",0.0450000017881393,0.0450000017881393,0.0450000017881393,0.0450000017881393,0,0.0450000017881393
"2013-11-06",0.0450000017881393,0.0480000004172325,0.0450000017881393,0.0450000017881393,0,0.0450000017881393
"2013-11-07",0.0450000017881393,0.0480000004172325,0.0450000017881393,0.0480000004172325,0,0.0480000004172325
"2013-11-08",0.0500000007450581,0.0549999997019768,0.0500000007450581,0.0520000010728836,0,0.0520000010728836
"2013-11-11",0.0520000010728836,0.0520000010728836,0.0520000010728836,0.0520000010728836,0,0.0520000010728836
"2013-11-12",0.0520000010728836,0.0579999983310699,0.0520000010728836,0.0579999983310699,0,0.0579999983310699
"2013-11-13",0.0700000002980232,0.0700000002980232,0.0700000002980232,0.0700000002980232,0,0.0700000002980232
"2013-11-14",0.068000003695488,0.068000003695488,0.0649999976158142,0.068000003695488,0,0.068000003695488
"2013-11-15",0.068000003695488,0.0700000002980232,0.068000003695488,0.0700000002980232,0,0.0700000002980232
"2013-11-18",0.068000003695488,0.0700000002980232,0.0649999976158142,0.0649999976158142,0,0.0649999976158142
"2013-11-19",0.0769999995827675,0.0799999982118607,0.0750000029802322,0.0799999982118607,0,0.0799999982118607
"2013-11-20",0.0829999968409538,0.0829999968409538,0.0750000029802322,0.0769999995827675,0,0.0769999995827675
"2013-11-21",0.0719999969005585,0.0750000029802322,0.068000003695488,0.0700000002980232,0,0.0700000002980232
"2013-11-22",0.0700000002980232,0.0700000002980232,0.0649999976158142,0.0649999976158142,0,0.0649999976158142
"2013-11-25",0.0700000002980232,0.0700000002980232,0.0599999986588955,0.0599999986588955,0,0.0599999986588955
"2013-11-26",0.0649999976158142,0.068000003695488,0.0649999976158142,0.068000003695488,0,0.068000003695488
"2013-11-27",0.068000003695488,0.068000003695488,0.063000001013279,0.063000001013279,0,0.063000001013279
"2013-11-29",0.0579999983310699,0.0579999983310699,0.0549999997019768,0.0549999997019768,0,0.0549999997019768
"2013-12-02",0.0549999997019768,0.0549999997019768,0.0500000007450581,0.0500000007450581,0,0.0500000007450581
"2013-12-03",0.0500000007450581,0.0500000007450581,0.0350000001490116,0.0350000001490116,0,0.0350000001490116
"2013-12-04",0.0549999997019768,0.0579999983310699,0.0520000010728836,0.0520000010728836,0,0.0520000010728836
"2013-12-05",0.0450000017881393,0.0500000007450581,0.0450000017881393,0.0480000004172325,0,0.0480000004172325
"2013-12-06",0.0500000007450581,0.0549999997019768,0.0500000007450581,0.0520000010728836,0,0.0520000010728836
"2013-12-09",0.0520000010728836,0.0549999997019768,0.0520000010728836,0.0520000010728836,0,0.0520000010728836
"2013-12-10",0.0649999976158142,0.0700000002980232,0.0649999976158142,0.0700000002980232,0,0.0700000002980232
"2013-12-11",0.068000003695488,0.068000003695488,0.0649999976158142,0.068000003695488,0,0.068000003695488
"2013-12-12",0.0649999976158142,0.0649999976158142,0.063000001013279,0.063000001013279,0,0.063000001013279
"2013-12-13",0.0599999986588955,0.0599999986588955,0.0579999983310699,0.0599999986588955,0,0.0599999986588955
"2013-12-16",0.0599999986588955,0.0599999986588955,0.0579999983310699,0.0579999983310699,0,0.0579999983310699
"2013-12-17",0.063000001013279,0.063000001013279,0.063000001013279,0.063000001013279,0,0.063000001013279
"2013-12-18",0.0599999986588955,0.0649999976158142,0.0599999986588955,0.0599999986588955,0,0.0599999986588955
"2013-12-19",0.0579999983310699,0.0599999986588955,0.0579999983310699,0.0579999983310699,0,0.0579999983310699
"2013-12-20",0.0579999983310699,0.0599999986588955,0.0549999997019768,0.0549999997019768,0,0.0549999997019768
"2013-12-23",0.0549999997019768,0.0579999983310699,0.0520000010728836,0.0579999983310699,0,0.0579999983310699
"2013-12-24",0.068000003695488,0.0700000002980232,0.0649999976158142,0.068000003695488,0,0.068000003695488
"2013-12-26",0.0649999976158142,0.068000003695488,0.0579999983310699,0.0599999986588955,0,0.0599999986588955
"2013-12-27",0.0599999986588955,0.0599999986588955,0.0579999983310699,0.0579999983310699,0,0.0579999983310699
"2013-12-30",0.0520000010728836,0.0549999997019768,0.0520000010728836,0.0549999997019768,0,0.0549999997019768
"2013-12-31",0.0599999986588955,0.0649999976158142,0.0549999997019768,0.063000001013279,0,0.063000001013279
"2014-01-02",0.0599999986588955,0.0599999986588955,0.0549999997019768,0.0579999983310699,0,0.0579999983310699
"2014-01-03",0.0599999986588955,0.0599999986588955,0.0579999983310699,0.0579999983310699,0,0.0579999983310699
"2014-01-06",0.0549999997019768,0.0549999997019768,0.0450000017881393,0.0450000017881393,0,0.0450000017881393
"2014-01-07",0.0480000004172325,0.0480000004172325,0.0399999991059303,0.0430000014603138,0,0.0430000014603138
"2014-01-08",0.0370000004768372,0.0430000014603138,0.0350000001490116,0.0399999991059303,0,0.0399999991059303
"2014-01-09",0.0350000001490116,0.0350000001490116,0.0299999993294477,0.0329999998211861,0,0.0329999998211861
"2014-01-10",0.0350000001490116,0.0350000001490116,0.0329999998211861,0.0329999998211861,0,0.0329999998211861
"2014-01-13",0.0350000001490116,0.0350000001490116,0.0280000008642673,0.0299999993294477,0,0.0299999993294477
"2014-01-14",0.0329999998211861,0.0350000001490116,0.0329999998211861,0.0329999998211861,0,0.0329999998211861
"2014-01-15",0.0350000001490116,0.0430000014603138,0.0350000001490116,0.0350000001490116,0,0.0350000001490116
"2014-01-16",0.0299999993294477,0.0299999993294477,0.0299999993294477,0.0299999993294477,0,0.0299999993294477
"2014-01-17",0.0299999993294477,0.0329999998211861,0.0299999993294477,0.0299999993294477,0,0.0299999993294477
"2014-01-21",0.0329999998211861,0.0329999998211861,0.025000000372529,0.0280000008642673,0,0.0280000008642673
"2014-01-22",0.0329999998211861,0.0350000001490116,0.0299999993294477,0.0299999993294477,0,0.0299999993294477
"2014-01-23",0.0299999993294477,0.0329999998211861,0.0299999993294477,0.0299999993294477,0,0.0299999993294477
"2014-01-24",0.0299999993294477,0.0480000004172325,0.0299999993294477,0.0329999998211861,0,0.0329999998211861
"2014-01-27",0.0480000004172325,0.0520000010728836,0.0450000017881393,0.0480000004172325,0,0.0480000004172325
"2014-01-28",0.0450000017881393,0.0480000004172325,0.0430000014603138,0.0450000017881393,0,0.0450000017881393
"2014-01-29",0.0450000017881393,0.0450000017881393,0.0370000004768372,0.0399999991059303,0,0.0399999991059303
"2014-01-30",0.0299999993294477,0.0299999993294477,0.0130000002682209,0.0149999996647239,0,0.0149999996647239
"2014-01-31",0.0149999996647239,0.0149999996647239,0.00700000021606684,0.00999999977648258,0,0.00999999977648258
"2014-02-03",0.0130000002682209,0.0199999995529652,0.0130000002682209,0.0199999995529652,0,0.0199999995529652
"2014-02-04",0.0520000010728836,0.0579999983310699,0.0500000007450581,0.0549999997019768,0,0.0549999997019768
"2014-02-05",0.0520000010728836,0.0549999997019768,0.0500000007450581,0.0549999997019768,0,0.0549999997019768
"2014-02-06",0.0520000010728836,0.0750000029802322,0.0480000004172325,0.0599999986588955,0,0.0599999986588955
"2014-02-07",0.063000001013279,0.0750000029802322,0.0599999986588955,0.0719999969005585,0,0.0719999969005585
"2014-02-10",0.0769999995827675,0.0829999968409538,0.0549999997019768,0.0549999997019768,0,0.0549999997019768
"2014-02-11",0.0450000017881393,0.0500000007450581,0.0430000014603138,0.0450000017881393,0,0.0450000017881393
"2014-02-12",0.0480000004172325,0.0480000004172325,0.0430000014603138,0.0430000014603138,0,0.0430000014603138
"2014-02-13",0.025000000372529,0.0280000008642673,0.00999999977648258,0.025000000372529,0,0.025000000372529
"2014-02-14",0.0199999995529652,0.025000000372529,0.00700000021606684,0.00999999977648258,0,0.00999999977648258
"2014-02-18",0.0149999996647239,0.0219999998807907,0.0149999996647239,0.0149999996647239,0,0.0149999996647239
"2014-02-19",0.0450000017881393,0.0450000017881393,0.0450000017881393,0.0450000017881393,0,0.0450000017881393
"2014-02-20",0.0450000017881393,0.0450000017881393,0.0399999991059303,0.0399999991059303,0,0.0399999991059303
"2014-02-21",0.0399999991059303,0.0399999991059303,0.0350000001490116,0.0350000001490116,0,0.0350000001490116
"2014-02-24",0.0350000001490116,0.0350000001490116,0.0329999998211861,0.0329999998211861,0,0.0329999998211861
"2014-02-25",0.0329999998211861,0.0430000014603138,0.0329999998211861,0.0399999991059303,0,0.0399999991059303
"2014-02-26",0.0399999991059303,0.0399999991059303,0.0399999991059303,0.0399999991059303,0,0.0399999991059303
"2014-02-27",0.0370000004768372,0.0370000004768372,0.0350000001490116,0.0350000001490116,0,0.0350000001490116
"2014-02-28",0.0350000001490116,0.0430000014603138,0.0350000001490116,0.0430000014603138,0,0.0430000014603138
"2014-03-03",0.0399999991059303,0.0450000017881393,0.0399999991059303,0.0430000014603138,0,0.0430000014603138
"2014-03-04",0.0450000017881393,0.0480000004172325,0.0450000017881393,0.0480000004172325,0,0.0480000004172325
"2014-03-05",0.0500000007450581,0.0500000007450581,0.0500000007450581,0.0500000007450581,0,0.0500000007450581
"2014-03-06",0.0450000017881393,0.0450000017881393,0.0450000017881393,0.0450000017881393,0,0.0450000017881393
"2014-03-07",0.0450000017881393,0.0450000017881393,0.0450000017881393,0.0450000017881393,0,0.0450000017881393
"2014-03-10",0.0450000017881393,0.0450000017881393,0.0399999991059303,0.0399999991059303,0,0.0399999991059303
"2014-03-11",0.0450000017881393,0.0450000017881393,0.0450000017881393,0.0450000017881393,0,0.0450000017881393
"2014-03-12",0.0450000017881393,0.0450000017881393,0.0399999991059303,0.0399999991059303,0,0.0399999991059303
"2014-03-13",0.0399999991059303,0.0399999991059303,0.0370000004768372,0.0399999991059303,0,0.0399999991059303
"2014-03-14",0.0399999991059303,0.0399999991059303,0.0399999991059303,0.0399999991059303,0,0.0399999991059303
"2014-03-17",0.0430000014603138,0.0430000014603138,0.0430000014603138,0.0430000014603138,0,0.0430000014603138
"2014-03-18",0.0500000007450581,0.0500000007450581,0.0500000007450581,0.0500000007450581,0,0.0500000007450581
"2014-03-19",0.0500000007450581,0.0520000010728836,0.0480000004172325,0.0500000007450581,0,0.0500000007450581
"2014-03-20",0.0480000004172325,0.0520000010728836,0.0480000004172325,0.0520000010728836,0,0.0520000010728836
"2014-03-21",0.0500000007450581,0.0500000007450581,0.0450000017881393,0.0450000017881393,0,0.0450000017881393
"2014-03-24",0.0480000004172325,0.0480000004172325,0.0430000014603138,0.0430000014603138,0,0.0430000014603138
"2014-03-25",0.0450000017881393,0.0450000017881393,0.0399999991059303,0.0450000017881393,0,0.0450000017881393
"2014-03-26",0.0399999991059303,0.0399999991059303,0.0350000001490116,0.0370000004768372,0,0.0370000004768372
"2014-03-27",0.0350000001490116,0.0350000001490116,0.0329999998211861,0.0329999998211861,0,0.0329999998211861
"2014-03-28",0.0280000008642673,0.0329999998211861,0.0280000008642673,0.0329999998211861,0,0.0329999998211861
"2014-03-31",0.0329999998211861,0.0350000001490116,0.0280000008642673,0.0280000008642673,0,0.0280000008642673
"2014-04-01",0.0399999991059303,0.0399999991059303,0.0299999993294477,0.0299999993294477,0,0.0299999993294477
"2014-04-02",0.0280000008642673,0.0280000008642673,0.0179999992251396,0.0179999992251396,0,0.0179999992251396
"2014-04-03",0.00999999977648258,0.0149999996647239,0.00999999977648258,0.0149999996647239,0,0.0149999996647239
"2014-04-04",0.0149999996647239,0.0219999998807907,0.0149999996647239,0.0199999995529652,0,0.0199999995529652
"2014-04-07",0.0199999995529652,0.0199999995529652,0.0199999995529652,0.0199999995529652,0,0.0199999995529652
"2014-04-08",0.0280000008642673,0.0280000008642673,0.025000000372529,0.025000000372529,0,0.025000000372529
"2014-04-09",0.025000000372529,0.0299999993294477,0.025000000372529,0.0280000008642673,0,0.0280000008642673
"2014-04-10",0.025000000372529,0.0280000008642673,0.025000000372529,0.0280000008642673,0,0.0280000008642673
"2014-04-11",0.0299999993294477,0.0299999993294477,0.0280000008642673,0.0299999993294477,0,0.0299999993294477
"2014-04-14",0.0299999993294477,0.0299999993294477,0.0299999993294477,0.0299999993294477,0,0.0299999993294477
"2014-04-15",0.0280000008642673,0.0299999993294477,0.0280000008642673,0.0299999993294477,0,0.0299999993294477
"2014-04-16",0.0299999993294477,0.0299999993294477,0.025000000372529,0.025000000372529,0,0.025000000372529
"2014-04-17",0.025000000372529,0.025000000372529,0.0219999998807907,0.025000000372529,0,0.025000000372529
"2014-04-21",0.025000000372529,0.025000000372529,0.025000000372529,0.025000000372529,0,0.025000000372529
"2014-04-22",0.025000000372529,0.025000000372529,0.025000000372529,0.025000000372529,0,0.025000000372529
"2014-04-23",0.025000000372529,0.025000000372529,0.0149999996647239,0.0149999996647239,0,0.0149999996647239
"2014-04-24",0.0149999996647239,0.0149999996647239,0.00300000002607703,0.00700000021606684,0,0.00700000021606684
"2014-04-25",0.00999999977648258,0.00999999977648258,0.00700000021606684,0.00700000021606684,0,0.00700000021606684
"2014-04-28",0.00499999988824129,0.00499999988824129,0.00300000002607703,0.00300000002607703,0,0.00300000002607703
"2014-04-29",0.0149999996647239,0.0199999995529652,0.0149999996647239,0.0149999996647239,0,0.0149999996647239
"2014-04-30",0.0149999996647239,0.0199999995529652,0.0149999996647239,0.0199999995529652,0,0.0199999995529652
"2014-05-01",0.0199999995529652,0.0199999995529652,0.0179999992251396,0.0179999992251396,0,0.0179999992251396
"2014-05-02",0.0199999995529652,0.0219999998807907,0.0149999996647239,0.0149999996647239,0,0.0149999996647239
"2014-05-05",0.0149999996647239,0.0179999992251396,0.0149999996647239,0.0149999996647239,0,0.0149999996647239
"2014-05-06",0.0199999995529652,0.0219999998807907,0.0199999995529652,0.0199999995529652,0,0.0199999995529652
"2014-05-07",0.0199999995529652,0.0199999995529652,0.0199999995529652,0.0199999995529652,0,0.0199999995529652
"2014-05-08",0.0199999995529652,0.0219999998807907,0.0199999995529652,0.0219999998807907,0,0.0219999998807907
"2014-05-09",0.0219999998807907,0.0219999998807907,0.0199999995529652,0.0219999998807907,0,0.0219999998807907
"2014-05-12",0.0199999995529652,0.0219999998807907,0.0199999995529652,0.0199999995529652,0,0.0199999995529652
"2014-05-13",0.0199999995529652,0.0199999995529652,0.0199999995529652,0.0199999995529652,0,0.0199999995529652
"2014-05-14",0.0199999995529652,0.0199999995529652,0.0199999995529652,0.0199999995529652,0,0.0199999995529652
"2014-05-15",0.0199999995529652,0.0199999995529652,0.0179999992251396,0.0179999992251396,0,0.0179999992251396
"2014-05-16",0.0149999996647239,0.0179999992251396,0.0149999996647239,0.0149999996647239,0,0.0149999996647239
"2014-05-19",0.0149999996647239,0.0199999995529652,0.0149999996647239,0.0179999992251396,0,0.0179999992251396
"2014-05-20",0.025000000372529,0.025000000372529,0.0219999998807907,0.025000000372529,0,0.025000000372529
"2014-05-21",0.025000000372529,0.025000000372529,0.025000000372529,0.025000000372529,0,0.025000000372529
"2014-05-22",0.0280000008642673,0.0280000008642673,0.025000000372529,0.0280000008642673,0,0.0280000008642673
"2014-05-23",0.0280000008642673,0.0280000008642673,0.0280000008642673,0.0280000008642673,0,0.0280000008642673
"2014-05-27",0.025000000372529,0.0280000008642673,0.025000000372529,0.0280000008642673,0,0.0280000008642673
"2014-05-28",0.0299999993294477,0.0299999993294477,0.0280000008642673,0.0280000008642673,0,0.0280000008642673
"2014-05-29",0.0299999993294477,0.0299999993294477,0.0299999993294477,0.0299999993294477,0,0.0299999993294477
"2014-05-30",0.0299999993294477,0.0299999993294477,0.0299999993294477,0.0299999993294477,0,0.0299999993294477
"2014-06-02",0.0299999993294477,0.0299999993294477,0.025000000372529,0.025000000372529,0,0.025000000372529
"2014-06-03",0.0299999993294477,0.0299999993294477,0.0299999993294477,0.0299999993294477,0,0.0299999993294477
"2014-06-04",0.0299999993294477,0.0299999993294477,0.0280000008642673,0.0299999993294477,0,0.0299999993294477
"2014-06-05",0.0299999993294477,0.0299999993294477,0.0280000008642673,0.0299999993294477,0,0.0299999993294477
"2014-06-06",0.0299999993294477,0.0299999993294477,0.0280000008642673,0.0280000008642673,0,0.0280000008642673
"2014-06-09",0.0299999993294477,0.0299999993294477,0.0299999993294477,0.0299999993294477,0,0.0299999993294477
"2014-06-10",0.0299999993294477,0.0350000001490116,0.0299999993294477,0.0350000001490116,0,0.0350000001490116
"2014-06-11",0.0329999998211861,0.0350000001490116,0.0299999993294477,0.0329999998211861,0,0.0329999998211861
"2014-06-12",0.0329999998211861,0.0350000001490116,0.0329999998211861,0.0329999998211861,0,0.0329999998211861
"2014-06-13",0.0350000001490116,0.0350000001490116,0.0299999993294477,0.0299999993294477,0,0.0299999993294477
"2014-06-16",0.0299999993294477,0.0299999993294477,0.0219999998807907,0.025000000372529,0,0.025000000372529
"2014-06-17",0.0350000001490116,0.0350000001490116,0.0329999998211861,0.0329999998211861,0,0.0329999998211861
"2014-06-18",0.0350000001490116,0.0350000001490116,0.0179999992251396,0.0179999992251396,0,0.0179999992251396
"2014-06-19",0.0179999992251396,0.0179999992251396,0.00999999977648258,0.00999999977648258,0,0.00999999977648258
"2014-06-20",0.0130000002682209,0.0130000002682209,0.00999999977648258,0.00999999977648258,0,0.00999999977648258
"2014-06-23",0.0130000002682209,0.0130000002682209,0.00499999988824129,0.00499999988824129,0,0.00499999988824129
"2014-06-24",0.0199999995529652,0.025000000372529,0.0199999995529652,0.0219999998807907,0,0.0219999998807907
"2014-06-25",0.0199999995529652,0.0219999998807907,0.0179999992251396,0.0199999995529652,0,0.0199999995529652
"2014-06-26",0.0179999992251396,0.025000000372529,0.0179999992251396,0.025000000372529,0,0.025000000372529
"2014-06-27",0.0199999995529652,0.0219999998807907,0.0179999992251396,0.0179999992251396,0,0.0179999992251396
"2014-06-30",0.0199999995529652,0.0219999998807907,0.0199999995529652,0.0199999995529652,0,0.0199999995529652
"2014-07-01",0.0329999998211861,0.0329999998211861,0.0219999998807907,0.025000000372529,0,0.025000000372529
"2014-07-02",0.0199999995529652,0.0199999995529652,0.00499999988824129,0.00700000021606684,0,0.00700000021606684
"2014-07-03",0.00499999988824129,0.00700000021606684,0.00300000002607703,0.00300000002607703,0,0.00300000002607703
"2014-07-07",0.00499999988824129,0.00999999977648258,0.00499999988824129,0.00700000021606684,0,0.00700000021606684
"2014-07-08",0.025000000372529,0.025000000372529,0.025000000372529,0.025000000372529,0,0.025000000372529
"2014-07-09",0.025000000372529,0.025000000372529,0.0149999996647239,0.0149999996647239,0,0.0149999996647239
"2014-07-10",0.0149999996647239,0.0179999992251396,0.0130000002682209,0.0149999996647239,0,0.0149999996647239
"2014-07-11",0.0149999996647239,0.0149999996647239,0.0149999996647239,0.0149999996647239,0,0.0149999996647239
"2014-07-14",0.0149999996647239,0.0149999996647239,0.0149999996647239,0.0149999996647239,0,0.0149999996647239
"2014-07-15",0.0199999995529652,0.0199999995529652,0.0179999992251396,0.0199999995529652,0,0.0199999995529652
"2014-07-16",0.0199999995529652,0.0219999998807907,0.0179999992251396,0.0179999992251396,0,0.0179999992251396
"2014-07-17",0.0149999996647239,0.0149999996647239,0.00700000021606684,0.00700000021606684,0,0.00700000021606684
"2014-07-18",0.00999999977648258,0.0130000002682209,0.00999999977648258,0.00999999977648258,0,0.00999999977648258
"2014-07-21",0.00999999977648258,0.0149999996647239,0.00999999977648258,0.0130000002682209,0,0.0130000002682209
"2014-07-22",0.0199999995529652,0.0199999995529652,0.0199999995529652,0.0199999995529652,0,0.0199999995529652
"2014-07-23",0.0199999995529652,0.025000000372529,0.0199999995529652,0.0199999995529652,0,0.0199999995529652
"2014-07-24",0.0199999995529652,0.0199999995529652,0.0199999995529652,0.0199999995529652,0,0.0199999995529652
"2014-07-25",0.0199999995529652,0.0199999995529652,0.0199999995529652,0.0199999995529652,0,0.0199999995529652
"2014-07-28",0.0219999998807907,0.025000000372529,0.0219999998807907,0.025000000372529,0,0.025000000372529
"2014-07-29",0.0299999993294477,0.0299999993294477,0.0280000008642673,0.0280000008642673,0,0.0280000008642673
"2014-07-30",0.0299999993294477,0.0299999993294477,0.0280000008642673,0.0280000008642673,0,0.0280000008642673
"2014-07-31",0.0199999995529652,0.0199999995529652,0.0179999992251396,0.0179999992251396,0,0.0179999992251396
"2014-08-01",0.0199999995529652,0.0199999995529652,0.0149999996647239,0.0179999992251396,0,0.0179999992251396
"2014-08-04",0.0149999996647239,0.0149999996647239,0.0149999996647239,0.0149999996647239,0,0.0149999996647239
"2014-08-05",0.025000000372529,0.025000000372529,0.0219999998807907,0.025000000372529,0,0.025000000372529
"2014-08-06",0.0219999998807907,0.0219999998807907,0.0199999995529652,0.0199999995529652,0,0.0199999995529652
"2014-08-07",0.0199999995529652,0.0199999995529652,0.0179999992251396,0.0199999995529652,0,0.0199999995529652
"2014-08-08",0.0199999995529652,0.0199999995529652,0.0199999995529652,0.0199999995529652,0,0.0199999995529652
"2014-08-11",0.0199999995529652,0.025000000372529,0.0199999995529652,0.025000000372529,0,0.025000000372529
"2014-08-12",0.025000000372529,0.0299999993294477,0.025000000372529,0.025000000372529,0,0.025000000372529
"2014-08-13",0.0280000008642673,0.0299999993294477,0.025000000372529,0.0299999993294477,0,0.0299999993294477
"2014-08-14",0.0299999993294477,0.0299999993294477,0.0280000008642673,0.0280000008642673,0,0.0280000008642673
"2014-08-15",0.0280000008642673,0.0280000008642673,0.0219999998807907,0.0219999998807907,0,0.0219999998807907
"2014-08-18",0.0219999998807907,0.025000000372529,0.0219999998807907,0.0219999998807907,0,0.0219999998807907
"2014-08-19",0.025000000372529,0.025000000372529,0.025000000372529,0.025000000372529,0,0.025000000372529
"2014-08-20",0.025000000372529,0.025000000372529,0.025000000372529,0.025000000372529,0,0.025000000372529
"2014-08-21",0.0199999995529652,0.0199999995529652,0.00999999977648258,0.0149999996647239,0,0.0149999996647239
"2014-08-22",0.0130000002682209,0.0149999996647239,0.00999999977648258,0.0149999996647239,0,0.0149999996647239
"2014-08-25",0.0149999996647239,0.0149999996647239,0.00999999977648258,0.0149999996647239,0,0.0149999996647239
"2014-08-26",0.025000000372529,0.025000000372529,0.0219999998807907,0.025000000372529,0,0.025000000372529
"2014-08-27",0.025000000372529,0.025000000372529,0.025000000372529,0.025000000372529,0,0.025000000372529
"2014-08-28",0.025000000372529,0.025000000372529,0.0219999998807907,0.0219999998807907,0,0.0219999998807907
"2014-08-29",0.0199999995529652,0.0199999995529652,0.0179999992251396,0.0179999992251396,0,0.0179999992251396
"2014-09-02",0.025000000372529,0.025000000372529,0.0179999992251396,0.0199999995529652,0,0.0199999995529652
"2014-09-03",0.0199999995529652,0.0199999995529652,0.0199999995529652,0.0199999995529652,0,0.0199999995529652
"2014-09-04",0.0179999992251396,0.0219999998807907,0.0179999992251396,0.0199999995529652,0,0.0199999995529652
"2014-09-05",0.0219999998807907,0.0219999998807907,0.0179999992251396,0.0199999995529652,0,0.0199999995529652
"2014-09-08",0.0219999998807907,0.0219999998807907,0.0179999992251396,0.0199999995529652,0,0.0199999995529652
"2014-09-09",0.0179999992251396,0.0179999992251396,0.0130000002682209,0.0149999996647239,0,0.0149999996647239
"2014-09-10",0.0149999996647239,0.0149999996647239,0.0130000002682209,0.0149999996647239,0,0.0149999996647239
"2014-09-11",0.00999999977648258,0.00999999977648258,0.00700000021606684,0.00999999977648258,0,0.00999999977648258
"2014-09-12",0.00999999977648258,0.00999999977648258,0.00999999977648258,0.00999999977648258,0,0.00999999977648258
"2014-09-15",0.00999999977648258,0.00999999977648258,0.00999999977648258,0.00999999977648258,0,0.00999999977648258
"2014-09-16",0.0130000002682209,0.0149999996647239,0.0130000002682209,0.0149999996647239,0,0.0149999996647239
"2014-09-17",0.0149999996647239,0.0149999996647239,0.0130000002682209,0.0130000002682209,0,0.0130000002682209
"2014-09-18",0.0130000002682209,0.0130000002682209,0.00700000021606684,0.00999999977648258,0,0.00999999977648258
"2014-09-19",0.00999999977648258,0.00999999977648258,0.00499999988824129,0.00700000021606684,0,0.00700000021606684
"2014-09-22",0.00700000021606684,0.00999999977648258,0.00300000002607703,0.00300000002607703,0,0.00300000002607703
"2014-09-23",0.00499999988824129,0.00700000021606684,0.00499999988824129,0.00700000021606684,0,0.00700000021606684
"2014-09-24",0.00499999988824129,0.00999999977648258,0.00499999988824129,0.00700000021606684,0,0.00700000021606684
"2014-09-25",0.00700000021606684,0.00700000021606684,0.00300000002607703,0.00499999988824129,0,0.00499999988824129
"2014-09-26",0.00300000002607703,0.00700000021606684,0.00300000002607703,0.00499999988824129,0,0.00499999988824129
"2014-09-29",0.00300000002607703,0.00499999988824129,0.00300000002607703,0.00499999988824129,0,0.00499999988824129
"2014-09-30",0.00999999977648258,0.0219999998807907,0.00999999977648258,0.0130000002682209,0,0.0130000002682209
"2014-10-01",0.0149999996647239,0.0149999996647239,0.00999999977648258,0.0130000002682209,0,0.0130000002682209
"2014-10-02",0.00999999977648258,0.00999999977648258,0.00700000021606684,0.00999999977648258,0,0.00999999977648258
"2014-10-03",0.00999999977648258,0.0149999996647239,0.00700000021606684,0.00999999977648258,0,0.00999999977648258
"2014-10-06",0.00999999977648258,0.00999999977648258,0.00700000021606684,0.00999999977648258,0,0.00999999977648258
"2014-10-07",0.00999999977648258,0.00999999977648258,0.00700000021606684,0.00999999977648258,0,0.00999999977648258
"2014-10-08",0.00700000021606684,0.00999999977648258,0.00300000002607703,0.00499999988824129,0,0.00499999988824129
"2014-10-09",0.00300000002607703,0.00999999977648258,0.00300000002607703,0.00499999988824129,0,0.00499999988824129
"2014-10-10",0.00499999988824129,0.00499999988824129,0.00300000002607703,0.00499999988824129,0,0.00499999988824129
"2014-10-13",0.00499999988824129,0.00499999988824129,0.00499999988824129,0.00499999988824129,0,0.00499999988824129
"2014-10-14",0.00300000002607703,0.00499999988824129,0.00300000002607703,0.00499999988824129,0,0.00499999988824129
"2014-10-15",0.00999999977648258,0.00999999977648258,0.00700000021606684,0.00999999977648258,0,0.00999999977648258
"2014-10-16",0.0130000002682209,0.0199999995529652,0.0130000002682209,0.0199999995529652,0,0.0199999995529652
"2014-10-17",0.0199999995529652,0.0219999998807907,0.0199999995529652,0.0219999998807907,0,0.0219999998807907
"2014-10-20",0.0199999995529652,0.0199999995529652,0.0179999992251396,0.0199999995529652,0,0.0199999995529652
"2014-10-21",0.0179999992251396,0.0179999992251396,0.0179999992251396,0.0179999992251396,0,0.0179999992251396
"2014-10-22",0.0199999995529652,0.0199999995529652,0.0149999996647239,0.0149999996647239,0,0.0149999996647239
"2014-10-23",0.0149999996647239,0.0149999996647239,0.00300000002607703,0.0149999996647239,0,0.0149999996647239
"2014-10-24",0.0149999996647239,0.0149999996647239,0.00300000002607703,0.00499999988824129,0,0.00499999988824129
"2014-10-27",0.00499999988824129,0.00700000021606684,0.00499999988824129,0.00499999988824129,0,0.00499999988824129
"2014-10-28",0.0149999996647239,0.0149999996647239,0.0149999996647239,0.0149999996647239,0,0.0149999996647239
"2014-10-29",0.0149999996647239,0.0149999996647239,0.00999999977648258,0.0149999996647239,0,0.0149999996647239
"2014-10-30",0.00499999988824129,0.00499999988824129,0.00300000002607703,0.00300000002607703,0,0.00300000002607703
"2014-10-31",0.00300000002607703,0.00300000002607703,0.00300000002607703,0.00300000002607703,0,0.00300000002607703
"2014-11-03",0.00300000002607703,0.00300000002607703,0.00300000002607703,0.00300000002607703,0,0.00300000002607703
"2014-11-04",0.0130000002682209,0.0219999998807907,0.0130000002682209,0.0219999998807907,0,0.0219999998807907
"2014-11-05",0.0219999998807907,0.025000000372529,0.0199999995529652,0.0199999995529652,0,0.0199999995529652
"2014-11-06",0.0199999995529652,0.0199999995529652,0.0149999996647239,0.0179999992251396,0,0.0179999992251396
"2014-11-07",0.0179999992251396,0.0199999995529652,0.0149999996647239,0.0179999992251396,0,0.0179999992251396
"2014-11-10",0.0199999995529652,0.0199999995529652,0.0130000002682209,0.0149999996647239,0,0.0149999996647239
"2014-11-11",0.0149999996647239,0.0149999996647239,0.0149999996647239,0.0149999996647239,0,0.0149999996647239
"2014-11-12",0.0149999996647239,0.0149999996647239,0.00999999977648258,0.0130000002682209,0,0.0130000002682209
"2014-11-13",0.0130000002682209,0.0130000002682209,0.00300000002607703,0.00499999988824129,0,0.00499999988824129
"2014-11-14",0.00700000021606684,0.0130000002682209,0.00300000002607703,0.00300000002607703,0,0.00300000002607703
"2014-11-17",0.00999999977648258,0.00999999977648258,0.00300000002607703,0.00999999977648258,0,0.00999999977648258
"2014-11-18",0.0199999995529652,0.0199999995529652,0.0130000002682209,0.0149999996647239,0,0.0149999996647239
"2014-11-19",0.0149999996647239,0.0149999996647239,0.00300000002607703,0.0149999996647239,0,0.0149999996647239
"2014-11-20",0.0149999996647239,0.0149999996647239,0.00300000002607703,0.0149999996647239,0,0.0149999996647239
"2014-11-21",0.00300000002607703,0.00300000002607703,0.00300000002607703,0.00300000002607703,0,0.00300000002607703
"2014-11-24",0.0149999996647239,0.0149999996647239,0.00300000002607703,0.00499999988824129,0,0.00499999988824129
"2014-11-25",0.0149999996647239,0.0199999995529652,0.0149999996647239,0.0179999992251396,0,0.0179999992251396
"2014-11-26",0.0179999992251396,0.0179999992251396,0.00700000021606684,0.00999999977648258,0,0.00999999977648258
"2014-11-28",0.00499999988824129,0.00499999988824129,0.00499999988824129,0.00499999988824129,0,0.00499999988824129
"2014-12-01",0.00499999988824129,0.0130000002682209,0.00499999988824129,0.00700000021606684,0,0.00700000021606684
"2014-12-02",0.0199999995529652,0.0199999995529652,0.0149999996647239,0.0149999996647239,0,0.0149999996647239
"2014-12-03",0.0130000002682209,0.0149999996647239,0.00300000002607703,0.00499999988824129,0,0.00499999988824129
"2014-12-04",0.00499999988824129,0.0149999996647239,0.00300000002607703,0.0130000002682209,0,0.0130000002682209
"2014-12-05",0.0149999996647239,0.0149999996647239,0.00999999977648258,0.00999999977648258,0,0.00999999977648258
"2014-12-08",0.00999999977648258,0.00999999977648258,0.00300000002607703,0.00499999988824129,0,0.00499999988824129
"2014-12-09",0.0199999995529652,0.0280000008642673,0.0199999995529652,0.0280000008642673,0,0.0280000008642673
"2014-12-10",0.0280000008642673,0.0280000008642673,0.0219999998807907,0.025000000372529,0,0.025000000372529
"2014-12-11",0.0199999995529652,0.025000000372529,0.0199999995529652,0.0219999998807907,0,0.0219999998807907
"2014-12-12",0.025000000372529,0.025000000372529,0.0149999996647239,0.0149999996647239,0,0.0149999996647239
"2014-12-15",0.0149999996647239,0.0149999996647239,0.00999999977648258,0.00999999977648258,0,0.00999999977648258
"2014-12-16",0.025000000372529,0.0299999993294477,0.025000000372529,0.0299999993294477,0,0.0299999993294477
"2014-12-17",0.0299999993294477,0.0299999993294477,0.0179999992251396,0.0199999995529652,0,0.0199999995529652
"2014-12-18",0.0199999995529652,0.0350000001490116,0.0179999992251396,0.0329999998211861,0,0.0329999998211861
"2014-12-19",0.0299999993294477,0.0299999993294477,0.025000000372529,0.025000000372529,0,0.025000000372529
"2014-12-22",0.025000000372529,0.025000000372529,0.0149999996647239,0.0149999996647239,0,0.0149999996647239
"2014-12-23",0.0399999991059303,0.0399999991059303,0.0199999995529652,0.0199999995529652,0,0.0199999995529652
"2014-12-24",0.0179999992251396,0.0230000000447035,0.00300000002607703,0.0199999995529652,0,0.0199999995529652
"2014-12-26",0.00300000002607703,0.00999999977648258,0.00300000002607703,0.00999999977648258,0,0.00999999977648258
"2014-12-29",0.00300000002607703,0.00499999988824129,0.00300000002607703,0.00300000002607703,0,0.00300000002607703
"2014-12-30",0.0199999995529652,0.0199999995529652,0.0199999995529652,0.0199999995529652,0,0.0199999995529652
"2014-12-31",0.0219999998807907,0.0370000004768372,0.00999999977648258,0.0370000004768372,0,0.0370000004768372
"2015-01-02",0.0299999993294477,0.0299999993294477,0.0149999996647239,0.0149999996647239,0,0.0149999996647239
"2015-01-05",0.00800000037997961,0.0179999992251396,0.00300000002607703,0.00300000002607703,0,0.00300000002607703
"2015-01-06",0.0230000000447035,0.0230000000447035,0.0179999992251396,0.0199999995529652,0,0.0199999995529652
"2015-01-07",0.0230000000447035,0.025000000372529,0.0199999995529652,0.0199999995529652,0,0.0199999995529652
"2015-01-08",0.0199999995529652,0.0199999995529652,0.0149999996647239,0.0179999992251396,0,0.0179999992251396
"2015-01-09",0.0149999996647239,0.0179999992251396,0.0149999996647239,0.0149999996647239,0,0.0149999996647239
"2015-01-12",0.0149999996647239,0.0149999996647239,0.00999999977648258,0.0130000002682209,0,0.0130000002682209
"2015-01-13",0.0199999995529652,0.0230000000447035,0.0199999995529652,0.0230000000447035,0,0.0230000000447035
"2015-01-14",0.025000000372529,0.025000000372529,0.0230000000447035,0.025000000372529,0,0.025000000372529
"2015-01-15",0.0230000000447035,0.025000000372529,0.0199999995529652,0.0230000000447035,0,0.0230000000447035
"2015-01-16",0.0199999995529652,0.0230000000447035,0.0149999996647239,0.0179999992251396,0,0.0179999992251396
"2015-01-20",0.0149999996647239,0.0149999996647239,0.00800000037997961,0.00800000037997961,0,0.00800000037997961
"2015-01-21",0.0199999995529652,0.0230000000447035,0.0149999996647239,0.0199999995529652,0,0.0199999995529652
"2015-01-22",0.0199999995529652,0.0199999995529652,0.0130000002682209,0.0149999996647239,0,0.0149999996647239
"2015-01-23",0.0149999996647239,0.0149999996647239,0.00999999977648258,0.0130000002682209,0,0.0130000002682209
"2015-01-26",0.0130000002682209,0.0149999996647239,0.00300000002607703,0.00499999988824129,0,0.00499999988824129
"2015-01-27",0.00499999988824129,0.0179999992251396,0.00499999988824129,0.0179999992251396,0,0.0179999992251396
"2015-01-28",0.0149999996647239,0.0179999992251396,0.0149999996647239,0.0149999996647239,0,0.0149999996647239
"2015-01-29",0.0149999996647239,0.0149999996647239,0.00499999988824129,0.00999999977648258,0,0.00999999977648258
"2015-01-30",0.00499999988824129,0.00800000037997961,0.00300000002607703,0.00499999988824129,0,0.00499999988824129
"2015-02-02",0.00499999988824129,0.00800000037997961,0.00300000002607703,0.00499999988824129,0,0.00499999988824129
"2015-02-03",0.0130000002682209,0.0179999992251396,0.0130000002682209,0.0149999996647239,0,0.0149999996647239
"2015-02-04",0.0130000002682209,0.0130000002682209,0.00499999988824129,0.00499999988824129,0,0.00499999988824129
"2015-02-05",0.00499999988824129,0.00999999977648258,0.00499999988824129,0.00800000037997961,0,0.00800000037997961
"2015-02-06",0.00800000037997961,0.0199999995529652,0.00800000037997961,0.0149999996647239,0,0.0149999996647239
"2015-02-09",0.0149999996647239,0.0149999996647239,0.00300000002607703,0.00300000002607703,0,0.00300000002607703
"2015-02-10",0.00499999988824129,0.00499999988824129,0.00499999988824129,0.00499999988824129,0,0.00499999988824129
"2015-02-11",0.00499999988824129,0.00999999977648258,0.00499999988824129,0.00499999988824129,0,0.00499999988824129
"2015-02-12",0.00800000037997961,0.00999999977648258,0.00800000037997961,0.00800000037997961,0,0.00800000037997961
"2015-02-13",0.00499999988824129,0.00499999988824129,0.00300000002607703,0.00499999988824129,0,0.00499999988824129
"2015-02-17",0.00300000002607703,0.00800000037997961,0.00300000002607703,0.00800000037997961,0,0.00800000037997961
"2015-02-18",0.00999999977648258,0.0130000002682209,0.00999999977648258,0.0130000002682209,0,0.0130000002682209
"2015-02-19",0.00999999977648258,0.0130000002682209,0.00999999977648258,0.0130000002682209,0,0.0130000002682209
"2015-02-20",0.0149999996647239,0.0149999996647239,0.00999999977648258,0.00999999977648258,0,0.00999999977648258
"2015-02-23",0.00999999977648258,0.0149999996647239,0.00999999977648258,0.0149999996647239,0,0.0149999996647239
"2015-02-24",0.0149999996647239,0.0179999992251396,0.0130000002682209,0.0179999992251396,0,0.0179999992251396
"2015-02-25",0.0149999996647239,0.0179999992251396,0.0149999996647239,0.0149999996647239,0,0.0149999996647239
"2015-02-26",0.0130000002682209,0.0130000002682209,0.00999999977648258,0.0130000002682209,0,0.0130000002682209
"2015-02-27",0.00999999977648258,0.0130000002682209,0.00499999988824129,0.00800000037997961,0,0.00800000037997961
"2015-03-02",0.00999999977648258,0.00999999977648258,0.00499999988824129,0.00499999988824129,0,0.00499999988824129
"2015-03-03",0.0130000002682209,0.0130000002682209,0.0130000002682209,0.0130000002682209,0,0.0130000002682209
"2015-03-04",0.0130000002682209,0.0149999996647239,0.00999999977648258,0.00999999977648258,0,0.00999999977648258
"2015-03-05",0.00499999988824129,0.00499999988824129,0.00300000002607703,0.00300000002607703,0,0.00300000002607703
"2015-03-06",0.00499999988824129,0.00999999977648258,0.00300000002607703,0.00499999988824129,0,0.00499999988824129
"2015-03-09",0.00499999988824129,0.00499999988824129,0.00300000002607703,0.00499999988824129,0,0.00499999988824129
"2015-03-10",0.00999999977648258,0.00999999977648258,0.00999999977648258,0.00999999977648258,0,0.00999999977648258
"2015-03-11",0.0130000002682209,0.0130000002682209,0.00999999977648258,0.0130000002682209,0,0.0130000002682209
"2015-03-12",0.0149999996647239,0.0179999992251396,0.0149999996647239,0.0179999992251396,0,0.0179999992251396
"2015-03-13",0.0199999995529652,0.0230000000447035,0.0179999992251396,0.0230000000447035,0,0.0230000000447035
"2015-03-16",0.025000000372529,0.0299999993294477,0.0230000000447035,0.0299999993294477,0,0.0299999993294477
"2015-03-17",0.0350000001490116,0.0500000007450581,0.0350000001490116,0.0480000004172325,0,0.0480000004172325
"2015-03-18",0.0480000004172325,0.0480000004172325,0.0350000001490116,0.0379999987781048,0,0.0379999987781048
"2015-03-19",0.00999999977648258,0.0130000002682209,0.00800000037997961,0.00999999977648258,0,0.00999999977648258
"2015-03-20",0.00499999988824129,0.00499999988824129,0.00300000002607703,0.00300000002607703,0,0.00300000002607703
"2015-03-23",0.00300000002607703,0.00499999988824129,0.00300000002607703,0.00300000002607703,0,0.00300000002607703
"2015-03-24",0.0130000002682209,0.0149999996647239,0.0130000002682209,0.0149999996647239,0,0.0149999996647239
"2015-03-25",0.0149999996647239,0.0179999992251396,0.0149999996647239,0.0179999992251396,0,0.0179999992251396
"2015-03-26",0.0230000000447035,0.0299999993294477,0.0230000000447035,0.0280000008642673,0,0.0280000008642673
"2015-03-27",0.025000000372529,0.0299999993294477,0.0199999995529652,0.0299999993294477,0,0.0299999993294477
"2015-03-30",0.0280000008642673,0.0299999993294477,0.0230000000447035,0.0230000000447035,0,0.0230000000447035
"2015-03-31",0.0299999993294477,0.0350000001490116,0.025000000372529,0.025000000372529,0,0.025000000372529
"2015-04-01",0.0280000008642673,0.0329999998211861,0.025000000372529,0.0329999998211861,0,0.0329999998211861
"2015-04-02",0.0149999996647239,0.0179999992251396,0.00999999977648258,0.00999999977648258,0,0.00999999977648258
"2015-04-06",0.00999999977648258,0.00999999977648258,0.00300000002607703,0.00300000002607703,0,0.00300000002607703
"2015-04-07",0.0149999996647239,0.0149999996647239,0.0149999996647239,0.0149999996647239,0,0.0149999996647239
"2015-04-08",0.0149999996647239,0.0179999992251396,0.0149999996647239,0.0179999992251396,0,0.0179999992251396
"2015-04-09",0.0199999995529652,0.0199999995529652,0.0199999995529652,0.0199999995529652,0,0.0199999995529652
"2015-04-10",0.0199999995529652,0.0199999995529652,0.0130000002682209,0.0149999996647239,0,0.0149999996647239
"2015-04-13",0.0149999996647239,0.0149999996647239,0.00499999988824129,0.00499999988824129,0,0.00499999988824129
"2015-04-14",0.00999999977648258,0.00999999977648258,0.00800000037997961,0.00999999977648258,0,0.00999999977648258
"2015-04-15",0.0149999996647239,0.0149999996647239,0.0149999996647239,0.0149999996647239,0,0.0149999996647239
"2015-04-16",0.00999999977648258,0.0149999996647239,0.00999999977648258,0.00999999977648258,0,0.00999999977648258
"2015-04-17",0.0130000002682209,0.0130000002682209,0.00999999977648258,0.0130000002682209,0,0.0130000002682209
"2015-04-20",0.0149999996647239,0.0149999996647239,0.0130000002682209,0.0130000002682209,0,0.0130000002682209
"2015-04-21",0.0199999995529652,0.0199999995529652,0.0199999995529652,0.0199999995529652,0,0.0199999995529652
"2015-04-22",0.0199999995529652,0.0199999995529652,0.0199999995529652,0.0199999995529652,0,0.0199999995529652
"2015-04-23",0.0199999995529652,0.0199999995529652,0.0149999996647239,0.0199999995529652,0,0.0199999995529652
"2015-04-24",0.0149999996647239,0.0179999992251396,0.0149999996647239,0.0149999996647239,0,0.0149999996647239
"2015-04-27",0.0149999996647239,0.0179999992251396,0.0130000002682209,0.0130000002682209,0,0.0130000002682209
"2015-04-28",0.0149999996647239,0.0149999996647239,0.0130000002682209,0.0130000002682209,0,0.0130000002682209
"2015-04-29",0.00800000037997961,0.00800000037997961,0.00300000002607703,0.00300000002607703,0,0.00300000002607703
"2015-04-30",0.00300000002607703,0.00499999988824129,0.00300000002607703,0.00499999988824129,0,0.00499999988824129
"2015-05-01",0.00300000002607703,0.00300000002607703,0.00300000002607703,0.00300000002607703,0,0.00300000002607703
"2015-05-04",0.00499999988824129,0.00499999988824129,0.00300000002607703,0.00300000002607703,0,0.00300000002607703
"2015-05-05",0.0130000002682209,0.0130000002682209,0.00499999988824129,0.00800000037997961,0,0.00800000037997961
"2015-05-06",0.00499999988824129,0.00999999977648258,0.00499999988824129,0.00999999977648258,0,0.00999999977648258
"2015-05-07",0.00999999977648258,0.00999999977648258,0.00300000002607703,0.00499999988824129,0,0.00499999988824129
"2015-05-08",0.00499999988824129,0.00499999988824129,0.00300000002607703,0.00300000002607703,0,0.00300000002607703
"2015-05-11",0.00499999988824129,0.00800000037997961,0.00499999988824129,0.00499999988824129,0,0.00499999988824129
"2015-05-12",0.0130000002682209,0.0149999996647239,0.0130000002682209,0.0130000002682209,0,0.0130000002682209
"2015-05-13",0.0149999996647239,0.0149999996647239,0.00999999977648258,0.00999999977648258,0,0.00999999977648258
"2015-05-14",0.0130000002682209,0.0130000002682209,0.00999999977648258,0.00999999977648258,0,0.00999999977648258
"2015-05-15",0.00999999977648258,0.00999999977648258,0.00800000037997961,0.00999999977648258,0,0.00999999977648258
"2015-05-18",0.00800000037997961,0.00800000037997961,0.00800000037997961,0.00800000037997961,0,0.00800000037997961
"2015-05-19",0.00999999977648258,0.00999999977648258,0.00999999977648258,0.00999999977648258,0,0.00999999977648258
"2015-05-20",0.0130000002682209,0.0130000002682209,0.00999999977648258,0.0130000002682209,0,0.0130000002682209
"2015-05-21",0.0149999996647239,0.0149999996647239,0.0130000002682209,0.0130000002682209,0,0.0130000002682209
"2015-05-22",0.00999999977648258,0.0130000002682209,0.00999999977648258,0.00999999977648258,0,0.00999999977648258
"2015-05-26",0.00999999977648258,0.00999999977648258,0.00999999977648258,0.00999999977648258,0,0.00999999977648258
"2015-05-27",0.00999999977648258,0.0130000002682209,0.00999999977648258,0.0130000002682209,0,0.0130000002682209
"2015-05-28",0.00499999988824129,0.00499999988824129,0.00300000002607703,0.00300000002607703,0,0.00300000002607703
"2015-05-29",0.00300000002607703,0.00300000002607703,0.00300000002607703,0.00300000002607703,0,0.00300000002607703
"2015-06-01",0.00800000037997961,0.00800000037997961,0.00800000037997961,0.00800000037997961,0,0.00800000037997961
"2015-06-02",0.00999999977648258,0.00999999977648258,0.00999999977648258,0.00999999977648258,0,0.00999999977648258
"2015-06-03",0.00999999977648258,0.00999999977648258,0.00999999977648258,0.00999999977648258,0,0.00999999977648258
"2015-06-04",0.00499999988824129,0.00499999988824129,0.00499999988824129,0.00499999988824129,0,0.00499999988824129
"2015-06-05",0.00800000037997961,0.00999999977648258,0.00499999988824129,0.00999999977648258,0,0.00999999977648258
"2015-06-08",0.0130000002682209,0.0130000002682209,0.00999999977648258,0.00999999977648258,0,0.00999999977648258
"2015-06-09",0.0149999996647239,0.0149999996647239,0.00999999977648258,0.0130000002682209,0,0.0130000002682209
"2015-06-10",0.0149999996647239,0.0149999996647239,0.0130000002682209,0.0130000002682209,0,0.0130000002682209
"2015-06-11",0.0130000002682209,0.0130000002682209,0.00800000037997961,0.00800000037997961,0,0.00800000037997961
"2015-06-12",0.00800000037997961,0.00800000037997961,0.00499999988824129,0.00499999988824129,0,0.00499999988824129
"2015-06-15",0.00499999988824129,0.00499999988824129,0.00300000002607703,0.00300000002607703,0,0.00300000002607703
"2015-06-16",0.00800000037997961,0.00800000037997961,0.00800000037997961,0.00800000037997961,0,0.00800000037997961
"2015-06-17",0.00999999977648258,0.00999999977648258,0.00300000002607703,0.00300000002607703,0,0.00300000002607703
"2015-06-18",0.00300000002607703,0.00300000002607703,0.00300000002607703,0.00300000002607703,0,0.00300000002607703
"2015-06-19",0.00300000002607703,0.00300000002607703,0.00300000002607703,0.00300000002607703,0,0.00300000002607703
"2015-06-22",0.00300000002607703,0.00300000002607703,0.00300000002607703,0.00300000002607703,0,0.00300000002607703
"2015-06-23",0.00499999988824129,0.00800000037997961,0.00499999988824129,0.00800000037997961,0,0.00800000037997961
"2015-06-24",0.00499999988824129,0.00499999988824129,0.00300000002607703,0.00499999988824129,0,0.00499999988824129
"2015-06-25",0.00300000002607703,0.00499999988824129,0.00300000002607703,0.00499999988824129,0,0.00499999988824129
"2015-06-26",0.00300000002607703,0.00499999988824129,0.00300000002607703,0.00499999988824129,0,0.00499999988824129
"2015-06-29",0.00499999988824129,0.00499999988824129,0.00499999988824129,0.00499999988824129,0,0.00499999988824129
"2015-06-30",0.00800000037997961,0.00999999977648258,0.00499999988824129,0.00999999977648258,0,0.00999999977648258
"2015-07-01",0.00800000037997961,0.00800000037997961,0.00300000002607703,0.00300000002607703,0,0.00300000002607703
"2015-07-02",0.0130000002682209,0.0130000002682209,0.00300000002607703,0.00300000002607703,0,0.00300000002607703
"2015-07-06",0.00499999988824129,0.00800000037997961,0.00499999988824129,0.00499999988824129,0,0.00499999988824129
"2015-07-07",0.00800000037997961,0.00999999977648258,0.00800000037997961,0.00999999977648258,0,0.00999999977648258
"2015-07-08",0.00999999977648258,0.00999999977648258,0.00999999977648258,0.00999999977648258,0,0.00999999977648258
"2015-07-09",0.00800000037997961,0.00800000037997961,0.00800000037997961,0.00800000037997961,0,0.00800000037997961
"2015-07-10",0.00999999977648258,0.00999999977648258,0.00800000037997961,0.00800000037997961,0,0.00800000037997961
"2015-07-13",0.00999999977648258,0.00999999977648258,0.00300000002607703,0.00800000037997961,0,0.00800000037997961
"2015-07-14",0.00999999977648258,0.00999999977648258,0.00999999977648258,0.00999999977648258,0,0.00999999977648258
"2015-07-15",0.0130000002682209,0.0130000002682209,0.00999999977648258,0.0130000002682209,0,0.0130000002682209
"2015-07-16",0.00999999977648258,0.00999999977648258,0.00999999977648258,0.00999999977648258,0,0.00999999977648258
"2015-07-17",0.00999999977648258,0.0130000002682209,0.00999999977648258,0.0130000002682209,0,0.0130000002682209
"2015-07-20",0.00999999977648258,0.0230000000447035,0.00999999977648258,0.0230000000447035,0,0.0230000000447035
"2015-07-21",0.0299999993294477,0.0299999993294477,0.0280000008642673,0.0299999993294477,0,0.0299999993294477
"2015-07-22",0.0280000008642673,0.0299999993294477,0.0280000008642673,0.0299999993294477,0,0.0299999993294477
"2015-07-23",0.0299999993294477,0.0299999993294477,0.0299999993294477,0.0299999993294477,0,0.0299999993294477
"2015-07-24",0.0299999993294477,0.0299999993294477,0.0299999993294477,0.0299999993294477,0,0.0299999993294477
"2015-07-27",0.0329999998211861,0.0329999998211861,0.025000000372529,0.0280000008642673,0,0.0280000008642673
"2015-07-28",0.0430000014603138,0.0480000004172325,0.0430000014603138,0.0430000014603138,0,0.0430000014603138
"2015-07-29",0.0480000004172325,0.0480000004172325,0.0430000014603138,0.0450000017881393,0,0.0450000017881393
"2015-07-30",0.0500000007450581,0.0599999986588955,0.0500000007450581,0.0599999986588955,0,0.0599999986588955
"2015-07-31",0.0579999983310699,0.0579999983310699,0.0549999997019768,0.0579999983310699,0,0.0579999983310699
"2015-08-03",0.0579999983310699,0.063000001013279,0.0579999983310699,0.063000001013279,0,0.063000001013279
"2015-08-04",0.0729999989271164,0.0750000029802322,0.0729999989271164,0.0750000029802322,0,0.0750000029802322
"2015-08-05",0.0750000029802322,0.0780000016093254,0.0729999989271164,0.0750000029802322,0,0.0750000029802322
"2015-08-06",0.0599999986588955,0.0599999986588955,0.0149999996647239,0.0280000008642673,0,0.0280000008642673
"2015-08-07",0.0280000008642673,0.0599999986588955,0.0280000008642673,0.0549999997019768,0,0.0549999997019768
"2015-08-10",0.0549999997019768,0.068000003695488,0.0549999997019768,0.0649999976158142,0,0.0649999976158142
"2015-08-11",0.0979999974370003,0.103000000119209,0.0979999974370003,0.0979999974370003,0,0.0979999974370003
"2015-08-12",0.0949999988079071,0.0949999988079071,0.0879999995231628,0.0900000035762787,0,0.0900000035762787
"2015-08-13",0.0949999988079071,0.0979999974370003,0.0780000016093254,0.0829999968409538,0,0.0829999968409538
"2015-08-14",0.0799999982118607,0.0900000035762787,0.0799999982118607,0.0799999982118607,0,0.0799999982118607
"2015-08-17",0.0799999982118607,0.0799999982118607,0.0599999986588955,0.0599999986588955,0,0.0599999986588955
"2015-08-18",0.0879999995231628,0.0879999995231628,0.0850000008940697,0.0850000008940697,0,0.0850000008940697
"2015-08-19",0.0829999968409538,0.0829999968409538,0.0399999991059303,0.0399999991059303,0,0.0399999991059303
"2015-08-20",0.0149999996647239,0.0199999995529652,0.00999999977648258,0.0149999996647239,0,0.0149999996647239
"2015-08-21",0.00499999988824129,0.0199999995529652,0.00499999988824129,0.0199999995529652,0,0.0199999995529652
"2015-08-24",0.00999999977648258,0.0199999995529652,0.00499999988824129,0.0149999996647239,0,0.0149999996647239
"2015-08-25",0.0529999993741512,0.0529999993741512,0.0500000007450581,0.0529999993741512,0,0.0529999993741512
"2015-08-26",0.0529999993741512,0.0549999997019768,0.0500000007450581,0.0549999997019768,0,0.0549999997019768
"2015-08-27",0.0480000004172325,0.0529999993741512,0.0480000004172325,0.0500000007450581,0,0.0500000007450581
"2015-08-28",0.0500000007450581,0.0529999993741512,0.0450000017881393,0.0500000007450581,0,0.0500000007450581
"2015-08-31",0.0450000017881393,0.0480000004172325,0.00300000002607703,0.00300000002607703,0,0.00300000002607703
"2015-09-01",0.063000001013279,0.063000001013279,0.0379999987781048,0.0379999987781048,0,0.0379999987781048
"2015-09-02",0.0430000014603138,0.0430000014603138,0.025000000372529,0.025000000372529,0,0.025000000372529
"2015-09-03",0.00499999988824129,0.0149999996647239,0.00499999988824129,0.0149999996647239,0,0.0149999996647239
"2015-09-04",0.0149999996647239,0.0280000008642673,0.0149999996647239,0.025000000372529,0,0.025000000372529
"2015-09-08",0.0329999998211861,0.0399999991059303,0.025000000372529,0.025000000372529,0,0.025000000372529
"2015-09-09",0.0500000007450581,0.0500000007450581,0.0350000001490116,0.0350000001490116,0,0.0350000001490116
"2015-09-10",0.0179999992251396,0.0199999995529652,0.0149999996647239,0.0149999996647239,0,0.0149999996647239
"2015-09-11",0.0149999996647239,0.025000000372529,0.0149999996647239,0.0230000000447035,0,0.0230000000447035
"2015-09-14",0.0230000000447035,0.0329999998211861,0.0230000000447035,0.025000000372529,0,0.025000000372529
"2015-09-15",0.0529999993741512,0.0579999983310699,0.0529999993741512,0.0579999983310699,0,0.0579999983310699
"2015-09-16",0.0579999983310699,0.0579999983310699,0.0529999993741512,0.0529999993741512,0,0.0529999993741512
"2015-09-17",0.0430000014603138,0.0450000017881393,0.00300000002607703,0.00300000002607703,0,0.00300000002607703
"2015-09-18",0.00499999988824129,0.0130000002682209,0.00300000002607703,0.00999999977648258,0,0.00999999977648258
"2015-09-21",0.0149999996647239,0.0149999996647239,0.00999999977648258,0.0130000002682209,0,0.0130000002682209
"2015-09-22",0.00300000002607703,0.00300000002607703,0.00300000002607703,0.00300000002607703,0,0.00300000002607703
"2015-09-23",0.00300000002607703,0.00800000037997961,0.00300000002607703,0.00300000002607703,0,0.00300000002607703
"2015-09-24",0.00300000002607703,0.00499999988824129,0.00300000002607703,0.00499999988824129,0,0.00499999988824129
"2015-09-25",0.00999999977648258,0.0230000000447035,0.00300000002607703,0.0199999995529652,0,0.0199999995529652
"2015-09-28",0.025000000372529,0.025000000372529,0.00999999977648258,0.0130000002682209,0,0.0130000002682209
"2015-09-29",0.00499999988824129,0.00499999988824129,0.00300000002607703,0.00300000002607703,0,0.00300000002607703
"2015-09-30",0.00499999988824129,0.00499999988824129,0.00300000002607703,0.00499999988824129,0,0.00499999988824129
"2015-10-01",0.00300000002607703,0.0199999995529652,0.00300000002607703,0.0179999992251396,0,0.0179999992251396
"2015-10-02",0.0179999992251396,0.0179999992251396,0.00499999988824129,0.00800000037997961,0,0.00800000037997961
"2015-10-05",0.00999999977648258,0.00999999977648258,0.00800000037997961,0.00800000037997961,0,0.00800000037997961
"2015-10-06",0.00499999988824129,0.00499999988824129,0.00499999988824129,0.00499999988824129,0,0.00499999988824129
"2015-10-07",0.00499999988824129,0.00499999988824129,0.00499999988824129,0.00499999988824129,0,0.00499999988824129
"2015-10-08",0.00499999988824129,0.00800000037997961,0.00300000002607703,0.00300000002607703,0,0.00300000002607703
"2015-10-09",0.00499999988824129,0.00499999988824129,0.00300000002607703,0.00300000002607703,0,0.00300000002607703
"2015-10-12",0.00999999977648258,0.00999999977648258,0.00999999977648258,0.00999999977648258,0,0.00999999977648258
"2015-10-13",0.00499999988824129,0.00499999988824129,0.00300000002607703,0.00499999988824129,0,0.00499999988824129
"2015-10-14",0.00800000037997961,0.00999999977648258,0.00800000037997961,0.00999999977648258,0,0.00999999977648258
"2015-10-15",0.00800000037997961,0.00800000037997961,0.00499999988824129,0.00499999988824129,0,0.00499999988824129
"2015-10-16",0.00499999988824129,0.00499999988824129,0.00300000002607703,0.00499999988824129,0,0.00499999988824129
"2015-10-19",0.00300000002607703,0.00499999988824129,0.00300000002607703,0.00499999988824129,0,0.00499999988824129
"2015-10-20",0.0130000002682209,0.0130000002682209,0.00999999977648258,0.00999999977648258,0,0.00999999977648258
"2015-10-21",0.00999999977648258,0.0130000002682209,0.00300000002607703,0.00499999988824129,0,0.00499999988824129
"2015-10-22",0.00499999988824129,0.00800000037997961,0.00300000002607703,0.00499999988824129,0,0.00499999988824129
"2015-10-23",0.00300000002607703,0.00499999988824129,0.00300000002607703,0.00300000002607703,0,0.00300000002607703
"2015-10-26",0.00300000002607703,0.00800000037997961,0.00300000002607703,0.00800000037997961,0,0.00800000037997961
"2015-10-27",0.00999999977648258,0.0199999995529652,0.00999999977648258,0.00999999977648258,0,0.00999999977648258
"2015-10-28",0.0299999993294477,0.0350000001490116,0.0199999995529652,0.0350000001490116,0,0.0350000001490116
"2015-10-29",0.0280000008642673,0.0599999986588955,0.0280000008642673,0.0529999993741512,0,0.0529999993741512
"2015-10-30",0.0529999993741512,0.068000003695488,0.0529999993741512,0.068000003695488,0,0.068000003695488
"2015-11-02",0.0729999989271164,0.0979999974370003,0.0529999993741512,0.0529999993741512,0,0.0529999993741512
"2015-11-03",0.0599999986588955,0.063000001013279,0.0579999983310699,0.0579999983310699,0,0.0579999983310699
"2015-11-04",0.063000001013279,0.0649999976158142,0.0549999997019768,0.0549999997019768,0,0.0549999997019768
"2015-11-05",0.0350000001490116,0.0430000014603138,0.0329999998211861,0.0399999991059303,0,0.0399999991059303
"2015-11-06",0.0379999987781048,0.0949999988079071,0.0350000001490116,0.0729999989271164,0,0.0729999989271164
"2015-11-09",0.0729999989271164,0.0900000035762787,0.0729999989271164,0.0750000029802322,0,0.0750000029802322
"2015-11-10",0.128000006079674,0.128000006079674,0.125,0.125,0,0.125
"2015-11-11",0.123000003397465,0.123000003397465,0.123000003397465,0.123000003397465,0,0.123000003397465
"2015-11-12",0.125,0.125,0.118000000715256,0.123000003397465,0,0.123000003397465
"2015-11-13",0.119999997317791,0.119999997317791,0.112999998033047,0.112999998033047,0,0.112999998033047
"2015-11-16",0.112999998033047,0.115000002086163,0.0979999974370003,0.0979999974370003,0,0.0979999974370003
"2015-11-17",0.135000005364418,0.135000005364418,0.135000005364418,0.135000005364418,0,0.135000005364418
"2015-11-18",0.137999996542931,0.137999996542931,0.119999997317791,0.123000003397465,0,0.123000003397465
"2015-11-19",0.0979999974370003,0.100000001490116,0.0879999995231628,0.0879999995231628,0,0.0879999995231628
"2015-11-20",0.0900000035762787,0.0930000022053719,0.0900000035762787,0.0930000022053719,0,0.0930000022053719
"2015-11-23",0.0949999988079071,0.109999999403954,0.0949999988079071,0.104999996721745,0,0.104999996721745
"2015-11-24",0.135000005364418,0.152999997138977,0.133000001311302,0.152999997138977,0,0.152999997138977
"2015-11-25",0.150000005960464,0.174999997019768,0.150000005960464,0.174999997019768,0,0.174999997019768
"2015-11-27",0.163000002503395,0.170000001788139,0.159999996423721,0.159999996423721,0,0.159999996423721
"2015-11-30",0.167999997735023,0.172999992966652,0.163000002503395,0.170000001788139,0,0.170000001788139
"2015-12-01",0.209999993443489,0.212999999523163,0.202999994158745,0.202999994158745,0,0.202999994158745
"2015-12-02",0.200000002980232,0.215000003576279,0.197999998927116,0.200000002980232,0,0.200000002980232
"2015-12-03",0.204999998211861,0.204999998211861,0.194999992847443,0.197999998927116,0,0.197999998927116
"2015-12-04",0.200000002980232,0.209999993443489,0.197999998927116,0.204999998211861,0,0.204999998211861
"2015-12-07",0.208000004291534,0.239999994635582,0.208000004291534,0.234999999403954,0,0.234999999403954
"2015-12-08",0.264999985694885,0.270000010728836,0.264999985694885,0.26800000667572,0,0.26800000667572
"2015-12-09",0.259999990463257,0.263000011444092,0.232999995350838,0.245000004768372,0,0.245000004768372
"2015-12-10",0.234999999403954,0.234999999403954,0.230000004172325,0.230000004172325,0,0.230000004172325
"2015-12-11",0.223000004887581,0.223000004887581,0.209999993443489,0.212999999523163,0,0.212999999523163
"2015-12-14",0.219999998807907,0.223000004887581,0.193000003695488,0.197999998927116,0,0.197999998927116
"2015-12-15",0.25,0.25,0.25,0.25,0,0.25
"2015-12-16",0.254999995231628,0.257999986410141,0.230000004172325,0.234999999403954,0,0.234999999403954
"2015-12-17",0.234999999403954,0.234999999403954,0.209999993443489,0.212999999523163,0,0.212999999523163
"2015-12-18",0.209999993443489,0.209999993443489,0.172999992966652,0.174999997019768,0,0.174999997019768
"2015-12-21",0.178000003099442,0.180000007152557,0.152999997138977,0.152999997138977,0,0.152999997138977
"2015-12-22",0.224999994039536,0.224999994039536,0.193000003695488,0.193000003695488,0,0.193000003695488
"2015-12-23",0.194999992847443,0.228000000119209,0.180000007152557,0.189999997615814,0,0.189999997615814
"2015-12-24",0.185000002384186,0.185000002384186,0.178000003099442,0.18299999833107,0,0.18299999833107
"2015-12-28",0.202999994158745,0.219999998807907,0.187999993562698,0.189999997615814,0,0.189999997615814
"2015-12-29",0.215000003576279,0.217999994754791,0.208000004291534,0.215000003576279,0,0.215000003576279
"2015-12-30",0.200000002980232,0.219999998807907,0.193000003695488,0.194999992847443,0,0.194999992847443
"2015-12-31",0.140000000596046,0.165000006556511,0.135000005364418,0.148000001907349,0,0.148000001907349
"2016-01-04",0.165000006556511,0.170000001788139,0.152999997138977,0.155000001192093,0,0.155000001192093
"2016-01-05",0.204999998211861,0.204999998211861,0.204999998211861,0.204999998211861,0,0.204999998211861
"2016-01-06",0.204999998211861,0.204999998211861,0.197999998927116,0.204999998211861,0,0.204999998211861
"2016-01-07",0.189999997615814,0.194999992847443,0.185000002384186,0.189999997615814,0,0.189999997615814
"2016-01-08",0.189999997615814,0.194999992847443,0.187999993562698,0.189999997615814,0,0.189999997615814
"2016-01-11",0.187999993562698,0.187999993562698,0.167999997735023,0.174999997019768,0,0.174999997019768
"2016-01-12",0.208000004291534,0.209999993443489,0.208000004291534,0.209999993443489,0,0.209999993443489
"2016-01-13",0.208000004291534,0.215000003576279,0.204999998211861,0.215000003576279,0,0.215000003576279
"2016-01-14",0.209999993443489,0.239999994635582,0.209999993443489,0.239999994635582,0,0.239999994635582
"2016-01-15",0.228000000119209,0.230000004172325,0.215000003576279,0.223000004887581,0,0.223000004887581
"2016-01-19",0.228000000119209,0.230000004172325,0.228000000119209,0.230000004172325,0,0.230000004172325
"2016-01-20",0.25,0.252999991178513,0.25,0.252999991178513,0,0.252999991178513
"2016-01-21",0.25,0.275000005960464,0.25,0.273000001907349,0,0.273000001907349
"2016-01-22",0.275000005960464,0.287999987602234,0.275000005960464,0.287999987602234,0,0.287999987602234
"2016-01-25",0.284999996423721,0.284999996423721,0.264999985694885,0.275000005960464,0,0.275000005960464
"2016-01-26",0.298000007867813,0.303000003099442,0.298000007867813,0.300000011920929,0,0.300000011920929
"2016-01-27",0.300000011920929,0.303000003099442,0.300000011920929,0.300000011920929,0,0.300000011920929
"2016-01-28",0.303000003099442,0.319999992847443,0.298000007867813,0.317999988794327,0,0.317999988794327
"2016-01-29",0.305000007152557,0.305000007152557,0.300000011920929,0.300000011920929,0,0.300000011920929
"2016-02-01",0.300000011920929,0.300000011920929,0.294999986886978,0.294999986886978,0,0.294999986886978
"2016-02-02",0.342999994754791,0.342999994754791,0.330000013113022,0.330000013113022,0,0.330000013113022
"2016-02-03",0.333000004291534,0.340000003576279,0.330000013113022,0.333000004291534,0,0.333000004291534
"2016-02-04",0.317999988794327,0.317999988794327,0.282999992370605,0.282999992370605,0,0.282999992370605
"2016-02-05",0.284999996423721,0.287999987602234,0.26800000667572,0.277999997138977,0,0.277999997138977
"2016-02-08",0.259999990463257,0.264999985694885,0.254999995231628,0.259999990463257,0,0.259999990463257
"2016-02-09",0.310000002384186,0.310000002384186,0.300000011920929,0.300000011920929,0,0.300000011920929
"2016-02-10",0.300000011920929,0.303000003099442,0.298000007867813,0.298000007867813,0,0.298000007867813
"2016-02-11",0.26800000667572,0.273000001907349,0.263000011444092,0.273000001907349,0,0.273000001907349
"2016-02-12",0.273000001907349,0.273000001907349,0.264999985694885,0.270000010728836,0,0.270000010728836
"2016-02-16",0.277999997138977,0.277999997138977,0.273000001907349,0.273000001907349,0,0.273000001907349
"2016-02-17",0.293000012636185,0.294999986886978,0.293000012636185,0.293000012636185,0,0.293000012636185
"2016-02-18",0.293000012636185,0.293000012636185,0.284999996423721,0.287999987602234,0,0.287999987602234
"2016-02-19",0.282999992370605,0.282999992370605,0.280000001192093,0.282999992370605,0,0.282999992370605
"2016-02-22",0.287999987602234,0.293000012636185,0.284999996423721,0.293000012636185,0,0.293000012636185
"2016-02-23",0.317999988794327,0.317999988794327,0.314999997615814,0.317999988794327,0,0.317999988794327
"2016-02-24",0.314999997615814,0.317999988794327,0.314999997615814,0.314999997615814,0,0.314999997615814
"2016-02-25",0.319999992847443,0.319999992847443,0.310000002384186,0.310000002384186,0,0.310000002384186
"2016-02-26",0.310000002384186,0.310000002384186,0.303000003099442,0.303000003099442,0,0.303000003099442
"2016-02-29",0.303000003099442,0.30799999833107,0.294999986886978,0.30799999833107,0,0.30799999833107
"2016-03-01",0.317999988794327,0.319999992847443,0.314999997615814,0.319999992847443,0,0.319999992847443
"2016-03-02",0.319999992847443,0.319999992847443,0.303000003099442,0.303000003099442,0,0.303000003099442
"2016-03-03",0.277999997138977,0.280000001192093,0.254999995231628,0.263000011444092,0,0.263000011444092
"2016-03-04",0.273000001907349,0.277999997138977,0.264999985694885,0.264999985694885,0,0.264999985694885
"2016-03-07",0.26800000667572,0.270000010728836,0.263000011444092,0.264999985694885,0,0.264999985694885
"2016-03-08",0.30799999833107,0.30799999833107,0.305000007152557,0.305000007152557,0,0.305000007152557
"2016-03-09",0.300000011920929,0.303000003099442,0.287999987602234,0.287999987602234,0,0.287999987602234
"2016-03-10",0.287999987602234,0.303000003099442,0.287999987602234,0.303000003099442,0,0.303000003099442
"2016-03-11",0.305000007152557,0.30799999833107,0.305000007152557,0.30799999833107,0,0.30799999833107
"2016-03-14",0.310000002384186,0.312999993562698,0.30799999833107,0.30799999833107,0,0.30799999833107
"2016-03-15",0.324999988079071,0.328000009059906,0.324999988079071,0.324999988079071,0,0.324999988079071
"2016-03-16",0.324999988079071,0.328000009059906,0.277999997138977,0.300000011920929,0,0.300000011920929
"2016-03-17",0.273000001907349,0.275000005960464,0.26800000667572,0.275000005960464,0,0.275000005960464
"2016-03-18",0.264999985694885,0.280000001192093,0.264999985694885,0.280000001192093,0,0.280000001192093
"2016-03-21",0.280000001192093,0.287999987602234,0.280000001192093,0.287999987602234,0,0.287999987602234
"2016-03-22",0.298000007867813,0.298000007867813,0.293000012636185,0.294999986886978,0,0.294999986886978
"2016-03-23",0.293000012636185,0.293000012636185,0.293000012636185,0.293000012636185,0,0.293000012636185
"2016-03-24",0.28999999165535,0.28999999165535,0.273000001907349,0.275000005960464,0,0.275000005960464
"2016-03-28",0.277999997138977,0.280000001192093,0.254999995231628,0.254999995231628,0,0.254999995231628
"2016-03-29",0.277999997138977,0.277999997138977,0.223000004887581,0.224999994039536,0,0.224999994039536
"2016-03-30",0.209999993443489,0.209999993443489,0.185000002384186,0.185000002384186,0,0.185000002384186
"2016-03-31",0.167999997735023,0.193000003695488,0.150000005960464,0.193000003695488,0,0.193000003695488
"2016-04-01",0.193000003695488,0.223000004887581,0.193000003695488,0.217999994754791,0,0.217999994754791
"2016-04-04",0.212999999523163,0.212999999523163,0.18299999833107,0.18299999833107,0,0.18299999833107
"2016-04-05",0.212999999523163,0.217999994754791,0.209999993443489,0.217999994754791,0,0.217999994754791
"2016-04-06",0.219999998807907,0.223000004887581,0.215000003576279,0.219999998807907,0,0.219999998807907
"2016-04-07",0.212999999523163,0.219999998807907,0.212999999523163,0.219999998807907,0,0.219999998807907
"2016-04-08",0.219999998807907,0.219999998807907,0.215000003576279,0.217999994754791,0,0.217999994754791
"2016-04-11",0.217999994754791,0.223000004887581,0.209999993443489,0.209999993443489,0,0.209999993443489
"2016-04-12",0.224999994039536,0.230000004172325,0.224999994039536,0.230000004172325,0,0.230000004172325
"2016-04-13",0.230000004172325,0.230000004172325,0.219999998807907,0.223000004887581,0,0.223000004887581
"2016-04-14",0.219999998807907,0.219999998807907,0.215000003576279,0.215000003576279,0,0.215000003576279
"2016-04-15",0.215000003576279,0.215000003576279,0.208000004291534,0.209999993443489,0,0.209999993443489
"2016-04-18",0.209999993443489,0.209999993443489,0.197999998927116,0.197999998927116,0,0.197999998927116
"2016-04-19",0.215000003576279,0.215000003576279,0.215000003576279,0.215000003576279,0,0.215000003576279
"2016-04-20",0.215000003576279,0.219999998807907,0.215000003576279,0.217999994754791,0,0.217999994754791
"2016-04-21",0.223000004887581,0.224999994039536,0.223000004887581,0.224999994039536,0,0.224999994039536
"2016-04-22",0.224999994039536,0.224999994039536,0.223000004887581,0.224999994039536,0,0.224999994039536
"2016-04-25",0.223000004887581,0.243000000715256,0.223000004887581,0.238000005483627,0,0.238000005483627
"2016-04-26",0.245000004768372,0.247999995946884,0.243000000715256,0.245000004768372,0,0.245000004768372
"2016-04-27",0.245000004768372,0.245000004768372,0.239999994635582,0.245000004768372,0,0.245000004768372
"2016-04-28",0.228000000119209,0.228000000119209,0.209999993443489,0.209999993443489,0,0.209999993443489
"2016-04-29",0.193000003695488,0.194999992847443,0.189999997615814,0.193000003695488,0,0.193000003695488
"2016-05-02",0.193000003695488,0.193000003695488,0.18299999833107,0.185000002384186,0,0.185000002384186
"2016-05-03",0.204999998211861,0.204999998211861,0.202999994158745,0.202999994158745,0,0.202999994158745
"2016-05-04",0.202999994158745,0.202999994158745,0.194999992847443,0.197999998927116,0,0.197999998927116
"2016-05-05",0.185000002384186,0.187999993562698,0.180000007152557,0.18299999833107,0,0.18299999833107
"2016-05-06",0.187999993562698,0.187999993562698,0.180000007152557,0.180000007152557,0,0.180000007152557
"2016-05-09",0.185000002384186,0.202999994158745,0.185000002384186,0.202999994158745,0,0.202999994158745
"2016-05-10",0.234999999403954,0.243000000715256,0.234999999403954,0.243000000715256,0,0.243000000715256
"2016-05-11",0.245000004768372,0.247999995946884,0.239999994635582,0.247999995946884,0,0.247999995946884
"2016-05-12",0.25,0.263000011444092,0.247999995946884,0.257999986410141,0,0.257999986410141
"2016-05-13",0.257999986410141,0.263000011444092,0.257999986410141,0.257999986410141,0,0.257999986410141
"2016-05-16",0.259999990463257,0.264999985694885,0.254999995231628,0.257999986410141,0,0.257999986410141
"2016-05-17",0.26800000667572,0.273000001907349,0.263000011444092,0.26800000667572,0,0.26800000667572
"2016-05-18",0.270000010728836,0.270000010728836,0.247999995946884,0.270000010728836,0,0.270000010728836
"2016-05-19",0.284999996423721,0.293000012636185,0.284999996423721,0.28999999165535,0,0.28999999165535
"2016-05-20",0.28999999165535,0.305000007152557,0.287999987602234,0.298000007867813,0,0.298000007867813
"2016-05-23",0.30799999833107,0.314999997615814,0.305000007152557,0.312999993562698,0,0.312999993562698
"2016-05-24",0.344999998807907,0.34799998998642,0.342999994754791,0.342999994754791,0,0.342999994754791
"2016-05-25",0.344999998807907,0.344999998807907,0.314999997615814,0.314999997615814,0,0.314999997615814
"2016-05-26",0.275000005960464,0.280000001192093,0.273000001907349,0.275000005960464,0,0.275000005960464
"2016-05-27",0.284999996423721,0.298000007867813,0.280000001192093,0.298000007867813,0,0.298000007867813
"2016-05-31",0.303000003099442,0.303000003099442,0.282999992370605,0.282999992370605,0,0.282999992370605
"2016-06-01",0.330000013113022,0.333000004291534,0.294999986886978,0.294999986886978,0,0.294999986886978
"2016-06-02",0.280000001192093,0.282999992370605,0.264999985694885,0.270000010728836,0,0.270000010728836
"2016-06-03",0.26800000667572,0.270000010728836,0.254999995231628,0.270000010728836,0,0.270000010728836
"2016-06-06",0.270000010728836,0.270000010728836,0.25,0.25,0,0.25
"2016-06-07",0.26800000667572,0.270000010728836,0.259999990463257,0.264999985694885,0,0.264999985694885
"2016-06-08",0.26800000667572,0.270000010728836,0.230000004172325,0.234999999403954,0,0.234999999403954
"2016-06-09",0.228000000119209,0.239999994635582,0.228000000119209,0.239999994635582,0,0.239999994635582
"2016-06-10",0.245000004768372,0.245000004768372,0.239999994635582,0.239999994635582,0,0.239999994635582
"2016-06-13",0.234999999403954,0.245000004768372,0.234999999403954,0.245000004768372,0,0.245000004768372
"2016-06-14",0.259999990463257,0.263000011444092,0.259999990463257,0.263000011444092,0,0.263000011444092
"2016-06-15",0.263000011444092,0.263000011444092,0.254999995231628,0.254999995231628,0,0.254999995231628
"2016-06-16",0.243000000715256,0.245000004768372,0.228000000119209,0.245000004768372,0,0.245000004768372
"2016-06-17",0.245000004768372,0.247999995946884,0.245000004768372,0.247999995946884,0,0.247999995946884
"2016-06-20",0.252999991178513,0.252999991178513,0.247999995946884,0.247999995946884,0,0.247999995946884
"2016-06-21",0.264999985694885,0.273000001907349,0.264999985694885,0.264999985694885,0,0.264999985694885
"2016-06-22",0.26800000667572,0.26800000667572,0.264999985694885,0.26800000667572,0,0.26800000667572
"2016-06-23",0.263000011444092,0.275000005960464,0.263000011444092,0.275000005960464,0,0.275000005960464
"2016-06-24",0.228000000119209,0.252999991178513,0.228000000119209,0.238000005483627,0,0.238000005483627
"2016-06-27",0.228000000119209,0.234999999403954,0.224999994039536,0.234999999403954,0,0.234999999403954
"2016-06-28",0.257999986410141,0.259999990463257,0.254999995231628,0.259999990463257,0,0.259999990463257
"2016-06-29",0.252999991178513,0.257999986410141,0.247999995946884,0.254999995231628,0,0.254999995231628
"2016-06-30",0.245000004768372,0.247999995946884,0.238000005483627,0.247999995946884,0,0.247999995946884
"2016-07-01",0.243000000715256,0.245000004768372,0.243000000715256,0.243000000715256,0,0.243000000715256
"2016-07-05",0.239999994635582,0.239999994635582,0.238000005483627,0.238000005483627,0,0.238000005483627
"2016-07-06",0.259999990463257,0.263000011444092,0.259999990463257,0.263000011444092,0,0.263000011444092
"2016-07-07",0.263000011444092,0.273000001907349,0.259999990463257,0.270000010728836,0,0.270000010728836
"2016-07-08",0.273000001907349,0.273000001907349,0.264999985694885,0.273000001907349,0,0.273000001907349
"2016-07-11",0.273000001907349,0.282999992370605,0.270000010728836,0.275000005960464,0,0.275000005960464
"2016-07-12",0.294999986886978,0.298000007867813,0.294999986886978,0.294999986886978,0,0.294999986886978
"2016-07-13",0.293000012636185,0.298000007867813,0.28999999165535,0.298000007867813,0,0.298000007867813
"2016-07-14",0.298000007867813,0.30799999833107,0.294999986886978,0.303000003099442,0,0.303000003099442
"2016-07-15",0.294999986886978,0.298000007867813,0.293000012636185,0.298000007867813,0,0.298000007867813
"2016-07-18",0.298000007867813,0.298000007867813,0.287999987602234,0.287999987602234,0,0.287999987602234
"2016-07-19",0.312999993562698,0.314999997615814,0.310000002384186,0.310000002384186,0,0.310000002384186
"2016-07-20",0.310000002384186,0.314999997615814,0.310000002384186,0.314999997615814,0,0.314999997615814
"2016-07-21",0.30799999833107,0.30799999833107,0.303000003099442,0.303000003099442,0,0.303000003099442
"2016-07-22",0.303000003099442,0.305000007152557,0.303000003099442,0.303000003099442,0,0.303000003099442
"2016-07-25",0.303000003099442,0.303000003099442,0.298000007867813,0.298000007867813,0,0.298000007867813
"2016-07-26",0.312999993562698,0.314999997615814,0.30799999833107,0.30799999833107,0,0.30799999833107
"2016-07-27",0.305000007152557,0.30799999833107,0.275000005960464,0.282999992370605,0,0.282999992370605
"2016-07-28",0.270000010728836,0.270000010728836,0.219999998807907,0.219999998807907,0,0.219999998807907
"2016-07-29",0.219999998807907,0.239999994635582,0.215000003576279,0.239999994635582,0,0.239999994635582
"2016-08-01",0.257999986410141,0.257999986410141,0.234999999403954,0.238000005483627,0,0.238000005483627
"2016-08-02",0.275000005960464,0.280000001192093,0.273000001907349,0.280000001192093,0,0.280000001192093
"2016-08-03",0.275000005960464,0.275000005960464,0.26800000667572,0.26800000667572,0,0.26800000667572
"2016-08-04",0.263000011444092,0.263000011444092,0.245000004768372,0.247999995946884,0,0.247999995946884
"2016-08-05",0.245000004768372,0.252999991178513,0.243000000715256,0.25,0,0.25
"2016-08-08",0.252999991178513,0.259999990463257,0.243000000715256,0.25,0,0.25
"2016-08-09",0.293000012636185,0.294999986886978,0.28999999165535,0.293000012636185,0,0.293000012636185
"2016-08-10",0.294999986886978,0.294999986886978,0.270000010728836,0.273000001907349,0,0.273000001907349
"2016-08-11",0.26800000667572,0.275000005960464,0.254999995231628,0.275000005960464,0,0.275000005960464
"2016-08-12",0.270000010728836,0.270000010728836,0.263000011444092,0.263000011444092,0,0.263000011444092
"2016-08-15",0.264999985694885,0.275000005960464,0.263000011444092,0.275000005960464,0,0.275000005960464
"2016-08-16",0.284999996423721,0.28999999165535,0.284999996423721,0.287999987602234,0,0.287999987602234
"2016-08-17",0.287999987602234,0.28999999165535,0.287999987602234,0.287999987602234,0,0.287999987602234
"2016-08-18",0.282999992370605,0.284999996423721,0.282999992370605,0.284999996423721,0,0.284999996423721
"2016-08-19",0.282999992370605,0.293000012636185,0.282999992370605,0.293000012636185,0,0.293000012636185
"2016-08-22",0.294999986886978,0.294999986886978,0.277999997138977,0.280000001192093,0,0.280000001192093
"2016-08-23",0.305000007152557,0.30799999833107,0.303000003099442,0.305000007152557,0,0.305000007152557
"2016-08-24",0.305000007152557,0.30799999833107,0.305000007152557,0.305000007152557,0,0.305000007152557
"2016-08-25",0.300000011920929,0.310000002384186,0.300000011920929,0.305000007152557,0,0.305000007152557
"2016-08-26",0.300000011920929,0.310000002384186,0.300000011920929,0.305000007152557,0,0.305000007152557
"2016-08-29",0.310000002384186,0.312999993562698,0.303000003099442,0.305000007152557,0,0.305000007152557
"2016-08-30",0.324999988079071,0.328000009059906,0.323000013828278,0.324999988079071,0,0.324999988079071
"2016-08-31",0.324999988079071,0.328000009059906,0.319999992847443,0.319999992847443,0,0.319999992847443
"2016-09-01",0.319999992847443,0.319999992847443,0.314999997615814,0.314999997615814,0,0.314999997615814
"2016-09-02",0.30799999833107,0.314999997615814,0.28999999165535,0.303000003099442,0,0.303000003099442
"2016-09-06",0.310000002384186,0.310000002384186,0.303000003099442,0.303000003099442,0,0.303000003099442
"2016-09-07",0.328000009059906,0.330000013113022,0.328000009059906,0.330000013113022,0,0.330000013113022
"2016-09-08",0.328000009059906,0.33500000834465,0.324999988079071,0.333000004291534,0,0.333000004291534
"2016-09-09",0.330000013113022,0.33500000834465,0.330000013113022,0.333000004291534,0,0.333000004291534
"2016-09-12",0.333000004291534,0.358000010251999,0.330000013113022,0.349999994039536,0,0.349999994039536
"2016-09-13",0.360000014305115,0.360000014305115,0.344999998807907,0.344999998807907,0,0.344999998807907
"2016-09-14",0.340000003576279,0.342999994754791,0.314999997615814,0.314999997615814,0,0.314999997615814
"2016-09-15",0.294999986886978,0.294999986886978,0.277999997138977,0.277999997138977,0,0.277999997138977
"2016-09-16",0.270000010728836,0.277999997138977,0.270000010728836,0.273000001907349,0,0.273000001907349
"2016-09-19",0.26800000667572,0.26800000667572,0.238000005483627,0.238000005483627,0,0.238000005483627
"2016-09-20",0.284999996423721,0.293000012636185,0.284999996423721,0.287999987602234,0,0.287999987602234
"2016-09-21",0.28999999165535,0.28999999165535,0.215000003576279,0.223000004887581,0,0.223000004887581
"2016-09-22",0.18299999833107,0.187999993562698,0.158000007271767,0.159999996423721,0,0.159999996423721
"2016-09-23",0.165000006556511,0.165000006556511,0.159999996423721,0.165000006556511,0,0.165000006556511
"2016-09-26",0.163000002503395,0.185000002384186,0.163000002503395,0.172999992966652,0,0.172999992966652
"2016-09-27",0.243000000715256,0.257999986410141,0.239999994635582,0.254999995231628,0,0.254999995231628
"2016-09-28",0.264999985694885,0.273000001907349,0.263000011444092,0.263000011444092,0,0.263000011444092
"2016-09-29",0.25,0.25,0.223000004887581,0.234999999403954,0,0.234999999403954
"2016-09-30",0.230000004172325,0.259999990463257,0.230000004172325,0.259999990463257,0,0.259999990463257
"2016-10-03",0.273000001907349,0.287999987602234,0.273000001907349,0.287999987602234,0,0.287999987602234
"2016-10-04",0.30799999833107,0.319999992847443,0.30799999833107,0.314999997615814,0,0.314999997615814
"2016-10-05",0.319999992847443,0.319999992847443,0.312999993562698,0.312999993562698,0,0.312999993562698
"2016-10-06",0.30799999833107,0.314999997615814,0.30799999833107,0.310000002384186,0,0.310000002384186
"2016-10-07",0.314999997615814,0.314999997615814,0.303000003099442,0.310000002384186,0,0.310000002384186
"2016-10-10",0.30799999833107,0.30799999833107,0.30799999833107,0.30799999833107,0,0.30799999833107
"2016-10-11",0.324999988079071,0.324999988079071,0.319999992847443,0.319999992847443,0,0.319999992847443
"2016-10-12",0.34799998998642,0.34799998998642,0.340000003576279,0.340000003576279,0,0.340000003576279
"2016-10-13",0.317999988794327,0.317999988794327,0.275000005960464,0.275000005960464,0,0.275000005960464
"2016-10-14",0.270000010728836,0.28999999165535,0.26800000667572,0.28999999165535,0,0.28999999165535
"2016-10-17",0.28999999165535,0.294999986886978,0.287999987602234,0.294999986886978,0,0.294999986886978
"2016-10-18",0.330000013113022,0.333000004291534,0.330000013113022,0.333000004291534,0,0.333000004291534
"2016-10-19",0.328000009059906,0.328000009059906,0.317999988794327,0.323000013828278,0,0.323000013828278
"2016-10-20",0.323000013828278,0.323000013828278,0.319999992847443,0.319999992847443,0,0.319999992847443
"2016-10-21",0.317999988794327,0.317999988794327,0.314999997615814,0.314999997615814,0,0.314999997615814
"2016-10-24",0.317999988794327,0.319999992847443,0.312999993562698,0.312999993562698,0,0.312999993562698
"2016-10-25",0.340000003576279,0.340000003576279,0.324999988079071,0.324999988079071,0,0.324999988079071
"2016-10-26",0.324999988079071,0.328000009059906,0.312999993562698,0.312999993562698,0,0.312999993562698
"2016-10-27",0.310000002384186,0.310000002384186,0.273000001907349,0.275000005960464,0,0.275000005960464
"2016-10-28",0.275000005960464,0.277999997138977,0.270000010728836,0.273000001907349,0,0.273000001907349
"2016-10-31",0.275000005960464,0.294999986886978,0.275000005960464,0.294999986886978,0,0.294999986886978
"2016-11-01",0.342999994754791,0.34799998998642,0.342999994754791,0.344999998807907,0,0.344999998807907
"2016-11-02",0.344999998807907,0.34799998998642,0.344999998807907,0.344999998807907,0,0.344999998807907
"2016-11-03",0.344999998807907,0.358000010251999,0.344999998807907,0.358000010251999,0,0.358000010251999
"2016-11-04",0.349999994039536,0.358000010251999,0.349999994039536,0.358000010251999,0,0.358000010251999
"2016-11-07",0.358000010251999,0.389999985694885,0.358000010251999,0.389999985694885,0,0.389999985694885
"2016-11-08",0.41499999165535,0.423000007867813,0.41499999165535,0.419999986886978,0,0.419999986886978
"2016-11-09",0.407999992370605,0.419999986886978,0.398000001907349,0.418000012636185,0,0.418000012636185
"2016-11-10",0.425000011920929,0.458000004291534,0.425000011920929,0.458000004291534,0,0.458000004291534
"2016-11-11",NA,NA,NA,NA,NA,NA
"2016-11-14",0.469999998807907,0.503000020980835,0.469999998807907,0.503000020980835,0,0.503000020980835
"2016-11-15",0.508000016212463,0.509999990463257,0.485000014305115,0.488000005483627,0,0.488000005483627
"2016-11-16",0.479999989271164,0.479999989271164,0.448000013828278,0.453000009059906,0,0.453000009059906
"2016-11-17",0.448000013828278,0.449999988079071,0.41499999165535,0.419999986886978,0,0.419999986886978
"2016-11-18",0.412999987602234,0.418000012636185,0.412999987602234,0.418000012636185,0,0.418000012636185
"2016-11-21",0.418000012636185,0.430000007152557,0.418000012636185,0.419999986886978,0,0.419999986886978
"2016-11-22",0.47299998998642,0.474999994039536,0.47299998998642,0.474999994039536,0,0.474999994039536
"2016-11-23",0.474999994039536,0.488000005483627,0.47299998998642,0.485000014305115,0,0.485000014305115
"2016-11-25",0.479999989271164,0.485000014305115,0.479999989271164,0.479999989271164,0,0.479999989271164
"2016-11-28",0.479999989271164,0.483000010251999,0.449999988079071,0.449999988079071,0,0.449999988079071
"2016-11-29",0.477999985218048,0.477999985218048,0.467999994754791,0.467999994754791,0,0.467999994754791
"2016-11-30",0.465000003576279,0.467999994754791,0.465000003576279,0.467999994754791,0,0.467999994754791
"2016-12-01",0.469999998807907,0.469999998807907,0.458000004291534,0.458000004291534,0,0.458000004291534
"2016-12-02",0.458000004291534,0.458000004291534,0.455000013113022,0.455000013113022,0,0.455000013113022
"2016-12-05",0.455000013113022,0.46000000834465,0.449999988079071,0.453000009059906,0,0.453000009059906
"2016-12-06",0.483000010251999,0.488000005483627,0.483000010251999,0.485000014305115,0,0.485000014305115
"2016-12-07",0.483000010251999,0.488000005483627,0.479999989271164,0.488000005483627,0,0.488000005483627
"2016-12-08",0.479999989271164,0.490000009536743,0.479999989271164,0.490000009536743,0,0.490000009536743
"2016-12-09",0.490000009536743,0.519999980926514,0.490000009536743,0.519999980926514,0,0.519999980926514
"2016-12-12",0.51800000667572,0.51800000667572,0.497999995946884,0.5,0,0.5
"2016-12-13",0.514999985694885,0.523000001907349,0.514999985694885,0.523000001907349,0,0.523000001907349
"2016-12-14",0.519999980926514,0.523000001907349,0.509999990463257,0.523000001907349,0,0.523000001907349
"2016-12-15",0.503000020980835,0.503000020980835,0.483000010251999,0.488000005483627,0,0.488000005483627
"2016-12-16",0.488000005483627,0.493000000715256,0.483000010251999,0.485000014305115,0,0.485000014305115
"2016-12-19",0.479999989271164,0.479999989271164,0.47299998998642,0.477999985218048,0,0.477999985218048
"2016-12-20",0.509999990463257,0.513000011444092,0.509999990463257,0.513000011444092,0,0.513000011444092
"2016-12-21",0.509999990463257,0.509999990463257,0.503000020980835,0.503000020980835,0,0.503000020980835
"2016-12-22",0.485000014305115,0.495000004768372,0.483000010251999,0.493000000715256,0,0.493000000715256
"2016-12-23",0.485000014305115,0.5,0.485000014305115,0.5,0,0.5
"2016-12-27",0.504999995231628,0.527999997138977,0.495000004768372,0.495000004768372,0,0.495000004768372
"2016-12-28",0.51800000667572,0.524999976158142,0.495000004768372,0.495000004768372,0,0.495000004768372
"2016-12-29",0.483000010251999,0.483000010251999,0.419999986886978,0.439999997615814,0,0.439999997615814
"2016-12-30",0.444999992847443,0.488000005483627,0.444999992847443,0.479999989271164,0,0.479999989271164
"2017-01-03",0.488000005483627,0.490000009536743,0.474999994039536,0.474999994039536,0,0.474999994039536
"2017-01-04",0.51800000667572,0.519999980926514,0.51800000667572,0.51800000667572,0,0.51800000667572
"2017-01-05",0.509999990463257,0.509999990463257,0.503000020980835,0.508000016212463,0,0.508000016212463
"2017-01-06",0.503000020980835,0.508000016212463,0.5,0.503000020980835,0,0.503000020980835
"2017-01-09",0.5,0.5,0.483000010251999,0.485000014305115,0,0.485000014305115
"2017-01-10",0.5,0.504999995231628,0.5,0.503000020980835,0,0.503000020980835
"2017-01-11",0.497999995946884,0.503000020980835,0.495000004768372,0.497999995946884,0,0.497999995946884
"2017-01-12",0.493000000715256,0.503000020980835,0.493000000715256,0.503000020980835,0,0.503000020980835
"2017-01-13",0.503000020980835,0.513000011444092,0.503000020980835,0.513000011444092,0,0.513000011444092
"2017-01-17",0.508000016212463,0.51800000667572,0.504999995231628,0.513000011444092,0,0.513000011444092
"2017-01-18",0.527999997138977,0.535000026226044,0.513000011444092,0.514999985694885,0,0.514999985694885
"2017-01-19",0.508000016212463,0.508000016212463,0.497999995946884,0.503000020980835,0,0.503000020980835
"2017-01-20",0.479999989271164,0.488000005483627,0.477999985218048,0.479999989271164,0,0.479999989271164
"2017-01-23",0.485000014305115,0.485000014305115,0.47299998998642,0.47299998998642,0,0.47299998998642
"2017-01-24",0.5,0.5,0.493000000715256,0.493000000715256,0,0.493000000715256
"2017-01-25",0.493000000715256,0.493000000715256,0.479999989271164,0.483000010251999,0,0.483000010251999
"2017-01-26",0.483000010251999,0.490000009536743,0.483000010251999,0.488000005483627,0,0.488000005483627
"2017-01-27",0.488000005483627,0.497999995946884,0.488000005483627,0.497999995946884,0,0.497999995946884
"2017-01-30",0.497999995946884,0.504999995231628,0.495000004768372,0.495000004768372,0,0.495000004768372
"2017-01-31",0.508000016212463,0.508000016212463,0.5,0.5,0,0.5
"2017-02-01",0.504999995231628,0.509999990463257,0.497999995946884,0.5,0,0.5
"2017-02-02",0.493000000715256,0.493000000715256,0.479999989271164,0.488000005483627,0,0.488000005483627
"2017-02-03",0.485000014305115,0.488000005483627,0.483000010251999,0.488000005483627,0,0.488000005483627
"2017-02-06",0.488000005483627,0.508000016212463,0.488000005483627,0.503000020980835,0,0.503000020980835
"2017-02-07",0.51800000667572,0.524999976158142,0.51800000667572,0.524999976158142,0,0.524999976158142
"2017-02-08",0.523000001907349,0.524999976158142,0.519999980926514,0.524999976158142,0,0.524999976158142
"2017-02-09",0.523000001907349,0.527999997138977,0.523000001907349,0.527999997138977,0,0.527999997138977
"2017-02-10",0.523000001907349,0.527999997138977,0.519999980926514,0.523000001907349,0,0.523000001907349
"2017-02-13",0.519999980926514,0.523000001907349,0.514999985694885,0.523000001907349,0,0.523000001907349
"2017-02-14",0.532999992370605,0.537999987602234,0.527999997138977,0.535000026226044,0,0.535000026226044
"2017-02-15",0.524999976158142,0.529999971389771,0.519999980926514,0.519999980926514,0,0.519999980926514
"2017-02-16",0.51800000667572,0.51800000667572,0.503000020980835,0.508000016212463,0,0.508000016212463
"2017-02-17",0.5,0.508000016212463,0.5,0.508000016212463,0,0.508000016212463
"2017-02-21",0.504999995231628,0.508000016212463,0.504999995231628,0.504999995231628,0,0.504999995231628
"2017-02-22",0.527999997138977,0.527999997138977,0.509999990463257,0.509999990463257,0,0.509999990463257
"2017-02-23",0.5,0.5,0.495000004768372,0.497999995946884,0,0.497999995946884
"2017-02-24",0.495000004768372,0.497999995946884,0.490000009536743,0.497999995946884,0,0.497999995946884
"2017-02-27",0.495000004768372,0.497999995946884,0.488000005483627,0.490000009536743,0,0.490000009536743
"2017-02-28",0.513000011444092,0.523000001907349,0.509999990463257,0.523000001907349,0,0.523000001907349
"2017-03-01",0.625,0.64300000667572,0.607999980449677,0.615000009536743,0,0.615000009536743
"2017-03-02",0.654999971389771,0.689999997615814,0.625,0.644999980926514,0,0.644999980926514
"2017-03-03",0.633000016212463,0.689999997615814,0.633000016212463,0.683000028133392,0,0.683000028133392
"2017-03-06",0.683000028133392,0.717999994754791,0.680000007152557,0.704999983310699,0,0.704999983310699
"2017-03-07",0.727999985218048,0.742999970912933,0.725000023841858,0.735000014305115,0,0.735000014305115
"2017-03-08",0.753000020980835,0.754999995231628,0.708000004291534,0.708000004291534,0,0.708000004291534
"2017-03-09",0.703000009059906,0.712999999523163,0.698000013828278,0.712999999523163,0,0.712999999523163
"2017-03-10",0.709999978542328,0.732999980449677,0.708000004291534,0.725000023841858,0,0.725000023841858
"2017-03-13",0.725000023841858,0.742999970912933,0.720000028610229,0.727999985218048,0,0.727999985218048
"2017-03-14",0.764999985694885,0.764999985694885,0.753000020980835,0.753000020980835,0,0.753000020980835
"2017-03-15",0.75,0.753000020980835,0.714999973773956,0.714999973773956,0,0.714999973773956
"2017-03-16",0.699999988079071,0.72299998998642,0.699999988079071,0.708000004291534,0,0.708000004291534
"2017-03-17",0.709999978542328,0.717999994754791,0.704999983310699,0.708000004291534,0,0.708000004291534
"2017-03-20",0.708000004291534,0.712999999523163,0.708000004291534,0.709999978542328,0,0.709999978542328
"2017-03-21",0.758000016212463,0.758000016212463,0.753000020980835,0.753000020980835,0,0.753000020980835
"2017-03-22",0.753000020980835,0.754999995231628,0.748000025749207,0.748000025749207,0,0.748000025749207
"2017-03-23",0.745000004768372,0.75,0.745000004768372,0.748000025749207,0,0.748000025749207
"2017-03-24",0.748000025749207,0.754999995231628,0.748000025749207,0.748000025749207,0,0.748000025749207
"2017-03-27",0.748000025749207,0.759999990463257,0.748000025749207,0.758000016212463,0,0.758000016212463
"2017-03-28",0.773000001907349,0.774999976158142,0.773000001907349,0.773000001907349,0,0.773000001907349
"2017-03-29",0.769999980926514,0.769999980926514,0.754999995231628,0.754999995231628,0,0.754999995231628
"2017-03-30",0.753000020980835,0.758000016212463,0.75,0.758000016212463,0,0.758000016212463
"2017-03-31",0.740000009536743,0.740000009536743,0.737999975681305,0.737999975681305,0,0.737999975681305
"2017-04-03",0.740000009536743,0.745000004768372,0.737999975681305,0.740000009536743,0,0.740000009536743
"2017-04-04",0.777999997138977,0.779999971389771,0.777999997138977,0.779999971389771,0,0.779999971389771
"2017-04-05",0.779999971389771,0.785000026226044,0.779999971389771,0.779999971389771,0,0.779999971389771
"2017-04-06",0.777999997138977,0.790000021457672,0.777999997138977,0.787999987602234,0,0.787999987602234
"2017-04-07",0.785000026226044,0.797999978065491,0.782999992370605,0.797999978065491,0,0.797999978065491
"2017-04-10",0.795000016689301,0.797999978065491,0.785000026226044,0.787999987602234,0,0.787999987602234
"2017-04-11",0.805000007152557,0.805000007152557,0.800000011920929,0.800000011920929,0,0.800000011920929
"2017-04-12",0.795000016689301,0.800000011920929,0.790000021457672,0.792999982833862,0,0.792999982833862
"2017-04-13",0.787999987602234,0.792999982833862,0.787999987602234,0.790000021457672,0,0.790000021457672
"2017-04-17",0.790000021457672,0.800000011920929,0.790000021457672,0.790000021457672,0,0.790000021457672
"2017-04-18",0.805000007152557,0.810000002384186,0.800000011920929,0.805000007152557,0,0.805000007152557
"2017-04-19",0.810000002384186,0.810000002384186,0.785000026226044,0.785000026226044,0,0.785000026226044
"2017-04-20",0.779999971389771,0.785000026226044,0.769999980926514,0.769999980926514,0,0.769999980926514
"2017-04-21",0.76800000667572,0.769999980926514,0.759999990463257,0.763000011444092,0,0.763000011444092
"2017-04-24",0.777999997138977,0.777999997138977,0.76800000667572,0.769999980926514,0,0.769999980926514
"2017-04-25",0.808000028133392,0.810000002384186,0.802999973297119,0.808000028133392,0,0.808000028133392
"2017-04-26",0.805000007152557,0.810000002384186,0.797999978065491,0.802999973297119,0,0.802999973297119
"2017-04-27",0.792999982833862,0.795000016689301,0.785000026226044,0.785000026226044,0,0.785000026226044
"2017-04-28",0.777999997138977,0.782999992370605,0.777999997138977,0.779999971389771,0,0.779999971389771
"2017-05-01",0.779999971389771,0.795000016689301,0.777999997138977,0.785000026226044,0,0.785000026226044
"2017-05-02",0.839999973773956,0.845000028610229,0.839999973773956,0.842999994754791,0,0.842999994754791
"2017-05-03",0.845000028610229,0.855000019073486,0.842999994754791,0.84799998998642,0,0.84799998998642
"2017-05-04",0.84799998998642,0.855000019073486,0.84799998998642,0.855000019073486,0,0.855000019073486
"2017-05-05",0.857999980449677,0.870000004768372,0.852999985218048,0.867999970912933,0,0.867999970912933
"2017-05-08",0.870000004768372,0.883000016212463,0.870000004768372,0.870000004768372,0,0.870000004768372
"2017-05-09",0.889999985694885,0.889999985694885,0.889999985694885,0.889999985694885,0,0.889999985694885
"2017-05-10",0.888000011444092,0.888000011444092,0.875,0.875,0,0.875
"2017-05-11",0.870000004768372,0.873000025749207,0.857999980449677,0.860000014305115,0,0.860000014305115
"2017-05-12",0.860000014305115,0.860000014305115,0.850000023841858,0.855000019073486,0,0.855000019073486
"2017-05-15",0.860000014305115,0.870000004768372,0.860000014305115,0.862999975681305,0,0.862999975681305
"2017-05-16",0.889999985694885,0.89300000667572,0.889999985694885,0.889999985694885,0,0.889999985694885
"2017-05-17",0.879999995231628,0.883000016212463,0.875,0.875,0,0.875
"2017-05-18",0.867999970912933,0.89300000667572,0.867999970912933,0.89300000667572,0,0.89300000667572
"2017-05-19",0.889999985694885,0.894999980926514,0.888000011444092,0.888000011444092,0,0.888000011444092
"2017-05-22",0.89300000667572,0.894999980926514,0.878000020980835,0.878000020980835,0,0.878000020980835
"2017-05-23",0.904999971389771,0.915000021457672,0.902999997138977,0.912999987602234,0,0.912999987602234
"2017-05-24",0.904999971389771,0.910000026226044,0.904999971389771,0.904999971389771,0,0.904999971389771
"2017-05-25",0.899999976158142,0.907999992370605,0.899999976158142,0.907999992370605,0,0.907999992370605
"2017-05-26",0.904999971389771,0.910000026226044,0.902999997138977,0.910000026226044,0,0.910000026226044
"2017-05-30",0.910000026226044,0.920000016689301,0.910000026226044,0.910000026226044,0,0.910000026226044
"2017-05-31",0.949999988079071,0.954999983310699,0.949999988079071,0.949999988079071,0,0.949999988079071
"2017-06-01",0.953000009059906,0.953000009059906,0.948000013828278,0.948000013828278,0,0.948000013828278
"2017-06-02",0.948000013828278,0.954999983310699,0.943000018596649,0.953000009059906,0,0.953000009059906
"2017-06-05",0.954999983310699,0.962999999523163,0.944999992847443,0.948000013828278,0,0.948000013828278
"2017-06-06",0.959999978542328,0.959999978542328,0.958000004291534,0.958000004291534,0,0.958000004291534
"2017-06-07",0.959999978542328,0.975000023841858,0.959999978542328,0.97299998998642,0,0.97299998998642
"2017-06-08",0.964999973773956,0.975000023841858,0.964999973773956,0.97299998998642,0,0.97299998998642
"2017-06-09",0.975000023841858,0.985000014305115,0.975000023841858,0.980000019073486,0,0.980000019073486
"2017-06-12",0.980000019073486,0.985000014305115,0.97299998998642,0.97299998998642,0,0.97299998998642
"2017-06-13",0.982999980449677,0.985000014305115,0.982999980449677,0.982999980449677,0,0.982999980449677
"2017-06-14",0.982999980449677,0.995000004768372,0.975000023841858,0.982999980449677,0,0.982999980449677
"2017-06-15",0.982999980449677,0.992999970912933,0.977999985218048,0.992999970912933,0,0.992999970912933
"2017-06-16",0.987999975681305,0.987999975681305,0.982999980449677,0.985000014305115,0,0.985000014305115
"2017-06-19",0.987999975681305,0.995000004768372,0.985000014305115,0.985000014305115,0,0.985000014305115
"2017-06-20",1.00300002098083,1.00300002098083,0.992999970912933,0.992999970912933,0,0.992999970912933
"2017-06-21",0.990000009536743,0.990000009536743,0.962999999523163,0.967999994754791,0,0.967999994754791
"2017-06-22",0.958000004291534,0.958000004291534,0.930000007152557,0.933000028133392,0,0.933000028133392
"2017-06-23",0.927999973297119,0.938000023365021,0.927999973297119,0.933000028133392,0,0.933000028133392
"2017-06-26",0.939999997615814,0.943000018596649,0.927999973297119,0.933000028133392,0,0.933000028133392
"2017-06-27",0.990000009536743,0.995000004768372,0.990000009536743,0.990000009536743,0,0.990000009536743
"2017-06-28",0.990000009536743,0.990000009536743,0.985000014305115,0.985000014305115,0,0.985000014305115
"2017-06-29",0.987999975681305,1.00999999046326,0.985000014305115,1.00300002098083,0,1.00300002098083
"2017-06-30",0.995000004768372,1,0.992999970912933,0.992999970912933,0,0.992999970912933
"2017-07-03",1,1.00499999523163,0.998000025749207,1,0,1
"2017-07-05",1.02999997138977,1.02999997138977,1.01999998092651,1.01999998092651,0,1.01999998092651
"2017-07-06",1.01999998092651,1.01999998092651,1.00499999523163,1.00800001621246,0,1.00800001621246
"2017-07-07",1.00999999046326,1.01499998569489,1.00800001621246,1.00800001621246,0,1.00800001621246
"2017-07-10",1.00999999046326,1.01300001144409,1.00800001621246,1.01300001144409,0,1.01300001144409
"2017-07-11",1.03299999237061,1.0349999666214,1.03299999237061,1.03299999237061,0,1.03299999237061
"2017-07-12",1.02999997138977,1.02999997138977,1.02300000190735,1.02300000190735,0,1.02300000190735
"2017-07-13",1.02300000190735,1.02300000190735,1.01300001144409,1.01300001144409,0,1.01300001144409
"2017-07-14",1.01300001144409,1.01300001144409,1.00800001621246,1.00800001621246,0,1.00800001621246
"2017-07-17",1.00499999523163,1.01999998092651,1.00499999523163,1.01999998092651,0,1.01999998092651
"2017-07-18",1.03799998760223,1.04299998283386,1.03799998760223,1.03999996185303,0,1.03999996185303
"2017-07-19",1.03999996185303,1.09500002861023,1.03999996185303,1.08500003814697,0,1.08500003814697
"2017-07-20",1.09500002861023,1.13999998569489,1.09300005435944,1.11300003528595,0,1.11300003528595
"2017-07-21",1.12000000476837,1.13800001144409,1.12000000476837,1.13800001144409,0,1.13800001144409
"2017-07-24",1.13999998569489,1.15799999237061,1.13800001144409,1.14999997615814,0,1.14999997615814
"2017-07-25",1.16999995708466,1.17299997806549,1.13499999046326,1.14300000667572,0,1.14300000667572
"2017-07-26",1.13999998569489,1.13999998569489,1.09500002861023,1.09500002861023,0,1.09500002861023
"2017-07-27",1.0900000333786,1.0900000333786,1.07500004768372,1.07799994945526,0,1.07799994945526
"2017-07-28",1.07799994945526,1.07799994945526,1.04999995231628,1.05299997329712,0,1.05299997329712
"2017-07-31",1.04999995231628,1.05299997329712,1.0349999666214,1.05299997329712,0,1.05299997329712
"2017-08-01",1.05799996852875,1.07000005245209,1.05499994754791,1.05799996852875,0,1.05799996852875
"2017-08-02",1.05999994277954,1.05999994277954,1.04799997806549,1.04999995231628,0,1.04999995231628
"2017-08-03",1.04499995708466,1.05799996852875,1.04499995708466,1.05799996852875,0,1.05799996852875
"2017-08-04",1.05499994754791,1.05799996852875,1.05299997329712,1.05299997329712,0,1.05299997329712
"2017-08-07",1.05299997329712,1.05299997329712,1.01999998092651,1.03299999237061,0,1.03299999237061
"2017-08-08",1.01999998092651,1.02999997138977,1.01999998092651,1.02999997138977,0,1.02999997138977
"2017-08-09",1.02499997615814,1.02499997615814,1.02499997615814,1.02499997615814,0,1.02499997615814
"2017-08-10",1.02499997615814,1.02499997615814,1.01800000667572,1.01800000667572,0,1.01800000667572
"2017-08-11",1.01300001144409,1.01499998569489,1.00999999046326,1.01300001144409,0,1.01300001144409
"2017-08-14",1.01499998569489,1.01800000667572,1.00300002098083,1.00300002098083,0,1.00300002098083
"2017-08-15",1.00300002098083,1.00800001621246,1.00300002098083,1.00800001621246,0,1.00800001621246
"2017-08-16",1.00499999523163,1.00999999046326,0.985000014305115,0.985000014305115,0,0.985000014305115
"2017-08-17",0.985000014305115,0.985000014305115,0.97299998998642,0.977999985218048,0,0.977999985218048
"2017-08-18",0.975000023841858,0.990000009536743,0.97299998998642,0.987999975681305,0,0.987999975681305
"2017-08-21",0.985000014305115,0.985000014305115,0.964999973773956,0.964999973773956,0,0.964999973773956
"2017-08-22",0.995000004768372,0.995000004768372,0.992999970912933,0.995000004768372,0,0.995000004768372
"2017-08-23",0.992999970912933,0.995000004768372,0.980000019073486,0.980000019073486,0,0.980000019073486
"2017-08-24",0.982999980449677,0.998000025749207,0.982999980449677,0.998000025749207,0,0.998000025749207
"2017-08-25",0.992999970912933,0.998000025749207,0.992999970912933,0.995000004768372,0,0.995000004768372
"2017-08-28",0.995000004768372,1.00499999523163,0.990000009536743,1.00499999523163,0,1.00499999523163
"2017-08-29",1.01300001144409,1.01300001144409,1.00499999523163,1.00999999046326,0,1.00999999046326
"2017-08-30",1.00999999046326,1.00999999046326,0.995000004768372,0.998000025749207,0,0.998000025749207
"2017-08-31",0.982999980449677,0.987999975681305,0.970000028610229,0.977999985218048,0,0.977999985218048
"2017-09-01",0.980000019073486,0.992999970912933,0.97299998998642,0.985000014305115,0,0.985000014305115
"2017-09-05",0.980000019073486,0.985000014305115,0.970000028610229,0.982999980449677,0,0.982999980449677
"2017-09-06",1.01800000667572,1.03999996185303,1.01499998569489,1.03799998760223,0,1.03799998760223
"2017-09-07",1.02799999713898,1.02799999713898,1.01800000667572,1.02300000190735,0,1.02300000190735
"2017-09-08",1.01800000667572,1.02300000190735,1.01800000667572,1.01999998092651,0,1.01999998092651
"2017-09-11",1.01999998092651,1.02799999713898,1.01800000667572,1.01999998092651,0,1.01999998092651
"2017-09-12",1.02300000190735,1.02300000190735,1.01800000667572,1.01800000667572,0,1.01800000667572
"2017-09-13",1.01999998092651,1.02499997615814,1.01300001144409,1.01800000667572,0,1.01800000667572
"2017-09-14",1.01800000667572,1.02799999713898,1.01800000667572,1.02799999713898,0,1.02799999713898
"2017-09-15",1.02499997615814,1.02499997615814,1.00999999046326,1.00999999046326,0,1.00999999046326
"2017-09-18",1.01300001144409,1.01499998569489,1,1,0,1
"2017-09-19",1.02799999713898,1.02799999713898,1.01800000667572,1.01800000667572,0,1.01800000667572
"2017-09-20",1.01499998569489,1.02300000190735,1.00999999046326,1.01999998092651,0,1.01999998092651
"2017-09-21",1.00499999523163,1.01999998092651,1.00499999523163,1.00800001621246,0,1.00800001621246
"2017-09-22",1.00499999523163,1.00800001621246,1,1.00300002098083,0,1.00300002098083
"2017-09-25",1,1.00300002098083,0.998000025749207,0.998000025749207,0,0.998000025749207
"2017-09-26",1.03999996185303,1.04499995708466,1.03999996185303,1.04299998283386,0,1.04299998283386
"2017-09-27",1.04299998283386,1.05299997329712,1.03799998760223,1.03799998760223,0,1.03799998760223
"2017-09-28",1.03299999237061,1.0349999666214,1.02999997138977,1.02999997138977,0,1.02999997138977
"2017-09-29",1.02799999713898,1.03299999237061,1.02499997615814,1.02799999713898,0,1.02799999713898
"2017-10-02",1.03299999237061,1.03299999237061,1.01300001144409,1.01300001144409,0,1.01300001144409
"2017-10-03",1.0349999666214,1.0349999666214,1.0349999666214,1.0349999666214,0,1.0349999666214
"2017-10-04",1.03999996185303,1.04499995708466,1.03999996185303,1.04299998283386,0,1.04299998283386
"2017-10-05",1.04299998283386,1.04299998283386,1.03999996185303,1.04299998283386,0,1.04299998283386
"2017-10-06",1.04799997806549,1.04999995231628,1.04299998283386,1.04299998283386,0,1.04299998283386
"2017-10-09",1.04499995708466,1.04499995708466,1.04499995708466,1.04499995708466,0,1.04499995708466
"2017-10-10",1.04799997806549,1.05999994277954,1.04799997806549,1.05499994754791,0,1.05499994754791
"2017-10-11",1.07500004768372,1.07500004768372,1.067999958992,1.067999958992,0,1.067999958992
"2017-10-12",1.06299996376038,1.06299996376038,1.05299997329712,1.05299997329712,0,1.05299997329712
"2017-10-13",1.05299997329712,1.05299997329712,1.04999995231628,1.04999995231628,0,1.04999995231628
"2017-10-16",1.04999995231628,1.05799996852875,1.04999995231628,1.05499994754791,0,1.05499994754791
"2017-10-17",1.08000004291534,1.08299994468689,1.07299995422363,1.07299995422363,0,1.07299995422363
"2017-10-18",1.07500004768372,1.07500004768372,1.067999958992,1.067999958992,0,1.067999958992
"2017-10-19",1.05799996852875,1.06500005722046,1.05799996852875,1.06500005722046,0,1.06500005722046
"2017-10-20",1.06500005722046,1.07500004768372,1.06500005722046,1.07500004768372,0,1.07500004768372
"2017-10-23",1.08000004291534,1.08000004291534,1.07000005245209,1.07000005245209,0,1.07000005245209
"2017-10-24",1.09800004959106,1.09800004959106,1.09800004959106,1.09800004959106,0,1.09800004959106
"2017-10-25",1.09500002861023,1.09800004959106,1.08000004291534,1.08299994468689,0,1.08299994468689
"2017-10-26",1.08000004291534,1.08299994468689,1.07500004768372,1.08000004291534,0,1.08000004291534
"2017-10-27",1.07500004768372,1.07500004768372,1.07299995422363,1.07299995422363,0,1.07299995422363
"2017-10-30",1.07299995422363,1.08000004291534,1.07299995422363,1.07500004768372,0,1.07500004768372
"2017-10-31",1.12000000476837,1.12300002574921,1.11800003051758,1.12300002574921,0,1.12300002574921
"2017-11-01",1.12300002574921,1.13800001144409,1.12300002574921,1.13800001144409,0,1.13800001144409
"2017-11-02",1.13300001621246,1.14300000667572,1.13300001621246,1.13800001144409,0,1.13800001144409
"2017-11-03",1.13499999046326,1.14800000190735,1.13499999046326,1.14800000190735,0,1.14800000190735
"2017-11-06",1.15799999237061,1.1599999666214,1.15299999713898,1.15799999237061,0,1.15799999237061
"2017-11-07",1.18499994277954,1.20799994468689,1.18499994277954,1.18799996376038,0,1.18799996376038
"2017-11-08",1.18799996376038,1.20000004768372,1.18799996376038,1.19500005245209,0,1.19500005245209
"2017-11-09",1.20500004291534,1.22800004482269,1.20299994945526,1.20299994945526,0,1.20299994945526
"2017-11-10",1.20500004291534,1.20500004291534,1.20000004768372,1.20000004768372,0,1.20000004768372
"2017-11-13",1.20000004768372,1.20000004768372,1.17999994754791,1.18499994277954,0,1.18499994277954
"2017-11-14",1.22800004482269,1.24000000953674,1.22800004482269,1.24000000953674,0,1.24000000953674
"2017-11-15",1.23300004005432,1.24500000476837,1.23000001907349,1.23000001907349,0,1.23000001907349
"2017-11-16",1.22300004959106,1.23500001430511,1.22300004959106,1.23000001907349,0,1.23000001907349
"2017-11-17",1.23000001907349,1.24000000953674,1.23000001907349,1.24000000953674,0,1.24000000953674
"2017-11-20",1.24000000953674,1.24500000476837,1.23500001430511,1.24000000953674,0,1.24000000953674
"2017-11-21",1.28299999237061,1.28999996185303,1.27499997615814,1.27799999713898,0,1.27799999713898
"2017-11-22",1.27499997615814,1.27799999713898,1.25499999523163,1.26499998569489,0,1.26499998569489
"2017-11-24",1.26300001144409,1.26300001144409,1.23500001430511,1.24000000953674,0,1.24000000953674
"2017-11-27",1.24300003051758,1.24300003051758,1.22300004959106,1.22300004959106,0,1.22300004959106
"2017-11-28",1.26999998092651,1.26999998092651,1.26499998569489,1.26499998569489,0,1.26499998569489
"2017-11-29",1.26499998569489,1.26499998569489,1.25,1.25800001621246,0,1.25800001621246
"2017-11-30",1.26300001144409,1.26300001144409,1.23800003528595,1.23800003528595,0,1.23800003528595
"2017-12-01",1.23800003528595,1.25499999523163,1.23000001907349,1.23500001430511,0,1.23500001430511
"2017-12-04",1.23800003528595,1.25,1.23800003528595,1.24500000476837,0,1.24500000476837
"2017-12-05",1.26300001144409,1.28299999237061,1.25999999046326,1.28299999237061,0,1.28299999237061
"2017-12-06",1.2849999666214,1.28999996185303,1.26300001144409,1.26300001144409,0,1.26300001144409
"2017-12-07",1.25999999046326,1.26999998092651,1.25,1.25999999046326,0,1.25999999046326
"2017-12-08",1.26300001144409,1.26300001144409,1.25300002098083,1.25300002098083,0,1.25300002098083
"2017-12-11",1.25,1.26499998569489,1.25,1.26300001144409,0,1.26300001144409
"2017-12-12",1.31299996376038,1.31299996376038,1.30999994277954,1.30999994277954,0,1.30999994277954
"2017-12-13",1.30999994277954,1.31500005722046,1.26999998092651,1.27300000190735,0,1.27300000190735
"2017-12-14",1.27799999713898,1.29299998283386,1.27799999713898,1.28299999237061,0,1.28299999237061
"2017-12-15",1.27999997138977,1.28999996185303,1.27999997138977,1.2849999666214,0,1.2849999666214
"2017-12-18",1.28999996185303,1.32000005245209,1.28999996185303,1.31500005722046,0,1.31500005722046
"2017-12-19",1.34800004959106,1.35300004482269,1.34300005435944,1.35300004482269,0,1.35300004482269
"2017-12-20",1.35300004482269,1.37000000476837,1.35000002384186,1.35000002384186,0,1.35000002384186
"2017-12-21",1.35000002384186,1.35000002384186,1.32000005245209,1.32000005245209,0,1.32000005245209
"2017-12-22",1.32000005245209,1.32000005245209,1.29499995708466,1.29799997806549,0,1.29799997806549
"2017-12-26",1.31299996376038,1.31500005722046,1.29299998283386,1.30299997329712,0,1.30299997329712
"2017-12-27",1.43299996852875,1.43499994277954,1.40799999237061,1.40799999237061,0,1.40799999237061
"2017-12-28",1.39300000667572,1.41299998760223,1.37000000476837,1.37000000476837,0,1.37000000476837
"2017-12-29",1.36500000953674,1.37999999523163,1.35000002384186,1.35500001907349,0,1.35500001907349
"2018-01-02",1.38800001144409,1.39999997615814,1.375,1.37800002098083,0,1.37800002098083
"2018-01-03",1.38800001144409,1.38999998569489,1.36800003051758,1.37000000476837,0,1.37000000476837
"2018-01-04",1.37000000476837,1.375,1.37000000476837,1.37000000476837,0,1.37000000476837
"2018-01-05",1.37000000476837,1.37000000476837,1.37000000476837,1.37000000476837,0,1.37000000476837
"2018-01-08",1.37000000476837,1.37999999523163,1.37000000476837,1.37999999523163,0,1.37999999523163
"2018-01-09",1.41799998283386,1.41999995708466,1.41299998760223,1.41499996185303,0,1.41499996185303
"2018-01-10",1.41999995708466,1.42299997806549,1.39499998092651,1.39499998092651,0,1.39499998092651
"2018-01-11",1.38999998569489,1.40499997138977,1.38999998569489,1.40299999713898,0,1.40299999713898
"2018-01-12",1.39800000190735,1.41499996185303,1.39499998092651,1.4099999666214,0,1.4099999666214
"2018-01-16",1.41499996185303,1.42499995231628,1.39499998092651,1.39499998092651,0,1.39499998092651
"2018-01-17",1.41299998760223,1.41499996185303,1.40799999237061,1.41499996185303,0,1.41499996185303
"2018-01-18",1.4099999666214,1.41799998283386,1.40499997138977,1.40499997138977,0,1.40499997138977
"2018-01-19",1.39999997615814,1.40299999713898,1.39800000190735,1.40299999713898,0,1.40299999713898
"2018-01-22",1.39999997615814,1.39999997615814,1.38999998569489,1.38999998569489,0,1.38999998569489
"2018-01-23",1.41799998283386,1.41799998283386,1.4099999666214,1.41299998760223,0,1.41299998760223
"2018-01-24",1.41299998760223,1.41499996185303,1.40299999713898,1.4099999666214,0,1.4099999666214
"2018-01-25",1.39800000190735,1.39999997615814,1.38999998569489,1.39300000667572,0,1.39300000667572
"2018-01-26",1.38800001144409,1.38800001144409,1.37999999523163,1.38800001144409,0,1.38800001144409
"2018-01-29",1.39499998092651,1.39499998092651,1.375,1.375,0,1.375
"2018-01-30",1.41299998760223,1.42799997329712,1.41299998760223,1.42499995231628,0,1.42499995231628
"2018-01-31",1.42799997329712,1.442999958992,1.41999995708466,1.42999994754791,0,1.42999994754791
"2018-02-01",1.42499995231628,1.45500004291534,1.41999995708466,1.45299994945526,0,1.45299994945526
"2018-02-02",1.44500005245209,1.45500004291534,1.44500005245209,1.45000004768372,0,1.45000004768372
"2018-02-05",1.44500005245209,1.46300005912781,1.44500005245209,1.45799994468689,0,1.45799994468689
"2018-02-06",1.49800002574921,1.49800002574921,1.47800004482269,1.48800003528595,0,1.48800003528595
"2018-02-07",1.5,1.53299999237061,1.49500000476837,1.51499998569489,0,1.51499998569489
"2018-02-08",1.51300001144409,1.53299999237061,1.50999999046326,1.51499998569489,0,1.51499998569489
"2018-02-09",1.51300001144409,1.52499997615814,1.51300001144409,1.52499997615814,0,1.52499997615814
"2018-02-12",1.5349999666214,1.55799996852875,1.53299999237061,1.5349999666214,0,1.5349999666214
"2018-02-13",1.56299996376038,1.58000004291534,1.55299997329712,1.57000005245209,0,1.57000005245209
"2018-02-14",1.56299996376038,1.57500004768372,1.53799998760223,1.54999995231628,0,1.54999995231628
"2018-02-15",1.53799998760223,1.55999994277954,1.53799998760223,1.55999994277954,0,1.55999994277954
"2018-02-16",1.55999994277954,1.57000005245209,1.55999994277954,1.57000005245209,0,1.57000005245209
"2018-02-20",1.58299994468689,1.58500003814697,1.57000005245209,1.57299995422363,0,1.57299995422363
"2018-02-21",1.61000001430511,1.61300003528595,1.60300004482269,1.60800004005432,0,1.60800004005432
"2018-02-22",1.61300003528595,1.61300003528595,1.60500001907349,1.60500001907349,0,1.60500001907349
"2018-02-23",1.60300004482269,1.60500001907349,1.60300004482269,1.60500001907349,0,1.60500001907349
"2018-02-26",1.60000002384186,1.61300003528595,1.60000002384186,1.60800004005432,0,1.60800004005432
"2018-02-27",1.63999998569489,1.63999998569489,1.63499999046326,1.63499999046326,0,1.63499999046326
"2018-02-28",1.62999999523163,1.62999999523163,1.61800003051758,1.61800003051758,0,1.61800003051758
"2018-03-01",1.61000001430511,1.61800003051758,1.5900000333786,1.5900000333786,0,1.5900000333786
"2018-03-02",1.58800005912781,1.60500001907349,1.58800005912781,1.60500001907349,0,1.60500001907349
"2018-03-05",1.61000001430511,1.62999999523163,1.61000001430511,1.625,0,1.625
"2018-03-06",1.63800001144409,1.65299999713898,1.63800001144409,1.64300000667572,0,1.64300000667572
"2018-03-07",1.64300000667572,1.64999997615814,1.63999998569489,1.64999997615814,0,1.64999997615814
"2018-03-08",1.64499998092651,1.64499998092651,1.63499999046326,1.63499999046326,0,1.63499999046326
"2018-03-09",1.62999999523163,1.63999998569489,1.62999999523163,1.63499999046326,0,1.63499999046326
"2018-03-12",1.63499999046326,1.64499998092651,1.63499999046326,1.64300000667572,0,1.64300000667572
"2018-03-13",1.66499996185303,1.69000005722046,1.66499996185303,1.69000005722046,0,1.69000005722046
"2018-03-14",1.71000003814697,1.71800005435944,1.70000004768372,1.71800005435944,0,1.71800005435944
"2018-03-15",1.72300004959106,1.73500001430511,1.72300004959106,1.73300004005432,0,1.73300004005432
"2018-03-16",1.72800004482269,1.74000000953674,1.72800004482269,1.73800003528595,0,1.73800003528595
"2018-03-19",1.75800001621246,1.75999999046326,1.72800004482269,1.72800004482269,0,1.72800004482269
"2018-03-20",1.75999999046326,1.75999999046326,1.75800001621246,1.75800001621246,0,1.75800001621246
"2018-03-21",1.75499999523163,1.75999999046326,1.69500005245209,1.71000003814697,0,1.71000003814697
"2018-03-22",1.68299996852875,1.692999958992,1.66999995708466,1.68299996852875,0,1.68299996852875
"2018-03-23",1.68799996376038,1.69500005245209,1.68499994277954,1.68799996376038,0,1.68799996376038
"2018-03-26",1.70500004291534,1.71300005912781,1.69799995422363,1.70500004291534,0,1.70500004291534
"2018-03-27",1.75300002098083,1.75499999523163,1.73300004005432,1.73300004005432,0,1.73300004005432
"2018-03-28",1.71000003814697,1.72000002861023,1.692999958992,1.69500005245209,0,1.69500005245209
"2018-03-29",1.69500005245209,1.70500004291534,1.66999995708466,1.66999995708466,0,1.66999995708466
"2018-04-02",1.68299996852875,1.68799996376038,1.68299996852875,1.68299996852875,0,1.68299996852875
"2018-04-03",1.73800003528595,1.74000000953674,1.71300005912781,1.71300005912781,0,1.71300005912781
"2018-04-04",1.70500004291534,1.70500004291534,1.66799998283386,1.66799998283386,0,1.66799998283386
"2018-04-05",1.6599999666214,1.67799997329712,1.6599999666214,1.67499995231628,0,1.67499995231628
"2018-04-06",1.67499995231628,1.67999994754791,1.67499995231628,1.67999994754791,0,1.67999994754791
"2018-04-09",1.67999994754791,1.67999994754791,1.67499995231628,1.67499995231628,0,1.67499995231628
"2018-04-10",1.71000003814697,1.7150000333786,1.692999958992,1.69500005245209,0,1.69500005245209
"2018-04-11",1.692999958992,1.69500005245209,1.68799996376038,1.692999958992,0,1.692999958992
"2018-04-12",1.69000005722046,1.70500004291534,1.69000005722046,1.70500004291534,0,1.70500004291534
"2018-04-13",1.71000003814697,1.71800005435944,1.71000003814697,1.71800005435944,0,1.71800005435944
"2018-04-16",1.71800005435944,1.73300004005432,1.71300005912781,1.71300005912781,0,1.71300005912781
"2018-04-17",1.74000000953674,1.75499999523163,1.74000000953674,1.75499999523163,0,1.75499999523163
"2018-04-18",1.75,1.78299999237061,1.75,1.76999998092651,0,1.76999998092651
"2018-04-19",1.76800000667572,1.78999996185303,1.76800000667572,1.78299999237061,0,1.78299999237061
"2018-04-20",1.76999998092651,1.78299999237061,1.76499998569489,1.76499998569489,0,1.76499998569489
"2018-04-23",1.76999998092651,1.78299999237061,1.76999998092651,1.78299999237061,0,1.78299999237061
"2018-04-24",1.83299994468689,1.83500003814697,1.82299995422363,1.82299995422363,0,1.82299995422363
"2018-04-25",1.81500005722046,1.817999958992,1.81299996376038,1.81500005722046,0,1.81500005722046
"2018-04-26",1.7849999666214,1.79999995231628,1.7849999666214,1.7849999666214,0,1.7849999666214
"2018-04-27",1.77999997138977,1.7849999666214,1.76800000667572,1.76999998092651,0,1.76999998092651
"2018-04-30",1.77300000190735,1.78799998760223,1.76300001144409,1.76300001144409,0,1.76300001144409
"2018-05-01",1.82299995422363,1.82299995422363,1.80799996852875,1.80999994277954,0,1.80999994277954
"2018-05-02",1.81500005722046,1.82000005245209,1.7849999666214,1.7849999666214,0,1.7849999666214
"2018-05-03",1.78999996185303,1.78999996185303,1.77999997138977,1.78799998760223,0,1.78799998760223
"2018-05-04",1.7849999666214,1.79799997806549,1.7849999666214,1.79299998283386,0,1.79299998283386
"2018-05-07",1.78999996185303,1.79999995231628,1.78999996185303,1.79299998283386,0,1.79299998283386
"2018-05-08",1.8400000333786,1.84500002861023,1.83500003814697,1.83500003814697,0,1.83500003814697
"2018-05-09",1.83500003814697,1.84500002861023,1.83500003814697,1.84500002861023,0,1.84500002861023
"2018-05-10",1.8400000333786,1.85000002384186,1.8400000333786,1.84500002861023,0,1.84500002861023
"2018-05-11",1.85000002384186,1.86000001430511,1.85000002384186,1.86000001430511,0,1.86000001430511
"2018-05-14",1.86300003528595,1.86800003051758,1.85500001907349,1.85500001907349,0,1.85500001907349
"2018-05-15",1.875,1.875,1.87000000476837,1.875,0,1.875
"2018-05-16",1.87000000476837,1.88300001621246,1.86500000953674,1.86500000953674,0,1.86500000953674
"2018-05-17",1.86300003528595,1.875,1.86300003528595,1.86300003528595,0,1.86300003528595
"2018-05-18",1.86300003528595,1.86300003528595,1.85300004482269,1.85500001907349,0,1.85500001907349
"2018-05-21",1.85800004005432,1.86800003051758,1.85800004005432,1.86300003528595,0,1.86300003528595
"2018-05-22",1.88999998569489,1.89300000667572,1.88999998569489,1.89300000667572,0,1.89300000667572
"2018-05-23",1.88800001144409,1.88999998569489,1.87300002574921,1.87300002574921,0,1.87300002574921
"2018-05-24",1.86000001430511,1.86500000953674,1.85800004005432,1.86000001430511,0,1.86000001430511
"2018-05-25",1.85500001907349,1.85800004005432,1.8400000333786,1.85300004482269,0,1.85300004482269
"2018-05-29",1.85000002384186,1.85800004005432,1.8400000333786,1.8400000333786,0,1.8400000333786
"2018-05-30",1.89300000667572,1.89300000667572,1.875,1.87800002098083,0,1.87800002098083
"2018-05-31",1.87999999523163,1.87999999523163,1.87000000476837,1.87000000476837,0,1.87000000476837
"2018-06-01",1.86800003051758,1.87800002098083,1.86500000953674,1.86800003051758,0,1.86800003051758
"2018-06-04",1.86500000953674,1.87999999523163,1.86000001430511,1.86500000953674,0,1.86500000953674
"2018-06-05",1.90499997138977,1.9099999666214,1.89999997615814,1.90299999713898,0,1.90299999713898
"2018-06-06",1.91299998760223,1.91499996185303,1.89999997615814,1.89999997615814,0,1.89999997615814
"2018-06-07",1.89999997615814,1.89999997615814,1.88300001621246,1.88499999046326,0,1.88499999046326
"2018-06-08",1.88499999046326,1.88499999046326,1.87999999523163,1.87999999523163,0,1.87999999523163
"2018-06-11",1.87800002098083,1.87800002098083,1.86000001430511,1.86800003051758,0,1.86800003051758
"2018-06-12",1.90499997138977,1.90499997138977,1.88800001144409,1.88800001144409,0,1.88800001144409
"2018-06-13",1.88499999046326,1.89800000190735,1.88300001621246,1.89499998092651,0,1.89499998092651
"2018-06-14",1.88300001621246,1.88300001621246,1.87300002574921,1.88300001621246,0,1.88300001621246
"2018-06-15",1.87999999523163,1.88800001144409,1.87999999523163,1.88800001144409,0,1.88800001144409
"2018-06-18",1.88499999046326,1.89300000667572,1.88300001621246,1.88300001621246,0,1.88300001621246
"2018-06-19",1.88999998569489,1.89800000190735,1.88999998569489,1.89800000190735,0,1.89800000190735
"2018-06-20",1.88800001144409,1.88999998569489,1.87999999523163,1.88800001144409,0,1.88800001144409
"2018-06-21",1.88800001144409,1.88999998569489,1.88499999046326,1.88999998569489,0,1.88999998569489
"2018-06-22",1.88800001144409,1.88800001144409,1.86800003051758,1.87000000476837,0,1.87000000476837
"2018-06-25",1.86500000953674,1.87000000476837,1.85300004482269,1.85300004482269,0,1.85300004482269
"2018-06-26",1.89300000667572,1.89800000190735,1.88999998569489,1.89300000667572,0,1.89300000667572
"2018-06-27",1.88300001621246,1.88999998569489,1.87999999523163,1.87999999523163,0,1.87999999523163
"2018-06-28",1.87800002098083,1.89300000667572,1.87800002098083,1.87999999523163,0,1.87999999523163
"2018-06-29",1.87800002098083,1.88499999046326,1.875,1.87999999523163,0,1.87999999523163
"2018-07-02",1.875,1.89499998092651,1.875,1.89499998092651,0,1.89499998092651
"2018-07-03",1.93499994277954,1.93499994277954,1.93299996852875,1.93299996852875,0,1.93299996852875
"2018-07-05",1.91499996185303,1.91499996185303,1.9099999666214,1.9099999666214,0,1.9099999666214
"2018-07-06",1.90499997138977,1.90799999237061,1.90499997138977,1.90499997138977,0,1.90499997138977
"2018-07-09",1.9099999666214,1.91999995708466,1.9099999666214,1.91499996185303,0,1.91499996185303
"2018-07-10",1.93799996376038,1.94000005722046,1.93499994277954,1.93499994277954,0,1.93499994277954
"2018-07-11",1.92799997329712,1.93299996852875,1.91799998283386,1.91999995708466,0,1.91999995708466
"2018-07-12",1.91999995708466,1.92799997329712,1.90499997138977,1.92799997329712,0,1.92799997329712
"2018-07-13",1.91999995708466,1.92799997329712,1.91999995708466,1.92799997329712,0,1.92799997329712
"2018-07-16",1.93499994277954,1.94500005245209,1.93499994277954,1.93799996376038,0,1.93799996376038
"2018-07-17",1.96800005435944,1.97800004482269,1.96800005435944,1.97500002384186,0,1.97500002384186
"2018-07-18",1.97000002861023,1.97000002861023,1.95799994468689,1.96000003814697,0,1.96000003814697
"2018-07-19",1.95000004768372,1.95299994945526,1.942999958992,1.94799995422363,0,1.94799995422363
"2018-07-20",1.94500005245209,1.94500005245209,1.93299996852875,1.93299996852875,0,1.93299996852875
"2018-07-23",1.92499995231628,1.92999994754791,1.91999995708466,1.91999995708466,0,1.91999995708466
"2018-07-24",1.96000003814697,1.96300005912781,1.96000003814697,1.96000003814697,0,1.96000003814697
"2018-07-25",1.9650000333786,1.9650000333786,1.95299994945526,1.95299994945526,0,1.95299994945526
"2018-07-26",1.94799995422363,1.95000004768372,1.94500005245209,1.94500005245209,0,1.94500005245209
"2018-07-27",1.942999958992,1.94500005245209,1.942999958992,1.94500005245209,0,1.94500005245209
"2018-07-30",1.95000004768372,1.95799994468689,1.94500005245209,1.94500005245209,0,1.94500005245209
"2018-07-31",1.99000000953674,1.99500000476837,1.98300004005432,1.98500001430511,0,1.98500001430511
"2018-08-01",1.98000001907349,1.98800003528595,1.97800004482269,1.97800004482269,0,1.97800004482269
"2018-08-02",1.97300004959106,1.97300004959106,1.95500004291534,1.9650000333786,0,1.9650000333786
"2018-08-03",1.96000003814697,1.9650000333786,1.96000003814697,1.96000003814697,0,1.96000003814697
"2018-08-06",1.97000002861023,1.97300004959106,1.9650000333786,1.96800005435944,0,1.96800005435944
"2018-08-07",2.00999999046326,2.01300001144409,2.00500011444092,2.00799989700317,0,2.00799989700317
"2018-08-08",2.00799989700317,2.01300001144409,2.00500011444092,2.00799989700317,0,2.00799989700317
"2018-08-09",2.00999999046326,2.00999999046326,2.00300002098083,2.00500011444092,0,2.00500011444092
"2018-08-10",2,2,1.99500000476837,2,0,2
"2018-08-13",2,2.00500011444092,1.99500000476837,1.99500000476837,0,1.99500000476837
"2018-08-14",2.02500009536743,2.03299999237061,2.02300000190735,2.03299999237061,0,2.03299999237061
"2018-08-15",2.03500008583069,2.03800010681152,2.01999998092651,2.01999998092651,0,2.01999998092651
"2018-08-16",2.01999998092651,2.01999998092651,2.01300001144409,2.01500010490417,0,2.01500010490417
"2018-08-17",2.00300002098083,2.00500011444092,1.99300003051758,1.99500000476837,0,1.99500000476837
"2018-08-20",1.99500000476837,1.99500000476837,1.99300003051758,1.99300003051758,0,1.99300003051758
"2018-08-21",2.02999997138977,2.03500008583069,2.02999997138977,2.03500008583069,0,2.03500008583069
"2018-08-22",2.03500008583069,2.03500008583069,2.03500008583069,2.03500008583069,0,2.03500008583069
"2018-08-23",2.02800011634827,2.03299999237061,2.02500009536743,2.03299999237061,0,2.03299999237061
"2018-08-24",2.03500008583069,2.04800009727478,2.03500008583069,2.04800009727478,0,2.04800009727478
"2018-08-27",2.04999995231628,2.05999994277954,2.04999995231628,2.05999994277954,0,2.05999994277954
"2018-08-28",2.07500004768372,2.07800006866455,2.07500004768372,2.07800006866455,0,2.07800006866455
"2018-08-29",2.07500004768372,2.07999992370605,2.07500004768372,2.07999992370605,0,2.07999992370605
"2018-08-30",2.07299995422363,2.07299995422363,2.0550000667572,2.05800008773804,0,2.05800008773804
"2018-08-31",2.0550000667572,2.05999994277954,2.0550000667572,2.0550000667572,0,2.0550000667572
"2018-09-04",2.05800008773804,2.07800006866455,2.05800008773804,2.06800007820129,0,2.06800007820129
"2018-09-05",2.08999991416931,2.08999991416931,2.08999991416931,2.08999991416931,0,2.08999991416931
"2018-09-06",2.07999992370605,2.08299994468689,2.07800006866455,2.07999992370605,0,2.07999992370605
"2018-09-07",2.08299994468689,2.09299993515015,2.08299994468689,2.08800005912781,0,2.08800005912781
"2018-09-10",2.08500003814697,2.09299993515015,2.08299994468689,2.08299994468689,0,2.08299994468689
"2018-09-11",2.10500001907349,2.10800004005432,2.10500001907349,2.10800004005432,0,2.10800004005432
"2018-09-12",2.10500001907349,2.10500001907349,2.10500001907349,2.10500001907349,0,2.10500001907349
"2018-09-13",2.09299993515015,2.09299993515015,2.08999991416931,2.09299993515015,0,2.09299993515015
"2018-09-14",2.09500002861023,2.1029999256134,2.09500002861023,2.1029999256134,0,2.1029999256134
"2018-09-17",2.10999989509583,2.10999989509583,2.10500001907349,2.10800004005432,0,2.10800004005432
"2018-09-18",2.11800003051758,2.13299989700317,2.11800003051758,2.125,0,2.125
"2018-09-19",2.125,2.13800001144409,2.11999988555908,2.11999988555908,0,2.11999988555908
"2018-09-20",2.11800003051758,2.125,2.11800003051758,2.11800003051758,0,2.11800003051758
"2018-09-21",2.11999988555908,2.125,2.11999988555908,2.12299990653992,0,2.12299990653992
"2018-09-24",2.12800002098083,2.13299989700317,2.12299990653992,2.12299990653992,0,2.12299990653992
"2018-09-25",2.17000007629395,2.17000007629395,2.16499996185303,2.16799998283386,0,2.16799998283386
"2018-09-26",2.16000008583069,2.17000007629395,2.15000009536743,2.16000008583069,0,2.16000008583069
"2018-09-27",2.14000010490417,2.15300011634827,2.13499999046326,2.14000010490417,0,2.14000010490417
"2018-09-28",2.14499998092651,2.15799999237061,2.14499998092651,2.15000009536743,0,2.15000009536743
"2018-10-01",2.15799999237061,2.16300010681152,2.15300011634827,2.15499997138977,0,2.15499997138977
"2018-10-02",2.17300009727478,2.17799997329712,2.16799998283386,2.17499995231628,0,2.17499995231628
"2018-10-03",2.17499995231628,2.17499995231628,2.17000007629395,2.17000007629395,0,2.17000007629395
"2018-10-04",2.17000007629395,2.17300009727478,2.16799998283386,2.17000007629395,0,2.17000007629395
"2018-10-05",2.16499996185303,2.16799998283386,2.16300010681152,2.16499996185303,0,2.16499996185303
"2018-10-08",2.16499996185303,2.16499996185303,2.16499996185303,2.16499996185303,0,2.16499996185303
"2018-10-09",2.17000007629395,2.1949999332428,2.17000007629395,2.18499994277954,0,2.18499994277954
"2018-10-10",2.22000002861023,2.22499990463257,2.22000002861023,2.22000002861023,0,2.22000002861023
"2018-10-11",2.21799993515015,2.22000002861023,2.21499991416931,2.21499991416931,0,2.21499991416931
"2018-10-12",2.21799993515015,2.21799993515015,2.21799993515015,2.21799993515015,0,2.21799993515015
"2018-10-15",2.22499990463257,2.23499989509583,2.22300004959106,2.23000001907349,0,2.23000001907349
"2018-10-16",2.26500010490417,2.26500010490417,2.25500011444092,2.25999999046326,0,2.25999999046326
"2018-10-17",2.25999999046326,2.26999998092651,2.25999999046326,2.25999999046326,0,2.25999999046326
"2018-10-18",2.25799989700317,2.25999999046326,2.25500011444092,2.25500011444092,0,2.25500011444092
"2018-10-19",2.25500011444092,2.25999999046326,2.25500011444092,2.25999999046326,0,2.25999999046326
"2018-10-22",2.25799989700317,2.25999999046326,2.25799989700317,2.25799989700317,0,2.25799989700317
"2018-10-23",2.28500008583069,2.28999996185303,2.28500008583069,2.28999996185303,0,2.28999996185303
"2018-10-24",2.28999996185303,2.28999996185303,2.28500008583069,2.28500008583069,0,2.28500008583069
"2018-10-25",2.27999997138977,2.28500008583069,2.27999997138977,2.27999997138977,0,2.27999997138977
"2018-10-26",2.26999998092651,2.27500009536743,2.26999998092651,2.27300000190735,0,2.27300000190735
"2018-10-29",2.27999997138977,2.28299999237061,2.25999999046326,2.25999999046326,0,2.25999999046326
"2018-10-30",2.28999996185303,2.28999996185303,2.28299999237061,2.28299999237061,0,2.28299999237061
"2018-10-31",2.28500008583069,2.28800010681152,2.27500009536743,2.27800011634827,0,2.27800011634827
"2018-11-01",2.27800011634827,2.27800011634827,2.26999998092651,2.26999998092651,0,2.26999998092651
"2018-11-02",2.27800011634827,2.27999997138977,2.26999998092651,2.27300000190735,0,2.27300000190735
"2018-11-05",2.26999998092651,2.27300000190735,2.26799988746643,2.26799988746643,0,2.26799988746643
"2018-11-06",2.31299996376038,2.31500005722046,2.30800008773804,2.30999994277954,0,2.30999994277954
"2018-11-07",2.31500005722046,2.31500005722046,2.3050000667572,2.30999994277954,0,2.30999994277954
"2018-11-08",2.29999995231628,2.30299997329712,2.29800009727478,2.30299997329712,0,2.30299997329712
"2018-11-09",2.29999995231628,2.29999995231628,2.29999995231628,2.29999995231628,0,2.29999995231628
"2018-11-12",2.29999995231628,2.29999995231628,2.29999995231628,2.29999995231628,0,2.29999995231628
"2018-11-13",2.29500007629395,2.29500007629395,2.29500007629395,2.29500007629395,0,2.29500007629395
"2018-11-14",2.32500004768372,2.32999992370605,2.32500004768372,2.32500004768372,0,2.32500004768372
"2018-11-15",2.3199999332428,2.3199999332428,2.30999994277954,2.30999994277954,0,2.30999994277954
"2018-11-16",2.30800008773804,2.30800008773804,2.29800009727478,2.29999995231628,0,2.29999995231628
"2018-11-19",2.3050000667572,2.30999994277954,2.29999995231628,2.29999995231628,0,2.29999995231628
"2018-11-20",2.33299994468689,2.33800005912781,2.33299994468689,2.33500003814697,0,2.33500003814697
"2018-11-21",2.34999990463257,2.35800004005432,2.34800004959106,2.34999990463257,0,2.34999990463257
"2018-11-23",2.3529999256134,2.3529999256134,2.34800004959106,2.34800004959106,0,2.34800004959106
"2018-11-26",2.3529999256134,2.35800004005432,2.34299993515015,2.34299993515015,0,2.34299993515015
"2018-11-27",2.35500001907349,2.35500001907349,2.3529999256134,2.3529999256134,0,2.3529999256134
"2018-11-28",2.35500001907349,2.35500001907349,2.32999992370605,2.33500003814697,0,2.33500003814697
"2018-11-29",2.32500004768372,2.32999992370605,2.30299997329712,2.30999994277954,0,2.30999994277954
"2018-11-30",2.30800008773804,2.31800007820129,2.30800008773804,2.30800008773804,0,2.30800008773804
"2018-12-03",2.30999994277954,2.31299996376038,2.28800010681152,2.28800010681152,0,2.28800010681152
"2018-12-04",2.36299991607666,2.36800003051758,2.35999989509583,2.36500000953674,0,2.36500000953674
"2018-12-06",2.36500000953674,2.36500000953674,2.34999990463257,2.3529999256134,0,2.3529999256134
"2018-12-07",2.35500001907349,2.35500001907349,2.33800005912781,2.33999991416931,0,2.33999991416931
"2018-12-10",2.33999991416931,2.33999991416931,2.3199999332428,2.32999992370605,0,2.32999992370605
"2018-12-11",2.36999988555908,2.37299990653992,2.36800003051758,2.36999988555908,0,2.36999988555908
"2018-12-12",2.35800004005432,2.37800002098083,2.35800004005432,2.375,0,2.375
"2018-12-13",2.37299990653992,2.37299990653992,2.35800004005432,2.36299991607666,0,2.36299991607666
"2018-12-14",2.35500001907349,2.36800003051758,2.35500001907349,2.36800003051758,0,2.36800003051758
"2018-12-17",2.35999989509583,2.36500000953674,2.33999991416931,2.33999991416931,0,2.33999991416931
"2018-12-18",2.3529999256134,2.3529999256134,2.32800006866455,2.32800006866455,0,2.32800006866455
"2018-12-19",2.32800006866455,2.34299993515015,2.32800006866455,2.33800005912781,0,2.33800005912781
"2018-12-20",2.33999991416931,2.34500002861023,2.33500003814697,2.33500003814697,0,2.33500003814697
"2018-12-21",2.3199999332428,2.33800005912781,2.31800007820129,2.32999992370605,0,2.32999992370605
"2018-12-24",2.32999992370605,2.34299993515015,2.32999992370605,2.33299994468689,0,2.33299994468689
"2018-12-26",2.38499999046326,2.39000010490417,2.37299990653992,2.38000011444092,0,2.38000011444092
"2018-12-27",2.37299990653992,2.37299990653992,2.34800004959106,2.34800004959106,0,2.34800004959106
"2018-12-28",2.35500001907349,2.35800004005432,2.31800007820129,2.32800006866455,0,2.32800006866455
"2018-12-31",2.34500002861023,2.40000009536743,2.29999995231628,2.29999995231628,0,2.29999995231628
"2019-01-02",2.39499998092651,2.40000009536743,2.35999989509583,2.36500000953674,0,2.36500000953674
"2019-01-03",2.36299991607666,2.36800003051758,2.35500001907349,2.35500001907349,0,2.35500001907349
"2019-01-04",2.35800004005432,2.37299990653992,2.35800004005432,2.35800004005432,0,2.35800004005432
"2019-01-07",2.35500001907349,2.36999988555908,2.3529999256134,2.3529999256134,0,2.3529999256134
"2019-01-08",2.39499998092651,2.40300011634827,2.38800001144409,2.40000009536743,0,2.40000009536743
"2019-01-09",2.40000009536743,2.40300011634827,2.39000010490417,2.39000010490417,0,2.39000010490417
"2019-01-10",2.38000011444092,2.38800001144409,2.375,2.375,0,2.375
"2019-01-11",2.36999988555908,2.37299990653992,2.36500000953674,2.36999988555908,0,2.36999988555908
"2019-01-14",2.36500000953674,2.36999988555908,2.35800004005432,2.35999989509583,0,2.35999989509583
"2019-01-15",2.38499999046326,2.38499999046326,2.38299989700317,2.38299989700317,0,2.38299989700317
"2019-01-16",2.37800002098083,2.37800002098083,2.36299991607666,2.36299991607666,0,2.36299991607666
"2019-01-17",2.35999989509583,2.36500000953674,2.3529999256134,2.35500001907349,0,2.35500001907349
"2019-01-18",2.35500001907349,2.35500001907349,2.34500002861023,2.34800004959106,0,2.34800004959106
"2019-01-22",2.34999990463257,2.35500001907349,2.34299993515015,2.34500002861023,0,2.34500002861023
"2019-01-23",2.37299990653992,2.37299990653992,2.3529999256134,2.3529999256134,0,2.3529999256134
"2019-01-24",2.34500002861023,2.34999990463257,2.3050000667572,2.3050000667572,0,2.3050000667572
"2019-01-25",2.31500005722046,2.33299994468689,2.31500005722046,2.32800006866455,0,2.32800006866455
"2019-01-28",2.33299994468689,2.33800005912781,2.32999992370605,2.33299994468689,0,2.33299994468689
"2019-01-29",2.36500000953674,2.36500000953674,2.36299991607666,2.36500000953674,0,2.36500000953674
"2019-01-30",2.36500000953674,2.375,2.36500000953674,2.36500000953674,0,2.36500000953674
"2019-01-31",2.35500001907349,2.35999989509583,2.33999991416931,2.33999991416931,0,2.33999991416931
"2019-02-01",2.33999991416931,2.34500002861023,2.33999991416931,2.33999991416931,0,2.33999991416931
"2019-02-04",2.33999991416931,2.33999991416931,2.33500003814697,2.33500003814697,0,2.33500003814697
"2019-02-05",2.36800003051758,2.36999988555908,2.36299991607666,2.36500000953674,0,2.36500000953674
"2019-02-06",2.35999989509583,2.36500000953674,2.35800004005432,2.36500000953674,0,2.36500000953674
"2019-02-07",2.34800004959106,2.36299991607666,2.34800004959106,2.35500001907349,0,2.35500001907349
"2019-02-08",2.35500001907349,2.36800003051758,2.35500001907349,2.36500000953674,0,2.36500000953674
"2019-02-11",2.36800003051758,2.38299989700317,2.36800003051758,2.375,0,2.375
"2019-02-12",2.38800001144409,2.38800001144409,2.37800002098083,2.37800002098083,0,2.37800002098083
"2019-02-13",2.375,2.37800002098083,2.37299990653992,2.37299990653992,0,2.37299990653992
"2019-02-14",2.37299990653992,2.375,2.36999988555908,2.37299990653992,0,2.37299990653992
"2019-02-15",2.36999988555908,2.37299990653992,2.36999988555908,2.36999988555908,0,2.36999988555908
"2019-02-19",2.37299990653992,2.37299990653992,2.36500000953674,2.37299990653992,0,2.37299990653992
"2019-02-20",2.38000011444092,2.38299989700317,2.38000011444092,2.38299989700317,0,2.38299989700317
"2019-02-21",2.38299989700317,2.39499998092651,2.38299989700317,2.39499998092651,0,2.39499998092651
"2019-02-22",2.39299988746643,2.39499998092651,2.38800001144409,2.39299988746643,0,2.39299988746643
"2019-02-25",2.39299988746643,2.39800000190735,2.38800001144409,2.39299988746643,0,2.39299988746643
"2019-02-26",2.39800000190735,2.40000009536743,2.39800000190735,2.40000009536743,0,2.40000009536743
"2019-02-27",2.39800000190735,2.40000009536743,2.39299988746643,2.39299988746643,0,2.39299988746643
"2019-02-28",2.38800001144409,2.39000010490417,2.38000011444092,2.38299989700317,0,2.38299989700317
"2019-03-01",2.38499999046326,2.38800001144409,2.37800002098083,2.37800002098083,0,2.37800002098083
"2019-03-04",2.37800002098083,2.38499999046326,2.375,2.375,0,2.375
"2019-03-05",2.40000009536743,2.40499997138977,2.40000009536743,2.40000009536743,0,2.40000009536743
"2019-03-06",2.40499997138977,2.40499997138977,2.40300011634827,2.40499997138977,0,2.40499997138977
"2019-03-07",2.39499998092651,2.40000009536743,2.39499998092651,2.39499998092651,0,2.39499998092651
"2019-03-08",2.39499998092651,2.39499998092651,2.39000010490417,2.39299988746643,0,2.39299988746643
"2019-03-11",2.39299988746643,2.39299988746643,2.38000011444092,2.38000011444092,0,2.38000011444092
"2019-03-12",2.39499998092651,2.39499998092651,2.39299988746643,2.39499998092651,0,2.39499998092651
"2019-03-13",2.39299988746643,2.39499998092651,2.38800001144409,2.38800001144409,0,2.38800001144409
"2019-03-14",2.38800001144409,2.39299988746643,2.38499999046326,2.38800001144409,0,2.38800001144409
"2019-03-15",2.38800001144409,2.39000010490417,2.38499999046326,2.38800001144409,0,2.38800001144409
"2019-03-18",2.38800001144409,2.39000010490417,2.38499999046326,2.38499999046326,0,2.38499999046326
"2019-03-19",2.39800000190735,2.40499997138977,2.39800000190735,2.40499997138977,0,2.40499997138977
"2019-03-20",2.40499997138977,2.41499996185303,2.39800000190735,2.40799999237061,0,2.40799999237061
"2019-03-21",2.40300011634827,2.41799998283386,2.40300011634827,2.40799999237061,0,2.40799999237061
"2019-03-22",2.40499997138977,2.40799999237061,2.39499998092651,2.39800000190735,0,2.39800000190735
"2019-03-25",2.40000009536743,2.40000009536743,2.39000010490417,2.39000010490417,0,2.39000010490417
"2019-03-26",2.40300011634827,2.40499997138977,2.40300011634827,2.40499997138977,0,2.40499997138977
"2019-03-27",2.39800000190735,2.40300011634827,2.375,2.37800002098083,0,2.37800002098083
"2019-03-28",2.37299990653992,2.37800002098083,2.36800003051758,2.36999988555908,0,2.36999988555908
"2019-03-29",2.36299991607666,2.36299991607666,2.32800006866455,2.32800006866455,0,2.32800006866455
"2019-04-01",2.34299993515015,2.34500002861023,2.3199999332428,2.32299995422363,0,2.32299995422363
"2019-04-02",2.36299991607666,2.37299990653992,2.36299991607666,2.36999988555908,0,2.36999988555908
"2019-04-03",2.375,2.37800002098083,2.36999988555908,2.37299990653992,0,2.37299990653992
"2019-04-04",2.36999988555908,2.37800002098083,2.36999988555908,2.36999988555908,0,2.36999988555908
"2019-04-05",2.36999988555908,2.375,2.36999988555908,2.36999988555908,0,2.36999988555908
"2019-04-08",2.36999988555908,2.36999988555908,2.36500000953674,2.36500000953674,0,2.36500000953674
"2019-04-09",2.36500000953674,2.36500000953674,2.36500000953674,2.36500000953674,0,2.36500000953674
"2019-04-10",2.36500000953674,2.36500000953674,2.35999989509583,2.36299991607666,0,2.36299991607666
"2019-04-11",2.35999989509583,2.36500000953674,2.35999989509583,2.36500000953674,0,2.36500000953674
"2019-04-12",2.36500000953674,2.375,2.36500000953674,2.375,0,2.375
"2019-04-15",2.37299990653992,2.375,2.35999989509583,2.35999989509583,0,2.35999989509583
"2019-04-16",2.37299990653992,2.38000011444092,2.37299990653992,2.37800002098083,0,2.37800002098083
"2019-04-17",2.38000011444092,2.39000010490417,2.38000011444092,2.38000011444092,0,2.38000011444092
"2019-04-18",2.36999988555908,2.37299990653992,2.36500000953674,2.36500000953674,0,2.36500000953674
"2019-04-22",2.36800003051758,2.37800002098083,2.36800003051758,2.375,0,2.375
"2019-04-23",2.38800001144409,2.39000010490417,2.38499999046326,2.39000010490417,0,2.39000010490417
"2019-04-24",2.38000011444092,2.38000011444092,2.375,2.375,0,2.375
"2019-04-25",2.36500000953674,2.36500000953674,2.35999989509583,2.36500000953674,0,2.36500000953674
"2019-04-26",2.36299991607666,2.36299991607666,2.35800004005432,2.35999989509583,0,2.35999989509583
"2019-04-29",2.35999989509583,2.36500000953674,2.35999989509583,2.35999989509583,0,2.35999989509583
"2019-04-30",2.375,2.375,2.36800003051758,2.36800003051758,0,2.36800003051758
"2019-05-01",2.36999988555908,2.37299990653992,2.34500002861023,2.36299991607666,0,2.36299991607666
"2019-05-02",2.35999989509583,2.37299990653992,2.35999989509583,2.37299990653992,0,2.37299990653992
"2019-05-03",2.36999988555908,2.36999988555908,2.36500000953674,2.36800003051758,0,2.36800003051758
"2019-05-06",2.35999989509583,2.36500000953674,2.35999989509583,2.36299991607666,0,2.36299991607666
"2019-05-07",2.36999988555908,2.37299990653992,2.36800003051758,2.36800003051758,0,2.36800003051758
"2019-05-08",2.36800003051758,2.36999988555908,2.36800003051758,2.36999988555908,0,2.36999988555908
"2019-05-09",2.36800003051758,2.36999988555908,2.36500000953674,2.36999988555908,0,2.36999988555908
"2019-05-10",2.36800003051758,2.36999988555908,2.36500000953674,2.36999988555908,0,2.36999988555908
"2019-05-13",2.35999989509583,2.35999989509583,2.34999990463257,2.34999990463257,0,2.34999990463257
"2019-05-14",2.34999990463257,2.35500001907349,2.34999990463257,2.3529999256134,0,2.3529999256134
"2019-05-15",2.34800004959106,2.35500001907349,2.34800004959106,2.34999990463257,0,2.34999990463257
"2019-05-16",2.34500002861023,2.34500002861023,2.33800005912781,2.33800005912781,0,2.33800005912781
"2019-05-17",2.33500003814697,2.33500003814697,2.32800006866455,2.32999992370605,0,2.32999992370605
"2019-05-20",2.32800006866455,2.32800006866455,2.3199999332428,2.3199999332428,0,2.3199999332428
"2019-05-21",2.32999992370605,2.33299994468689,2.32999992370605,2.32999992370605,0,2.32999992370605
"2019-05-22",2.32999992370605,2.32999992370605,2.3199999332428,2.3199999332428,0,2.3199999332428
"2019-05-23",2.30999994277954,2.30999994277954,2.30299997329712,2.30299997329712,0,2.30299997329712
"2019-05-24",2.30299997329712,2.3050000667572,2.28800010681152,2.28800010681152,0,2.28800010681152
"2019-05-28",2.28999996185303,2.30299997329712,2.28999996185303,2.29800009727478,0,2.29800009727478
"2019-05-29",2.29800009727478,2.29999995231628,2.29500007629395,2.29800009727478,0,2.29800009727478
"2019-05-30",2.29999995231628,2.30999994277954,2.29999995231628,2.30999994277954,0,2.30999994277954
"2019-05-31",2.29299998283386,2.29500007629395,2.28999996185303,2.29299998283386,0,2.29299998283386
"2019-06-03",2.27999997138977,2.28299999237061,2.27500009536743,2.27999997138977,0,2.27999997138977
"2019-06-04",2.29500007629395,2.29999995231628,2.29299998283386,2.29500007629395,0,2.29500007629395
"2019-06-05",2.28299999237061,2.28500008583069,2.27800011634827,2.28500008583069,0,2.28500008583069
"2019-06-06",2.27800011634827,2.27800011634827,2.24799990653992,2.25500011444092,0,2.25500011444092
"2019-06-07",2.25300002098083,2.25300002098083,2.20300006866455,2.21499991416931,0,2.21499991416931
"2019-06-10",2.2279999256134,2.2279999256134,2.22000002861023,2.22000002861023,0,2.22000002861023
"2019-06-11",2.22499990463257,2.2279999256134,2.21300005912781,2.21300005912781,0,2.21300005912781
"2019-06-12",2.20300006866455,2.20499992370605,2.16000008583069,2.16499996185303,0,2.16499996185303
"2019-06-13",2.16300010681152,2.16300010681152,2.13800001144409,2.14000010490417,0,2.14000010490417
"2019-06-14",2.13000011444092,2.14299988746643,2.11999988555908,2.125,0,2.125
"2019-06-17",2.125,2.13800001144409,2.125,2.13800001144409,0,2.13800001144409
"2019-06-18",2.16300010681152,2.17000007629395,2.16300010681152,2.16799998283386,0,2.16799998283386
"2019-06-19",2.16499996185303,2.16799998283386,2.11999988555908,2.125,0,2.125
"2019-06-20",2.08999991416931,2.10500001907349,2.0699999332428,2.07800006866455,0,2.07800006866455
"2019-06-21",2.0699999332428,2.0699999332428,2.0550000667572,2.0550000667572,0,2.0550000667572
"2019-06-24",2.05800008773804,2.06500005722046,2.05800008773804,2.05800008773804,0,2.05800008773804
"2019-06-25",2.07299995422363,2.08500003814697,2.0699999332428,2.08299994468689,0,2.08299994468689
"2019-06-26",2.08500003814697,2.09800004959106,2.08500003814697,2.09299993515015,0,2.09299993515015
"2019-06-27",2.08800005912781,2.09500002861023,2.08299994468689,2.08500003814697,0,2.08500003814697
"2019-06-28",2.07500004768372,2.07500004768372,2.03500008583069,2.03500008583069,0,2.03500008583069
"2019-07-01",2.0550000667572,2.0699999332428,2.05299997329712,2.06500005722046,0,2.06500005722046
"2019-07-02",2.14299988746643,2.14800000190735,2.125,2.14800000190735,0,2.14800000190735
"2019-07-03",2.14000010490417,2.15000009536743,2.14000010490417,2.15000009536743,0,2.15000009536743
"2019-07-05",2.14299988746643,2.17499995231628,2.14299988746643,2.16300010681152,0,2.16300010681152
"2019-07-08",2.16000008583069,2.1800000667572,2.15799999237061,2.17799997329712,0,2.17799997329712
"2019-07-09",2.20000004768372,2.20799994468689,2.1949999332428,2.1949999332428,0,2.1949999332428
"2019-07-10",2.20300006866455,2.20300006866455,2.125,2.13000011444092,0,2.13000011444092
"2019-07-11",2.09800004959106,2.11800003051758,2.09299993515015,2.09800004959106,0,2.09800004959106
"2019-07-12",2.08999991416931,2.09500002861023,2.08800005912781,2.08999991416931,0,2.08999991416931
"2019-07-15",2.08800005912781,2.09299993515015,2.08500003814697,2.08500003814697,0,2.08500003814697
"2019-07-16",2.1029999256134,2.10500001907349,2.09999990463257,2.1029999256134,0,2.1029999256134
"2019-07-17",2.09800004959106,2.09800004959106,2.07299995422363,2.07299995422363,0,2.07299995422363
"2019-07-18",2.06500005722046,2.06500005722046,2.01300001144409,2.01300001144409,0,2.01300001144409
"2019-07-19",2.00300002098083,2.01999998092651,1.99300003051758,2.01300001144409,0,2.01300001144409
"2019-07-22",2.03299999237061,2.03299999237061,2.01500010490417,2.02500009536743,0,2.02500009536743
"2019-07-23",2.03299999237061,2.03800010681152,2.02800011634827,2.03299999237061,0,2.03299999237061
"2019-07-24",2.03299999237061,2.04299998283386,2.02999997138977,2.03999996185303,0,2.03999996185303
"2019-07-25",2.03800010681152,2.05999994277954,2.03299999237061,2.05999994277954,0,2.05999994277954
"2019-07-26",2.05299997329712,2.06299996376038,2.04999995231628,2.06299996376038,0,2.06299996376038
"2019-07-29",2.06500005722046,2.07299995422363,2.04999995231628,2.04999995231628,0,2.04999995231628
"2019-07-30",2.05299997329712,2.05800008773804,2.03800010681152,2.03999996185303,0,2.03999996185303
"2019-07-31",2.02800011634827,2.03500008583069,1.96800005435944,2.02999997138977,0,2.02999997138977
"2019-08-01",2.02300000190735,2.04800009727478,2.01999998092651,2.02999997138977,0,2.02999997138977
"2019-08-02",2.01799988746643,2.01999998092651,1.99800002574921,2,0,2
"2019-08-05",1.97800004482269,1.97800004482269,1.95299994945526,1.95299994945526,0,1.95299994945526
"2019-08-06",1.99000000953674,1.99800002574921,1.98800003528595,1.99500000476837,0,1.99500000476837
"2019-08-07",1.97300004959106,1.97500002384186,1.96300005912781,1.96800005435944,0,1.96800005435944
"2019-08-08",1.97300004959106,1.98500001430511,1.97000002861023,1.97000002861023,0,1.97000002861023
"2019-08-09",1.96300005912781,1.96300005912781,1.942999958992,1.95000004768372,0,1.95000004768372
"2019-08-12",1.94500005245209,1.95000004768372,1.92799997329712,1.92799997329712,0,1.92799997329712
"2019-08-13",1.94000005722046,1.95799994468689,1.93799996376038,1.95500004291534,0,1.95500004291534
"2019-08-14",1.93799996376038,1.93799996376038,1.89999997615814,1.90799999237061,0,1.90799999237061
"2019-08-15",1.86300003528595,1.88300001621246,1.84300005435944,1.84300005435944,0,1.84300005435944
"2019-08-16",1.84500002861023,1.84500002861023,1.82299995422363,1.82299995422363,0,1.82299995422363
"2019-08-19",1.82799994945526,1.85300004482269,1.82799994945526,1.85300004482269,0,1.85300004482269
"2019-08-20",1.88800001144409,1.89999997615814,1.88300001621246,1.89999997615814,0,1.89999997615814
"2019-08-21",1.90799999237061,1.92999994754791,1.90799999237061,1.92799997329712,0,1.92799997329712
"2019-08-22",1.93499994277954,1.94000005722046,1.93499994277954,1.93799996376038,0,1.93799996376038
"2019-08-23",1.92499995231628,1.92499995231628,1.89800000190735,1.9099999666214,0,1.9099999666214
"2019-08-26",1.92499995231628,1.94000005722046,1.92299997806549,1.93299996852875,0,1.93299996852875
"2019-08-27",1.94500005245209,1.95299994945526,1.942999958992,1.942999958992,0,1.942999958992
"2019-08-28",1.942999958992,1.94500005245209,1.94000005722046,1.94000005722046,0,1.94000005722046
"2019-08-29",1.93499994277954,1.942999958992,1.92999994754791,1.94000005722046,0,1.94000005722046
"2019-08-30",1.92999994754791,1.93299996852875,1.92999994754791,1.93299996852875,0,1.93299996852875
"2019-09-03",1.92999994754791,1.92999994754791,1.90499997138977,1.9099999666214,0,1.9099999666214
"2019-09-04",1.91299998760223,1.91499996185303,1.89800000190735,1.90499997138977,0,1.90499997138977
"2019-09-05",1.90799999237061,1.92799997329712,1.90799999237061,1.91999995708466,0,1.91999995708466
"2019-09-06",1.91799998283386,1.91799998283386,1.90799999237061,1.9099999666214,0,1.9099999666214
"2019-09-09",1.91799998283386,1.92299997806549,1.90799999237061,1.90799999237061,0,1.90799999237061
"2019-09-10",1.9099999666214,1.91499996185303,1.9099999666214,1.91299998760223,0,1.91299998760223
"2019-09-11",1.91299998760223,1.91299998760223,1.91299998760223,1.91299998760223,0,1.91299998760223
"2019-09-12",1.88800001144409,1.89999997615814,1.87800002098083,1.89499998092651,0,1.89499998092651
"2019-09-13",1.88999998569489,1.89999997615814,1.88800001144409,1.89999997615814,0,1.89999997615814
"2019-09-16",1.90499997138977,1.94799995422363,1.90499997138977,1.94500005245209,0,1.94500005245209
"2019-09-17",1.9650000333786,1.9650000333786,1.70000004768372,1.93799996376038,0,1.93799996376038
"2019-09-18",1.89999997615814,1.9099999666214,1.85000002384186,1.87999999523163,0,1.87999999523163
"2019-09-19",1.86500000953674,1.89499998092651,1.86300003528595,1.88300001621246,0,1.88300001621246
"2019-09-20",1.86500000953674,1.87000000476837,1.84300005435944,1.85000002384186,0,1.85000002384186
"2019-09-23",1.85500001907349,1.86000001430511,1.84500002861023,1.84500002861023,0,1.84500002861023
"2019-09-24",1.89499998092651,1.89499998092651,1.87999999523163,1.87999999523163,0,1.87999999523163
"2019-09-25",1.875,1.88300001621246,1.84500002861023,1.84500002861023,0,1.84500002861023
"2019-09-26",1.83000004291534,1.83500003814697,1.76999998092651,1.76999998092651,0,1.76999998092651
"2019-09-27",1.75800001621246,1.76300001144409,1.72500002384186,1.73000001907349,0,1.73000001907349
"2019-09-30",1.74500000476837,1.79299998283386,1.74500000476837,1.76999998092651,0,1.76999998092651
"2019-10-01",1.80499994754791,1.80499994754791,1.75300002098083,1.75300002098083,0,1.75300002098083
"2019-10-02",1.76999998092651,1.76999998092651,1.73500001430511,1.73500001430511,0,1.73500001430511
"2019-10-03",1.692999958992,1.69500005245209,1.63300001621246,1.66499996185303,0,1.66499996185303
"2019-10-04",1.65799999237061,1.67499995231628,1.64999997615814,1.65499997138977,0,1.65499997138977
"2019-10-07",1.66299998760223,1.68499994277954,1.66299998760223,1.67299997806549,0,1.67299997806549
"2019-10-08",1.66499996185303,1.66999995708466,1.64999997615814,1.65499997138977,0,1.65499997138977
"2019-10-09",1.62999999523163,1.62999999523163,1.61800003051758,1.62800002098083,0,1.62800002098083
"2019-10-10",1.61800003051758,1.63800001144409,1.61500000953674,1.63300001621246,0,1.63300001621246
"2019-10-11",1.63999998569489,1.6599999666214,1.60000002384186,1.62300002574921,0,1.62300002574921
"2019-10-14",1.61800003051758,1.61800003051758,1.61800003051758,1.61800003051758,0,1.61800003051758
"2019-10-15",1.61500000953674,1.62800002098083,1.60800004005432,1.61800003051758,0,1.61800003051758
"2019-10-16",1.62000000476837,1.625,1.61000001430511,1.61500000953674,0,1.61500000953674
"2019-10-17",1.61500000953674,1.62800002098083,1.61500000953674,1.625,0,1.625
"2019-10-18",1.61800003051758,1.62800002098083,1.61300003528595,1.625,0,1.625
"2019-10-21",1.62999999523163,1.63800001144409,1.62000000476837,1.625,0,1.625
"2019-10-22",1.61500000953674,1.61500000953674,1.61500000953674,1.61500000953674,0,1.61500000953674
"2019-10-23",1.61300003528595,1.61500000953674,1.61300003528595,1.61500000953674,0,1.61500000953674
"2019-10-24",1.61000001430511,1.62300002574921,1.61000001430511,1.62300002574921,0,1.62300002574921
"2019-10-25",1.62000000476837,1.62999999523163,1.61800003051758,1.625,0,1.625
"2019-10-28",1.62999999523163,1.63499999046326,1.60300004482269,1.60500001907349,0,1.60500001907349
"2019-10-29",1.59500002861023,1.59500002861023,1.59500002861023,1.59500002861023,0,1.59500002861023
"2019-10-30",1.59500002861023,1.59500002861023,1.59500002861023,1.59500002861023,0,1.59500002861023
"2019-10-31",1.53299999237061,1.5349999666214,1.49500000476837,1.49800002574921,0,1.49800002574921
"2019-11-01",1.49500000476837,1.50300002098083,1.48000001907349,1.48500001430511,0,1.48500001430511
"2019-11-04",1.48300004005432,1.50300002098083,1.48000001907349,1.50300002098083,0,1.50300002098083
"2019-11-05",1.51800000667572,1.51800000667572,1.51499998569489,1.51800000667572,0,1.51800000667572
"2019-11-06",1.51499998569489,1.51499998569489,1.51499998569489,1.51499998569489,0,1.51499998569489
"2019-11-07",1.51499998569489,1.52300000190735,1.51300001144409,1.51800000667572,0,1.51800000667572
"2019-11-08",1.51499998569489,1.51800000667572,1.50499999523163,1.50999999046326,0,1.50999999046326
"2019-11-11",1.51300001144409,1.51300001144409,1.51300001144409,1.51300001144409,0,1.51300001144409
"2019-11-12",1.51999998092651,1.54299998283386,1.51800000667572,1.53299999237061,0,1.53299999237061
"2019-11-13",1.54299998283386,1.54499995708466,1.5349999666214,1.5349999666214,0,1.5349999666214
"2019-11-14",1.53299999237061,1.53799998760223,1.52799999713898,1.52799999713898,0,1.52799999713898
"2019-11-15",1.52799999713898,1.52799999713898,1.51999998092651,1.52799999713898,0,1.52799999713898
"2019-11-18",1.52499997615814,1.52799999713898,1.51800000667572,1.52300000190735,0,1.52300000190735
"2019-11-19",1.52999997138977,1.52999997138977,1.52499997615814,1.52499997615814,0,1.52499997615814
"2019-11-20",1.52300000190735,1.52300000190735,1.51999998092651,1.51999998092651,0,1.51999998092651
"2019-11-21",1.51999998092651,1.52999997138977,1.51800000667572,1.52999997138977,0,1.52999997138977
"2019-11-22",1.52499997615814,1.54299998283386,1.52300000190735,1.54299998283386,0,1.54299998283386
"2019-11-25",1.54499995708466,1.54999995231628,1.54299998283386,1.54499995708466,0,1.54499995708466
"2019-11-26",1.55499994754791,1.56500005722046,1.55499994754791,1.56500005722046,0,1.56500005722046
"2019-11-27",1.57000005245209,1.58500003814697,1.56500005722046,1.56500005722046,0,1.56500005722046
"2019-11-29",1.55299997329712,1.55299997329712,1.53999996185303,1.53999996185303,0,1.53999996185303
"2019-12-02",1.54999995231628,1.55299997329712,1.53799998760223,1.53799998760223,0,1.53799998760223
"2019-12-03",1.54499995708466,1.54499995708466,1.53299999237061,1.53799998760223,0,1.53799998760223
"2019-12-04",1.5349999666214,1.67499995231628,1.49800002574921,1.49800002574921,0,1.49800002574921
"2019-12-05",1.50499999523163,1.50999999046326,1.49300003051758,1.49300003051758,0,1.49300003051758
"2019-12-06",1.49500000476837,1.5,1.48000001907349,1.48000001907349,0,1.48000001907349
"2019-12-09",1.47800004482269,1.5,1.47800004482269,1.49800002574921,0,1.49800002574921
"2019-12-10",1.50800001621246,1.51499998569489,1.50800001621246,1.51499998569489,0,1.51499998569489
"2019-12-11",1.51999998092651,2,1.51999998092651,1.51999998092651,0,1.51999998092651
"2019-12-12",1.51999998092651,1.53799998760223,1.51999998092651,1.52999997138977,0,1.52999997138977
"2019-12-13",1.51499998569489,1.52300000190735,1.51300001144409,1.52300000190735,0,1.52300000190735
"2019-12-16",1.52499997615814,1.52799999713898,1.52300000190735,1.52499997615814,0,1.52499997615814
"2019-12-17",1.52999997138977,1.52999997138977,1.52999997138977,1.52999997138977,0,1.52999997138977
"2019-12-18",1.51800000667572,1.51999998092651,1.51800000667572,1.51800000667572,0,1.51800000667572
"2019-12-19",1.51800000667572,1.53299999237061,1.51499998569489,1.53299999237061,0,1.53299999237061
"2019-12-20",1.52499997615814,1.52999997138977,1.51999998092651,1.52799999713898,0,1.52799999713898
"2019-12-23",1.52999997138977,1.53299999237061,1.51999998092651,1.51999998092651,0,1.51999998092651
"2019-12-24",1.54499995708466,1.54499995708466,1.53799998760223,1.53799998760223,0,1.53799998760223
"2019-12-26",1.52999997138977,1.54499995708466,1.52799999713898,1.5349999666214,0,1.5349999666214
"2019-12-27",1.5349999666214,1.5349999666214,1.51300001144409,1.51800000667572,0,1.51800000667572
"2019-12-30",1.50800001621246,1.51800000667572,1.48800003528595,1.49000000953674,0,1.49000000953674
"2019-12-31",1.50499999523163,1.50499999523163,1.50499999523163,1.50499999523163,0,1.50499999523163
"2020-01-02",1.50999999046326,1.50999999046326,1.49500000476837,1.49500000476837,0,1.49500000476837
"2020-01-03",1.49000000953674,1.49000000953674,1.46000003814697,1.47300004959106,0,1.47300004959106
"2020-01-06",1.47800004482269,1.49000000953674,1.47500002384186,1.48800003528595,0,1.48800003528595
"2020-01-07",1.50499999523163,1.50499999523163,1.5,1.5,0,1.5
"2020-01-08",1.49300003051758,1.49300003051758,1.48500001430511,1.49300003051758,0,1.49300003051758
"2020-01-09",1.49500000476837,1.50300002098083,1.49500000476837,1.5,0,1.5
"2020-01-10",1.49800002574921,1.50300002098083,1.49800002574921,1.49800002574921,0,1.49800002574921
"2020-01-13",1.5,1.50999999046326,1.5,1.50999999046326,0,1.50999999046326
"2020-01-14",1.52300000190735,1.52999997138977,1.52300000190735,1.52999997138977,0,1.52999997138977
"2020-01-15",1.52799999713898,1.52799999713898,1.50800001621246,1.50800001621246,0,1.50800001621246
"2020-01-16",1.52300000190735,1.52499997615814,1.51499998569489,1.51800000667572,0,1.51800000667572
"2020-01-17",1.51499998569489,1.52499997615814,1.51499998569489,1.52300000190735,0,1.52300000190735
"2020-01-21",1.51300001144409,1.51800000667572,1.50300002098083,1.50300002098083,0,1.50300002098083
"2020-01-22",1.51499998569489,1.51499998569489,1.50999999046326,1.51300001144409,0,1.51300001144409
"2020-01-23",1.50800001621246,1.51800000667572,1.50800001621246,1.51499998569489,0,1.51499998569489
"2020-01-24",1.51499998569489,1.51499998569489,1.49000000953674,1.49000000953674,0,1.49000000953674
"2020-01-27",1.48500001430511,1.50499999523163,1.48300004005432,1.50499999523163,0,1.50499999523163
"2020-01-28",1.52499997615814,1.52999997138977,1.52499997615814,1.52999997138977,0,1.52999997138977
"2020-01-29",1.52999997138977,1.5349999666214,1.51999998092651,1.51999998092651,0,1.51999998092651
"2020-01-30",1.50999999046326,1.52799999713898,1.50800001621246,1.52799999713898,0,1.52799999713898
"2020-01-31",1.51800000667572,1.51999998092651,1.50800001621246,1.50999999046326,0,1.50999999046326
"2020-02-03",1.51300001144409,1.51999998092651,1.51300001144409,1.51800000667572,0,1.51800000667572
"2020-02-04",1.53799998760223,1.53999996185303,1.53799998760223,1.53799998760223,0,1.53799998760223
"2020-02-05",1.53999996185303,1.53999996185303,1.51999998092651,1.51999998092651,0,1.51999998092651
"2020-02-06",1.51999998092651,1.53299999237061,1.51999998092651,1.52999997138977,0,1.52999997138977
"2020-02-07",1.52300000190735,1.52799999713898,1.51499998569489,1.51800000667572,0,1.51800000667572
"2020-02-10",1.51499998569489,1.52499997615814,1.50999999046326,1.51999998092651,0,1.51999998092651
"2020-02-11",1.5349999666214,1.53799998760223,1.5349999666214,1.53799998760223,0,1.53799998760223
"2020-02-12",1.5349999666214,1.5349999666214,1.5349999666214,1.5349999666214,0,1.5349999666214
"2020-02-13",1.53299999237061,1.54499995708466,1.52999997138977,1.54499995708466,0,1.54499995708466
"2020-02-14",1.5349999666214,1.53799998760223,1.5349999666214,1.5349999666214,0,1.5349999666214
"2020-02-18",1.5349999666214,1.54299998283386,1.53299999237061,1.5349999666214,0,1.5349999666214
"2020-02-19",1.52999997138977,1.54499995708466,1.52999997138977,1.54299998283386,0,1.54299998283386
"2020-02-20",1.5349999666214,1.53799998760223,1.53299999237061,1.53799998760223,0,1.53799998760223
"2020-02-21",1.53299999237061,1.53299999237061,1.51300001144409,1.51800000667572,0,1.51800000667572
"2020-02-24",1.49800002574921,1.50300002098083,1.49000000953674,1.50300002098083,0,1.50300002098083
"2020-02-25",1.5,1.50499999523163,1.49000000953674,1.49000000953674,0,1.49000000953674
"2020-02-26",1.49500000476837,1.49500000476837,1.47000002861023,1.47800004482269,0,1.47800004482269
"2020-02-27",1.42299997806549,1.42299997806549,1.36300003528595,1.39499998092651,0,1.39499998092651
"2020-02-28",1.28999996185303,1.28999996185303,1.23000001907349,1.23000001907349,0,1.23000001907349
"2020-03-02",1.0900000333786,1.15799999237061,1.0900000333786,1.13499999046326,0,1.13499999046326
"2020-03-03",1.14300000667572,1.15299999713898,0.855000019073486,0.917999982833862,0,0.917999982833862
"2020-03-04",0.84799998998642,0.850000023841858,0.675000011920929,0.675000011920929,0,0.675000011920929
"2020-03-05",0.654999971389771,0.654999971389771,0.578000009059906,0.595000028610229,0,0.595000028610229
"2020-03-06",0.402999997138977,0.428000003099442,0.324999988079071,0.41499999165535,0,0.41499999165535
"2020-03-09",0.234999999403954,0.363000005483627,0.178000003099442,0.330000013113022,0,0.330000013113022
"2020-03-10",0.398000001907349,0.400000005960464,0.377999991178513,0.389999985694885,0,0.389999985694885
"2020-03-11",0.375,0.409999996423721,0.349999994039536,0.368000000715256,0,0.368000000715256
"2020-03-12",0.165000006556511,0.282999992370605,0.155000001192093,0.273000001907349,0,0.273000001907349
"2020-03-13",0.257999986410141,0.270000010728836,0.230000004172325,0.243000000715256,0,0.243000000715256
"2020-03-16",0.129999995231628,0.209999993443489,0.115000002086163,0.185000002384186,0,0.185000002384186
"2020-03-17",0.234999999403954,0.234999999403954,0.14300000667572,0.165000006556511,0,0.165000006556511
"2020-03-18",0.100000001490116,0.100000001490116,-0.0130000002682209,0.00300000002607703,0,0.00300000002607703
"2020-03-19",-0.0329999998211861,-0.0179999992251396,-0.0399999991059303,-0.0280000008642673,0,-0.0280000008642673
"2020-03-20",-0.0450000017881393,-0.0230000000447035,-0.0450000017881393,-0.0329999998211861,0,-0.0329999998211861
"2020-03-23",-0.0299999993294477,-0.0280000008642673,-0.0399999991059303,-0.0399999991059303,0,-0.0399999991059303
"2020-03-24",-0.00300000002607703,0.00499999988824129,-0.0700000002980232,-0.0329999998211861,0,-0.0329999998211861
"2020-03-25",-0.0329999998211861,3.39000010490417,-0.234999999403954,-0.0700000002980232,0,-0.0700000002980232
"2020-03-26",-0.103000000119209,-0.100000001490116,-0.123000003397465,-0.104999996721745,0,-0.104999996721745
"2020-03-27",-0.108000002801418,-0.0579999983310699,-0.108000002801418,-0.0579999983310699,0,-0.0579999983310699
"2020-03-30",-0.0430000014603138,0.0199999995529652,-0.0529999993741512,0.0130000002682209,0,0.0130000002682209
"2020-03-31",0.0700000002980232,0.0700000002980232,0.0280000008642673,0.0299999993294477,0,0.0299999993294477
"2020-04-01",0.0850000008940697,0.0900000035762787,0.063000001013279,0.063000001013279,0,0.063000001013279
"2020-04-02",0.0529999993741512,0.0729999989271164,0.0399999991059303,0.0649999976158142,0,0.0649999976158142
"2020-04-03",0.0480000004172325,0.063000001013279,0.0480000004172325,0.0579999983310699,0,0.0579999983310699
"2020-04-06",0.0579999983310699,0.0829999968409538,0.0529999993741512,0.0599999986588955,0,0.0599999986588955
"2020-04-07",0.115000002086163,0.129999995231628,0.115000002086163,0.128000006079674,0,0.128000006079674
"2020-04-08",0.155000001192093,0.187999993562698,0.155000001192093,0.185000002384186,0,0.185000002384186
"2020-04-09",0.163000002503395,0.215000003576279,0.155000001192093,0.209999993443489,0,0.209999993443489
"2020-04-13",0.208000004291534,0.259999990463257,0.194999992847443,0.200000002980232,0,0.200000002980232
"2020-04-14",0.217999994754791,0.219999998807907,0.165000006556511,0.165000006556511,0,0.165000006556511
"2020-04-15",0.115000002086163,0.125,0.108000002801418,0.115000002086163,0,0.115000002086163
"2020-04-16",0.118000000715256,0.125,0.109999999403954,0.109999999403954,0,0.109999999403954
"2020-04-17",0.109999999403954,0.112999998033047,0.0949999988079071,0.103000000119209,0,0.103000000119209
"2020-04-20",0.100000001490116,0.108000002801418,0.0700000002980232,0.0700000002980232,0,0.0700000002980232
"2020-04-21",0.104999996721745,0.109999999403954,0.0979999974370003,0.0979999974370003,0,0.0979999974370003
"2020-04-22",0.103000000119209,0.103000000119209,0.0930000022053719,0.0930000022053719,0,0.0930000022053719
"2020-04-23",0.0879999995231628,0.100000001490116,0.0879999995231628,0.0930000022053719,0,0.0930000022053719
"2020-04-24",0.0930000022053719,0.103000000119209,0.0930000022053719,0.100000001490116,0,0.100000001490116
"2020-04-27",0.0900000035762787,0.100000001490116,0.0900000035762787,0.0930000022053719,0,0.0930000022053719
"2020-04-28",0.103000000119209,0.103000000119209,0.0829999968409538,0.0850000008940697,0,0.0850000008940697
"2020-04-29",0.0750000029802322,0.100000001490116,0.0750000029802322,0.0900000035762787,0,0.0900000035762787
"2020-04-30",0.0780000016093254,0.0930000022053719,0.0780000016093254,0.0900000035762787,0,0.0900000035762787
"2020-05-01",0.0879999995231628,0.0949999988079071,0.0879999995231628,0.0930000022053719,0,0.0930000022053719
"2020-05-04",0.0949999988079071,0.103000000119209,0.0900000035762787,0.0900000035762787,0,0.0900000035762787
"2020-05-05",0.103000000119209,0.109999999403954,0.100000001490116,0.109999999403954,0,0.109999999403954
"2020-05-06",0.0780000016093254,0.108000002801418,0.0780000016093254,0.108000002801418,0,0.108000002801418
"2020-05-07",0.104999996721745,0.104999996721745,0.0900000035762787,0.0949999988079071,0,0.0949999988079071
"2020-05-08",0.0979999974370003,0.0979999974370003,0.0900000035762787,0.0949999988079071,0,0.0949999988079071
"2020-05-11",0.0979999974370003,0.104999996721745,0.0949999988079071,0.104999996721745,0,0.104999996721745
"2020-05-12",0.118000000715256,0.123000003397465,0.118000000715256,0.123000003397465,0,0.123000003397465
"2020-05-13",0.118000000715256,0.119999997317791,0.109999999403954,0.115000002086163,0,0.115000002086163
"2020-05-14",0.108000002801418,0.112999998033047,0.104999996721745,0.104999996721745,0,0.104999996721745
"2020-05-15",0.104999996721745,0.108000002801418,0.100000001490116,0.103000000119209,0,0.103000000119209
"2020-05-18",0.104999996721745,0.104999996721745,0.103000000119209,0.104999996721745,0,0.104999996721745
"2020-05-19",0.112999998033047,0.119999997317791,0.112999998033047,0.118000000715256,0,0.118000000715256
"2020-05-20",0.112999998033047,0.119999997317791,0.112999998033047,0.118000000715256,0,0.118000000715256
"2020-05-21",0.109999999403954,0.112999998033047,0.109999999403954,0.109999999403954,0,0.109999999403954
"2020-05-22",0.109999999403954,0.112999998033047,0.108000002801418,0.109999999403954,0,0.109999999403954
"2020-05-26",0.109999999403954,0.118000000715256,0.109999999403954,0.118000000715256,0,0.118000000715256
"2020-05-27",0.125,0.140000000596046,0.125,0.135000005364418,0,0.135000005364418
"2020-05-28",0.133000001311302,0.140000000596046,0.133000001311302,0.137999996542931,0,0.137999996542931
"2020-05-29",0.129999995231628,0.129999995231628,0.128000006079674,0.128000006079674,0,0.128000006079674
"2020-06-01",0.129999995231628,0.129999995231628,0.128000006079674,0.128000006079674,0,0.128000006079674
"2020-06-02",0.14300000667572,0.144999995827675,0.14300000667572,0.144999995827675,0,0.144999995827675
"2020-06-03",0.144999995827675,0.148000001907349,0.144999995827675,0.148000001907349,0,0.148000001907349
"2020-06-04",0.14300000667572,0.14300000667572,0.137999996542931,0.140000000596046,0,0.140000000596046
"2020-06-05",0.14300000667572,0.144999995827675,0.140000000596046,0.144999995827675,0,0.144999995827675
"2020-06-08",0.148000001907349,0.152999997138977,0.148000001907349,0.152999997138977,0,0.152999997138977
"2020-06-09",0.159999996423721,0.165000006556511,0.159999996423721,0.165000006556511,0,0.165000006556511
"2020-06-10",0.163000002503395,0.167999997735023,0.163000002503395,0.165000006556511,0,0.165000006556511
"2020-06-11",0.158000007271767,0.158000007271767,0.150000005960464,0.152999997138977,0,0.152999997138977
"2020-06-12",0.155000001192093,0.165000006556511,0.150000005960464,0.150000005960464,0,0.150000005960464
"2020-06-15",0.158000007271767,0.163000002503395,0.155000001192093,0.155000001192093,0,0.155000001192093
"2020-06-16",0.152999997138977,0.163000002503395,0.152999997138977,0.159999996423721,0,0.159999996423721
"2020-06-17",0.159999996423721,0.165000006556511,0.159999996423721,0.165000006556511,0,0.165000006556511
"2020-06-18",0.148000001907349,0.148000001907349,0.140000000596046,0.140000000596046,0,0.140000000596046
"2020-06-19",0.14300000667572,0.148000001907349,0.140000000596046,0.14300000667572,0,0.14300000667572
"2020-06-22",0.140000000596046,0.14300000667572,0.140000000596046,0.140000000596046,0,0.140000000596046
"2020-06-23",0.144999995827675,0.144999995827675,0.140000000596046,0.140000000596046,0,0.140000000596046
"2020-06-24",0.137999996542931,0.137999996542931,0.135000005364418,0.135000005364418,0,0.135000005364418
"2020-06-25",0.135000005364418,0.135000005364418,0.128000006079674,0.129999995231628,0,0.129999995231628
"2020-06-26",0.133000001311302,0.135000005364418,0.128000006079674,0.133000001311302,0,0.133000001311302
"2020-06-29",0.129999995231628,0.129999995231628,0.125,0.125,0,0.125
"2020-06-30",0.137999996542931,0.137999996542931,0.135000005364418,0.135000005364418,0,0.135000005364418
"2020-07-01",0.135000005364418,0.135000005364418,0.129999995231628,0.129999995231628,0,0.129999995231628
"2020-07-02",0.128000006079674,0.135000005364418,0.128000006079674,0.133000001311302,0,0.133000001311302
"2020-07-06",0.135000005364418,0.135000005364418,0.128000006079674,0.128000006079674,0,0.128000006079674
"2020-07-07",0.140000000596046,0.14300000667572,0.140000000596046,0.140000000596046,0,0.140000000596046
"2020-07-08",0.137999996542931,0.137999996542931,0.135000005364418,0.135000005364418,0,0.135000005364418
"2020-07-09",0.129999995231628,0.129999995231628,0.119999997317791,0.123000003397465,0,0.123000003397465
"2020-07-10",0.119999997317791,0.119999997317791,0.119999997317791,0.119999997317791,0,0.119999997317791
"2020-07-13",0.119999997317791,0.128000006079674,0.119999997317791,0.125,0,0.125
"2020-07-14",0.133000001311302,0.133000001311302,0.133000001311302,0.133000001311302,0,0.133000001311302
"2020-07-15",0.125,0.128000006079674,0.119999997317791,0.125,0,0.125
"2020-07-16",0.118000000715256,0.118000000715256,0.100000001490116,0.103000000119209,0,0.103000000119209
"2020-07-17",0.100000001490116,0.104999996721745,0.100000001490116,0.104999996721745,0,0.104999996721745
"2020-07-20",0.104999996721745,0.108000002801418,0.104999996721745,0.104999996721745,0,0.104999996721745
"2020-07-21",0.115000002086163,0.115000002086163,0.109999999403954,0.109999999403954,0,0.109999999403954
"2020-07-22",0.104999996721745,0.104999996721745,0.100000001490116,0.100000001490116,0,0.100000001490116
"2020-07-23",0.108000002801418,0.108000002801418,0.100000001490116,0.103000000119209,0,0.103000000119209
"2020-07-24",0.103000000119209,0.103000000119209,0.0979999974370003,0.0979999974370003,0,0.0979999974370003
"2020-07-27",0.0979999974370003,0.0979999974370003,0.0900000035762787,0.0930000022053719,0,0.0930000022053719
"2020-07-28",0.103000000119209,0.104999996721745,0.103000000119209,0.103000000119209,0,0.103000000119209
"2020-07-29",0.0979999974370003,0.0979999974370003,0.0900000035762787,0.0900000035762787,0,0.0900000035762787
"2020-07-30",0.0900000035762787,0.0900000035762787,0.0850000008940697,0.0850000008940697,0,0.0850000008940697
"2020-07-31",0.0829999968409538,0.0850000008940697,0.0829999968409538,0.0829999968409538,0,0.0829999968409538
"2020-08-03",0.0829999968409538,0.0829999968409538,0.0750000029802322,0.0780000016093254,0,0.0780000016093254
"2020-08-04",0.0930000022053719,0.0930000022053719,0.0900000035762787,0.0900000035762787,0,0.0900000035762787
"2020-08-05",0.0900000035762787,0.0949999988079071,0.0900000035762787,0.0949999988079071,0,0.0949999988079071
"2020-08-06",0.0930000022053719,0.0930000022053719,0.0850000008940697,0.0879999995231628,0,0.0879999995231628
"2020-08-07",0.0829999968409538,0.0879999995231628,0.0829999968409538,0.0879999995231628,0,0.0879999995231628
"2020-08-10",0.0879999995231628,0.0930000022053719,0.0879999995231628,0.0879999995231628,0,0.0879999995231628
"2020-08-11",0.103000000119209,0.103000000119209,0.0979999974370003,0.100000001490116,0,0.100000001490116
"2020-08-12",0.100000001490116,0.100000001490116,0.100000001490116,0.100000001490116,0,0.100000001490116
"2020-08-13",0.0930000022053719,0.0930000022053719,0.0900000035762787,0.0900000035762787,0,0.0900000035762787
"2020-08-14",0.0900000035762787,0.0900000035762787,0.0879999995231628,0.0879999995231628,0,0.0879999995231628
"2020-08-17",0.0829999968409538,0.0850000008940697,0.0829999968409538,0.0850000008940697,0,0.0850000008940697
"2020-08-18",0.100000001490116,0.100000001490116,0.100000001490116,0.100000001490116,0,0.100000001490116
"2020-08-19",0.100000001490116,0.100000001490116,0.0949999988079071,0.0949999988079071,0,0.0949999988079071
"2020-08-20",0.0850000008940697,0.0879999995231628,0.0829999968409538,0.0879999995231628,0,0.0879999995231628
"2020-08-21",0.0829999968409538,0.0879999995231628,0.0829999968409538,0.0879999995231628,0,0.0879999995231628
"2020-08-24",0.0879999995231628,0.0879999995231628,0.0850000008940697,0.0850000008940697,0,0.0850000008940697
"2020-08-25",0.0949999988079071,0.0949999988079071,0.0949999988079071,0.0949999988079071,0,0.0949999988079071
"2020-08-26",0.0949999988079071,0.0949999988079071,0.0930000022053719,0.0930000022053719,0,0.0930000022053719
"2020-08-27",0.0879999995231628,0.0949999988079071,0.0879999995231628,0.0949999988079071,0,0.0949999988079071
"2020-08-28",0.0949999988079071,0.0949999988079071,0.0949999988079071,0.0949999988079071,0,0.0949999988079071
"2020-08-31",0.0930000022053719,0.0979999974370003,0.0930000022053719,0.0949999988079071,0,0.0949999988079071
"2020-09-01",0.100000001490116,0.100000001490116,0.100000001490116,0.100000001490116,0,0.100000001490116
"2020-09-02",0.0979999974370003,0.103000000119209,0.0979999974370003,0.100000001490116,0,0.100000001490116
"2020-09-03",0.0979999974370003,0.103000000119209,0.0979999974370003,0.100000001490116,0,0.100000001490116
"2020-09-04",0.100000001490116,0.104999996721745,0.0979999974370003,0.103000000119209,0,0.103000000119209
"2020-09-08",0.103000000119209,0.108000002801418,0.103000000119209,0.108000002801418,0,0.108000002801418
"2020-09-09",0.109999999403954,0.109999999403954,0.103000000119209,0.104999996721745,0,0.104999996721745
"2020-09-10",0.103000000119209,0.108000002801418,0.103000000119209,0.103000000119209,0,0.103000000119209
"2020-09-11",0.103000000119209,0.104999996721745,0.103000000119209,0.103000000119209,0,0.103000000119209
"2020-09-14",0.100000001490116,0.103000000119209,0.0979999974370003,0.100000001490116,0,0.100000001490116
"2020-09-15",0.104999996721745,0.104999996721745,0.100000001490116,0.100000001490116,0,0.100000001490116
"2020-09-16",0.0979999974370003,0.100000001490116,0.0979999974370003,0.100000001490116,0,0.100000001490116
"2020-09-17",0.0930000022053719,0.0930000022053719,0.0750000029802322,0.0850000008940697,0,0.0850000008940697
"2020-09-18",0.0829999968409538,0.0829999968409538,0.0780000016093254,0.0829999968409538,0,0.0829999968409538
"2020-09-21",0.0829999968409538,0.0829999968409538,0.0799999982118607,0.0799999982118607,0,0.0799999982118607
"2020-09-22",0.0900000035762787,0.0900000035762787,0.0879999995231628,0.0879999995231628,0,0.0879999995231628
"2020-09-23",0.0879999995231628,0.0879999995231628,0.0879999995231628,0.0879999995231628,0,0.0879999995231628
"2020-09-24",0.0879999995231628,0.0930000022053719,0.0879999995231628,0.0930000022053719,0,0.0930000022053719
"2020-09-25",0.0900000035762787,0.0930000022053719,0.0879999995231628,0.0900000035762787,0,0.0900000035762787
"2020-09-28",0.0930000022053719,0.0930000022053719,0.0879999995231628,0.0879999995231628,0,0.0879999995231628
"2020-09-29",0.0930000022053719,0.0930000022053719,0.0829999968409538,0.0850000008940697,0,0.0850000008940697
"2020-09-30",0.0850000008940697,0.0930000022053719,0.0850000008940697,0.0850000008940697,0,0.0850000008940697
"2020-10-01",0.0879999995231628,0.0930000022053719,0.0829999968409538,0.0829999968409538,0,0.0829999968409538
"2020-10-02",0.0850000008940697,0.0850000008940697,0.0850000008940697,0.0850000008940697,0,0.0850000008940697
"2020-10-05",0.0850000008940697,0.0850000008940697,0.0829999968409538,0.0850000008940697,0,0.0850000008940697
"2020-10-06",0.0879999995231628,0.0900000035762787,0.0850000008940697,0.0879999995231628,0,0.0879999995231628
"2020-10-07",0.0900000035762787,0.0900000035762787,0.0850000008940697,0.0879999995231628,0,0.0879999995231628
"2020-10-08",0.0900000035762787,0.0900000035762787,0.0879999995231628,0.0879999995231628,0,0.0879999995231628
"2020-10-09",0.0900000035762787,0.0949999988079071,0.0900000035762787,0.0930000022053719,0,0.0930000022053719
"2020-10-12",0.0900000035762787,0.0900000035762787,0.0900000035762787,0.0900000035762787,0,0.0900000035762787
"2020-10-13",0.0949999988079071,0.0949999988079071,0.0900000035762787,0.0930000022053719,0,0.0930000022053719
"2020-10-14",0.100000001490116,0.100000001490116,0.100000001490116,0.100000001490116,0,0.100000001490116
"2020-10-15",0.0949999988079071,0.0979999974370003,0.0930000022053719,0.0949999988079071,0,0.0949999988079071
"2020-10-16",0.0949999988079071,0.0949999988079071,0.0900000035762787,0.0900000035762787,0,0.0900000035762787
"2020-10-19",0.0930000022053719,0.0930000022053719,0.0850000008940697,0.0900000035762787,0,0.0900000035762787
"2020-10-20",0.0949999988079071,0.0949999988079071,0.0949999988079071,0.0949999988079071,0,0.0949999988079071
"2020-10-21",0.0949999988079071,0.0949999988079071,0.0900000035762787,0.0900000035762787,0,0.0900000035762787
"2020-10-22",0.0829999968409538,0.0850000008940697,0.0829999968409538,0.0850000008940697,0,0.0850000008940697
"2020-10-23",0.0829999968409538,0.0850000008940697,0.0829999968409538,0.0829999968409538,0,0.0829999968409538
"2020-10-26",0.0829999968409538,0.0879999995231628,0.0799999982118607,0.0799999982118607,0,0.0799999982118607
"2020-10-27",0.0900000035762787,0.0900000035762787,0.0900000035762787,0.0900000035762787,0,0.0900000035762787
"2020-10-28",0.0900000035762787,0.0900000035762787,0.0900000035762787,0.0900000035762787,0,0.0900000035762787
"2020-10-29",0.0829999968409538,0.0850000008940697,0.0829999968409538,0.0829999968409538,0,0.0829999968409538
"2020-10-30",0.0829999968409538,0.0829999968409538,0.0799999982118607,0.0829999968409538,0,0.0829999968409538
"2020-11-02",0.0829999968409538,0.0829999968409538,0.0799999982118607,0.0829999968409538,0,0.0829999968409538
"2020-11-03",0.0900000035762787,0.0900000035762787,0.0900000035762787,0.0900000035762787,0,0.0900000035762787
"2020-11-04",0.0879999995231628,0.0879999995231628,0.0829999968409538,0.0829999968409538,0,0.0829999968409538
"2020-11-05",0.0850000008940697,0.0850000008940697,0.0829999968409538,0.0850000008940697,0,0.0850000008940697
"2020-11-06",0.0850000008940697,0.0850000008940697,0.0799999982118607,0.0829999968409538,0,0.0829999968409538
"2020-11-09",0.0850000008940697,0.0879999995231628,0.0829999968409538,0.0879999995231628,0,0.0879999995231628
"2020-11-10",0.0949999988079071,0.0949999988079071,0.0900000035762787,0.0900000035762787,0,0.0900000035762787
"2020-11-11",0.0900000035762787,0.0900000035762787,0.0900000035762787,0.0900000035762787,0,0.0900000035762787
"2020-11-12",0.0850000008940697,0.0879999995231628,0.0829999968409538,0.0850000008940697,0,0.0850000008940697
"2020-11-13",0.0850000008940697,0.0850000008940697,0.0829999968409538,0.0829999968409538,0,0.0829999968409538
"2020-11-16",0.0850000008940697,0.0850000008940697,0.0750000029802322,0.0750000029802322,0,0.0750000029802322
"2020-11-17",0.0850000008940697,0.0850000008940697,0.0799999982118607,0.0799999982118607,0,0.0799999982118607
"2020-11-18",0.0799999982118607,0.0829999968409538,0.0750000029802322,0.0750000029802322,0,0.0750000029802322
"2020-11-19",0.0649999976158142,0.0649999976158142,0.0480000004172325,0.0599999986588955,0,0.0599999986588955
"2020-11-20",0.0579999983310699,0.0599999986588955,0.0579999983310699,0.0579999983310699,0,0.0579999983310699
"2020-11-23",0.0599999986588955,0.0700000002980232,0.0599999986588955,0.0700000002980232,0,0.0700000002980232
"2020-11-24",0.0850000008940697,0.0850000008940697,0.0799999982118607,0.0799999982118607,0,0.0799999982118607
"2020-11-25",0.0799999982118607,0.0829999968409538,0.0799999982118607,0.0799999982118607,0,0.0799999982118607
"2020-11-27",0.0829999968409538,0.0850000008940697,0.0729999989271164,0.0729999989271164,0,0.0729999989271164
"2020-11-30",0.0750000029802322,0.0750000029802322,0.0729999989271164,0.0750000029802322,0,0.0750000029802322
"2020-12-01",0.0799999982118607,0.0829999968409538,0.0799999982118607,0.0799999982118607,0,0.0799999982118607
"2020-12-02",0.0799999982118607,0.0799999982118607,0.0750000029802322,0.0750000029802322,0,0.0750000029802322
"2020-12-03",0.0750000029802322,0.0750000029802322,0.0750000029802322,0.0750000029802322,0,0.0750000029802322
"2020-12-04",0.0750000029802322,0.0750000029802322,0.0750000029802322,0.0750000029802322,0,0.0750000029802322
"2020-12-07",0.0750000029802322,0.0780000016093254,0.0700000002980232,0.0700000002980232,0,0.0700000002980232
"2020-12-08",0.0729999989271164,0.0729999989271164,0.068000003695488,0.068000003695488,0,0.068000003695488
"2020-12-09",0.0700000002980232,0.0700000002980232,0.0700000002980232,0.0700000002980232,0,0.0700000002980232
"2020-12-10",0.0649999976158142,0.0700000002980232,0.0649999976158142,0.0700000002980232,0,0.0700000002980232
"2020-12-11",0.0649999976158142,0.068000003695488,0.0649999976158142,0.0649999976158142,0,0.0649999976158142
"2020-12-14",0.0700000002980232,0.0700000002980232,0.0599999986588955,0.0599999986588955,0,0.0599999986588955
"2020-12-15",0.0700000002980232,0.0700000002980232,0.0700000002980232,0.0700000002980232,0,0.0700000002980232
"2020-12-16",0.0750000029802322,0.0750000029802322,0.0750000029802322,0.0750000029802322,0,0.0750000029802322
"2020-12-17",0.0750000029802322,0.0829999968409538,0.0750000029802322,0.0799999982118607,0,0.0799999982118607
"2020-12-18",0.0799999982118607,0.0799999982118607,0.0799999982118607,0.0799999982118607,0,0.0799999982118607
"2020-12-21",0.0799999982118607,0.0799999982118607,0.0750000029802322,0.0780000016093254,0,0.0780000016093254
"2020-12-22",0.0850000008940697,0.0850000008940697,0.0750000029802322,0.0780000016093254,0,0.0780000016093254
"2020-12-23",0.0750000029802322,0.0799999982118607,0.0750000029802322,0.0750000029802322,0,0.0750000029802322
"2020-12-24",0.0780000016093254,0.0780000016093254,0.0729999989271164,0.0750000029802322,0,0.0750000029802322
"2020-12-28",0.0780000016093254,0.0829999968409538,0.0780000016093254,0.0799999982118607,0,0.0799999982118607
"2020-12-29",0.0900000035762787,0.0900000035762787,0.0900000035762787,0.0900000035762787,0,0.0900000035762787
"2020-12-30",0.0900000035762787,0.0900000035762787,0.0700000002980232,0.0700000002980232,0,0.0700000002980232
"2020-12-31",0.068000003695488,0.068000003695488,0.0599999986588955,0.0649999976158142,0,0.0649999976158142
"2021-01-04",0.068000003695488,0.0729999989271164,0.068000003695488,0.068000003695488,0,0.068000003695488
"2021-01-05",0.0780000016093254,0.0799999982118607,0.0780000016093254,0.0780000016093254,0,0.0780000016093254
"2021-01-06",0.0780000016093254,0.0780000016093254,0.0780000016093254,0.0780000016093254,0,0.0780000016093254
"2021-01-07",0.0780000016093254,0.0829999968409538,0.0780000016093254,0.0799999982118607,0,0.0799999982118607
"2021-01-08",0.0799999982118607,0.0799999982118607,0.0799999982118607,0.0799999982118607,0,0.0799999982118607
"2021-01-11",0.0799999982118607,0.0799999982118607,0.0799999982118607,0.0799999982118607,0,0.0799999982118607
"2021-01-12",0.0799999982118607,0.0799999982118607,0.0799999982118607,0.0799999982118607,0,0.0799999982118607
"2021-01-13",0.0799999982118607,0.0799999982118607,0.0799999982118607,0.0799999982118607,0,0.0799999982118607
"2021-01-14",0.0750000029802322,0.0780000016093254,0.0750000029802322,0.0750000029802322,0,0.0750000029802322
"2021-01-15",0.0750000029802322,0.0750000029802322,0.0750000029802322,0.0750000029802322,0,0.0750000029802322
"2021-01-19",0.0729999989271164,0.0750000029802322,0.0729999989271164,0.0729999989271164,0,0.0729999989271164
"2021-01-20",0.0799999982118607,0.0799999982118607,0.0750000029802322,0.0750000029802322,0,0.0750000029802322
"2021-01-21",0.0750000029802322,0.0750000029802322,0.0729999989271164,0.0729999989271164,0,0.0729999989271164
"2021-01-22",0.0700000002980232,0.0700000002980232,0.0700000002980232,0.0700000002980232,0,0.0700000002980232
"2021-01-25",0.0700000002980232,0.0700000002980232,0.068000003695488,0.0700000002980232,0,0.0700000002980232
"2021-01-26",0.0729999989271164,0.0729999989271164,0.0649999976158142,0.068000003695488,0,0.068000003695488
"2021-01-27",0.0700000002980232,0.0700000002980232,0.0599999986588955,0.0599999986588955,0,0.0599999986588955
"2021-01-28",0.063000001013279,0.063000001013279,0.0549999997019768,0.0549999997019768,0,0.0549999997019768
"2021-01-29",0.0549999997019768,0.0549999997019768,0.0450000017881393,0.0480000004172325,0,0.0480000004172325
"2021-02-01",0.0480000004172325,0.0500000007450581,0.0450000017881393,0.0480000004172325,0,0.0480000004172325
"2021-02-02",0.0599999986588955,0.0599999986588955,0.0500000007450581,0.0500000007450581,0,0.0500000007450581
"2021-02-03",0.0500000007450581,0.0500000007450581,0.0399999991059303,0.0399999991059303,0,0.0399999991059303
"2021-02-04",0.0379999987781048,0.0379999987781048,0.0280000008642673,0.0299999993294477,0,0.0299999993294477
"2021-02-05",0.0230000000447035,0.025000000372529,0.0179999992251396,0.0230000000447035,0,0.0230000000447035
"2021-02-08",0.0230000000447035,0.0280000008642673,0.0199999995529652,0.0199999995529652,0,0.0199999995529652
"2021-02-09",0.0329999998211861,0.0329999998211861,0.0299999993294477,0.0329999998211861,0,0.0329999998211861
"2021-02-10",0.0350000001490116,0.0350000001490116,0.0350000001490116,0.0350000001490116,0,0.0350000001490116
"2021-02-11",0.0379999987781048,0.0379999987781048,0.0350000001490116,0.0350000001490116,0,0.0350000001490116
"2021-02-12",0.0350000001490116,0.0350000001490116,0.0350000001490116,0.0350000001490116,0,0.0350000001490116
"2021-02-16",0.0350000001490116,0.0350000001490116,0.0350000001490116,0.0350000001490116,0,0.0350000001490116
"2021-02-17",0.0350000001490116,0.0350000001490116,0.0350000001490116,0.0350000001490116,0,0.0350000001490116
"2021-02-18",0.0280000008642673,0.0350000001490116,0.0179999992251396,0.0230000000447035,0,0.0230000000447035
"2021-02-19",0.0230000000447035,0.025000000372529,0.0230000000447035,0.0230000000447035,0,0.0230000000447035
"2021-02-22",0.0230000000447035,0.0280000008642673,0.0230000000447035,0.025000000372529,0,0.025000000372529
"2021-02-23",0.0230000000447035,0.0230000000447035,0.0230000000447035,0.0230000000447035,0,0.0230000000447035
"2021-02-24",0.0299999993294477,0.0299999993294477,0.0280000008642673,0.0280000008642673,0,0.0280000008642673
"2021-02-25",0.0280000008642673,0.0399999991059303,0.0280000008642673,0.0329999998211861,0,0.0329999998211861
"2021-02-26",0.0329999998211861,0.0350000001490116,0.0299999993294477,0.0350000001490116,0,0.0350000001490116
"2021-03-01",0.0299999993294477,0.0350000001490116,0.0280000008642673,0.0280000008642673,0,0.0280000008642673
"2021-03-02",0.0299999993294477,0.0379999987781048,0.0299999993294477,0.0350000001490116,0,0.0350000001490116
"2021-03-03",0.0350000001490116,0.0350000001490116,0.0350000001490116,0.0350000001490116,0,0.0350000001490116
"2021-03-04",0.0280000008642673,0.0329999998211861,0.0280000008642673,0.0280000008642673,0,0.0280000008642673
"2021-03-05",0.0280000008642673,0.0299999993294477,0.0280000008642673,0.0280000008642673,0,0.0280000008642673
"2021-03-08",0.0329999998211861,0.0350000001490116,0.0329999998211861,0.0350000001490116,0,0.0350000001490116
"2021-03-09",0.0399999991059303,0.0399999991059303,0.0329999998211861,0.0350000001490116,0,0.0350000001490116
"2021-03-10",0.0350000001490116,0.0350000001490116,0.0299999993294477,0.0299999993294477,0,0.0299999993294477
"2021-03-11",0.0280000008642673,0.0350000001490116,0.0280000008642673,0.0280000008642673,0,0.0280000008642673
"2021-03-12",0.0299999993294477,0.0299999993294477,0.0199999995529652,0.025000000372529,0,0.025000000372529
"2021-03-15",0.0230000000447035,0.0230000000447035,0.0149999996647239,0.0149999996647239,0,0.0149999996647239
"2021-03-16",0.0199999995529652,0.0199999995529652,0.00800000037997961,0.00800000037997961,0,0.00800000037997961
"2021-03-17",0.00499999988824129,0.0149999996647239,0.00499999988824129,0.00800000037997961,0,0.00800000037997961
"2021-03-18",0.00499999988824129,0.00499999988824129,0.00300000002607703,0.00300000002607703,0,0.00300000002607703
"2021-03-19",0.00300000002607703,0.00999999977648258,0.00300000002607703,0.00499999988824129,0,0.00499999988824129
"2021-03-22",0.00499999988824129,0.00499999988824129,0.00499999988824129,0.00499999988824129,0,0.00499999988824129
"2021-03-23",0.00999999977648258,0.00999999977648258,0.00999999977648258,0.00999999977648258,0,0.00999999977648258
"2021-03-24",0.0149999996647239,0.0149999996647239,0.0149999996647239,0.0149999996647239,0,0.0149999996647239
"2021-03-25",0.00800000037997961,0.0149999996647239,0.00800000037997961,0.0149999996647239,0,0.0149999996647239
"2021-03-26",0.0130000002682209,0.0149999996647239,0.0130000002682209,0.0149999996647239,0,0.0149999996647239
"2021-03-29",0.0130000002682209,0.0149999996647239,0.00800000037997961,0.00800000037997961,0,0.00800000037997961
"2021-03-30",0.0130000002682209,0.0149999996647239,0.0130000002682209,0.0130000002682209,0,0.0130000002682209
"2021-03-31",0.0130000002682209,0.0130000002682209,0.0130000002682209,0.0130000002682209,0,0.0130000002682209
"2021-04-01",0.00999999977648258,0.00999999977648258,0.00800000037997961,0.00800000037997961,0,0.00800000037997961
"2021-04-05",0.0130000002682209,0.0149999996647239,0.0130000002682209,0.0149999996647239,0,0.0149999996647239
"2021-04-06",0.0149999996647239,0.0149999996647239,0.0149999996647239,0.0149999996647239,0,0.0149999996647239
"2021-04-07",0.0149999996647239,0.0149999996647239,0.00800000037997961,0.00999999977648258,0,0.00999999977648258
"2021-04-08",0.00800000037997961,0.00800000037997961,0.00300000002607703,0.00499999988824129,0,0.00499999988824129
"2021-04-09",0.00499999988824129,0.00800000037997961,0.00300000002607703,0.00300000002607703,0,0.00300000002607703
"2021-04-12",0.00499999988824129,0.00999999977648258,0.00499999988824129,0.00999999977648258,0,0.00999999977648258
"2021-04-13",0.0149999996647239,0.0149999996647239,0.0130000002682209,0.0149999996647239,0,0.0149999996647239
"2021-04-14",0.0149999996647239,0.0149999996647239,0.0130000002682209,0.0149999996647239,0,0.0149999996647239
"2021-04-15",0.0130000002682209,0.0130000002682209,0.00800000037997961,0.00999999977648258,0,0.00999999977648258
"2021-04-16",0.00800000037997961,0.00999999977648258,0.00800000037997961,0.00800000037997961,0,0.00800000037997961
"2021-04-19",0.00999999977648258,0.0149999996647239,0.00999999977648258,0.0149999996647239,0,0.0149999996647239
"2021-04-20",0.0179999992251396,0.0179999992251396,0.0149999996647239,0.0149999996647239,0,0.0149999996647239
"2021-04-21",0.0130000002682209,0.0149999996647239,0.0130000002682209,0.0130000002682209,0,0.0130000002682209
"2021-04-22",0.0149999996647239,0.0179999992251396,0.0130000002682209,0.0149999996647239,0,0.0149999996647239
"2021-04-23",0.0149999996647239,0.0149999996647239,0.0130000002682209,0.0149999996647239,0,0.0149999996647239
"2021-04-26",0.0149999996647239,0.0149999996647239,0.00800000037997961,0.00800000037997961,0,0.00800000037997961
"2021-04-27",0.00999999977648258,0.00999999977648258,0.00800000037997961,0.00999999977648258,0,0.00999999977648258
"2021-04-28",0.00499999988824129,0.00999999977648258,0.00499999988824129,0.00800000037997961,0,0.00800000037997961
"2021-04-29",0.00499999988824129,0.00800000037997961,0.00499999988824129,0.00800000037997961,0,0.00800000037997961
"2021-04-30",0.00300000002607703,0.00300000002607703,0.00300000002607703,0.00300000002607703,0,0.00300000002607703
"2021-05-03",0.00300000002607703,0.00800000037997961,0.00300000002607703,0.00499999988824129,0,0.00499999988824129
"2021-05-04",0.00999999977648258,0.0149999996647239,0.00999999977648258,0.00999999977648258,0,0.00999999977648258
"2021-05-05",0.00999999977648258,0.00999999977648258,0.00800000037997961,0.00800000037997961,0,0.00800000037997961
"2021-05-06",0.00999999977648258,0.00999999977648258,0.00800000037997961,0.00800000037997961,0,0.00800000037997961
"2021-05-07",0.00800000037997961,0.00800000037997961,0.00800000037997961,0.00800000037997961,0,0.00800000037997961
"2021-05-10",0.00499999988824129,0.00499999988824129,0.00300000002607703,0.00499999988824129,0,0.00499999988824129
"2021-05-11",0.00999999977648258,0.00999999977648258,0.00999999977648258,0.00999999977648258,0,0.00999999977648258
"2021-05-12",0.00999999977648258,0.00999999977648258,0.00999999977648258,0.00999999977648258,0,0.00999999977648258
"2021-05-13",0.00999999977648258,0.00999999977648258,0.00800000037997961,0.00800000037997961,0,0.00800000037997961
"2021-05-14",0.00499999988824129,0.00499999988824129,0.00300000002607703,0.00499999988824129,0,0.00499999988824129
"2021-05-17",0.00499999988824129,0.00499999988824129,0.00300000002607703,0.00499999988824129,0,0.00499999988824129
"2021-05-18",0.00999999977648258,0.00999999977648258,0.00999999977648258,0.00999999977648258,0,0.00999999977648258
"2021-05-19",0.00999999977648258,0.00999999977648258,0.00499999988824129,0.00499999988824129,0,0.00499999988824129
"2021-05-20",0.00300000002607703,0.00300000002607703,0.00300000002607703,0.00300000002607703,0,0.00300000002607703
"2021-05-21",0.00300000002607703,0.00300000002607703,0.00300000002607703,0.00300000002607703,0,0.00300000002607703
"2021-05-24",0.00300000002607703,0.00300000002607703,0.00300000002607703,0.00300000002607703,0,0.00300000002607703
"2021-05-25",0.00999999977648258,0.00999999977648258,0.00999999977648258,0.00999999977648258,0,0.00999999977648258
"2021-05-26",0.00999999977648258,0.00999999977648258,0.00499999988824129,0.00499999988824129,0,0.00499999988824129
"2021-05-27",0.00499999988824129,0.00499999988824129,0.00499999988824129,0.00499999988824129,0,0.00499999988824129
"2021-05-28",0.00800000037997961,0.00800000037997961,0.00300000002607703,0.00800000037997961,0,0.00800000037997961
"2021-06-01",0.00999999977648258,0.00999999977648258,0.00999999977648258,0.00999999977648258,0,0.00999999977648258
"2021-06-02",0.0149999996647239,0.0149999996647239,0.0149999996647239,0.0149999996647239,0,0.0149999996647239
"2021-06-03",0.0130000002682209,0.0179999992251396,0.0130000002682209,0.0149999996647239,0,0.0149999996647239
"2021-06-04",0.0149999996647239,0.0149999996647239,0.0149999996647239,0.0149999996647239,0,0.0149999996647239
"2021-06-07",0.0149999996647239,0.0199999995529652,0.0149999996647239,0.0179999992251396,0,0.0179999992251396
"2021-06-08",0.0199999995529652,0.0199999995529652,0.0199999995529652,0.0199999995529652,0,0.0199999995529652
"2021-06-09",0.0199999995529652,0.0199999995529652,0.0199999995529652,0.0199999995529652,0,0.0199999995529652
"2021-06-10",0.0199999995529652,0.0199999995529652,0.0199999995529652,0.0199999995529652,0,0.0199999995529652
"2021-06-11",0.0179999992251396,0.0179999992251396,0.0149999996647239,0.0179999992251396,0,0.0179999992251396
"2021-06-14",0.0179999992251396,0.0199999995529652,0.0149999996647239,0.0149999996647239,0,0.0149999996647239
"2021-06-15",0.0199999995529652,0.0199999995529652,0.0149999996647239,0.0199999995529652,0,0.0199999995529652
"2021-06-16",0.0199999995529652,0.0350000001490116,0.00499999988824129,0.0280000008642673,0,0.0280000008642673
"2021-06-17",0.0299999993294477,0.0299999993294477,0.0280000008642673,0.0280000008642673,0,0.0280000008642673
"2021-06-18",0.0280000008642673,0.0299999993294477,0.0280000008642673,0.0280000008642673,0,0.0280000008642673
"2021-06-21",0.0299999993294477,0.0329999998211861,0.0299999993294477,0.0299999993294477,0,0.0299999993294477
"2021-06-22",0.0350000001490116,0.0379999987781048,0.0350000001490116,0.0379999987781048,0,0.0379999987781048
"2021-06-23",0.0350000001490116,0.0399999991059303,0.0299999993294477,0.0399999991059303,0,0.0399999991059303
"2021-06-24",0.0379999987781048,0.0430000014603138,0.0379999987781048,0.0430000014603138,0,0.0430000014603138
"2021-06-25",0.0430000014603138,0.0430000014603138,0.0430000014603138,0.0430000014603138,0,0.0430000014603138
"2021-06-28",0.0430000014603138,0.0430000014603138,0.0399999991059303,0.0399999991059303,0,0.0399999991059303
"2021-06-29",0.0450000017881393,0.0450000017881393,0.0379999987781048,0.0399999991059303,0,0.0399999991059303
"2021-06-30",0.0399999991059303,0.0399999991059303,0.0399999991059303,0.0399999991059303,0,0.0399999991059303
"2021-07-01",0.0399999991059303,0.0399999991059303,0.0379999987781048,0.0399999991059303,0,0.0399999991059303
"2021-07-02",0.0379999987781048,0.0399999991059303,0.0379999987781048,0.0379999987781048,0,0.0379999987781048
"2021-07-06",0.0399999991059303,0.0430000014603138,0.0399999991059303,0.0399999991059303,0,0.0399999991059303
"2021-07-07",0.0430000014603138,0.0450000017881393,0.0399999991059303,0.0430000014603138,0,0.0430000014603138
"2021-07-08",0.0430000014603138,0.0430000014603138,0.0430000014603138,0.0430000014603138,0,0.0430000014603138
"2021-07-09",0.0430000014603138,0.0430000014603138,0.0399999991059303,0.0430000014603138,0,0.0430000014603138
"2021-07-12",0.0430000014603138,0.0430000014603138,0.0399999991059303,0.0430000014603138,0,0.0430000014603138
"2021-07-13",0.0450000017881393,0.0500000007450581,0.0430000014603138,0.0450000017881393,0,0.0450000017881393
"2021-07-14",0.0450000017881393,0.0450000017881393,0.0450000017881393,0.0450000017881393,0,0.0450000017881393
"2021-07-15",0.0430000014603138,0.0430000014603138,0.0379999987781048,0.0379999987781048,0,0.0379999987781048
"2021-07-16",0.0399999991059303,0.0399999991059303,0.0379999987781048,0.0379999987781048,0,0.0379999987781048
"2021-07-19",0.0379999987781048,0.0399999991059303,0.0350000001490116,0.0399999991059303,0,0.0399999991059303
"2021-07-20",0.0450000017881393,0.0450000017881393,0.0430000014603138,0.0450000017881393,0,0.0450000017881393
"2021-07-21",0.0450000017881393,0.0450000017881393,0.0450000017881393,0.0450000017881393,0,0.0450000017881393
"2021-07-22",0.0450000017881393,0.0450000017881393,0.0379999987781048,0.0430000014603138,0,0.0430000014603138
"2021-07-23",0.0399999991059303,0.0450000017881393,0.0379999987781048,0.0450000017881393,0,0.0450000017881393
"2021-07-26",0.0399999991059303,0.0450000017881393,0.0399999991059303,0.0399999991059303,0,0.0399999991059303
"2021-07-27",0.0450000017881393,0.0450000017881393,0.0399999991059303,0.0450000017881393,0,0.0450000017881393
"2021-07-28",0.0450000017881393,0.0450000017881393,0.0450000017881393,0.0450000017881393,0,0.0450000017881393
"2021-07-29",0.0450000017881393,0.0450000017881393,0.0399999991059303,0.0399999991059303,0,0.0399999991059303
"2021-07-30",0.0399999991059303,0.0399999991059303,0.0399999991059303,0.0399999991059303,0,0.0399999991059303
"2021-08-02",0.0379999987781048,0.0379999987781048,0.0379999987781048,0.0379999987781048,0,0.0379999987781048
"2021-08-03",0.0430000014603138,0.0450000017881393,0.0430000014603138,0.0450000017881393,0,0.0450000017881393
"2021-08-04",0.0450000017881393,0.0450000017881393,0.0450000017881393,0.0450000017881393,0,0.0450000017881393
"2021-08-05",0.0430000014603138,0.0450000017881393,0.0430000014603138,0.0430000014603138,0,0.0430000014603138
"2021-08-06",0.0430000014603138,0.0450000017881393,0.0430000014603138,0.0430000014603138,0,0.0430000014603138
"2021-08-09",0.0450000017881393,0.0480000004172325,0.0430000014603138,0.0450000017881393,0,0.0450000017881393
"2021-08-10",0.0480000004172325,0.0500000007450581,0.0450000017881393,0.0500000007450581,0,0.0500000007450581
"2021-08-11",0.0500000007450581,0.0500000007450581,0.0399999991059303,0.0450000017881393,0,0.0450000017881393
"2021-08-12",0.0450000017881393,0.0450000017881393,0.0430000014603138,0.0430000014603138,0,0.0430000014603138
"2021-08-13",0.0399999991059303,0.0450000017881393,0.0399999991059303,0.0450000017881393,0,0.0450000017881393
"2021-08-16",0.0480000004172325,0.0599999986588955,0.0450000017881393,0.0579999983310699,0,0.0579999983310699
"2021-08-17",0.0649999976158142,0.0649999976158142,0.063000001013279,0.063000001013279,0,0.063000001013279
"2021-08-18",0.0649999976158142,0.0649999976158142,0.0500000007450581,0.0549999997019768,0,0.0549999997019768
"2021-08-19",0.0549999997019768,0.0549999997019768,0.0430000014603138,0.0430000014603138,0,0.0430000014603138
"2021-08-20",0.0430000014603138,0.0430000014603138,0.0399999991059303,0.0430000014603138,0,0.0430000014603138
"2021-08-23",0.0430000014603138,0.0430000014603138,0.0329999998211861,0.0399999991059303,0,0.0399999991059303
"2021-08-24",0.0480000004172325,0.0500000007450581,0.0480000004172325,0.0480000004172325,0,0.0480000004172325
"2021-08-25",0.0500000007450581,0.0500000007450581,0.0450000017881393,0.0450000017881393,0,0.0450000017881393
"2021-08-26",0.0430000014603138,0.0430000014603138,0.0430000014603138,0.0430000014603138,0,0.0430000014603138
"2021-08-27",0.0430000014603138,0.0430000014603138,0.0430000014603138,0.0430000014603138,0,0.0430000014603138
"2021-08-30",0.0450000017881393,0.0450000017881393,0.0379999987781048,0.0379999987781048,0,0.0379999987781048
"2021-08-31",0.0399999991059303,0.0399999991059303,0.0379999987781048,0.0399999991059303,0,0.0399999991059303
"2021-09-01",0.0399999991059303,0.0399999991059303,0.0399999991059303,0.0399999991059303,0,0.0399999991059303
"2021-09-02",0.0350000001490116,0.0399999991059303,0.0350000001490116,0.0399999991059303,0,0.0399999991059303
"2021-09-03",0.0399999991059303,0.0399999991059303,0.0350000001490116,0.0399999991059303,0,0.0399999991059303
"2021-09-07",0.0350000001490116,0.0399999991059303,0.0329999998211861,0.0350000001490116,0,0.0350000001490116
"2021-09-08",0.0399999991059303,0.0399999991059303,0.0379999987781048,0.0399999991059303,0,0.0399999991059303
"2021-09-09",0.0350000001490116,0.0399999991059303,0.0350000001490116,0.0379999987781048,0,0.0379999987781048
"2021-09-10",0.0350000001490116,0.0379999987781048,0.0350000001490116,0.0379999987781048,0,0.0379999987781048
"2021-09-13",0.0379999987781048,0.0379999987781048,0.0329999998211861,0.0379999987781048,0,0.0379999987781048
"2021-09-14",0.0350000001490116,0.0350000001490116,0.0329999998211861,0.0350000001490116,0,0.0350000001490116
"2021-09-15",0.0350000001490116,0.0350000001490116,0.0350000001490116,0.0350000001490116,0,0.0350000001490116
"2021-09-16",0.0329999998211861,0.0329999998211861,0.0280000008642673,0.0299999993294477,0,0.0299999993294477
"2021-09-17",0.0299999993294477,0.0329999998211861,0.0280000008642673,0.0280000008642673,0,0.0280000008642673
"2021-09-20",0.0299999993294477,0.0299999993294477,0.0199999995529652,0.025000000372529,0,0.025000000372529
"2021-09-21",0.025000000372529,0.025000000372529,0.0149999996647239,0.0199999995529652,0,0.0199999995529652
"2021-09-22",0.0199999995529652,0.025000000372529,0.0179999992251396,0.025000000372529,0,0.025000000372529
"2021-09-23",0.025000000372529,0.0350000001490116,0.0230000000447035,0.025000000372529,0,0.025000000372529
"2021-09-24",0.025000000372529,0.0280000008642673,0.025000000372529,0.025000000372529,0,0.025000000372529
"2021-09-27",0.025000000372529,0.025000000372529,0.0199999995529652,0.025000000372529,0,0.025000000372529
"2021-09-28",0.0299999993294477,0.0350000001490116,0.0280000008642673,0.0299999993294477,0,0.0299999993294477
"2021-09-29",0.0299999993294477,0.0350000001490116,0.0299999993294477,0.0299999993294477,0,0.0299999993294477
"2021-09-30",0.0299999993294477,0.0299999993294477,0.025000000372529,0.0280000008642673,0,0.0280000008642673
"2021-10-01",0.0299999993294477,0.0329999998211861,0.025000000372529,0.0280000008642673,0,0.0280000008642673
"2021-10-04",0.0299999993294477,0.0299999993294477,0.0280000008642673,0.0280000008642673,0,0.0280000008642673
"2021-10-05",0.0329999998211861,0.0379999987781048,0.0329999998211861,0.0350000001490116,0,0.0350000001490116
"2021-10-06",0.0350000001490116,0.0399999991059303,0.0350000001490116,0.0399999991059303,0,0.0399999991059303
"2021-10-07",0.0399999991059303,0.0450000017881393,0.0379999987781048,0.0399999991059303,0,0.0399999991059303
"2021-10-08",0.0399999991059303,0.0450000017881393,0.0399999991059303,0.0399999991059303,0,0.0399999991059303
"2021-10-11",0.0399999991059303,0.0399999991059303,0.0399999991059303,0.0399999991059303,0,0.0399999991059303
"2021-10-12",0.0399999991059303,0.0450000017881393,0.0399999991059303,0.0399999991059303,0,0.0399999991059303
"2021-10-13",0.0450000017881393,0.0450000017881393,0.0450000017881393,0.0450000017881393,0,0.0450000017881393
"2021-10-14",0.0450000017881393,0.0450000017881393,0.0379999987781048,0.0399999991059303,0,0.0399999991059303
"2021-10-15",0.0379999987781048,0.0399999991059303,0.0379999987781048,0.0379999987781048,0,0.0379999987781048
"2021-10-18",0.0430000014603138,0.0450000017881393,0.0430000014603138,0.0430000014603138,0,0.0430000014603138
"2021-10-19",0.0500000007450581,0.0500000007450581,0.0500000007450581,0.0500000007450581,0,0.0500000007450581
"2021-10-20",0.0500000007450581,0.0500000007450581,0.0500000007450581,0.0500000007450581,0,0.0500000007450581
"2021-10-21",0.0450000017881393,0.0500000007450581,0.0430000014603138,0.0500000007450581,0,0.0500000007450581
"2021-10-22",0.0500000007450581,0.0500000007450581,0.0500000007450581,0.0500000007450581,0,0.0500000007450581
"2021-10-25",0.0500000007450581,0.0500000007450581,0.0500000007450581,0.0500000007450581,0,0.0500000007450581
"2021-10-26",0.0500000007450581,0.0500000007450581,0.0500000007450581,0.0500000007450581,0,0.0500000007450581
"2021-10-27",0.0500000007450581,0.0500000007450581,0.0500000007450581,0.0500000007450581,0,0.0500000007450581
"2021-10-28",0.0430000014603138,0.0500000007450581,0.0430000014603138,0.0480000004172325,0,0.0480000004172325
"2021-10-29",0.0430000014603138,0.0480000004172325,0.0430000014603138,0.0480000004172325,0,0.0480000004172325
"2021-11-01",0.0480000004172325,0.0480000004172325,0.0399999991059303,0.0399999991059303,0,0.0399999991059303
"2021-11-02",0.0450000017881393,0.0450000017881393,0.0430000014603138,0.0450000017881393,0,0.0450000017881393
"2021-11-03",0.0450000017881393,0.0450000017881393,0.0430000014603138,0.0450000017881393,0,0.0450000017881393
"2021-11-04",0.0379999987781048,0.0399999991059303,0.0350000001490116,0.0350000001490116,0,0.0350000001490116
"2021-11-05",0.0350000001490116,0.0399999991059303,0.0350000001490116,0.0399999991059303,0,0.0399999991059303
"2021-11-08",0.0399999991059303,0.0399999991059303,0.0350000001490116,0.0350000001490116,0,0.0350000001490116
"2021-11-09",0.0399999991059303,0.0399999991059303,0.0399999991059303,0.0399999991059303,0,0.0399999991059303
"2021-11-10",0.0399999991059303,0.0450000017881393,0.0379999987781048,0.0450000017881393,0,0.0450000017881393
"2021-11-11",0.0399999991059303,0.0399999991059303,0.0399999991059303,0.0399999991059303,0,0.0399999991059303
"2021-11-12",0.0430000014603138,0.0430000014603138,0.0399999991059303,0.0430000014603138,0,0.0430000014603138
"2021-11-15",0.0399999991059303,0.0430000014603138,0.0329999998211861,0.0379999987781048,0,0.0379999987781048
"2021-11-16",0.0399999991059303,0.0399999991059303,0.0399999991059303,0.0399999991059303,0,0.0399999991059303
"2021-11-17",0.0399999991059303,0.0450000017881393,0.0399999991059303,0.0450000017881393,0,0.0450000017881393
"2021-11-18",0.0450000017881393,0.0450000017881393,0.0430000014603138,0.0450000017881393,0,0.0450000017881393
"2021-11-19",0.0450000017881393,0.0450000017881393,0.0430000014603138,0.0450000017881393,0,0.0450000017881393
"2021-11-22",0.0430000014603138,0.0430000014603138,0.0379999987781048,0.0399999991059303,0,0.0399999991059303
"2021-11-23",0.0450000017881393,0.0450000017881393,0.0450000017881393,0.0450000017881393,0,0.0450000017881393
"2021-11-24",0.0450000017881393,0.0529999993741512,0.0450000017881393,0.0500000007450581,0,0.0500000007450581
"2021-11-26",0.0500000007450581,0.0500000007450581,0.0399999991059303,0.0430000014603138,0,0.0430000014603138
"2021-11-29",0.0430000014603138,0.0430000014603138,0.0299999993294477,0.0379999987781048,0,0.0379999987781048
"2021-11-30",0.0450000017881393,0.0500000007450581,0.0430000014603138,0.0480000004172325,0,0.0480000004172325
"2021-12-01",0.0450000017881393,0.0500000007450581,0.0450000017881393,0.0500000007450581,0,0.0500000007450581
"2021-12-02",0.0430000014603138,0.0450000017881393,0.0430000014603138,0.0430000014603138,0,0.0430000014603138
"2021-12-03",0.0379999987781048,0.0430000014603138,0.0379999987781048,0.0430000014603138,0,0.0430000014603138
"2021-12-06",0.0379999987781048,0.0430000014603138,0.0379999987781048,0.0430000014603138,0,0.0430000014603138
"2021-12-07",0.0500000007450581,0.0579999983310699,0.0500000007450581,0.0579999983310699,0,0.0579999983310699
"2021-12-08",0.0599999986588955,0.0599999986588955,0.0549999997019768,0.0599999986588955,0,0.0599999986588955
"2021-12-09",0.0549999997019768,0.0549999997019768,0.0500000007450581,0.0529999993741512,0,0.0529999993741512
"2021-12-10",0.0480000004172325,0.0500000007450581,0.0480000004172325,0.0500000007450581,0,0.0500000007450581
"2021-12-13",0.0450000017881393,0.0480000004172325,0.0430000014603138,0.0430000014603138,0,0.0430000014603138
"2021-12-14",0.0549999997019768,0.0549999997019768,0.0480000004172325,0.0480000004172325,0,0.0480000004172325
"2021-12-15",0.0500000007450581,0.0500000007450581,0.0379999987781048,0.0450000017881393,0,0.0450000017881393
"2021-12-16",0.0379999987781048,0.0399999991059303,0.0280000008642673,0.0350000001490116,0,0.0350000001490116
"2021-12-17",0.0379999987781048,0.0379999987781048,0.0299999993294477,0.0299999993294477,0,0.0299999993294477
"2021-12-20",0.0350000001490116,0.0430000014603138,0.0329999998211861,0.0379999987781048,0,0.0379999987781048
"2021-12-21",0.0649999976158142,0.0700000002980232,0.0649999976158142,0.0649999976158142,0,0.0649999976158142
"2021-12-22",0.0649999976158142,0.0649999976158142,0.0649999976158142,0.0649999976158142,0,0.0649999976158142
"2021-12-23",0.0579999983310699,0.0599999986588955,0.0549999997019768,0.0579999983310699,0,0.0579999983310699
"2021-12-27",0.063000001013279,0.063000001013279,0.0430000014603138,0.0430000014603138,0,0.0430000014603138
"2021-12-28",0.0649999976158142,0.0649999976158142,0.0480000004172325,0.0500000007450581,0,0.0500000007450581
"2021-12-29",0.0399999991059303,0.0500000007450581,0.0399999991059303,0.0450000017881393,0,0.0450000017881393
"2021-12-30",0.0329999998211861,0.0329999998211861,0.0199999995529652,0.025000000372529,0,0.025000000372529
"2021-12-31",0.0280000008642673,0.0329999998211861,0.025000000372529,0.0329999998211861,0,0.0329999998211861
"2022-01-03",0.0500000007450581,0.0579999983310699,0.0500000007450581,0.0529999993741512,0,0.0529999993741512
"2022-01-04",0.0850000008940697,0.0850000008940697,0.0780000016093254,0.0799999982118607,0,0.0799999982118607
"2022-01-05",0.0799999982118607,0.0930000022053719,0.0799999982118607,0.0850000008940697,0,0.0850000008940697
"2022-01-06",0.0829999968409538,0.0930000022053719,0.0829999968409538,0.0900000035762787,0,0.0900000035762787
"2022-01-07",0.0900000035762787,0.0900000035762787,0.0850000008940697,0.0879999995231628,0,0.0879999995231628
"2022-01-10",0.0879999995231628,0.0930000022053719,0.0879999995231628,0.0900000035762787,0,0.0900000035762787
"2022-01-11",0.115000002086163,0.118000000715256,0.115000002086163,0.118000000715256,0,0.118000000715256
"2022-01-12",0.115000002086163,0.115000002086163,0.109999999403954,0.115000002086163,0,0.115000002086163
"2022-01-13",0.112999998033047,0.112999998033047,0.104999996721745,0.109999999403954,0,0.109999999403954
"2022-01-14",0.112999998033047,0.118000000715256,0.112999998033047,0.118000000715256,0,0.118000000715256
"2022-01-18",0.123000003397465,0.133000001311302,0.123000003397465,0.129999995231628,0,0.129999995231628
"2022-01-19",0.170000001788139,0.170000001788139,0.159999996423721,0.165000006556511,0,0.165000006556511
"2022-01-20",0.163000002503395,0.167999997735023,0.158000007271767,0.167999997735023,0,0.167999997735023
"2022-01-21",0.163000002503395,0.165000006556511,0.158000007271767,0.158000007271767,0,0.158000007271767
"2022-01-24",0.165000006556511,0.165000006556511,0.155000001192093,0.155000001192093,0,0.155000001192093
"2022-01-25",0.185000002384186,0.189999997615814,0.18299999833107,0.185000002384186,0,0.185000002384186
"2022-01-26",0.189999997615814,0.189999997615814,0.170000001788139,0.178000003099442,0,0.178000003099442
"2022-01-27",0.187999993562698,0.193000003695488,0.178000003099442,0.185000002384186,0,0.185000002384186
"2022-01-28",0.187999993562698,0.187999993562698,0.170000001788139,0.172999992966652,0,0.172999992966652
"2022-01-31",0.178000003099442,0.185000002384186,0.170000001788139,0.172999992966652,0,0.172999992966652
"2022-02-01",0.219999998807907,0.223000004887581,0.202999994158745,0.202999994158745,0,0.202999994158745
"2022-02-02",0.194999992847443,0.194999992847443,0.180000007152557,0.185000002384186,0,0.185000002384186
"2022-02-03",0.193000003695488,0.197999998927116,0.187999993562698,0.193000003695488,0,0.193000003695488
"2022-02-04",0.189999997615814,0.228000000119209,0.187999993562698,0.223000004887581,0,0.223000004887581
"2022-02-07",0.219999998807907,0.219999998807907,0.200000002980232,0.202999994158745,0,0.202999994158745
"2022-02-08",0.270000010728836,0.275000005960464,0.264999985694885,0.275000005960464,0,0.275000005960464
"2022-02-09",0.270000010728836,0.275000005960464,0.26800000667572,0.270000010728836,0,0.270000010728836
"2022-02-10",0.259999990463257,0.370000004768372,0.254999995231628,0.370000004768372,0,0.370000004768372
"2022-02-11",0.372999995946884,0.382999986410141,0.317999988794327,0.337999999523163,0,0.337999999523163
"2022-02-14",0.354999989271164,0.388000011444092,0.349999994039536,0.360000014305115,0,0.360000014305115
"2022-02-15",0.41499999165535,0.419999986886978,0.398000001907349,0.400000005960464,0,0.400000005960464
"2022-02-16",0.405000001192093,0.409999996423721,0.349999994039536,0.372999995946884,0,0.372999995946884
"2022-02-17",0.360000014305115,0.360000014305115,0.330000013113022,0.344999998807907,0,0.344999998807907
"2022-02-18",0.328000009059906,0.33500000834465,0.30799999833107,0.317999988794327,0,0.317999988794327
"2022-02-22",0.319999992847443,0.330000013113022,0.30799999833107,0.330000013113022,0,0.330000013113022
"2022-02-23",0.365000009536743,0.365000009536743,0.317999988794327,0.340000003576279,0,0.340000003576279
"2022-02-24",0.294999986886978,0.294999986886978,0.264999985694885,0.282999992370605,0,0.282999992370605
"2022-02-25",0.303000003099442,0.312999993562698,0.280000001192093,0.298000007867813,0,0.298000007867813
"2022-02-28",0.310000002384186,0.310000002384186,0.273000001907349,0.287999987602234,0,0.287999987602234
"2022-03-01",0.330000013113022,0.337999999523163,0.300000011920929,0.312999993562698,0,0.312999993562698
"2022-03-02",0.330000013113022,0.344999998807907,0.317999988794327,0.324999988079071,0,0.324999988079071
"2022-03-03",0.310000002384186,0.33500000834465,0.298000007867813,0.33500000834465,0,0.33500000834465
"2022-03-04",0.324999988079071,0.324999988079071,0.294999986886978,0.305000007152557,0,0.305000007152557
"2022-03-07",0.314999997615814,0.319999992847443,0.294999986886978,0.305000007152557,0,0.305000007152557
"2022-03-08",0.363000005483627,0.363000005483627,0.349999994039536,0.360000014305115,0,0.360000014305115
"2022-03-09",0.360000014305115,0.370000004768372,0.34799998998642,0.370000004768372,0,0.370000004768372
"2022-03-10",0.370000004768372,0.375,0.34799998998642,0.360000014305115,0,0.360000014305115
"2022-03-11",0.365000009536743,0.365000009536743,0.349999994039536,0.365000009536743,0,0.365000009536743
"2022-03-14",0.372999995946884,0.388000011444092,0.363000005483627,0.377999991178513,0,0.377999991178513
"2022-03-15",0.449999988079071,0.449999988079071,0.444999992847443,0.448000013828278,0,0.448000013828278
"2022-03-16",0.46000000834465,0.465000003576279,0.430000007152557,0.43299999833107,0,0.43299999833107
"2022-03-17",0.370000004768372,0.372999995946884,0.352999985218048,0.360000014305115,0,0.360000014305115
"2022-03-18",0.358000010251999,0.384999990463257,0.352999985218048,0.382999986410141,0,0.382999986410141
"2022-03-21",0.379999995231628,0.467999994754791,0.379999995231628,0.455000013113022,0,0.455000013113022
"2022-03-22",0.542999982833862,0.545000016689301,0.514999985694885,0.519999980926514,0,0.519999980926514
"2022-03-23",0.509999990463257,0.509999990463257,0.477999985218048,0.479999989271164,0,0.479999989271164
"2022-03-24",0.455000013113022,0.488000005483627,0.455000013113022,0.483000010251999,0,0.483000010251999
"2022-03-25",0.488000005483627,0.532999992370605,0.485000014305115,0.519999980926514,0,0.519999980926514
"2022-03-28",0.523000001907349,0.524999976158142,0.503000020980835,0.508000016212463,0,0.508000016212463
"2022-03-29",0.595000028610229,0.59799998998642,0.552999973297119,0.555000007152557,0,0.555000007152557
"2022-03-30",0.550000011920929,0.563000023365021,0.5,0.524999976158142,0,0.524999976158142
"2022-03-31",0.508000016212463,0.51800000667572,0.488000005483627,0.493000000715256,0,0.493000000715256
"2022-04-01",0.497999995946884,0.504999995231628,0.497999995946884,0.5,0,0.5
"2022-04-04",0.5,0.540000021457672,0.5,0.537999987602234,0,0.537999987602234
"2022-04-05",0.662999987602234,0.675000011920929,0.662999987602234,0.667999982833862,0,0.667999982833862
"2022-04-06",0.665000021457672,0.670000016689301,0.600000023841858,0.662999987602234,0,0.662999987602234
"2022-04-07",0.654999971389771,0.665000021457672,0.648000001907349,0.660000026226044,0,0.660000026226044
"2022-04-08",0.665000021457672,0.672999978065491,0.660000026226044,0.667999982833862,0,0.667999982833862
"2022-04-11",0.675000011920929,0.693000018596649,0.672999978065491,0.680000007152557,0,0.680000007152557
"2022-04-12",0.764999985694885,0.76800000667572,0.709999978542328,0.737999975681305,0,0.737999975681305
"2022-04-13",0.735000014305115,0.740000009536743,0.699999988079071,0.740000009536743,0,0.740000009536743
"2022-04-14",0.748000025749207,0.763000011444092,0.730000019073486,0.748000025749207,0,0.748000025749207
"2022-04-18",0.75,0.758000016212463,0.730000019073486,0.754999995231628,0,0.754999995231628
"2022-04-19",0.839999973773956,0.845000028610229,0.823000013828278,0.833000004291534,0,0.833000004291534
"2022-04-20",0.829999983310699,0.845000028610229,0.790000021457672,0.795000016689301,0,0.795000016689301
"2022-04-21",0.779999971389771,0.808000028133392,0.774999976158142,0.800000011920929,0,0.800000011920929
"2022-04-22",0.805000007152557,0.813000023365021,0.774999976158142,0.779999971389771,0,0.779999971389771
"2022-04-25",0.795000016689301,0.800000011920929,0.779999971389771,0.797999978065491,0,0.797999978065491
"2022-04-26",0.865000009536743,0.870000004768372,0.823000013828278,0.833000004291534,0,0.833000004291534
"2022-04-27",0.808000028133392,0.819999992847443,0.800000011920929,0.808000028133392,0,0.808000028133392
"2022-04-28",0.813000023365021,0.814999997615814,0.769999980926514,0.785000026226044,0,0.785000026226044
"2022-04-29",0.800000011920929,0.823000013828278,0.797999978065491,0.808000028133392,0,0.808000028133392
"2022-05-02",0.795000016689301,0.805000007152557,0.759999990463257,0.764999985694885,0,0.764999985694885
"2022-05-03",0.89300000667572,0.904999971389771,0.800000011920929,0.894999980926514,0,0.894999980926514
"2022-05-04",0.904999971389771,0.930000007152557,0.800000011920929,0.833000004291534,0,0.833000004291534
"2022-05-05",0.802999973297119,0.845000028610229,0.802999973297119,0.802999973297119,0,0.802999973297119
"2022-05-06",0.779999971389771,0.814999997615814,0.774999976158142,0.814999997615814,0,0.814999997615814
"2022-05-09",0.808000028133392,0.814999997615814,0.773000001907349,0.800000011920929,0,0.800000011920929
"2022-05-10",0.879999995231628,0.884999990463257,0.873000025749207,0.878000020980835,0,0.878000020980835
"2022-05-11",0.884999990463257,0.899999976158142,0.865000009536743,0.883000016212463,0,0.883000016212463
"2022-05-12",0.883000016212463,0.917999982833862,0.865000009536743,0.904999971389771,0,0.904999971389771
"2022-05-13",0.912999987602234,0.962999999523163,0.912999987602234,0.943000018596649,0,0.943000018596649
"2022-05-16",0.943000018596649,0.985000014305115,0.943000018596649,0.980000019073486,0,0.980000019073486
"2022-05-17",1.02499997615814,1.04299998283386,1.01499998569489,1.03799998760223,0,1.03799998760223
"2022-05-18",1.03799998760223,1.03999996185303,0.998000025749207,1.00300002098083,0,1.00300002098083
"2022-05-19",0.995000004768372,1.00300002098083,0.980000019073486,1,0,1
"2022-05-20",0.998000025749207,1.00499999523163,0.975000023841858,0.977999985218048,0,0.977999985218048
"2022-05-23",0.985000014305115,0.998000025749207,0.977999985218048,0.992999970912933,0,0.992999970912933
"2022-05-24",1.03799998760223,1.04299998283386,1.03299999237061,1.04299998283386,0,1.04299998283386
"2022-05-25",1.03299999237061,1.04799997806549,1.01800000667572,1.04499995708466,0,1.04499995708466
"2022-05-26",1.02300000190735,1.04299998283386,1.00800001621246,1.02799999713898,0,1.02799999713898
"2022-05-27",1.03299999237061,1.03999996185303,1.00999999046326,1.02499997615814,0,1.02499997615814
"2022-05-31",1.03799998760223,1.04499995708466,1.01300001144409,1.02999997138977,0,1.02999997138977
"2022-06-01",1.11000001430511,1.11000001430511,1.09800004959106,1.10300004482269,0,1.10300004482269
"2022-06-02",1.08299994468689,1.11500000953674,1.08299994468689,1.11300003528595,0,1.11300003528595
"2022-06-03",1.09800004959106,1.13999998569489,1.09800004959106,1.13499999046326,0,1.13499999046326
"2022-06-06",1.12800002098083,1.17299997806549,1.12800002098083,1.1599999666214,0,1.1599999666214
"2022-06-07",1.22500002384186,1.22800004482269,1.22300004959106,1.22500002384186,0,1.22500002384186
"2022-06-08",1.23000001907349,1.24500000476837,1.2150000333786,1.23300004005432,0,1.23300004005432
"2022-06-09",1.24000000953674,1.24300003051758,1.21800005435944,1.23800003528595,0,1.23800003528595
"2022-06-10",1.24300003051758,1.28799998760223,1.22500002384186,1.28799998760223,0,1.28799998760223
"2022-06-13",1.33500003814697,1.5,1.33500003814697,1.49800002574921,0,1.49800002574921
"2022-06-14",1.70500004291534,1.74300003051758,1.70000004768372,1.74300003051758,0,1.74300003051758
"2022-06-15",1.74300003051758,1.76499998569489,1.6599999666214,1.69500005245209,0,1.69500005245209
"2022-06-16",1.58299994468689,1.60300004482269,1.46300005912781,1.48300004005432,0,1.48300004005432
"2022-06-17",1.46300005912781,1.51800000667572,1.45000004768372,1.50999999046326,0,1.50999999046326
"2022-06-21",1.54299998283386,1.54299998283386,1.45500004291534,1.48800003528595,0,1.48800003528595
"2022-06-22",1.58500003814697,1.60000002384186,1.51300001144409,1.54499995708466,0,1.54499995708466
"2022-06-23",1.5,1.567999958992,1.47500002384186,1.55999994277954,0,1.55999994277954
"2022-06-24",1.567999958992,1.61000001430511,1.53999996185303,1.59800004959106,0,1.59800004959106
"2022-06-27",1.60300004482269,1.63300001621246,1.5900000333786,1.63300001621246,0,1.63300001621246
"2022-06-28",1.73800003528595,1.74300003051758,1.73500001430511,1.73800003528595,0,1.73800003528595
"2022-06-29",1.73000001907349,1.74800002574921,1.69500005245209,1.70500004291534,0,1.70500004291534
"2022-06-30",1.6599999666214,1.67299997806549,1.5900000333786,1.60000002384186,0,1.60000002384186
"2022-07-01",1.61000001430511,1.62800002098083,1.57299995422363,1.60300004482269,0,1.60300004482269
"2022-07-05",1.61300003528595,1.65299999713898,1.60300004482269,1.62999999523163,0,1.62999999523163
"2022-07-06",1.83800005912781,1.85800004005432,1.79999995231628,1.8400000333786,0,1.8400000333786
"2022-07-07",1.81299996376038,1.86300003528595,1.80499994754791,1.85300004482269,0,1.85300004482269
"2022-07-08",1.83299994468689,1.86800003051758,1.82500004768372,1.84300005435944,0,1.84300005435944
"2022-07-11",1.85300004482269,1.9650000333786,1.84300005435944,1.95299994945526,0,1.95299994945526
"2022-07-12",2.10800004005432,2.12800002098083,2.08500003814697,2.11299991607666,0,2.11299991607666
"2022-07-13",2.11800003051758,2.32299995422363,2.09500002861023,2.32299995422363,0,2.32299995422363
"2022-07-14",2.30999994277954,2.36299991607666,2.25500011444092,2.27300000190735,0,2.27300000190735
"2022-07-15",2.24000000953674,2.28800010681152,2.21499991416931,2.24000000953674,0,2.24000000953674
"2022-07-18",2.25300002098083,2.30299997329712,2.24799990653992,2.25999999046326,0,2.25999999046326
"2022-07-19",2.4300000667572,2.45000004768372,2.39800000190735,2.45000004768372,0,2.45000004768372
"2022-07-20",2.39800000190735,2.40499997138977,2.37800002098083,2.37800002098083,0,2.37800002098083
"2022-07-21",2.41300010681152,2.41499996185303,2.33299994468689,2.35999989509583,0,2.35999989509583
"2022-07-22",2.35500001907349,2.375,2.30299997329712,2.35500001907349,0,2.35500001907349
"2022-07-25",2.39000010490417,2.42799997329712,2.36500000953674,2.39299988746643,0,2.39299988746643
"2022-07-26",2.48000001907349,2.48499989509583,2.125,2.47499990463257,0,2.47499990463257
"2022-07-27",2.46000003814697,2.46300005912781,2.31800007820129,2.38299989700317,0,2.38299989700317
"2022-07-28",2.34800004959106,2.34800004959106,2.25799989700317,2.30800008773804,0,2.30800008773804
"2022-07-29",2.28999996185303,2.31800007820129,2.27300000190735,2.29800009727478,0,2.29800009727478
"2022-08-01",2.28999996185303,2.31299996376038,2.26300001144409,2.26500010490417,0,2.26500010490417
"2022-08-02",2.43799996376038,2.46499991416931,2.41799998283386,2.46300005912781,0,2.46300005912781
"2022-08-03",2.44300007820129,2.47000002861023,2.39800000190735,2.42799997329712,0,2.42799997329712
"2022-08-04",2.37299990653992,2.38800001144409,2.34800004959106,2.37800002098083,0,2.37800002098083
"2022-08-05",2.37299990653992,2.42499995231628,2.32800006866455,2.41000008583069,0,2.41000008583069
"2022-08-08",2.43300008773804,2.47000002861023,2.42499995231628,2.46000003814697,0,2.46000003814697
"2022-08-09",2.57500004768372,2.57800006866455,2.53500008583069,2.5699999332428,0,2.5699999332428
"2022-08-10",2.57299995422363,2.57800006866455,2.48799991607666,2.53500008583069,0,2.53500008583069
"2022-08-11",2.49799990653992,2.49799990653992,2.44300007820129,2.49000000953674,0,2.49000000953674
"2022-08-12",2.48300004005432,2.50300002098083,2.45499992370605,2.5,0,2.5
"2022-08-15",2.48799991607666,2.51300001144409,2.4449999332428,2.51300001144409,0,2.51300001144409
"2022-08-16",2.6029999256134,2.60999989509583,2.59800004959106,2.59800004959106,0,2.59800004959106
"2022-08-17",2.5,2.62800002098083,2.5,2.56800007820129,0,2.56800007820129
"2022-08-18",2.54800009727478,2.56800007820129,2.53800010681152,2.56500005722046,0,2.56500005722046
"2022-08-19",2.57299995422363,2.57999992370605,2.55800008773804,2.57999992370605,0,2.57999992370605
"2022-08-22",2.58500003814697,2.67499995231628,2.58500003814697,2.64800000190735,0,2.64800000190735
"2022-08-23",2.71799993515015,2.72000002861023,2.65499997138977,2.70300006866455,0,2.70300006866455
"2022-08-24",2.69799995422363,2.71499991416931,2.66499996185303,2.71300005912781,0,2.71300005912781
"2022-08-25",2.70499992370605,2.73000001907349,2.70000004768372,2.73000001907349,0,2.73000001907349
"2022-08-26",2.73799991607666,2.75500011444092,2.69799995422363,2.75500011444092,0,2.75500011444092
"2022-08-29",2.75,2.81299996376038,2.75,2.79800009727478,0,2.79800009727478
"2022-08-30",2.86500000953674,2.90300011634827,2.8529999256134,2.87299990653992,0,2.87299990653992
"2022-08-31",2.86299991607666,2.86999988555908,2.83999991416931,2.85999989509583,0,2.85999989509583
"2022-09-01",2.85999989509583,2.86999988555908,2.84800004959106,2.86299991607666,0,2.86299991607666
"2022-09-02",2.83500003814697,2.84800004959106,2.79999995231628,2.8199999332428,0,2.8199999332428
"2022-09-06",2.82299995422363,2.86299991607666,2.81800007820129,2.84500002861023,0,2.84500002861023
"2022-09-07",2.96799993515015,2.96799993515015,2.90799999237061,2.93300008773804,0,2.93300008773804
"2022-09-08",2.94799995422363,2.96499991416931,2.93300008773804,2.95000004768372,0,2.95000004768372
"2022-09-09",2.95499992370605,2.97300004959106,2.93499994277954,2.96799993515015,0,2.96799993515015
"2022-09-12",2.94300007820129,3,2.94300007820129,2.99499988555908,0,2.99499988555908
"2022-09-13",3.07299995422363,3.21300005912781,3.02500009536743,3.15300011634827,0,3.15300011634827
"2022-09-14",3.16799998283386,3.18799996376038,3,3.12800002098083,0,3.12800002098083
"2022-09-15",3.13800001144409,3.14299988746643,3.07500004768372,3.09500002861023,0,3.09500002861023
"2022-09-16",3.09500002861023,3.09500002861023,3.04999995231628,3.0699999332428,0,3.0699999332428
"2022-09-19",3.0699999332428,3.09299993515015,3.01799988746643,3.03500008583069,0,3.03500008583069
"2022-09-20",3.25999999046326,3.26300001144409,3.21000003814697,3.24300003051758,0,3.24300003051758
"2022-09-21",3.24300003051758,3.25300002098083,3.19000005722046,3.19000005722046,0,3.19000005722046
"2022-09-22",3.18499994277954,3.18499994277954,3.13000011444092,3.13000011444092,0,3.13000011444092
"2022-09-23",3.14800000190735,3.14800000190735,3.07999992370605,3.10800004005432,0,3.10800004005432
"2022-09-26",3.11299991607666,3.16799998283386,3.09800004959106,3.16499996185303,0,3.16499996185303
"2022-09-27",3.26500010490417,3.26500010490417,3.21799993515015,3.25,0,3.25
"2022-09-28",3.21499991416931,3.23499989509583,3.20000004768372,3.23000001907349,0,3.23000001907349
"2022-09-29",3.22499990463257,3.24300003051758,3.18499994277954,3.21799993515015,0,3.21799993515015
"2022-09-30",3.20499992370605,3.23499989509583,3.16499996185303,3.1800000667572,0,3.1800000667572
"2022-10-03",3.16499996185303,3.19000005722046,3.14000010490417,3.15000009536743,0,3.15000009536743
"2022-10-04",3.3050000667572,3.3199999332428,3.25999999046326,3.31500005722046,0,3.31500005722046
"2022-10-05",3.28999996185303,3.31500005722046,3.28999996185303,3.29299998283386,0,3.29299998283386
"2022-10-06",3.28500008583069,3.29800009727478,3.26300001144409,3.28800010681152,0,3.28800010681152
"2022-10-07",3.27300000190735,3.29500007629395,3.23300004005432,3.29299998283386,0,3.29299998283386
"2022-10-10",3.28500008583069,3.28500008583069,3.28500008583069,3.28500008583069,0,3.28500008583069
"2022-10-11",3.29299998283386,3.33999991416931,3.28299999237061,3.33999991416931,0,3.33999991416931
"2022-10-12",3.52500009536743,3.53999996185303,3.47499990463257,3.53299999237061,0,3.53299999237061
"2022-10-13",3.51500010490417,3.6029999256134,3.48499989509583,3.58299994468689,0,3.58299994468689
"2022-10-14",3.6029999256134,3.64000010490417,3.57999992370605,3.62800002098083,0,3.62800002098083
"2022-10-17",3.59999990463257,3.68799996376038,3.59500002861023,3.68799996376038,0,3.68799996376038
"2022-10-18",3.81500005722046,3.83500003814697,3.75500011444092,3.83299994468689,0,3.83299994468689
"2022-10-19",3.83500003814697,3.91000008583069,3.81299996376038,3.89299988746643,0,3.89299988746643
"2022-10-20",3.89499998092651,3.90300011634827,3.85500001907349,3.89000010490417,0,3.89000010490417
"2022-10-21",3.89800000190735,3.90000009536743,3.84500002861023,3.88499999046326,0,3.88499999046326
"2022-10-24",3.88299989700317,3.91300010681152,3.85999989509583,3.91300010681152,0,3.91300010681152
"2022-10-25",3.97499990463257,3.97499990463257,3.94000005722046,3.96499991416931,0,3.96499991416931
"2022-10-26",3.96300005912781,3.96300005912781,3.89000010490417,3.9300000667572,0,3.9300000667572
"2022-10-27",3.91300010681152,3.9300000667572,3.88299989700317,3.9300000667572,0,3.9300000667572
"2022-10-28",3.94799995422363,3.97300004959106,3.94300007820129,3.97000002861023,0,3.97000002861023
"2022-10-31",3.95000004768372,3.99499988555908,3.95000004768372,3.97499990463257,0,3.97499990463257
"2022-11-01",4.03299999237061,4.05499982833862,4.01999998092651,4.05000019073486,0,4.05000019073486
"2022-11-02",4.02799987792969,4.05800008773804,3.94799995422363,4.02500009536743,0,4.02500009536743
"2022-11-03",4.02500009536743,4.02799987792969,4.00799989700317,4.02500009536743,0,4.02500009536743
"2022-11-04",4.01999998092651,4.02799987792969,3.99000000953674,4.01300001144409,0,4.01300001144409
"2022-11-07",4.01000022888184,4.01000022888184,3.96799993515015,3.98300004005432,0,3.98300004005432
"2022-11-08",4.09499979019165,4.09499979019165,4.06500005722046,4.09000015258789,0,4.09000015258789
"2022-11-09",4.07999992370605,4.09499979019165,4,4.09299993515015,0,4.09299993515015
"2022-11-10",4.09499979019165,4.09499979019165,3.94799995422363,4.05499982833862,0,4.05499982833862
"2022-11-11",4.06300020217896,4.06300020217896,4.06300020217896,4.06300020217896,0,4.06300020217896
"2022-11-14",4.07800006866455,4.09000015258789,4.05000019073486,4.06799983978271,0,4.06799983978271
"2022-11-15",4.125,4.13000011444092,4.10500001907349,4.13000011444092,0,4.13000011444092
"2022-11-16",4.11999988555908,4.13000011444092,4.05000019073486,4.125,0,4.125
"2022-11-17",4.12799978256226,4.13500022888184,4.08799982070923,4.11299991607666,0,4.11299991607666
"2022-11-18",4.1230001449585,4.13800001144409,4.1230001449585,4.13500022888184,0,4.13500022888184
"2022-11-21",4.1230001449585,4.13000011444092,4.08300018310547,4.09800004959106,0,4.09800004959106
"2022-11-22",4.19999980926514,4.20300006866455,4.19000005722046,4.19799995422363,0,4.19799995422363
"2022-11-23",4.20499992370605,4.21500015258789,4.16800022125244,4.19999980926514,0,4.19999980926514
"2022-11-25",4.17500019073486,4.18800020217896,4.14499998092651,4.17500019073486,0,4.17500019073486
"2022-11-28",4.17500019073486,4.19000005722046,4.14799976348877,4.18300008773804,0,4.18300008773804
"2022-11-29",4.27500009536743,4.28000020980835,4.23999977111816,4.25299978256226,0,4.25299978256226
"2022-11-30",4.25299978256226,4.26999998092651,4.19999980926514,4.25299978256226,0,4.25299978256226
"2022-12-01",4.21299982070923,4.22300004959106,4.16800022125244,4.19299983978271,0,4.19299983978271
"2022-12-02",4.17000007629395,4.21000003814697,4.14300012588501,4.20800018310547,0,4.20800018310547
"2022-12-05",4.17799997329712,4.19500017166138,4.15500020980835,4.15799999237061,0,4.15799999237061
"2022-12-06",4.24499988555908,4.25,4.19999980926514,4.21999979019165,0,4.21999979019165
"2022-12-07",4.20800018310547,4.21500015258789,4.15500020980835,4.18300008773804,0,4.18300008773804
"2022-12-08",4.17999982833862,4.18300008773804,4.10500001907349,4.15000009536743,0,4.15000009536743
"2022-12-09",4.14300012588501,4.17500019073486,4.11999988555908,4.1729998588562,0,4.1729998588562
"2022-12-12",4.17500019073486,4.17999982833862,4.13299989700317,4.16800022125244,0,4.16800022125244
"2022-12-13",4.28999996185303,4.28999996185303,4.21299982070923,4.2480001449585,0,4.2480001449585
"2022-12-14",4.23000001907349,4.23999977111816,4.19799995422363,4.21999979019165,0,4.21999979019165
"2022-12-15",4.21799993515015,4.21799993515015,4.17500019073486,4.21299982070923,0,4.21299982070923
"2022-12-16",4.17500019073486,4.18300008773804,4.15500020980835,4.16300010681152,0,4.16300010681152
"2022-12-19",4.18300008773804,4.18499994277954,4.14799976348877,4.16300010681152,0,4.16300010681152
"2022-12-20",4.25299978256226,4.25500011444092,4.21299982070923,4.23000001907349,0,4.23000001907349
"2022-12-21",4.21000003814697,4.22300004959106,4.19999980926514,4.20499992370605,0,4.20499992370605
"2022-12-22",4.19500017166138,4.21299982070923,4.17799997329712,4.20800018310547,0,4.20800018310547
"2022-12-23",4.19500017166138,4.20800018310547,4.18300008773804,4.19299983978271,0,4.19299983978271
"2022-12-27",4.19799995422363,4.22300004959106,4.15299987792969,4.19500017166138,0,4.19500017166138
"2022-12-28",4.33799982070923,4.34299993515015,4.32800006866455,4.33799982070923,0,4.33799982070923
"2022-12-29",4.33300018310547,4.33300018310547,4.29500007629395,4.29500007629395,0,4.29500007629395
"2022-12-30",4.2979998588562,4.30000019073486,4.22300004959106,4.26000022888184,0,4.26000022888184
"2023-01-03",4.26000022888184,4.26000022888184,4.22499990463257,4.25500011444092,0,4.25500011444092
"2023-01-04",4.3899998664856,4.40000009536743,4.37799978256226,4.40000009536743,0,4.40000009536743
"2023-01-05",4.40799999237061,4.5,4.40000009536743,4.4980001449585,0,4.4980001449585
"2023-01-06",4.51000022888184,4.51999998092651,4.45499992370605,4.49300003051758,0,4.49300003051758
"2023-01-09",4.48999977111816,4.50299978256226,4.45800018310547,4.48299980163574,0,4.48299980163574
"2023-01-10",4.55299997329712,4.57999992370605,4.52500009536743,4.56500005722046,0,4.56500005722046
"2023-01-11",4.55000019073486,4.57000017166138,4.5,4.55499982833862,0,4.55499982833862
"2023-01-12",4.54300022125244,4.54300022125244,4.44799995422363,4.47499990463257,0,4.47499990463257
"2023-01-13",4.48000001907349,4.48799991607666,4.44999980926514,4.48799991607666,0,4.48799991607666
"2023-01-17",4.48999977111816,4.50799989700317,4.46799993515015,4.49300003051758,0,4.49300003051758
"2023-01-18",4.54300022125244,4.55000019073486,4.40000009536743,4.53000020980835,0,4.53000020980835
"2023-01-19",4.53499984741211,4.55299997329712,4.46500015258789,4.52500009536743,0,4.52500009536743
"2023-01-20",4.52500009536743,4.53999996185303,4.51999998092651,4.53800010681152,0,4.53800010681152
"2023-01-23",4.53299999237061,4.54300022125244,4.52500009536743,4.53499984741211,0,4.53499984741211
"2023-01-24",4.57499980926514,4.57800006866455,4.56799983978271,4.57299995422363,0,4.57299995422363
"2023-01-25",4.56300020217896,4.56500005722046,4.54500007629395,4.54500007629395,0,4.54500007629395
"2023-01-26",4.53999996185303,4.55000019073486,4.53299999237061,4.54300022125244,0,4.54300022125244
"2023-01-27",4.53800010681152,4.5479998588562,4.51999998092651,4.5479998588562,0,4.5479998588562
"2023-01-30",4.54500007629395,4.54500007629395,4.53499984741211,4.53499984741211,0,4.53499984741211
"2023-01-31",4.57999992370605,4.57999992370605,4.56500005722046,4.57000017166138,0,4.57000017166138
"2023-02-01",4.55999994277954,4.55999994277954,4.5,4.51999998092651,0,4.51999998092651
"2023-02-02",4.51300001144409,4.52299976348877,4.47499990463257,4.51000022888184,0,4.51000022888184
"2023-02-03",4.4980001449585,4.53000020980835,4.45499992370605,4.52299976348877,0,4.52299976348877
"2023-02-06",4.53299999237061,4.53999996185303,4.5149998664856,4.53299999237061,0,4.53299999237061
"2023-02-07",4.57000017166138,4.57499980926514,4.56300020217896,4.57000017166138,0,4.57000017166138
"2023-02-08",4.57000017166138,4.58799982070923,4.5,4.58500003814697,0,4.58500003814697
"2023-02-09",4.57800006866455,4.61299991607666,4.57299995422363,4.61299991607666,0,4.61299991607666
"2023-02-10",4.625,4.64300012588501,4.61499977111816,4.63500022888184,0,4.63500022888184
"2023-02-13",4.6399998664856,4.65299987792969,4.63299989700317,4.64499998092651,0,4.64499998092651
"2023-02-14",4.66300010681152,4.67000007629395,4.64499998092651,4.65999984741211,0,4.65999984741211
"2023-02-15",4.65000009536743,4.65500020980835,4.64300012588501,4.64300012588501,0,4.64300012588501
"2023-02-16",4.64499998092651,4.67000007629395,4.6399998664856,4.66499996185303,0,4.66499996185303
"2023-02-17",4.67500019073486,4.69000005722046,4.6729998588562,4.67999982833862,0,4.67999982833862
"2023-02-21",4.67999982833862,4.69500017166138,4.67999982833862,4.68800020217896,0,4.68800020217896
"2023-02-22",4.70499992370605,4.70800018310547,4.69000005722046,4.69500017166138,0,4.69500017166138
"2023-02-23",4.69000005722046,4.69799995422363,4.67999982833862,4.69000005722046,0,4.69000005722046
"2023-02-24",4.68499994277954,4.71000003814697,4.68499994277954,4.70300006866455,0,4.70300006866455
"2023-02-27",4.69000005722046,4.69999980926514,4.64799976348877,4.66499996185303,0,4.66499996185303
"2023-02-28",4.71999979019165,4.73000001907349,4.71000003814697,4.71000003814697,0,4.71000003814697
"2023-03-01",4.71500015258789,4.7350001335144,4.69999980926514,4.72499990463257,0,4.72499990463257
"2023-03-02",4.71999979019165,4.73299980163574,4.71299982070923,4.72300004959106,0,4.72300004959106
"2023-03-03",4.70800018310547,4.72800016403198,4.70499992370605,4.71799993515015,0,4.71799993515015
"2023-03-06",4.71799993515015,4.73000001907349,4.71299982070923,4.72800016403198,0,4.72800016403198
"2023-03-07",4.75299978256226,4.84499979019165,4.75299978256226,4.84499979019165,0,4.84499979019165
"2023-03-08",4.85500001907349,4.88299989700317,4.69999980926514,4.88299989700317,0,4.88299989700317
"2023-03-09",4.86299991607666,4.875,4.82800006866455,4.84800004959106,0,4.84800004959106
"2023-03-10",4.81799983978271,4.82999992370605,4.72800016403198,4.80299997329712,0,4.80299997329712
"2023-03-13",4.43800020217896,4.71799993515015,4.41800022125244,4.65799999237061,0,4.65799999237061
"2023-03-14",4.74300003051758,4.78499984741211,4.63299989700317,4.67999982833862,0,4.67999982833862
"2023-03-15",4.56300020217896,4.61299991607666,4.4980001449585,4.55800008773804,0,4.55800008773804
"2023-03-16",4.57000017166138,4.59499979019165,4.45499992370605,4.53000020980835,0,4.53000020980835
"2023-03-17",4.50500011444092,4.51000022888184,4.2480001449585,4.29300022125244,0,4.29300022125244
"2023-03-20",4.25799989700317,4.46999979019165,4.25799989700317,4.46500015258789,0,4.46500015258789
"2023-03-21",4.66800022125244,4.67799997329712,4.54500007629395,4.60500001907349,0,4.60500001907349
"2023-03-22",4.6100001335144,4.61499977111816,4.5,4.56300020217896,0,4.56300020217896
"2023-03-23",4.53800010681152,4.56799983978271,4.44999980926514,4.50299978256226,0,4.50299978256226
"2023-03-24",4.40000009536743,4.51800012588501,4.3899998664856,4.50299978256226,0,4.50299978256226
"2023-03-27",4.55999994277954,4.63299989700317,4.55800008773804,4.58300018310547,0,4.58300018310547
"2023-03-28",4.63299989700317,4.64799976348877,4.57800006866455,4.62799978256226,0,4.62799978256226
"2023-03-29",4.61299991607666,4.63299989700317,4.40000009536743,4.63000011444092,0,4.63000011444092
"2023-03-30",4.62799978256226,4.66499996185303,4.57499980926514,4.66499996185303,0,4.66499996185303
"2023-03-31",4.63500022888184,4.64499998092651,4.57999992370605,4.58500003814697,0,4.58500003814697
"2023-04-03",4.61800003051758,4.6399998664856,4.55999994277954,4.57000017166138,0,4.57000017166138
"2023-04-04",4.75799989700317,4.76000022888184,4.72499990463257,4.72800016403198,0,4.72800016403198
"2023-04-05",4.70499992370605,4.71299982070923,4.59999990463257,4.70499992370605,0,4.70499992370605
"2023-04-06",4.67500019073486,4.71799993515015,4.66800022125244,4.71000003814697,0,4.71000003814697
"2023-04-10",4.7480001449585,4.86999988555908,4.72300004959106,4.83799982070923,0,4.83799982070923
"2023-04-11",4.90299987792969,4.90999984741211,4.8600001335144,4.88000011444092,0,4.88000011444092
"2023-04-12",4.87799978256226,4.89300012588501,4.65000009536743,4.8600001335144,0,4.8600001335144
"2023-04-13",4.83799982070923,4.85799980163574,4.82000017166138,4.85500001907349,0,4.85500001907349
"2023-04-14",4.84499979019165,4.90299987792969,4.80999994277954,4.90299987792969,0,4.90299987792969
"2023-04-17",4.89300012588501,4.99300003051758,4.8899998664856,4.9229998588562,0,4.9229998588562
"2023-04-18",5.01999998092651,5.03999996185303,5.00500011444092,5.03000020980835,0,5.03000020980835
"2023-04-19",5.03499984741211,5.03800010681152,4.9850001335144,4.99499988555908,0,4.99499988555908
"2023-04-20",4.96000003814697,4.96500015258789,4.90299987792969,4.94500017166138,0,4.94500017166138
"2023-04-21",4.94000005722046,4.95800018310547,4.89300012588501,4.94999980926514,0,4.94999980926514
"2023-04-24",4.94500017166138,4.9850001335144,4.84299993515015,4.8730001449585,0,4.8730001449585
"2023-04-25",4.98999977111816,5.00500011444092,4.92999982833862,4.95300006866455,0,4.95300006866455
"2023-04-26",4.96799993515015,5,4.90000009536743,4.9850001335144,0,4.9850001335144
"2023-04-27",4.97300004959106,5.04500007629395,4.96999979019165,5,0,5
"2023-04-28",4.98299980163574,4.9980001449585,4.9229998588562,4.9229998588562,0,4.9229998588562
"2023-05-01",4.92799997329712,4.94999980926514,4.8600001335144,4.86499977111816,0,4.86499977111816
"2023-05-02",5.06799983978271,5.08799982070923,5.0149998664856,5.03999996185303,0,5.03999996185303
"2023-05-03",5.07299995422363,5.09499979019165,4.90000009536743,5.09499979019165,0,5.09499979019165
"2023-05-04",5.0479998588562,5.1399998664856,5.00799989700317,5.05499982833862,0,5.05499982833862
"2023-05-05",5.05499982833862,5.11800003051758,5.02799987792969,5.07999992370605,0,5.07999992370605
"2023-05-08",5.09000015258789,5.09000015258789,5.06300020217896,5.08300018310547,0,5.08300018310547
"2023-05-09",5.10500001907349,5.13000011444092,5.03999996185303,5.1230001449585,0,5.1230001449585
"2023-05-10",5.11800003051758,5.11800003051758,5.05800008773804,5.06500005722046,0,5.06500005722046
"2023-05-11",5.05800008773804,5.05800008773804,4.9980001449585,5.0149998664856,0,5.0149998664856
"2023-05-12",5.00500011444092,5.03299999237061,4.99499988555908,5.02799987792969,0,5.02799987792969
"2023-05-15",5.03499984741211,5.03800010681152,4.98999977111816,5,0,5
"2023-05-16",5.03800010681152,5.05800008773804,5.0149998664856,5.05800008773804,0,5.05800008773804
"2023-05-17",5.05499982833862,5.09999990463257,4.90000009536743,5.08799982070923,0,5.08799982070923
"2023-05-18",5.07800006866455,5.125,5.04300022125244,5.125,0,5.125
"2023-05-19",5.05999994277954,5.11999988555908,5.05999994277954,5.08500003814697,0,5.08500003814697
"2023-05-22",5.09800004959106,5.11999988555908,5.06300020217896,5.09499979019165,0,5.09499979019165
"2023-05-23",5.20499992370605,5.21999979019165,5.15000009536743,5.15299987792969,0,5.15299987792969
"2023-05-24",5.15000009536743,5.19799995422363,5,5.18499994277954,0,5.18499994277954
"2023-05-25",5.18300008773804,5.21000003814697,5.15799999237061,5.16300010681152,0,5.16300010681152
"2023-05-26",5.14799976348877,5.16300010681152,5.08500003814697,5.11499977111816,0,5.11499977111816
"2023-05-30",5.1100001335144,5.15000009536743,5.10500001907349,5.14300012588501,0,5.14300012588501
"2023-05-31",5.23799991607666,5.27500009536743,5,5.2480001449585,0,5.2480001449585
"2023-06-01",5.22300004959106,5.22499990463257,5.14499998092651,5.20300006866455,0,5.20300006866455
"2023-06-02",5.19299983978271,5.2480001449585,5.18499994277954,5.21500015258789,0,5.21500015258789
"2023-06-05",5.19999980926514,5.20300006866455,5.13800001144409,5.14300012588501,0,5.14300012588501
"2023-06-06",5.15999984741211,5.19299983978271,5.11800003051758,5.15799999237061,0,5.15799999237061
"2023-06-07",5.14499998092651,5.16499996185303,5.09999990463257,5.15299987792969,0,5.15299987792969
"2023-06-08",5.14300012588501,5.14499998092651,5.09299993515015,5.09999990463257,0,5.09999990463257
"2023-06-09",5.09000015258789,5.10799980163574,5.08500003814697,5.09499979019165,0,5.09499979019165
"2023-06-12",5.09800004959106,5.10500001907349,5.08300018310547,5.09499979019165,0,5.09499979019165
"2023-06-13",5.13000011444092,5.13000011444092,5.03999996185303,5.09999990463257,0,5.09999990463257
"2023-06-14",5.09299993515015,5.10500001907349,5,5.07999992370605,0,5.07999992370605
"2023-06-15",5.07000017166138,5.07800006866455,5.05499982833862,5.05499982833862,0,5.05499982833862
"2023-06-16",5.05999994277954,5.07000017166138,5.04500007629395,5.06500005722046,0,5.06500005722046
"2023-06-20",5.06500005722046,5.07999992370605,5.06500005722046,5.07499980926514,0,5.07499980926514
"2023-06-21",5.13000011444092,5.1399998664856,5,5.13500022888184,0,5.13500022888184
"2023-06-22",5.13000011444092,5.13800001144409,5.11800003051758,5.13500022888184,0,5.13500022888184
"2023-06-23",5.11800003051758,5.1399998664856,5.11800003051758,5.13800001144409,0,5.13800001144409
"2023-06-26",5.13800001144409,5.15999984741211,5.13299989700317,5.15500020980835,0,5.15500020980835
"2023-06-27",5.17999982833862,5.18499994277954,5.17500019073486,5.17999982833862,0,5.17999982833862
"2023-06-28",5.16800022125244,5.17500019073486,5.16499996185303,5.17000007629395,0,5.17000007629395
"2023-06-29",5.16300010681152,5.18499994277954,5.16300010681152,5.17500019073486,0,5.17500019073486
"2023-06-30",5.16800022125244,5.16800022125244,5.1399998664856,5.15299987792969,0,5.15299987792969
"2023-07-03",5.13800001144409,5.15000009536743,5.12799978256226,5.14499998092651,0,5.14499998092651
"2023-07-05",5.20300006866455,5.20300006866455,5.1729998588562,5.19299983978271,0,5.19299983978271
"2023-07-06",5.20800018310547,5.21999979019165,5.19999980926514,5.21299982070923,0,5.21299982070923
"2023-07-07",5.21500015258789,5.21799993515015,5.20499992370605,5.21299982070923,0,5.21299982070923
"2023-07-10",5.20800018310547,5.22800016403198,5.18499994277954,5.22499990463257,0,5.22499990463257
"2023-07-11",5.23999977111816,5.25,5.23999977111816,5.24300003051758,0,5.24300003051758
"2023-07-12",5.23999977111816,5.23999977111816,5.09999990463257,5.23000001907349,0,5.23000001907349
"2023-07-13",5.21799993515015,5.23000001907349,5.20499992370605,5.22300004959106,0,5.22300004959106
"2023-07-14",5.22300004959106,5.23299980163574,5.20800018310547,5.21500015258789,0,5.21500015258789
"2023-07-17",5.22300004959106,5.23799991607666,5.21799993515015,5.23299980163574,0,5.23299980163574
"2023-07-18",5.24300003051758,5.2480001449585,5.24300003051758,5.2480001449585,0,5.2480001449585
"2023-07-19",5.24499988555908,5.25,5.09999990463257,5.24499988555908,0,5.24499988555908
"2023-07-20",5.24499988555908,5.2480001449585,5.23999977111816,5.24300003051758,0,5.24300003051758
"2023-07-21",5.24300003051758,5.2480001449585,5.23999977111816,5.2480001449585,0,5.2480001449585
"2023-07-24",5.25299978256226,5.25500011444092,5.25,5.25,0,5.25
"2023-07-25",5.2649998664856,5.26800012588501,5.26000022888184,5.2649998664856,0,5.2649998664856
"2023-07-26",5.26999998092651,5.27799987792969,5.09999990463257,5.26800012588501,0,5.26800012588501
"2023-07-27",5.2649998664856,5.27299976348877,5.24499988555908,5.26800012588501,0,5.26800012588501
"2023-07-28",5.25799989700317,5.26300001144409,5.24499988555908,5.25500011444092,0,5.25500011444092
"2023-07-31",5.25500011444092,5.25799989700317,5.24499988555908,5.2480001449585,0,5.2480001449585
"2023-08-01",5.26999998092651,5.27500009536743,5.26000022888184,5.26000022888184,0,5.26000022888184
"2023-08-02",5.26300001144409,5.2649998664856,5.26000022888184,5.26000022888184,0,5.26000022888184
"2023-08-03",5.25299978256226,5.26800012588501,5.21799993515015,5.25799989700317,0,5.25799989700317
"2023-08-04",5.25299978256226,5.25500011444092,5.25,5.25299978256226,0,5.25299978256226
"2023-08-07",5.24499988555908,5.26000022888184,5.24499988555908,5.26000022888184,0,5.26000022888184
"2023-08-08",5.27799987792969,5.28299999237061,5.26999998092651,5.27500009536743,0,5.27500009536743
"2023-08-09",5.28499984741211,5.28499984741211,5.09999990463257,5.28000020980835,0,5.28000020980835
"2023-08-10",5.27299976348877,5.27299976348877,5.24499988555908,5.26800012588501,0,5.26800012588501
"2023-08-11",5.25500011444092,5.27299976348877,5.25299978256226,5.2649998664856,0,5.2649998664856
"2023-08-14",5.2649998664856,5.27299976348877,5.2649998664856,5.26999998092651,0,5.26999998092651
"2023-08-15",5.28000020980835,5.28499984741211,5.26999998092651,5.28000020980835,0,5.28000020980835
"2023-08-16",5.28000020980835,5.28499984741211,5.28000020980835,5.28499984741211,0,5.28499984741211
"2023-08-17",5.28299999237061,5.28299999237061,5.2649998664856,5.27799987792969,0,5.27799987792969
"2023-08-18",5.26999998092651,5.27799987792969,5.2649998664856,5.27799987792969,0,5.27799987792969
"2023-08-21",5.27799987792969,5.28299999237061,5.27500009536743,5.28000020980835,0,5.28000020980835
"2023-08-22",5.29300022125244,5.30000019073486,5.29300022125244,5.29500007629395,0,5.29500007629395
"2023-08-23",5.28999996185303,5.2979998588562,5.26999998092651,5.29500007629395,0,5.29500007629395
"2023-08-24",5.29500007629395,5.30299997329712,5.28999996185303,5.30299997329712,0,5.30299997329712
"2023-08-25",5.2979998588562,5.31500005722046,5.2979998588562,5.31500005722046,0,5.31500005722046
"2023-08-28",5.32000017166138,5.32499980926514,5.31799983978271,5.32299995422363,0,5.32299995422363
"2023-08-29",5.33500003814697,5.34000015258789,5.31799983978271,5.32000017166138,0,5.32000017166138
"2023-08-30",5.31799983978271,5.31799983978271,5.30999994277954,5.31500005722046,0,5.31500005722046
"2023-08-31",5.30499982833862,5.31300020217896,5.29500007629395,5.2979998588562,0,5.2979998588562
"2023-09-01",5.28800010681152,5.28800010681152,5.21999979019165,5.26800012588501,0,5.26800012588501
"2023-09-05",5.27299976348877,5.28499984741211,5.2480001449585,5.27799987792969,0,5.27799987792969
"2023-09-06",5.30800008773804,5.30999994277954,5.19999980926514,5.30000019073486,0,5.30000019073486
"2023-09-07",5.29300022125244,5.29300022125244,5.28299999237061,5.28299999237061,0,5.28299999237061
"2023-09-08",5.28299999237061,5.29300022125244,5.27500009536743,5.29300022125244,0,5.29300022125244
"2023-09-11",5.28800010681152,5.30000019073486,5.28800010681152,5.29300022125244,0,5.29300022125244
"2023-09-12",5.30499982833862,5.30800008773804,5.30499982833862,5.30499982833862,0,5.30499982833862
"2023-09-13",5.31300020217896,5.31500005722046,5.26800012588501,5.30499982833862,0,5.30499982833862
"2023-09-14",5.2979998588562,5.30499982833862,5.28499984741211,5.29500007629395,0,5.29500007629395
"2023-09-15",5.2979998588562,5.30299997329712,5.29300022125244,5.2979998588562,0,5.2979998588562
"2023-09-18",5.2979998588562,5.30499982833862,5.2979998588562,5.30000019073486,0,5.30000019073486
"2023-09-19",5.30499982833862,5.31300020217896,5.30499982833862,5.30999994277954,0,5.30999994277954
"2023-09-20",5.31500005722046,5.32000017166138,5.19999980926514,5.31500005722046,0,5.31500005722046
"2023-09-21",5.30499982833862,5.30999994277954,5.29500007629395,5.30499982833862,0,5.30499982833862
"2023-09-22",5.30499982833862,5.31300020217896,5.2979998588562,5.30499982833862,0,5.30499982833862
"2023-09-25",5.31300020217896,5.31500005722046,5.30299997329712,5.31300020217896,0,5.31300020217896
"2023-09-26",5.32299995422363,5.32499980926514,5.31300020217896,5.32499980926514,0,5.32499980926514
"2023-09-27",5.32499980926514,5.33300018310547,5.30999994277954,5.32999992370605,0,5.32999992370605
"2023-09-28",5.33300018310547,5.33300018310547,5.30800008773804,5.30800008773804,0,5.30800008773804
"2023-09-29",5.29500007629395,5.30499982833862,5.28800010681152,5.30000019073486,0,5.30000019073486
"2023-10-02",5.30999994277954,5.32000017166138,5.30999994277954,5.31500005722046,0,5.31500005722046
"2023-10-03",5.33500003814697,5.34000015258789,5.33300018310547,5.34000015258789,0,5.34000015258789
"2023-10-04",5.32999992370605,5.33500003814697,5.19999980926514,5.33500003814697,0,5.33500003814697
"2023-10-05",5.32800006866455,5.33300018310547,5.32299995422363,5.32499980926514,0,5.32499980926514
"2023-10-06",5.33300018310547,5.34800004959106,5.32999992370605,5.34800004959106,0,5.34800004959106
"2023-10-09",5.34800004959106,5.34800004959106,5.34800004959106,5.34800004959106,0,5.34800004959106
"2023-10-10",5.32000017166138,5.32800006866455,5.31799983978271,5.32299995422363,0,5.32299995422363
"2023-10-11",5.34000015258789,5.34800004959106,5.19999980926514,5.33500003814697,0,5.33500003814697
"2023-10-12",5.32800006866455,5.34000015258789,5.32499980926514,5.33500003814697,0,5.33500003814697
"2023-10-13",5.33300018310547,5.33300018310547,5.32000017166138,5.32800006866455,0,5.32800006866455
"2023-10-16",5.32999992370605,5.33300018310547,5.32499980926514,5.32800006866455,0,5.32800006866455
"2023-10-17",5.33500003814697,5.34000015258789,5.33300018310547,5.34000015258789,0,5.34000015258789
"2023-10-18",5.33799982070923,5.34000015258789,5.32499980926514,5.32999992370605,0,5.32999992370605
"2023-10-19",5.32800006866455,5.32800006866455,5.30499982833862,5.30999994277954,0,5.30999994277954
"2023-10-20",5.2979998588562,5.30000019073486,5.29300022125244,5.30000019073486,0,5.30000019073486
"2023-10-23",5.2979998588562,5.30299997329712,5.28999996185303,5.29300022125244,0,5.29300022125244
"2023-10-24",5.30999994277954,5.31500005722046,5.30499982833862,5.30800008773804,0,5.30800008773804
"2023-10-25",5.30800008773804,5.31500005722046,5.19999980926514,5.31500005722046,0,5.31500005722046
"2023-10-26",5.31300020217896,5.31300020217896,5.2979998588562,5.30000019073486,0,5.30000019073486
"2023-10-27",5.30000019073486,5.30800008773804,5.30000019073486,5.30499982833862,0,5.30499982833862
"2023-10-30",5.30499982833862,5.31300020217896,5.30299997329712,5.31300020217896,0,5.31300020217896
"2023-10-31",5.31799983978271,5.32299995422363,5.31799983978271,5.32000017166138,0,5.32000017166138
"2023-11-01",5.31799983978271,5.32299995422363,5.25799989700317,5.30000019073486,0,5.30000019073486
"2023-11-02",5.28999996185303,5.28999996185303,5.26300001144409,5.26999998092651,0,5.26999998092651
"2023-11-03",5.26300001144409,5.26300001144409,5.23000001907349,5.25299978256226,0,5.25299978256226
"2023-11-06",5.25799989700317,5.2649998664856,5.25799989700317,5.26000022888184,0,5.26000022888184
"2023-11-07",5.27500009536743,5.27799987792969,5.27299976348877,5.27299976348877,0,5.27299976348877
"2023-11-08",5.27500009536743,5.27799987792969,5.26800012588501,5.26800012588501,0,5.26800012588501
"2023-11-09",5.26800012588501,5.26800012588501,5.25500011444092,5.26300001144409,0,5.26300001144409
"2023-11-10",5.25799989700317,5.25799989700317,5.24499988555908,5.25,0,5.25
"2023-11-13",5.2480001449585,5.26000022888184,5.2480001449585,5.26000022888184,0,5.26000022888184
"2023-11-14",5.28000020980835,5.28000020980835,5.2480001449585,5.25299978256226,0,5.25299978256226
"2023-11-15",5.25,5.25799989700317,5.22499990463257,5.25500011444092,0,5.25500011444092
"2023-11-16",5.2480001449585,5.2480001449585,5.23000001907349,5.24300003051758,0,5.24300003051758
"2023-11-17",5.23299980163574,5.23799991607666,5.23000001907349,5.23299980163574,0,5.23299980163574
"2023-11-20",5.23299980163574,5.23999977111816,5.23299980163574,5.23799991607666,0,5.23799991607666
"2023-11-21",5.26300001144409,5.26300001144409,5.25299978256226,5.25500011444092,0,5.25500011444092
"2023-11-22",5.26000022888184,5.26999998092651,5.09999990463257,5.2649998664856,0,5.2649998664856
"2023-11-24",5.25799989700317,5.25799989700317,5.25,5.25299978256226,0,5.25299978256226
"2023-11-27",5.25799989700317,5.26300001144409,5.25799989700317,5.25799989700317,0,5.25799989700317
"2023-11-28",5.26999998092651,5.26999998092651,5.25500011444092,5.26000022888184,0,5.26000022888184
"2023-11-29",5.25299978256226,5.25299978256226,5.23799991607666,5.23999977111816,0,5.23999977111816
"2023-11-30",5.23799991607666,5.24499988555908,5.23000001907349,5.23799991607666,0,5.23799991607666
"2023-12-01",5.23000001907349,5.23299980163574,5.20499992370605,5.21500015258789,0,5.21500015258789
"2023-12-04",5.22300004959106,5.22800016403198,5.22300004959106,5.22300004959106,0,5.22300004959106
"2023-12-05",5.23799991607666,5.24300003051758,5.2350001335144,5.24300003051758,0,5.24300003051758
"2023-12-06",5.24499988555908,5.24499988555908,5.23999977111816,5.24300003051758,0,5.24300003051758
"2023-12-07",5.23999977111816,5.23999977111816,5.22800016403198,5.23299980163574,0,5.23299980163574
"2023-12-08",5.23000001907349,5.2350001335144,5.20800018310547,5.23299980163574,0,5.23299980163574
"2023-12-11",5.2350001335144,5.2350001335144,5.22300004959106,5.23299980163574,0,5.23299980163574
"2023-12-12",5.25799989700317,5.26000022888184,5.23799991607666,5.2480001449585,0,5.2480001449585
"2023-12-13",5.2480001449585,5.25,5.19299983978271,5.22300004959106,0,5.22300004959106
"2023-12-14",5.20499992370605,5.21500015258789,5.19999980926514,5.21500015258789,0,5.21500015258789
"2023-12-15",5.20800018310547,5.22800016403198,5.20800018310547,5.22499990463257,0,5.22499990463257
"2023-12-18",5.21999979019165,5.23000001907349,5.21799993515015,5.22499990463257,0,5.22499990463257
"2023-12-19",5.24300003051758,5.24300003051758,5.2350001335144,5.23799991607666,0,5.23799991607666
"2023-12-20",5.23999977111816,5.24300003051758,5.09999990463257,5.23000001907349,0,5.23000001907349
"2023-12-21",5.21999979019165,5.21999979019165,5.20499992370605,5.21000003814697,0,5.21000003814697
"2023-12-22",5.19999980926514,5.21000003814697,5.1729998588562,5.20800018310547,0,5.20800018310547
"2023-12-26",5.21000003814697,5.22300004959106,5.19799995422363,5.20300006866455,0,5.20300006866455
"2023-12-27",5.23000001907349,5.2350001335144,5.09999990463257,5.2350001335144,0,5.2350001335144
"2023-12-28",5.21799993515015,5.22800016403198,5.21799993515015,5.21799993515015,0,5.21799993515015
"2023-12-29",5.20499992370605,5.20800018310547,5.14499998092651,5.17999982833862,0,5.17999982833862
"2024-01-02",5.18300008773804,5.21500015258789,5.18300008773804,5.21299982070923,0,5.21299982070923
"2024-01-03",5.2350001335144,5.2350001335144,5.23000001907349,5.2350001335144,0,5.2350001335144
"2024-01-04",5.23000001907349,5.23299980163574,5.22300004959106,5.22800016403198,0,5.22800016403198
"2024-01-05",5.22800016403198,5.23299980163574,5.21500015258789,5.21999979019165,0,5.21999979019165
"2024-01-08",5.22800016403198,5.22800016403198,5.21799993515015,5.21999979019165,0,5.21999979019165
"2024-01-09",5.23000001907349,5.2350001335144,5.22800016403198,5.23000001907349,0,5.23000001907349
"2024-01-10",5.21999979019165,5.22499990463257,5.21799993515015,5.22499990463257,0,5.22499990463257
"2024-01-11",5.21799993515015,5.22800016403198,5.20300006866455,5.21799993515015,0,5.21799993515015
"2024-01-12",5.21299982070923,5.21299982070923,5.19000005722046,5.19799995422363,0,5.19799995422363
"2024-01-16",5.20800018310547,5.21500015258789,5.20300006866455,5.20300006866455,0,5.20300006866455
"2024-01-17",5.21999979019165,5.22499990463257,5.09999990463257,5.21500015258789,0,5.21500015258789
"2024-01-18",5.20499992370605,5.20800018310547,5.19500017166138,5.19999980926514,0,5.19999980926514
"2024-01-19",5.19500017166138,5.19999980926514,5.19000005722046,5.19799995422363,0,5.19799995422363
"2024-01-22",5.19799995422363,5.20800018310547,5.19500017166138,5.19999980926514,0,5.19999980926514
"2024-01-23",5.21299982070923,5.21299982070923,5.21000003814697,5.21000003814697,0,5.21000003814697
"2024-01-24",5.21000003814697,5.21299982070923,5.20300006866455,5.21000003814697,0,5.21000003814697
"2024-01-25",5.20800018310547,5.21000003814697,5.19500017166138,5.19500017166138,0,5.19500017166138
"2024-01-26",5.19299983978271,5.20300006866455,5.18800020217896,5.19999980926514,0,5.19999980926514
"2024-01-29",5.20300006866455,5.20300006866455,5.19999980926514,5.19999980926514,0,5.19999980926514
"2024-01-30",5.19999980926514,5.20800018310547,5.19799995422363,5.20300006866455,0,5.20300006866455
"2024-01-31",5.20499992370605,5.20499992370605,5.13500022888184,5.18800020217896,0,5.18800020217896
"2024-02-01",5.19500017166138,5.19999980926514,5.19299983978271,5.19999980926514,0,5.19999980926514
"2024-02-02",5.19999980926514,5.21999979019165,5.18800020217896,5.21000003814697,0,5.21000003814697
"2024-02-05",5.20800018310547,5.22800016403198,5.20499992370605,5.22800016403198,0,5.22800016403198
"2024-02-06",5.22499990463257,5.22800016403198,5.21500015258789,5.22300004959106,0,5.22300004959106
"2024-02-07",5.21999979019165,5.22499990463257,5.21799993515015,5.22300004959106,0,5.22300004959106
"2024-02-08",5.21500015258789,5.21999979019165,5.21299982070923,5.21799993515015,0,5.21799993515015
"2024-02-09",5.21799993515015,5.22499990463257,5.21500015258789,5.21999979019165,0,5.21999979019165
"2024-02-12",5.21500015258789,5.22800016403198,5.21500015258789,5.22800016403198,0,5.22800016403198
"2024-02-13",5.22499990463257,5.24499988555908,5.21999979019165,5.23299980163574,0,5.23299980163574
"2024-02-14",5.23000001907349,5.23000001907349,5.21799993515015,5.21799993515015,0,5.21799993515015
"2024-02-15",5.21500015258789,5.21799993515015,5.20800018310547,5.21799993515015,0,5.21799993515015
"2024-02-16",5.21299982070923,5.22800016403198,5.21000003814697,5.22300004959106,0,5.22300004959106
"2024-02-20",5.21999979019165,5.22300004959106,5.21299982070923,5.21299982070923,0,5.21299982070923
"2024-02-21",5.22499990463257,5.2350001335144,5.22300004959106,5.2350001335144,0,5.2350001335144
"2024-02-22",5.23000001907349,5.23799991607666,5.23000001907349,5.23299980163574,0,5.23299980163574
"2024-02-23",5.23799991607666,5.23999977111816,5.2350001335144,5.23999977111816,0,5.23999977111816
"2024-02-26",5.24300003051758,5.25299978256226,5.24300003051758,5.25,0,5.25
"2024-02-27",5.24499988555908,5.25,5.24300003051758,5.24499988555908,0,5.24499988555908
"2024-02-28",5.23799991607666,5.23999977111816,5.2350001335144,5.23999977111816,0,5.23999977111816
"2024-02-29",5.23299980163574,5.2350001335144,5.21999979019165,5.22300004959106,0,5.22300004959106
"2024-03-01",5.21799993515015,5.22300004959106,5.21500015258789,5.21500015258789,0,5.21500015258789
"2024-03-04",5.21799993515015,5.22800016403198,5.21799993515015,5.22300004959106,0,5.22300004959106
"2024-03-05",5.23299980163574,5.23299980163574,5.22300004959106,5.22499990463257,0,5.22499990463257
"2024-03-06",5.23000001907349,5.23299980163574,5.23000001907349,5.23000001907349,0,5.23000001907349
"2024-03-07",5.22800016403198,5.23000001907349,5.22800016403198,5.22800016403198,0,5.22800016403198
"2024-03-08",5.22300004959106,5.23000001907349,5.20800018310547,5.22800016403198,0,5.22800016403198
"2024-03-11",5.23299980163574,5.24300003051758,5.23299980163574,5.23999977111816,0,5.23999977111816
"2024-03-12",5.23999977111816,5.24300003051758,5.22800016403198,5.23999977111816,0,5.23999977111816
"2024-03-13",5.24499988555908,5.24499988555908,5.23799991607666,5.23799991607666,0,5.23799991607666
"2024-03-14",5.23799991607666,5.23999977111816,5.23299980163574,5.23799991607666,0,5.23799991607666
"2024-03-15",5.2350001335144,5.23799991607666,5.2350001335144,5.23799991607666,0,5.23799991607666
"2024-03-18",5.23799991607666,5.24300003051758,5.2350001335144,5.23799991607666,0,5.23799991607666
"2024-03-19",5.2350001335144,5.23999977111816,5.2350001335144,5.23799991607666,0,5.23799991607666
"2024-03-20",5.23999977111816,5.23999977111816,5.17799997329712,5.22800016403198,0,5.22800016403198
"2024-03-21",5.22499990463257,5.22800016403198,5.22499990463257,5.22800016403198,0,5.22800016403198
"2024-03-22",5.22300004959106,5.22300004959106,5.21999979019165,5.21999979019165,0,5.21999979019165
"2024-03-25",5.21799993515015,5.22300004959106,5.21500015258789,5.21799993515015,0,5.21799993515015
"2024-03-26",5.21500015258789,5.21999979019165,5.21500015258789,5.21799993515015,0,5.21799993515015
"2024-03-27",5.21999979019165,5.21999979019165,5.21500015258789,5.21500015258789,0,5.21500015258789
"2024-03-28",5.21299982070923,5.21500015258789,5.19299983978271,5.20300006866455,0,5.20300006866455
"2024-04-01",5.20499992370605,5.22800016403198,5.20499992370605,5.21799993515015,0,5.21799993515015
"2024-04-02",5.21999979019165,5.21999979019165,5.20800018310547,5.21299982070923,0,5.21299982070923
"2024-04-03",5.21000003814697,5.21500015258789,5.20800018310547,5.21000003814697,0,5.21000003814697
"2024-04-04",5.20300006866455,5.20499992370605,5.20300006866455,5.20300006866455,0,5.20300006866455
"2024-04-05",5.19999980926514,5.21799993515015,5.19299983978271,5.21500015258789,0,5.21500015258789
"2024-04-08",5.21500015258789,5.22499990463257,5.21500015258789,5.22300004959106,0,5.22300004959106
"2024-04-09",5.22300004959106,5.22499990463257,5.21799993515015,5.21999979019165,0,5.21999979019165
"2024-04-10",5.21999979019165,5.24499988555908,5.16499996185303,5.24300003051758,0,5.24300003051758
"2024-04-11",5.23799991607666,5.23999977111816,5.23299980163574,5.23799991607666,0,5.23799991607666
"2024-04-12",5.23000001907349,5.23000001907349,5.22800016403198,5.23000001907349,0,5.23000001907349
"2024-04-15",5.23799991607666,5.24300003051758,5.2350001335144,5.23799991607666,0,5.23799991607666
"2024-04-16",5.23799991607666,5.24300003051758,5.23299980163574,5.23299980163574,0,5.23299980163574
"2024-04-17",5.23799991607666,5.24300003051758,5.23799991607666,5.23999977111816,0,5.23999977111816
"2024-04-18",5.24300003051758,5.2480001449585,5.23999977111816,5.24300003051758,0,5.24300003051758
"2024-04-19",5.24300003051758,5.24499988555908,5.24300003051758,5.24499988555908,0,5.24499988555908
"2024-04-22",5.24499988555908,5.2480001449585,5.24499988555908,5.24499988555908,0,5.24499988555908
"2024-04-23",5.24499988555908,5.2480001449585,5.24499988555908,5.24499988555908,0,5.24499988555908
"2024-04-24",5.25299978256226,5.25500011444092,5.25299978256226,5.25500011444092,0,5.25500011444092
"2024-04-25",5.2480001449585,5.25299978256226,5.24300003051758,5.24499988555908,0,5.24499988555908
"2024-04-26",5.23999977111816,5.23999977111816,5.23799991607666,5.23799991607666,0,5.23799991607666
"2024-04-29",5.24300003051758,5.2480001449585,5.23999977111816,5.24300003051758,0,5.24300003051758
"2024-04-30",5.24300003051758,5.2480001449585,5.23999977111816,5.24499988555908,0,5.24499988555908
"2024-05-01",5.25,5.25500011444092,5.20800018310547,5.25,0,5.25
"2024-05-02",5.24300003051758,5.24300003051758,5.23799991607666,5.23799991607666,0,5.23799991607666
"2024-05-03",5.23799991607666,5.23799991607666,5.22300004959106,5.2350001335144,0,5.2350001335144
"2024-05-06",5.23799991607666,5.24300003051758,5.2350001335144,5.23999977111816,0,5.23999977111816
"2024-05-07",5.23999977111816,5.24300003051758,5.23999977111816,5.24300003051758,0,5.24300003051758
"2024-05-08",5.24499988555908,5.24499988555908,5.24499988555908,5.24499988555908,0,5.24499988555908
"2024-05-09",5.24499988555908,5.24499988555908,5.23999977111816,5.23999977111816,0,5.23999977111816
"2024-05-10",5.23999977111816,5.24499988555908,5.23799991607666,5.24300003051758,0,5.24300003051758
"2024-05-13",5.23999977111816,5.24499988555908,5.23999977111816,5.23999977111816,0,5.23999977111816
"2024-05-14",5.23999977111816,5.24300003051758,5.2350001335144,5.2350001335144,0,5.2350001335144
"2024-05-15",5.23999977111816,5.24300003051758,5.2350001335144,5.23999977111816,0,5.23999977111816
"2024-05-16",5.23999977111816,5.24300003051758,5.23799991607666,5.24300003051758,0,5.24300003051758
"2024-05-17",5.23999977111816,5.24300003051758,5.23999977111816,5.23999977111816,0,5.23999977111816
"2024-05-20",5.23999977111816,5.23999977111816,5.23799991607666,5.23999977111816,0,5.23999977111816
"2024-05-21",5.23799991607666,5.23999977111816,5.2350001335144,5.23999977111816,0,5.23999977111816
"2024-05-22",5.24300003051758,5.24499988555908,5.23999977111816,5.24499988555908,0,5.24499988555908
"2024-05-23",5.23999977111816,5.2480001449585,5.23799991607666,5.24499988555908,0,5.24499988555908
"2024-05-24",5.24499988555908,5.2480001449585,5.24499988555908,5.24499988555908,0,5.24499988555908
"2024-05-28",5.2480001449585,5.25,5.2480001449585,5.2480001449585,0,5.2480001449585
"2024-05-29",5.25,5.25,5.25,5.25,0,5.25
"2024-05-30",5.2480001449585,5.25,5.2480001449585,5.2480001449585,0,5.2480001449585
"2024-05-31",5.2480001449585,5.2480001449585,5.24300003051758,5.24499988555908,0,5.24499988555908
"2024-06-03",5.24499988555908,5.24499988555908,5.24300003051758,5.24300003051758,0,5.24300003051758
"2024-06-04",5.24300003051758,5.24300003051758,5.23999977111816,5.23999977111816,0,5.23999977111816
"2024-06-05",5.24499988555908,5.24499988555908,5.23999977111816,5.23999977111816,0,5.23999977111816
"2024-06-06",5.23799991607666,5.23799991607666,5.23000001907349,5.23299980163574,0,5.23299980163574
"2024-06-07",5.23000001907349,5.24300003051758,5.22800016403198,5.23799991607666,0,5.23799991607666
"2024-06-10",5.23299980163574,5.2350001335144,5.23299980163574,5.23299980163574,0,5.23299980163574
"2024-06-11",5.23999977111816,5.24499988555908,5.23999977111816,5.24499988555908,0,5.24499988555908
"2024-06-12",5.24499988555908,5.24499988555908,5.23799991607666,5.24300003051758,0,5.24300003051758
"2024-06-13",5.23999977111816,5.24300003051758,5.23299980163574,5.23999977111816,0,5.23999977111816
"2024-06-14",5.23799991607666,5.23999977111816,5.23799991607666,5.23999977111816,0,5.23999977111816
"2024-06-17",5.23699998855591,5.24499988555908,5.23699998855591,5.24300003051758,0,5.24300003051758
"2024-06-18",5.24499988555908,5.24499988555908,5.23000001907349,5.2350001335144,0,5.2350001335144
"2024-06-20",5.22800016403198,5.23000001907349,5.22499990463257,5.22499990463257,0,5.22499990463257
"2024-06-21",5.21999979019165,5.22300004959106,5.21299982070923,5.21500015258789,0,5.21500015258789
"2024-06-24",5.21500015258789,5.21500015258789,5.20800018310547,5.21000003814697,0,5.21000003814697
"2024-06-25",5.22499990463257,5.22499990463257,5.22300004959106,5.22300004959106,0,5.22300004959106
"2024-06-26",5.23199987411499,5.23199987411499,5.23000001907349,5.23000001907349,0,5.23000001907349
"2024-06-27",5.22800016403198,5.22800016403198,5.21999979019165,5.22300004959106,0,5.22300004959106
"2024-06-28",5.21999979019165,5.22300004959106,5.21299982070923,5.21299982070923,0,5.21299982070923
"2024-07-01",5.21500015258789,5.22300004959106,5.21500015258789,5.21799993515015,0,5.21799993515015
"2024-07-02",5.22800016403198,5.23199987411499,5.22499990463257,5.22800016403198,0,5.22800016403198
"2024-07-03",5.22800016403198,5.23000001907349,5.15000009536743,5.23000001907349,0,5.23000001907349
"2024-07-05",5.22300004959106,5.22800016403198,5.21000003814697,5.22499990463257,0,5.22499990463257
"2024-07-08",5.22800016403198,5.22800016403198,5.21799993515015,5.21799993515015,0,5.21799993515015
"2024-07-09",5.22300004959106,5.22800016403198,5.22300004959106,5.22499990463257,0,5.22499990463257
"2024-07-10",5.22499990463257,5.22800016403198,5.22499990463257,5.22499990463257,0,5.22499990463257
"2024-07-11",5.21799993515015,5.21799993515015,5.19799995422363,5.19799995422363,0,5.19799995422363
"2024-07-12",5.19799995422363,5.19999980926514,5.18800020217896,5.19799995422363,0,5.19799995422363
"2024-07-15",5.19500017166138,5.19500017166138,5.18800020217896,5.19299983978271,0,5.19299983978271
"2024-07-16",5.18800020217896,5.19299983978271,5.18499994277954,5.19299983978271,0,5.19299983978271
"2024-07-17",5.19500017166138,5.19799995422363,5.19299983978271,5.19500017166138,0,5.19500017166138
"2024-07-18",5.19500017166138,5.19500017166138,5.19000005722046,5.19299983978271,0,5.19299983978271
"2024-07-19",5.19000005722046,5.19500017166138,5.19000005722046,5.19299983978271,0,5.19299983978271
"2024-07-22",5.19299983978271,5.19299983978271,5.18499994277954,5.19000005722046,0,5.19000005722046
"2024-07-23",5.17500019073486,5.17500019073486,5.1729998588562,5.1729998588562,0,5.1729998588562
"2024-07-24",5.17500019073486,5.17500019073486,5.16499996185303,5.17000007629395,0,5.17000007629395
"2024-07-25",5.15799999237061,5.16300010681152,5.13800001144409,5.15999984741211,0,5.15999984741211
"2024-07-26",5.15799999237061,5.15799999237061,5.15500020980835,5.15500020980835,0,5.15500020980835
"2024-07-29",5.15500020980835,5.15500020980835,5.13500022888184,5.14699983596802,0,5.14699983596802
"2024-07-30",5.14300012588501,5.14499998092651,5.13299989700317,5.13500022888184,0,5.13500022888184
"2024-07-31",5.13000011444092,5.13500022888184,5.11800003051758,5.13500022888184,0,5.13500022888184
"2024-08-01",5.12799978256226,5.12799978256226,5.11199998855591,5.11499977111816,0,5.11499977111816
"2024-08-02",5.09800004959106,5.09800004959106,5.01000022888184,5.03000020980835,0,5.03000020980835
"2024-08-05",4.94799995422363,5.07499980926514,4.90999984741211,5.05999994277954,0,5.05999994277954
"2024-08-06",5.07299995422363,5.07999992370605,5.06300020217896,5.07999992370605,0,5.07999992370605
"2024-08-07",5.07999992370605,5.08500003814697,5.07000017166138,5.07999992370605,0,5.07999992370605
"2024-08-08",5.07299995422363,5.08500003814697,5.06500005722046,5.08300018310547,0,5.08300018310547
"2024-08-09",5.07299995422363,5.07499980926514,5.05999994277954,5.07499980926514,0,5.07499980926514
"2024-08-12",5.07299995422363,5.07800006866455,5.07299995422363,5.07299995422363,0,5.07299995422363
"2024-08-13",5.06500005722046,5.06799983978271,5.05299997329712,5.05299997329712,0,5.05299997329712
"2024-08-14",5.05000019073486,5.06799983978271,4.97300004959106,5.06300020217896,0,5.06300020217896
"2024-08-15",5.05700016021729,5.08300018310547,5.0479998588562,5.07999992370605,0,5.07999992370605
"2024-08-16",5.07000017166138,5.07800006866455,5.06799983978271,5.07499980926514,0,5.07499980926514
"2024-08-19",5.07299995422363,5.07499980926514,5.05700016021729,5.06300020217896,0,5.06300020217896
"2024-08-20",5.0479998588562,5.0479998588562,5.03299999237061,5.03299999237061,0,5.03299999237061
"2024-08-21",5.02500009536743,5.02500009536743,4.95499992370605,5.00500011444092,0,5.00500011444092
"2024-08-22",5.01800012588501,5.02500009536743,5.01300001144409,5.02500009536743,0,5.02500009536743
"2024-08-23",5.01800012588501,5.01999998092651,4.9980001449585,5,0,5
"2024-08-26",5,5.00799989700317,4.9980001449585,4.9980001449585,0,4.9980001449585
"2024-08-27",4.97800016403198,4.97800016403198,4.96799993515015,4.96799993515015,0,4.96799993515015
"2024-08-28",4.96000003814697,4.96500015258789,4.95300006866455,4.95499992370605,0,4.95499992370605
"2024-08-29",4.95300006866455,4.96500015258789,4.94799995422363,4.96500015258789,0,4.96500015258789
"2024-08-30",4.96000003814697,4.96999979019165,4.96000003814697,4.96799993515015,0,4.96799993515015
"2024-09-03",4.96500015258789,4.97300004959106,4.96299982070923,4.96999979019165,0,4.96999979019165
"2024-09-04",4.95499992370605,4.96000003814697,4.90500020980835,4.94799995422363,0,4.94799995422363
"2024-09-05",4.93499994277954,4.94799995422363,4.92799997329712,4.93200016021729,0,4.93200016021729
"2024-09-06",4.90799999237061,4.91499996185303,4.82000017166138,4.90799999237061,0,4.90799999237061
"2024-09-09",4.91499996185303,4.92500019073486,4.89499998092651,4.89499998092651,0,4.89499998092651
"2024-09-10",4.88000011444092,4.88299989700317,4.83500003814697,4.83500003814697,0,4.83500003814697
"2024-09-11",4.84499979019165,4.875,4.80299997329712,4.875,0,4.875
"2024-09-12",4.85699987411499,4.85699987411499,4.84000015258789,4.84000015258789,0,4.84000015258789
"2024-09-13",4.78499984741211,4.78800010681152,4.76000022888184,4.76300001144409,0,4.76300001144409
"2024-09-16",4.72300004959106,4.7480001449585,4.69700002670288,4.74499988555908,0,4.74499988555908
"2024-09-17",4.74300003051758,4.75,4.73199987411499,4.7350001335144,0,4.7350001335144
"2024-09-18",4.73699998855591,4.75,4.59499979019165,4.61499977111816,0,4.61499977111816
"2024-09-19",4.61499977111816,4.61800003051758,4.59299993515015,4.59299993515015,0,4.59299993515015
"2024-09-20",4.59000015258789,4.59299993515015,4.54300022125244,4.54500007629395,0,4.54500007629395
"2024-09-23",4.54500007629395,4.5479998588562,4.5,4.50299978256226,0,4.50299978256226
"2024-09-24",4.5149998664856,4.51800012588501,4.49499988555908,4.49499988555908,0,4.49499988555908
"2024-09-25",4.49300003051758,4.49499988555908,4.47800016403198,4.48699998855591,0,4.48699998855591
"2024-09-26",4.46999979019165,4.47300004959106,4.45800018310547,4.46799993515015,0,4.46799993515015
"2024-09-27",4.47800016403198,4.48199987411499,4.46299982070923,4.48199987411499,0,4.48199987411499
"2024-09-30",4.48199987411499,4.50500011444092,4.48000001907349,4.4980001449585,0,4.4980001449585
"2024-10-01",4.50299978256226,4.50299978256226,4.47800016403198,4.48199987411499,0,4.48199987411499
"2024-10-02",4.48999977111816,4.49499988555908,4.46500015258789,4.47300004959106,0,4.47300004959106
"2024-10-03",4.46299982070923,4.47300004959106,4.44999980926514,4.46500015258789,0,4.46500015258789
"2024-10-04",4.46000003814697,4.50799989700317,4.44000005722046,4.50500011444092,0,4.50500011444092
"2024-10-07",4.5,4.52799987792969,4.48999977111816,4.52500009536743,0,4.52500009536743
"2024-10-08",4.52799987792969,4.53499984741211,4.52199983596802,4.52799987792969,0,4.52799987792969
"2024-10-09",4.52500009536743,4.53499984741211,4.51999998092651,4.53499984741211,0,4.53499984741211
"2024-10-10",4.52500009536743,4.53299999237061,4.50299978256226,4.53000020980835,0,4.53000020980835
"2024-10-11",4.51800012588501,4.51999998092651,4.5,4.5149998664856,0,4.5149998664856
"2024-10-14",4.51800012588501,4.51800012588501,4.51800012588501,4.51800012588501,0,4.51800012588501
"2024-10-15",4.52199983596802,4.52199983596802,4.50299978256226,4.5149998664856,0,4.5149998664856
"2024-10-16",4.5,4.50299978256226,4.4980001449585,4.50299978256226,0,4.50299978256226
"2024-10-17",4.4980001449585,4.51999998092651,4.4980001449585,4.5149998664856,0,4.5149998664856
"2024-10-18",4.5149998664856,4.51800012588501,4.51000022888184,4.51300001144409,0,4.51300001144409
"2024-10-21",4.51300001144409,4.51800012588501,4.51000022888184,4.51800012588501,0,4.51800012588501
"2024-10-22",4.5,4.5,4.49300003051758,4.5,0,4.5
"2024-10-23",4.48999977111816,4.51000022888184,4.48999977111816,4.50500011444092,0,4.50500011444092
"2024-10-24",4.49300003051758,4.4980001449585,4.4850001335144,4.48699998855591,0,4.48699998855591
"2024-10-25",4.47800016403198,4.51000022888184,4.47800016403198,4.51000022888184,0,4.51000022888184
"2024-10-28",4.50299978256226,4.50799989700317,4.48000001907349,4.48199987411499,0,4.48199987411499
"2024-10-29",4.4850001335144,4.4850001335144,4.47800016403198,4.48000001907349,0,4.48000001907349
"2024-10-30",4.48199987411499,4.4850001335144,4.46000003814697,4.46299982070923,0,4.46299982070923
"2024-10-31",4.46000003814697,4.46000003814697,4.4229998588562,4.43200016021729,0,4.43200016021729
"2024-11-01",4.42799997329712,4.42799997329712,4.39300012588501,4.40000009536743,0,4.40000009536743
"2024-11-04",4.39499998092651,4.42000007629395,4.38500022888184,4.41800022125244,0,4.41800022125244
"2024-11-05",4.42500019073486,4.42799997329712,4.42000007629395,4.4229998588562,0,4.4229998588562
"2024-11-06",4.42799997329712,4.43499994277954,4.42000007629395,4.42999982833862,0,4.42999982833862
"2024-11-07",4.41300010681152,4.42799997329712,4.40299987792969,4.42000007629395,0,4.42000007629395
"2024-11-08",4.41300010681152,4.4229998588562,4.40999984741211,4.4229998588562,0,4.4229998588562
"2024-11-11",4.41499996185303,4.41499996185303,4.41499996185303,4.41499996185303,0,4.41499996185303
"2024-11-12",4.42000007629395,4.42500019073486,4.42000007629395,4.4229998588562,0,4.4229998588562
"2024-11-13",4.41800022125244,4.4229998588562,4.38500022888184,4.3899998664856,0,4.3899998664856
"2024-11-14",4.37799978256226,4.3899998664856,4.37799978256226,4.38299989700317,0,4.38299989700317
"2024-11-15",4.3899998664856,4.39699983596802,4.38500022888184,4.39300012588501,0,4.39300012588501
"2024-11-18",4.39499998092651,4.40299987792969,4.39300012588501,4.40299987792969,0,4.40299987792969
"2024-11-19",4.40799999237061,4.40999984741211,4.40299987792969,4.40799999237061,0,4.40799999237061
"2024-11-20",4.40999984741211,4.41499996185303,4.40999984741211,4.40999984741211,0,4.40999984741211
"2024-11-21",4.40299987792969,4.41300010681152,4.40000009536743,4.41300010681152,0,4.41300010681152
"2024-11-22",4.40799999237061,4.42000007629395,4.40799999237061,4.41499996185303,0,4.41499996185303
"2024-11-25",4.41300010681152,4.41300010681152,4.40299987792969,4.40500020980835,0,4.40500020980835
"2024-11-26",4.39699983596802,4.40799999237061,4.39499998092651,4.39499998092651,0,4.39499998092651
"2024-11-27",4.38800001144409,4.39699983596802,4.38500022888184,4.38500022888184,0,4.38500022888184
"2024-11-29",4.38500022888184,4.38800001144409,4.36800003051758,4.3730001449585,0,4.3730001449585
"2024-12-02",4.375,4.39699983596802,4.375,4.38000011444092,0,4.38000011444092
"2024-12-03",4.36499977111816,4.36800003051758,4.35300016403198,4.35699987411499,0,4.35699987411499
"2024-12-04",4.35500001907349,4.35500001907349,4.34000015258789,4.34499979019165,0,4.34499979019165
"2024-12-05",4.34000015258789,4.34000015258789,4.32800006866455,4.32999992370605,0,4.32999992370605
"2024-12-06",4.32999992370605,4.33300018310547,4.29500007629395,4.29500007629395,0,4.29500007629395
"2024-12-09",4.28999996185303,4.2979998588562,4.28999996185303,4.29300022125244,0,4.29300022125244
"2024-12-10",4.29300022125244,4.29500007629395,4.28499984741211,4.28499984741211,0,4.28499984741211
"2024-12-11",4.28000020980835,4.28000020980835,4.25,4.25500011444092,0,4.25500011444092
"2024-12-12",4.2480001449585,4.25,4.21999979019165,4.22300004959106,0,4.22300004959106
"2024-12-13",4.21799993515015,4.21999979019165,4.21799993515015,4.21799993515015,0,4.21799993515015
"2024-12-16",4.21500015258789,4.23199987411499,4.21500015258789,4.22800016403198,0,4.22800016403198
"2024-12-17",4.23699998855591,4.24300003051758,4.23199987411499,4.23999977111816,0,4.23999977111816
"2024-12-18",4.23199987411499,4.24300003051758,4.21999979019165,4.23199987411499,0,4.23199987411499
"2024-12-19",4.22499990463257,4.22499990463257,4.21799993515015,4.21999979019165,0,4.21999979019165
"2024-12-20",4.21799993515015,4.21999979019165,4.21299982070923,4.21500015258789,0,4.21500015258789
"2024-12-23",4.21799993515015,4.22499990463257,4.21500015258789,4.21500015258789,0,4.21500015258789
"2024-12-24",4.21999979019165,4.21999979019165,4.15000009536743,4.19999980926514,0,4.19999980926514
"2024-12-26",4.21000003814697,4.22499990463257,4.20499992370605,4.21500015258789,0,4.21500015258789
"2024-12-27",4.20300006866455,4.20800018310547,4.17500019073486,4.17799997329712,0,4.17799997329712
"2024-12-30",4.17799997329712,4.18499994277954,4.1729998588562,4.18200016021729,0,4.18200016021729
"2024-12-31",4.21000003814697,4.21799993515015,4.15500020980835,4.20800018310547,0,4.20800018310547
"2025-01-02",4.20800018310547,4.21299982070923,4.19999980926514,4.20800018310547,0,4.20800018310547
"2025-01-03",4.19700002670288,4.19700002670288,4.19000005722046,4.19299983978271,0,4.19299983978271
"2025-01-06",4.18800020217896,4.19299983978271,4.18499994277954,4.19000005722046,0,4.19000005722046
"2025-01-07",4.19500017166138,4.21000003814697,4.19500017166138,4.20300006866455,0,4.20300006866455
"2025-01-08",4.20499992370605,4.20499992370605,4.20300006866455,4.20499992370605,0,4.20499992370605
"2025-01-10",4.19700002670288,4.21299982070923,4.19500017166138,4.21299982070923,0,4.21299982070923
"2025-01-13",4.21799993515015,4.22300004959106,4.21799993515015,4.21799993515015,0,4.21799993515015
"2025-01-14",4.21999979019165,4.21999979019165,4.21299982070923,4.21299982070923,0,4.21299982070923
"2025-01-15",4.21500015258789,4.21500015258789,4.19700002670288,4.20499992370605,0,4.20499992370605
"2025-01-16",4.19999980926514,4.20300006866455,4.17999982833862,4.19500017166138,0,4.19500017166138
"2025-01-17",4.19299983978271,4.20300006866455,4.19000005722046,4.19299983978271,0,4.19299983978271
"2025-01-21",4.19000005722046,4.19700002670288,4.19000005722046,4.19700002670288,0,4.19700002670288
"2025-01-22",4.21000003814697,4.21500015258789,4.21000003814697,4.21500015258789,0,4.21500015258789
"2025-01-23",4.21299982070923,4.21299982070923,4.21000003814697,4.21299982070923,0,4.21299982070923
"2025-01-24",4.20800018310547,4.20800018310547,4.20300006866455,4.20499992370605,0,4.20499992370605
"2025-01-27",4.19700002670288,4.19999980926514,4.18499994277954,4.18800020217896,0,4.18800020217896
"2025-01-28",4.19299983978271,4.19299983978271,4.18800020217896,4.19000005722046,0,4.19000005722046
"2025-01-29",4.18499994277954,4.19000005722046,4.1729998588562,4.18800020217896,0,4.18800020217896
"2025-01-30",4.18200016021729,4.18499994277954,4.17999982833862,4.18200016021729,0,4.18200016021729
"2025-01-31",4.18499994277954,4.18800020217896,4.18200016021729,4.18800020217896,0,4.18800020217896
"2025-02-03",4.18800020217896,4.19000005722046,4.18800020217896,4.19000005722046,0,4.19000005722046
"2025-02-04",4.21299982070923,4.21500015258789,4.21000003814697,4.21299982070923,0,4.21299982070923
"2025-02-05",4.21000003814697,4.21299982070923,4.21000003814697,4.21000003814697,0,4.21000003814697
"2025-02-06",4.21000003814697,4.21299982070923,4.20800018310547,4.21299982070923,0,4.21299982070923
"2025-02-07",4.20800018310547,4.22800016403198,4.20499992370605,4.22800016403198,0,4.22800016403198
"2025-02-10",4.22499990463257,4.22800016403198,4.22300004959106,4.22800016403198,0,4.22800016403198
"2025-02-11",4.22499990463257,4.22499990463257,4.22300004959106,4.22499990463257,0,4.22499990463257
"2025-02-12",4.22499990463257,4.2350001335144,4.21500015258789,4.22800016403198,0,4.22800016403198
"2025-02-13",4.21799993515015,4.21999979019165,4.21299982070923,4.21299982070923,0,4.21299982070923
"2025-02-14",4.21000003814697,4.21299982070923,4.20300006866455,4.21299982070923,0,4.21299982070923
"2025-02-18",4.21299982070923,4.21799993515015,4.20499992370605,4.21299982070923,0,4.21299982070923
"2025-02-19",4.21999979019165,4.22300004959106,4.21799993515015,4.21799993515015,0,4.21799993515015
"2025-02-20",4.21000003814697,4.21000003814697,4.20300006866455,4.20499992370605,0,4.20499992370605
"2025-02-21",4.19999980926514,4.20300006866455,4.19700002670288,4.19700002670288,0,4.19700002670288
"2025-02-24",4.19999980926514,4.20300006866455,4.19000005722046,4.19000005722046,0,4.19000005722046
"2025-02-25",4.17999982833862,4.18499994277954,4.17999982833862,4.18200016021729,0,4.18200016021729
"2025-02-26",4.18200016021729,4.19299983978271,4.18200016021729,4.19299983978271,0,4.19299983978271
"2025-02-27",4.19000005722046,4.19700002670288,4.18800020217896,4.19500017166138,0,4.19500017166138
"2025-02-28",4.18800020217896,4.19299983978271,4.18800020217896,4.19299983978271,0,4.19299983978271
"2025-03-03",4.18800020217896,4.19299983978271,4.18800020217896,4.19299983978271,0,4.19299983978271
"2025-03-04",4.18499994277954,4.19500017166138,4.17999982833862,4.19500017166138,0,4.19500017166138
"2025-03-05",4.19500017166138,4.20800018310547,4.19299983978271,4.20499992370605,0,4.20499992370605
"2025-03-06",4.19700002670288,4.19999980926514,4.19299983978271,4.19700002670288,0,4.19700002670288
"2025-03-07",4.18800020217896,4.19700002670288,4.18200016021729,4.19700002670288,0,4.19700002670288
"2025-03-10",4.19299983978271,4.19299983978271,4.18499994277954,4.18499994277954,0,4.18499994277954
"2025-03-11",4.18499994277954,4.19500017166138,4.18499994277954,4.19500017166138,0,4.19500017166138
"2025-03-12",4.19700002670288,4.20800018310547,4.19299983978271,4.19700002670288,0,4.19700002670288
"2025-03-13",4.19299983978271,4.19299983978271,4.18499994277954,4.18800020217896,0,4.18800020217896
"2025-03-14",4.18800020217896,4.19299983978271,4.18499994277954,4.18800020217896,0,4.18800020217896
"2025-03-17",4.18800020217896,4.19500017166138,4.18499994277954,4.18800020217896,0,4.18800020217896
"2025-03-18",4.19500017166138,4.19500017166138,4.19000005722046,4.19500017166138,0,4.19500017166138
"2025-03-19",4.19500017166138,4.19999980926514,4.18800020217896,4.19000005722046,0,4.19000005722046
"2025-03-20",4.18200016021729,4.18499994277954,4.18200016021729,4.18200016021729,0,4.18200016021729
"2025-03-21",4.18499994277954,4.18499994277954,4.17999982833862,4.18499994277954,0,4.18499994277954
"2025-03-24",4.18800020217896,4.18800020217896,4.18200016021729,4.18200016021729,0,4.18200016021729
"2025-03-25",4.18800020217896,4.18800020217896,4.18200016021729,4.18200016021729,0,4.18200016021729
"2025-03-26",4.18499994277954,4.19299983978271,4.18499994277954,4.19000005722046,0,4.19000005722046
"2025-03-27",4.18800020217896,4.18800020217896,4.18499994277954,4.18800020217896,0,4.18800020217896
"2025-03-28",4.17799997329712,4.18800020217896,4.17500019073486,4.18800020217896,0,4.18800020217896
"2025-03-31",4.18200016021729,4.19299983978271,4.18200016021729,4.19299983978271,0,4.19299983978271
"2025-04-01",4.19700002670288,4.19999980926514,4.19700002670288,4.19999980926514,0,4.19999980926514
"2025-04-02",4.19500017166138,4.20499992370605,4.19500017166138,4.20300006866455,0,4.20300006866455
"2025-04-03",4.18200016021729,4.18800020217896,4.17999982833862,4.18499994277954,0,4.18499994277954
"2025-04-04",4.1399998664856,4.16300010681152,4.09499979019165,4.15500020980835,0,4.15500020980835
"2025-04-07",4.11999988555908,4.15500020980835,4.11800003051758,4.15000009536743,0,4.15000009536743
"2025-04-08",4.17500019073486,4.19000005722046,4.17500019073486,4.17799997329712,0,4.17799997329712
"2025-04-09",4.20300006866455,4.24300003051758,4.20300006866455,4.22800016403198,0,4.22800016403198
"2025-04-10",4.19700002670288,4.20300006866455,4.18499994277954,4.19700002670288,0,4.19700002670288
"2025-04-11",4.17999982833862,4.21299982070923,4.17999982833862,4.21299982070923,0,4.21299982070923
"2025-04-14",4.20499992370605,4.21500015258789,4.19000005722046,4.19500017166138,0,4.19500017166138
"2025-04-15",4.21000003814697,4.21000003814697,4.19999980926514,4.19999980926514,0,4.19999980926514
"2025-04-16",4.19500017166138,4.21000003814697,4.19299983978271,4.20800018310547,0,4.20800018310547
"2025-04-17",4.19700002670288,4.20800018310547,4.19000005722046,4.20499992370605,0,4.20499992370605
"2025-04-21",4.20499992370605,4.21799993515015,4.19999980926514,4.21000003814697,0,4.21000003814697
"2025-04-22",4.21000003814697,4.21299982070923,4.21000003814697,4.21299982070923,0,4.21299982070923
"2025-04-23",4.20300006866455,4.20800018310547,4.20300006866455,4.20800018310547,0,4.20800018310547
"2025-04-24",4.19700002670288,4.19700002670288,4.19000005722046,4.19700002670288,0,4.19700002670288
"2025-04-25",4.19299983978271,4.19500017166138,4.19299983978271,4.19299983978271,0,4.19299983978271
"2025-04-28",4.19299983978271,4.19700002670288,4.19000005722046,4.19299983978271,0,4.19299983978271
"2025-04-29",4.19500017166138,4.19500017166138,4.19000005722046,4.19000005722046,0,4.19000005722046
"2025-04-30",4.18800020217896,4.19299983978271,4.18800020217896,4.19000005722046,0,4.19000005722046
"2025-05-01",4.17500019073486,4.19000005722046,4.17000007629395,4.18499994277954,0,4.18499994277954
"2025-05-02",4.18200016021729,4.21000003814697,4.17500019073486,4.20800018310547,0,4.20800018310547
"2025-05-05",4.20499992370605,4.21299982070923,4.20499992370605,4.20800018310547,0,4.20800018310547
"2025-05-06",4.21299982070923,4.21299982070923,4.21000003814697,4.21000003814697,0,4.21000003814697
"2025-05-07",4.21000003814697,4.21500015258789,4.16300010681152,4.21500015258789,0,4.21500015258789
"2025-05-08",4.20800018310547,4.21799993515015,4.20499992370605,4.21500015258789,0,4.21500015258789
"2025-05-09",4.21000003814697,4.21500015258789,4.21000003814697,4.21500015258789,0,4.21500015258789
"2025-05-12",4.25299978256226,4.28000020980835,4.25,4.28000020980835,0,4.28000020980835
"2025-05-13",4.28800010681152,4.28999996185303,4.28299999237061,4.28499984741211,0,4.28499984741211
"2025-05-14",4.28299999237061,4.28800010681152,4.28299999237061,4.28499984741211,0,4.28499984741211
"2025-05-15",4.27199983596802,4.27199983596802,4.25799989700317,4.25799989700317,0,4.25799989700317
"2025-05-16",4.24300003051758,4.24300003051758,4.2350001335144,4.23699998855591,0,4.23699998855591
"2025-05-19",4.23999977111816,4.24499988555908,4.23999977111816,4.23999977111816,0,4.23999977111816
"2025-05-20",4.26000022888184,4.26300001144409,4.24300003051758,4.2480001449585,0,4.2480001449585
"2025-05-21",4.2480001449585,4.2480001449585,4.23199987411499,4.2350001335144,0,4.2350001335144
"2025-05-22",4.22800016403198,4.2350001335144,4.22800016403198,4.23199987411499,0,4.23199987411499
"2025-05-23",4.23000001907349,4.23699998855591,4.22499990463257,4.23000001907349,0,4.23000001907349
"2025-05-27",4.23000001907349,4.23699998855591,4.19999980926514,4.20300006866455,0,4.20300006866455
"2025-05-28",4.22499990463257,4.22800016403198,4.22300004959106,4.22499990463257,0,4.22499990463257
"2025-05-29",4.21999979019165,4.23199987411499,4.21999979019165,4.23000001907349,0,4.23000001907349
"2025-05-30",4.22800016403198,4.2350001335144,4.22499990463257,4.23199987411499,0,4.23199987411499
"2025-06-02",4.22499990463257,4.23199987411499,4.22499990463257,4.23199987411499,0,4.23199987411499
"2025-06-03",4.23999977111816,4.23999977111816,4.2350001335144,4.2350001335144,0,4.2350001335144
"2025-06-04",4.23999977111816,4.24499988555908,4.23699998855591,4.23999977111816,0,4.23999977111816
"2025-06-05",4.23000001907349,4.23699998855591,4.22499990463257,4.23199987411499,0,4.23199987411499
"2025-06-06",4.23199987411499,4.23699998855591,4.23000001907349,4.23199987411499,0,4.23199987411499
"2025-06-09",4.23199987411499,4.24300003051758,4.23199987411499,4.23999977111816,0,4.23999977111816
"2025-06-10",4.24499988555908,4.25,4.24499988555908,4.25,0,4.25
"2025-06-11",4.25,4.25299978256226,4.24300003051758,4.25,0,4.25
"2025-06-12",4.2480001449585,4.30499982833862,4.24499988555908,4.25799989700317,0,4.25799989700317
"2025-06-13",4.24499988555908,4.25500011444092,4.23999977111816,4.23999977111816,0,4.23999977111816
"2025-06-16",4.2480001449585,4.2480001449585,4.24499988555908,4.2480001449585,0,4.2480001449585
"2025-06-17",4.22300004959106,4.22499990463257,4.21799993515015,4.21799993515015,0,4.21799993515015
"2025-06-18",4.22300004959106,4.22800016403198,4.17999982833862,4.22300004959106,0,4.22300004959106
"2025-06-20",4.21299982070923,4.21500015258789,4.19299983978271,4.19500017166138,0,4.19500017166138
"2025-06-23",4.19700002670288,4.19700002670288,4.15500020980835,4.15799999237061,0,4.15799999237061
"2025-06-24",4.17500019073486,4.18800020217896,4.1729998588562,4.18200016021729,0,4.18200016021729
"2025-06-25",4.18800020217896,4.19000005722046,4.17999982833862,4.18800020217896,0,4.18800020217896
"2025-06-26",4.18200016021729,4.19299983978271,4.17999982833862,4.19299983978271,0,4.19299983978271
"2025-06-27",4.20499992370605,4.20800018310547,4.19299983978271,4.19700002670288,0,4.19700002670288
"2025-06-30",4.18499994277954,4.19999980926514,4.18200016021729,4.19000005722046,0,4.19000005722046
"2025-07-01",4.21799993515015,4.22499990463257,4.20800018310547,4.22499990463257,0,4.22499990463257
"2025-07-02",4.20300006866455,4.22499990463257,4.20300006866455,4.22300004959106,0,4.22300004959106
"2025-07-03",4.21799993515015,4.23999977111816,4.21000003814697,4.23999977111816,0,4.23999977111816
"2025-07-07",4.24499988555908,4.2480001449585,4.23699998855591,4.24499988555908,0,4.24499988555908
"2025-07-08",4.23699998855591,4.25,4.23699998855591,4.25,0,4.25
"2025-07-09",4.25,4.25,4.24300003051758,4.24499988555908,0,4.24499988555908
"2025-07-10",4.23999977111816,4.24499988555908,4.23999977111816,4.23999977111816,0,4.23999977111816
"2025-07-11",4.24300003051758,4.24300003051758,4.23199987411499,4.23699998855591,0,4.23699998855591
"2025-07-14",4.23199987411499,4.23199987411499,4.22800016403198,4.22800016403198,0,4.22800016403198
"2025-07-15",4.2350001335144,4.24300003051758,4.22499990463257,4.23199987411499,0,4.23199987411499
"2025-07-16",4.23000001907349,4.2350001335144,4.21500015258789,4.22499990463257,0,4.22499990463257
"2025-07-17",4.22800016403198,4.2350001335144,4.22300004959106,4.2350001335144,0,4.2350001335144
"2025-07-18",4.2350001335144,4.2350001335144,4.22800016403198,4.23000001907349,0,4.23000001907349
"2025-07-21",4.22800016403198,4.23000001907349,4.21799993515015,4.22300004959106,0,4.22300004959106
"2025-07-22",4.23000001907349,4.23199987411499,4.22800016403198,4.23000001907349,0,4.23000001907349
"2025-07-23",4.23000001907349,4.23999977111816,4.22499990463257,4.23999977111816,0,4.23999977111816
"2025-07-24",4.23699998855591,4.24499988555908,4.23699998855591,4.24499988555908,0,4.24499988555908
"2025-07-25",4.23999977111816,4.24499988555908,4.23699998855591,4.24499988555908,0,4.24499988555908
"2025-07-28",4.24300003051758,4.25,4.23000001907349,4.2350001335144,0,4.2350001335144
"2025-07-29",4.23199987411499,4.2350001335144,4.22800016403198,4.23000001907349,0,4.23000001907349
"2025-07-30",4.23199987411499,4.2350001335144,4.21299982070923,4.23199987411499,0,4.23199987411499
"2025-07-31",4.23199987411499,4.2350001335144,4.22800016403198,4.2350001335144,0,4.2350001335144
"2025-08-01",4.22800016403198,4.22800016403198,4.14499998092651,4.18200016021729,0,4.18200016021729
"2025-08-04",4.17799997329712,4.17799997329712,4.15299987792969,4.15299987792969,0,4.15299987792969
"2025-08-05",4.15299987792969,4.15500020980835,4.15000009536743,4.15000009536743,0,4.15000009536743
"2025-08-06",4.15299987792969,4.15299987792969,4.125,4.13299989700317,0,4.13299989700317
"2025-08-07",4.12799978256226,4.13800001144409,4.125,4.13800001144409,0,4.13800001144409
"2025-08-08",4.12799978256226,4.13299989700317,4.12799978256226,4.13299989700317,0,4.13299989700317
"2025-08-11",4.13500022888184,4.14699983596802,4.13299989700317,4.14300012588501,0,4.14300012588501
"2025-08-12",4.14300012588501,4.14300012588501,4.11499977111816,4.13000011444092,0,4.13000011444092
"2025-08-13",4.11800003051758,4.11999988555908,4.10300016403198,4.1100001335144,0,4.1100001335144
"2025-08-14",4.09299993515015,4.11499977111816,4.09000015258789,4.11199998855591,0,4.11199998855591
"2025-08-15",4.10300016403198,4.11199998855591,4.09800004959106,4.11199998855591,0,4.11199998855591
"2025-08-18",4.10699987411499,4.1230001449585,4.10699987411499,4.1230001449585,0,4.1230001449585
"2025-08-19",4.11499977111816,4.11800003051758,4.1100001335144,4.1100001335144,0,4.1100001335144
"2025-08-20",4.11199998855591,4.11499977111816,4.10300016403198,4.11499977111816,0,4.11499977111816
"2025-08-21",4.11199998855591,4.13299989700317,4.1100001335144,4.12799978256226,0,4.12799978256226
"2025-08-22",4.1230001449585,4.1230001449585,4.07800006866455,4.08799982070923,0,4.08799982070923
"2025-08-25",4.09800004959106,4.10300016403198,4.08799982070923,4.09299993515015,0,4.09299993515015
"2025-08-26",4.09000015258789,4.09299993515015,4.08500003814697,4.08799982070923,0,4.08799982070923
"2025-08-27",4.07999992370605,4.07999992370605,4.05999994277954,4.05999994277954,0,4.05999994277954
"2025-08-28",4.07200002670288,4.07800006866455,4.06799983978271,4.07200002670288,0,4.07200002670288
"2025-08-29",4.07200002670288,4.07200002670288,4.03999996185303,4.04300022125244,0,4.04300022125244
"2025-09-02",4.04300022125244,4.04500007629395,4.02799987792969,4.03200006484985,0,4.03200006484985
"2025-09-03",4.03499984741211,4.03499984741211,4.01000022888184,4.01800012588501,0,4.01800012588501
"2025-09-04",4.00299978256226,4.01300001144409,3.99499988555908,3.99799990653992,0,3.99799990653992
"2025-09-05",3.96499991416931,3.96499991416931,3.89800000190735,3.91000008583069,0,3.91000008583069
"2025-09-08",3.90799999237061,3.92799997329712,3.89800000190735,3.92799997329712,0,3.92799997329712
"2025-09-09",3.94000005722046,3.94300007820129,3.92300009727478,3.94300007820129,0,3.94300007820129
"2025-09-10",3.94000005722046,3.94000005722046,3.9300000667572,3.9300000667572,0,3.9300000667572
"2025-09-11",3.93799996376038,3.94000005722046,3.91000008583069,3.92799997329712,0,3.92799997329712
"2025-09-12",3.92799997329712,3.93499994277954,3.92799997329712,3.92799997329712,0,3.92799997329712
"2025-09-15",3.92499995231628,3.9300000667572,3.89299988746643,3.90000009536743,0,3.90000009536743
"2025-09-16",3.90000009536743,3.90000009536743,3.89000010490417,3.89000010490417,0,3.89000010490417
"2025-09-17",3.875,3.88000011444092,3.79800009727478,3.86800003051758,0,3.86800003051758
"2025-09-18",3.86299991607666,3.88000011444092,3.85999989509583,3.88000011444092,0,3.88000011444092
"2025-09-19",3.87800002098083,3.87800002098083,3.87800002098083,3.87800002098083,0,3.87800002098083
"2025-09-22",3.87299990653992,3.875,3.83999991416931,3.84800004959106,0,3.84800004959106
"2025-09-23",3.84500002861023,3.84800004959106,3.84299993515015,3.84500002861023,0,3.84500002861023
"2025-09-24",3.84999990463257,3.85800004005432,3.84800004959106,3.85800004005432,0,3.85800004005432
"2025-09-25",3.89000010490417,3.89800000190735,3.87800002098083,3.88299989700317,0,3.88299989700317
"2025-09-26",3.86800003051758,3.875,3.84800004959106,3.85999989509583,0,3.85999989509583
"2025-09-29",3.84999990463257,3.86500000953674,3.84800004959106,3.86299991607666,0,3.86299991607666
