"Index","NDX.Open","NDX.High","NDX.Low","NDX.Close","NDX.Volume","NDX.Adjusted"
"2003-01-02",995.640014648438,1027.91003417969,984.590026855469,1027.85998535156,1287540000,1027.85998535156
"2003-01-03",1024.46997070312,1033.36999511719,1018.15997314453,1031.63000488281,1149590000,1031.63000488281
"2003-01-06",1034.02001953125,1068.48999023438,1034.02001953125,1061.47998046875,1567690000,1061.47998046875
"2003-01-07",1063.18005371094,1082.52001953125,1057.16003417969,1071.84997558594,1755760000,1071.84997558594
"2003-01-08",1063.47998046875,1065.68994140625,1040.38000488281,1042.52001953125,1457010000,1042.52001953125
"2003-01-09",1056.60998535156,1084.69995117188,1056.05004882812,1076.05004882812,1685990000,1076.05004882812
"2003-01-10",1059.85998535156,1096.44995117188,1056.31005859375,1087.35998535156,1652320000,1087.35998535156
"2003-01-13",1101.23999023438,1104.31994628906,1075.9599609375,1083,1376040000,1083
"2003-01-14",1082.36999511719,1097.7099609375,1080.84997558594,1094.86999511719,1329340000,1094.86999511719
"2003-01-15",1096.9599609375,1099.89001464844,1069.9599609375,1073.59997558594,1513080000,1073.59997558594
"2003-01-16",1076.18005371094,1084.35998535156,1057.86999511719,1061.4599609375,1366550000,1061.4599609375
"2003-01-17",1041.43005371094,1041.43005371094,1017.53002929688,1017.58001708984,1433840000,1017.58001708984
"2003-01-21",1022.94000244141,1028.31994628906,1008.92999267578,1008.92999267578,1355410000,1008.92999267578
"2003-01-22",1005.57000732422,1027.07995605469,1003.58001708984,1006.51000976562,1477520000,1006.51000976562
"2003-01-23",1024.46997070312,1039.16003417969,1011.11999511719,1032.67004394531,1566510000,1032.67004394531
"2003-01-24",1027.69995117188,1027.69995117188,992.849975585938,996.179992675781,1568350000,996.179992675781
"2003-01-27",985.080017089844,1006.26000976562,982.02001953125,986.409973144531,1440300000,986.409973144531
"2003-01-28",996.880004882812,1006.51000976562,983.950012207031,1001.40997314453,1406660000,1001.40997314453
"2003-01-29",994.599975585938,1022.97998046875,980.919982910156,1016.55999755859,1507590000,1016.55999755859
"2003-01-30",1018.47998046875,1022.21002197266,985.159973144531,985.52001953125,1446130000,985.52001953125
"2003-01-31",971.599975585938,996.039978027344,968.340026855469,983.049987792969,1554810000,983.049987792969
"2003-02-03",987.369995117188,997.559997558594,981.369995117188,987.070007324219,1256550000,987.070007324219
"2003-02-04",972.929992675781,974.679992675781,960.010009765625,971.72998046875,1368150000,971.72998046875
"2003-02-05",980.75,999.159973144531,967.590026855469,968.969970703125,1367130000,968.969970703125
"2003-02-06",966.049987792969,979.179992675781,960.809997558594,970.549987792969,1219320000,970.549987792969
"2003-02-07",980.5,983.359985351562,951.669982910156,957.049987792969,1228850000,957.049987792969
"2003-02-10",961.690002441406,974.47998046875,950.809997558594,969.960021972656,1216440000,969.960021972656
"2003-02-11",975.52001953125,989.320007324219,962.440002441406,971.609985351562,1296190000,971.609985351562
"2003-02-12",967.890014648438,978.059997558594,956.570007324219,956.77001953125,1231070000,956.77001953125
"2003-02-13",959.559997558594,959.72998046875,938.52001953125,951.900024414062,1310440000,951.900024414062
"2003-02-14",958.200012207031,982.119995117188,952.700012207031,982.090026855469,1315410000,982.090026855469
"2003-02-18",990.210021972656,1015.34002685547,989.820007324219,1014.90997314453,1303930000,1014.90997314453
"2003-02-19",1011.69000244141,1014.64001464844,994.25,1005.88000488281,1179700000,1005.88000488281
"2003-02-20",1010.5,1015.21997070312,999.580017089844,1001.46997070312,1320410000,1001.46997070312
"2003-02-21",1002.14001464844,1019.25,986.72998046875,1015.91998291016,1342440000,1015.91998291016
"2003-02-24",1009.14001464844,1013.20001220703,994.22998046875,994.690002441406,1222480000,994.690002441406
"2003-02-25",981.52001953125,1001.71997070312,969.559997558594,999.280029296875,1395960000,999.280029296875
"2003-02-26",992.909973144531,1001.98999023438,973.929992675781,974.489990234375,1207090000,974.489990234375
"2003-02-27",982.510009765625,1000.97998046875,976.599975585938,994.799987792969,1238110000,994.799987792969
"2003-02-28",998.260009765625,1013.34002685547,994.789978027344,1009.73999023438,1354370000,1009.73999023438
"2003-03-03",1015.86999511719,1023.46997070312,988.400024414062,991.070007324219,1253490000,991.070007324219
"2003-03-04",991.599975585938,994.349975585938,982.059997558594,982.97998046875,1221830000,982.97998046875
"2003-03-05",981.669982910156,995.190002441406,978.400024414062,990.22998046875,1360590000,990.22998046875
"2003-03-06",982.039978027344,991.690002441406,976.549987792969,983.960021972656,1262310000,983.960021972656
"2003-03-07",967.929992675781,992.109985351562,964.25,986.820007324219,1436040000,986.820007324219
"2003-03-10",977.950012207031,982.869995117188,962.47998046875,964.289978027344,1119970000,964.289978027344
"2003-03-11",966.739990234375,973.859985351562,956.940002441406,958.820007324219,1251740000,958.820007324219
"2003-03-12",954.659973144531,971.390014648438,946.789978027344,970.539978027344,1533600000,970.539978027344
"2003-03-13",990.359985351562,1029.83996582031,981.580017089844,1029.7900390625,1789080000,1029.7900390625
"2003-03-14",1034.43005371094,1042.56005859375,1020.16998291016,1030.44995117188,1611050000,1030.44995117188
"2003-03-17",1021.96997070312,1077.14001464844,1018.76000976562,1077.01000976562,1886510000,1077.01000976562
"2003-03-18",1075.30004882812,1082.19995117188,1063.21997070312,1082.18994140625,1632220000,1082.18994140625
"2003-03-19",1078.18994140625,1083.10998535156,1058.81005859375,1074.96997070312,1694670000,1074.96997070312
"2003-03-20",1064.31994628906,1089.2099609375,1052.92004394531,1080.23999023438,1596740000,1080.23999023438
"2003-03-21",1096.30004882812,1099.60998535156,1078.64001464844,1093.11999511719,1911550000,1093.11999511719
"2003-03-24",1064.65002441406,1068.4599609375,1045.65002441406,1047.09997558594,1317380000,1047.09997558594
"2003-03-25",1051.7099609375,1075.43005371094,1047.06005859375,1066.56994628906,1437240000,1066.56994628906
"2003-03-26",1065.78002929688,1074.97998046875,1060.05004882812,1066.30004882812,1418520000,1066.30004882812
"2003-03-27",1055.69995117188,1070.67004394531,1049.5,1061.93005371094,1441300000,1061.93005371094
"2003-03-28",1052.25,1061.82995605469,1044.38000488281,1046.71997070312,1364880000,1046.71997070312
"2003-03-31",1028.43005371094,1032.91003417969,1014.96002197266,1018.65997314453,1596280000,1018.65997314453
"2003-04-01",1025.02001953125,1031.51000976562,1015.46002197266,1022.63000488281,1412110000,1022.63000488281
"2003-04-02",1047.39001464844,1066.90002441406,1047.39001464844,1063.4599609375,1609690000,1063.4599609375
"2003-04-03",1070.51000976562,1078.76000976562,1058.01000976562,1064.06005859375,1445510000,1064.06005859375
"2003-04-04",1067.51000976562,1067.51000976562,1044.36999511719,1050.69995117188,1366800000,1050.69995117188
"2003-04-07",1089.93005371094,1091.73999023438,1053.21997070312,1053.28002929688,1516080000,1053.28002929688
"2003-04-08",1051.75,1056.03002929688,1041.46997070312,1046.30004882812,1312770000,1046.30004882812
"2003-04-09",1048.92004394531,1055.89001464844,1023.47998046875,1023.52001953125,1.312e+09,1023.52001953125
"2003-04-10",1024.73999023438,1035.60998535156,1018.16998291016,1033.14001464844,1235410000,1033.14001464844
"2003-04-11",1046.44995117188,1051.88000488281,1020.55999755859,1026.15002441406,1237570000,1026.15002441406
"2003-04-14",1028,1050.51000976562,1025.80004882812,1048.31005859375,1173640000,1048.31005859375
"2003-04-15",1044.32995605469,1058.5400390625,1039.98999023438,1053.07995605469,1295900000,1053.07995605469
"2003-04-16",1070.64001464844,1078.22998046875,1051.52001953125,1054.89001464844,1551600000,1054.89001464844
"2003-04-17",1051.35998535156,1084.81005859375,1051.35998535156,1083.56005859375,1.644e+09,1083.56005859375
"2003-04-21",1083.75,1089.7099609375,1070.85998535156,1081.0400390625,1271170000,1081.0400390625
"2003-04-22",1073.88000488281,1103.81005859375,1072.13000488281,1102.43994140625,1614310000,1102.43994140625
"2003-04-23",1105.44995117188,1115.67004394531,1096.92004394531,1112.93005371094,1818020000,1112.93005371094
"2003-04-24",1100.83996582031,1115.35998535156,1097.18994140625,1108.11999511719,1661540000,1108.11999511719
"2003-04-25",1100.65002441406,1101.76000976562,1081.33996582031,1083.18994140625,1515730000,1083.18994140625
"2003-04-28",1086.57995605469,1110.5,1084.77001953125,1107.13000488281,1477750000,1107.13000488281
"2003-04-29",1113.05004882812,1126.57995605469,1103.7900390625,1116.7900390625,1670600000,1116.7900390625
"2003-04-30",1111.5400390625,1116.84997558594,1104.39001464844,1106.06005859375,1619230000,1106.06005859375
"2003-05-01",1104.38000488281,1119.67004394531,1094.42004394531,1113.2099609375,1473860000,1113.2099609375
"2003-05-02",1109.92004394531,1137.44995117188,1109.66003417969,1136.34997558594,1826120000,1136.34997558594
"2003-05-05",1139.59997558594,1152.9599609375,1132.98999023438,1136.26000976562,1932030000,1136.26000976562
"2003-05-06",1134.56005859375,1161,1134.46997070312,1152.78002929688,2139720000,1152.78002929688
"2003-05-07",1142.88000488281,1152.68005371094,1131.36999511719,1135.84997558594,1927720000,1135.84997558594
"2003-05-08",1120.53002929688,1132.28002929688,1116.67004394531,1118.76000976562,1.619e+09,1118.76000976562
"2003-05-09",1129.2900390625,1143.96997070312,1126.13000488281,1143.55004882812,1545190000,1143.55004882812
"2003-05-12",1141.07995605469,1163.75,1133.89001464844,1160.42004394531,1796940000,1160.42004394531
"2003-05-13",1152.75,1165.53002929688,1148.51000976562,1155.96997070312,1856230000,1155.96997070312
"2003-05-14",1161.46997070312,1165.19995117188,1140.77001953125,1148.14001464844,1816790000,1148.14001464844
"2003-05-15",1155.10998535156,1164.5,1149.0400390625,1162.93005371094,1982130000,1162.93005371094
"2003-05-16",1158.51000976562,1162.64001464844,1146.2900390625,1154.47998046875,1783450000,1154.47998046875
"2003-05-19",1146.73999023438,1152.58996582031,1112.27001953125,1112.48999023438,1684210000,1112.48999023438
"2003-05-20",1118.30004882812,1124.33996582031,1103.19995117188,1112.84997558594,1699750000,1112.84997558594
"2003-05-21",1110.78002929688,1115.56005859375,1104.10998535156,1113.68005371094,1588960000,1113.68005371094
"2003-05-22",1116.2099609375,1137.68005371094,1112.58996582031,1131.44995117188,1783870000,1131.44995117188
"2003-05-23",1128.41003417969,1135.48999023438,1125.23999023438,1130.05004882812,1448770000,1130.05004882812
"2003-05-27",1123.66003417969,1174.16003417969,1123.25,1172.57995605469,1932760000,1172.57995605469
"2003-05-28",1172.98999023438,1181.93005371094,1165.33996582031,1173.31005859375,2042270000,1173.31005859375
"2003-05-29",1175.40002441406,1198.43005371094,1172.52001953125,1181.81994628906,2228880000,1181.81994628906
"2003-05-30",1188.63000488281,1201.25,1185.08996582031,1197.89001464844,2314660000,1197.89001464844
"2003-06-02",1210.77001953125,1213.76000976562,1180.31994628906,1185.13000488281,2517530000,1185.13000488281
"2003-06-03",1183.59997558594,1198.94995117188,1180.01000976562,1198.56994628906,2067880000,1198.56994628906
"2003-06-04",1199.73999023438,1228.52001953125,1195.9599609375,1224.76000976562,2515710000,1224.76000976562
"2003-06-05",1210.64001464844,1231.7900390625,1206.26000976562,1231.71997070312,2449080000,1231.71997070312
"2003-06-06",1254.64001464844,1265.68994140625,1210.32995605469,1213.10998535156,2962610000,1213.10998535156
"2003-06-09",1206.94995117188,1214.21997070312,1188.0400390625,1195.55004882812,1856700000,1195.55004882812
"2003-06-10",1201.26000976562,1212.98999023438,1194.19995117188,1212.98999023438,1791650000,1212.98999023438
"2003-06-11",1210.60998535156,1230.5,1199.46997070312,1228.23999023438,1932200000,1228.23999023438
"2003-06-12",1233.47998046875,1235.88000488281,1218.02001953125,1229.31994628906,1790700000,1229.31994628906
"2003-06-13",1231.75,1235.42004394531,1201.11999511719,1203.91003417969,1813140000,1203.91003417969
"2003-06-16",1211.57995605469,1242.5,1206.13000488281,1241.57995605469,1912560000,1241.57995605469
"2003-06-17",1247.56994628906,1247.56994628906,1229.72998046875,1239.63000488281,1968630000,1239.63000488281
"2003-06-18",1233.82995605469,1255.39001464844,1225.69995117188,1247.90002441406,2082080000,1247.90002441406
"2003-06-19",1247.5,1255.30004882812,1222.86999511719,1225.89001464844,1957720000,1225.89001464844
"2003-06-20",1235.19995117188,1235.83996582031,1217.18994140625,1223.40002441406,1767110000,1223.40002441406
"2003-06-23",1220.18994140625,1221.65002441406,1189.78002929688,1200.17004394531,1694940000,1200.17004394531
"2003-06-24",1196.61999511719,1209.83996582031,1188.19995117188,1191.69995117188,1619510000,1191.69995117188
"2003-06-25",1193.16003417969,1212.7900390625,1186.53002929688,1188.32995605469,1563620000,1188.32995605469
"2003-06-26",1194.86999511719,1217.2099609375,1191.18994140625,1214.57995605469,1560860000,1214.57995605469
"2003-06-27",1216.85998535156,1229.10998535156,1199.59997558594,1205.23999023438,1553940000,1205.23999023438
"2003-06-30",1212.51000976562,1218.80004882812,1199.82995605469,1201.68994140625,1792820000,1201.68994140625
"2003-07-01",1195.30004882812,1219.22998046875,1180.10998535156,1217.36999511719,1711820000,1217.36999511719
"2003-07-02",1223.18994140625,1245.78002929688,1223.06005859375,1245.75,1866650000,1245.75
"2003-07-03",1233.40002441406,1250.61999511719,1228.40002441406,1231.33996582031,944910000,1231.33996582031
"2003-07-07",1250.03002929688,1282.31005859375,1250.03002929688,1281.89001464844,1836380000,1281.89001464844
"2003-07-08",1275.7900390625,1298.93005371094,1272.2900390625,1298.36999511719,2018490000,1298.36999511719
"2003-07-09",1294.57995605469,1307.03002929688,1285.42004394531,1295.16003417969,2113620000,1295.16003417969
"2003-07-10",1280.43994140625,1286.02001953125,1260.76000976562,1268.65002441406,1733800000,1268.65002441406
"2003-07-11",1273.93994140625,1285.84997558594,1271.76000976562,1280.56994628906,1516880000,1280.56994628906
"2003-07-14",1301.18994140625,1316.42004394531,1290.47998046875,1295.73999023438,1973180000,1295.73999023438
"2003-07-15",1309.68994140625,1311.09997558594,1285.56005859375,1294.46997070312,1915630000,1294.46997070312
"2003-07-16",1305.76000976562,1306.52001953125,1277.4599609375,1291.98999023438,1920560000,1291.98999023438
"2003-07-17",1274.72998046875,1279.81994628906,1249.58996582031,1255.93994140625,1912680000,1255.93994140625
"2003-07-18",1265,1267.68994140625,1244.10998535156,1259.91003417969,1602890000,1259.91003417969
"2003-07-21",1256.11999511719,1256.44995117188,1232.16003417969,1240.78002929688,1459310000,1240.78002929688
"2003-07-22",1252.98999023438,1265.40002441406,1242.17004394531,1257.63000488281,1749720000,1257.63000488281
"2003-07-23",1262.58996582031,1270.43994140625,1246.89001464844,1268.52001953125,1834980000,1268.52001953125
"2003-07-24",1282.13000488281,1287.44995117188,1252.11999511719,1253.76000976562,1901240000,1253.76000976562
"2003-07-25",1252.61999511719,1278.31005859375,1237.75,1278.31005859375,1587980000,1278.31005859375
"2003-07-28",1281.5,1285.85998535156,1272.01000976562,1280.53002929688,1535820000,1280.53002929688
"2003-07-29",1284.23999023438,1287.83996582031,1257.13000488281,1275.17004394531,1703800000,1275.17004394531
"2003-07-30",1276.57995605469,1277.18994140625,1261.68005371094,1263.78002929688,1513760000,1263.78002929688
"2003-07-31",1278.2900390625,1298.81005859375,1269.89001464844,1276.93994140625,1858470000,1276.93994140625
"2003-08-01",1274.60998535156,1276.98999023438,1260.08996582031,1264.33996582031,1484040000,1264.33996582031
"2003-08-04",1263.61999511719,1277.06994628906,1240.67004394531,1267.38000488281,1573410000,1267.38000488281
"2003-08-05",1263.7900390625,1263.82995605469,1226.81994628906,1229.71997070312,1743380000,1229.71997070312
"2003-08-06",1221.98999023438,1237.14001464844,1211.27001953125,1215.13000488281,1862270000,1215.13000488281
"2003-08-07",1214.89001464844,1225.2900390625,1208.73999023438,1217.17004394531,1638040000,1217.17004394531
"2003-08-08",1223.66003417969,1227.42004394531,1204.2900390625,1207.28002929688,1336330000,1207.28002929688
"2003-08-11",1209.34997558594,1230.26000976562,1208.32995605469,1223.14001464844,1203780000,1223.14001464844
"2003-08-12",1227.5,1241.61999511719,1220.11999511719,1240.69995117188,1329840000,1240.69995117188
"2003-08-13",1247.56005859375,1249.14001464844,1233.80004882812,1240.36999511719,1449200000,1240.36999511719
"2003-08-14",1241.17004394531,1254,1235.05004882812,1251.90002441406,1311570000,1251.90002441406
"2003-08-15",1250.44995117188,1257.4599609375,1246.31994628906,1253.63000488281,703950000,1253.63000488281
"2003-08-18",1258.18005371094,1284.88000488281,1256.90002441406,1284.81005859375,1476310000,1284.81005859375
"2003-08-19",1291.36999511719,1301.31005859375,1281.7099609375,1299.68994140625,1724390000,1299.68994140625
"2003-08-20",1289.43005371094,1307.44995117188,1288.75,1299.72998046875,1506760000,1299.72998046875
"2003-08-21",1309.56994628906,1319.88000488281,1299.02001953125,1314.65002441406,1722470000,1314.65002441406
"2003-08-22",1338.18994140625,1342.64001464844,1304.51000976562,1304.5400390625,1705200000,1304.5400390625
"2003-08-25",1302.5,1307.84997558594,1295.81994628906,1306.64001464844,1117840000,1306.64001464844
"2003-08-26",1298.22998046875,1309.82995605469,1280.58996582031,1309.05004882812,1382860000,1309.05004882812
"2003-08-27",1305.97998046875,1320.02001953125,1303.15002441406,1318.93005371094,1349730000,1318.93005371094
"2003-08-28",1323.2099609375,1332.46997070312,1308.97998046875,1332.32995605469,1466510000,1332.32995605469
"2003-08-29",1328.48999023438,1344.73999023438,1327.93005371094,1341.19995117188,1206180000,1341.19995117188
"2003-09-02",1347.64001464844,1361.08996582031,1333.2900390625,1361.08996582031,1773780000,1361.08996582031
"2003-09-03",1370.34997558594,1375.30004882812,1354.71997070312,1360.18994140625,2333120000,1360.18994140625
"2003-09-04",1360.21997070312,1376.06005859375,1356.22998046875,1373.26000976562,1886580000,1373.26000976562
"2003-09-05",1366.2900390625,1380.23999023438,1355.02001953125,1361.90002441406,1952040000,1361.90002441406
"2003-09-08",1366.55004882812,1387.44995117188,1365.08996582031,1386.72998046875,2032940000,1386.72998046875
"2003-09-09",1380.13000488281,1382.10998535156,1364.93994140625,1370.56005859375,2220160000,1370.56005859375
"2003-09-10",1357.80004882812,1362.83996582031,1332.28002929688,1332.28002929688,2001600000,1332.28002929688
"2003-09-11",1339.88000488281,1358.02001953125,1327.92004394531,1350.80004882812,1748050000,1350.80004882812
"2003-09-12",1340.78002929688,1357.63000488281,1330.31005859375,1357.63000488281,1713770000,1357.63000488281
"2003-09-15",1359.96997070312,1363.47998046875,1345.93994140625,1347.77001953125,1463950000,1347.77001953125
"2003-09-16",1348.75,1383.47998046875,1348.75,1382.81994628906,1788770000,1382.81994628906
"2003-09-17",1379.36999511719,1388.18005371094,1369.76000976562,1376.80004882812,1903800000,1376.80004882812
"2003-09-18",1374.56005859375,1401.64001464844,1368.60998535156,1400.13000488281,2011010000,1400.13000488281
"2003-09-19",1406.60998535156,1406.60998535156,1383.23999023438,1392.26000976562,1.885e+09,1392.26000976562
"2003-09-22",1371.18005371094,1374.90002441406,1358.59997558594,1366.31994628906,1720080000,1366.31994628906
"2003-09-23",1367.91003417969,1388.67004394531,1364.67004394531,1388.15002441406,1868800000,1388.15002441406
"2003-09-24",1388.5400390625,1388.5400390625,1339.60998535156,1339.64001464844,2207970000,1339.64001464844
"2003-09-25",1344.63000488281,1357.98999023438,1325.68994140625,1325.75,2033060000,1325.75
"2003-09-26",1323.86999511719,1333.97998046875,1309.19995117188,1309.31005859375,1841530000,1309.31005859375
"2003-09-29",1318.32995605469,1335.56005859375,1306.10998535156,1335.51000976562,1666930000,1335.51000976562
"2003-09-30",1323.94995117188,1325.41003417969,1302.26000976562,1303.69995117188,1864240000,1303.69995117188
"2003-10-01",1312.43005371094,1336.13000488281,1306.32995605469,1335.33996582031,1821740000,1335.33996582031
"2003-10-02",1332.16003417969,1343.98999023438,1325.93005371094,1337.09997558594,1604090000,1337.09997558594
"2003-10-03",1363.09997558594,1385.7900390625,1363.09997558594,1375.31994628906,2014580000,1375.31994628906
"2003-10-06",1378.19995117188,1384.10998535156,1370.44995117188,1381.69995117188,1375810000,1381.69995117188
"2003-10-07",1372.08996582031,1392.65002441406,1368.13000488281,1392.56005859375,1840280000,1392.56005859375
"2003-10-08",1398.4599609375,1398.98999023438,1376.40002441406,1382.40002441406,1801870000,1382.40002441406
"2003-10-09",1404.88000488281,1418.08996582031,1386.63000488281,1396.94995117188,2083460000,1396.94995117188
"2003-10-10",1399.18005371094,1406.27001953125,1393.96997070312,1404.86999511719,1464990000,1404.86999511719
"2003-10-13",1412.36999511719,1422.28002929688,1405.05004882812,1414.71997070312,1498730000,1414.71997070312
"2003-10-14",1411.53002929688,1421,1406.39001464844,1420.66003417969,1757290000,1420.66003417969
"2003-10-15",1439.96997070312,1439.96997070312,1409.77001953125,1417.58996582031,2017190000,1417.58996582031
"2003-10-16",1411.22998046875,1427.60998535156,1411.07995605469,1426.7099609375,1765870000,1426.7099609375
"2003-10-17",1423.98999023438,1426.38000488281,1392.07995605469,1394.02001953125,1747150000,1394.02001953125
"2003-10-20",1395.41003417969,1409.31005859375,1388.5400390625,1409.31005859375,1537390000,1409.31005859375
"2003-10-21",1413.01000976562,1424.80004882812,1405.51000976562,1422.13000488281,1735740000,1422.13000488281
"2003-10-22",1403.76000976562,1404.05004882812,1385.15002441406,1387.40002441406,1711460000,1387.40002441406
"2003-10-23",1371.90002441406,1387.01000976562,1369.91003417969,1378.10998535156,1937090000,1378.10998535156
"2003-10-24",1360.55004882812,1370.67004394531,1346.01000976562,1370.60998535156,1957040000,1370.60998535156
"2003-10-27",1378.94995117188,1384.91003417969,1369.38000488281,1377.41003417969,1518680000,1377.41003417969
"2003-10-28",1385.56994628906,1420.02001953125,1382.88000488281,1420.02001953125,2076260000,1420.02001953125
"2003-10-29",1414.18005371094,1423.68994140625,1410.51000976562,1419.92004394531,1968120000,1419.92004394531
"2003-10-30",1437.65002441406,1437.76000976562,1413.56994628906,1417.38000488281,2158840000,1417.38000488281
"2003-10-31",1423.39001464844,1443.18005371094,1411.76000976562,1416.39001464844,1833200000,1416.39001464844
"2003-11-03",1423.13000488281,1445.71997070312,1422.31994628906,1443.13000488281,2089430000,1443.13000488281
"2003-11-04",1434.34997558594,1442.27001953125,1425.26000976562,1429.38000488281,2081990000,1429.38000488281
"2003-11-05",1428.0400390625,1437.84997558594,1414.36999511719,1429.56005859375,2018140000,1429.56005859375
"2003-11-06",1439.21997070312,1443.06005859375,1421.56005859375,1440.07995605469,2141830000,1440.07995605469
"2003-11-07",1450.46997070312,1453.4599609375,1436.13000488281,1436.72998046875,1957330000,1436.72998046875
"2003-11-10",1435.86999511719,1437.06005859375,1412.14001464844,1414.61999511719,1750150000,1414.61999511719
"2003-11-11",1412.5,1418.4599609375,1401.44995117188,1409.64001464844,1637810000,1409.64001464844
"2003-11-12",1414.2099609375,1443.52001953125,1413.83996582031,1443.52001953125,1837190000,1443.52001953125
"2003-11-13",1434.75,1442.27001953125,1429.21997070312,1439.86999511719,1871860000,1439.86999511719
"2003-11-14",1438.98999023438,1448.06005859375,1407.40002441406,1407.51000976562,1829730000,1407.51000976562
"2003-11-17",1399.38000488281,1402.60998535156,1377.90002441406,1393.75,1861100000,1393.75
"2003-11-18",1401.4599609375,1405.93994140625,1364.69995117188,1364.69995117188,1898710000,1364.69995117188
"2003-11-19",1368.46997070312,1382.93994140625,1363.08996582031,1378.90002441406,1798010000,1378.90002441406
"2003-11-20",1365.72998046875,1394.38000488281,1362.08996582031,1363.48999023438,1799100000,1363.48999023438
"2003-11-21",1370.63000488281,1375.93994140625,1357.25,1373.31994628906,1621590000,1373.31994628906
"2003-11-24",1385.19995117188,1419.31005859375,1385.19995117188,1419.31005859375,1791020000,1419.31005859375
"2003-11-25",1418.26000976562,1424.34997558594,1411.35998535156,1411.35998535156,1836350000,1411.35998535156
"2003-11-26",1422.01000976562,1426.28002929688,1400,1420.10998535156,1524790000,1420.10998535156
"2003-11-28",1417.41003417969,1426.76000976562,1416.2099609375,1424.25,703800000,1424.25
"2003-12-01",1434.09997558594,1447.07995605469,1427.11999511719,1447.07995605469,1840020000,1447.07995605469
"2003-12-02",1441.7099609375,1447.83996582031,1431.31994628906,1431.89001464844,1802760000,1431.89001464844
"2003-12-03",1440.36999511719,1452.03002929688,1419.77001953125,1419.77001953125,2241590000,1419.77001953125
"2003-12-04",1424.65002441406,1434.28002929688,1411.13000488281,1432.38000488281,2114230000,1432.38000488281
"2003-12-05",1415.78002929688,1429.18994140625,1405.55004882812,1406.91003417969,1665920000,1406.91003417969
"2003-12-08",1406.02001953125,1419.10998535156,1399.41003417969,1418.05004882812,1583730000,1418.05004882812
"2003-12-09",1423.75,1425.01000976562,1383,1383.66003417969,1813530000,1383.66003417969
"2003-12-10",1387.25,1394.68994140625,1372.86999511719,1388.9599609375,1946310000,1388.9599609375
"2003-12-11",1388.88000488281,1422.48999023438,1387.46997070312,1416.9599609375,1807550000,1416.9599609375
"2003-12-12",1419.69995117188,1419.69995117188,1404.40002441406,1417.27001953125,1457100000,1417.27001953125
"2003-12-15",1442.05004882812,1442.65002441406,1396.81994628906,1396.81994628906,1815500000,1396.81994628906
"2003-12-16",1397.41003417969,1407.38000488281,1384.52001953125,1403.28002929688,1811430000,1403.28002929688
"2003-12-17",1400.78002929688,1406.22998046875,1390.82995605469,1400,1501340000,1400
"2003-12-18",1404.07995605469,1432.64001464844,1404.07995605469,1431.31005859375,1714080000,1431.31005859375
"2003-12-19",1434.93005371094,1434.93005371094,1416.2099609375,1426.17004394531,1844570000,1426.17004394531
"2003-12-22",1422.7900390625,1433.7099609375,1419.81994628906,1431.7099609375,1283590000,1431.7099609375
"2003-12-23",1431.64001464844,1448.18994140625,1430.0400390625,1448.17004394531,1.321e+09,1448.17004394531
"2003-12-24",1442.57995605469,1447.56994628906,1439.7099609375,1443.18994140625,642630000,1443.18994140625
"2003-12-26",1444.41003417969,1451.2099609375,1442.2900390625,1443.85998535156,530810000,1443.85998535156
"2003-12-29",1447.61999511719,1470.36999511719,1447.61999511719,1470.36999511719,1413210000,1470.36999511719
"2003-12-30",1467.73999023438,1470.38000488281,1460.67004394531,1470.01000976562,1544270000,1470.01000976562
"2003-12-31",1471.56005859375,1474.23999023438,1459.06005859375,1467.92004394531,1775710000,1467.92004394531
"2004-01-02",1474.16003417969,1479.58996582031,1458.51000976562,1463.56994628906,1666780000,1463.56994628906
"2004-01-05",1474.55004882812,1496.57995605469,1474.18994140625,1496.57995605469,2362910000,1496.57995605469
"2004-01-06",1492.41003417969,1504.46997070312,1486.58996582031,1501.26000976562,2273220000,1501.26000976562
"2004-01-07",1498.38000488281,1514.44995117188,1491.19995117188,1514.26000976562,2294280000,1514.26000976562
"2004-01-08",1524.06005859375,1530.65002441406,1513.33996582031,1530.65002441406,2683950000,1530.65002441406
"2004-01-09",1516.58996582031,1541.83996582031,1512.85998535156,1520.4599609375,2482760000,1520.4599609375
"2004-01-12",1524.5400390625,1540.09997558594,1515.85998535156,1539.77001953125,2284010000,1539.77001953125
"2004-01-13",1540.34997558594,1541.82995605469,1513.2099609375,1524.78002929688,2385700000,1524.78002929688
"2004-01-14",1531.93005371094,1536.83996582031,1521.91003417969,1534.07995605469,2099970000,1534.07995605469
"2004-01-15",1524.72998046875,1545.65002441406,1515.06005859375,1532.01000976562,2235590000,1532.01000976562
"2004-01-16",1545.31994628906,1553.64001464844,1537.17004394531,1553.61999511719,2614390000,1553.61999511719
"2004-01-20",1558.89001464844,1559.46997070312,1541.33996582031,1552.86999511719,2574190000,1552.86999511719
"2004-01-21",1545.53002929688,1554.89001464844,1529.40002441406,1546.59997558594,2421860000,1546.59997558594
"2004-01-22",1550.97998046875,1556.06005859375,1530.42004394531,1530.42004394531,2353370000,1530.42004394531
"2004-01-23",1535.41003417969,1546.68994140625,1519.73999023438,1531.2099609375,2253910000,1531.2099609375
"2004-01-26",1526.56994628906,1553.66003417969,1522.94995117188,1553.66003417969,1946050000,1553.66003417969
"2004-01-27",1548.64001464844,1552.5400390625,1519.19995117188,1519.22998046875,2151260000,1519.22998046875
"2004-01-28",1527.34997558594,1530.06005859375,1488.60998535156,1491.56994628906,2319550000,1491.56994628906
"2004-01-29",1499.83996582031,1500.80004882812,1474.13000488281,1496.40002441406,2637760000,1496.40002441406
"2004-01-30",1494.88000488281,1505.11999511719,1487.78002929688,1493.07995605469,1931180000,1493.07995605469
"2004-02-02",1497.78002929688,1507.58996582031,1481.56994628906,1487.83996582031,1915680000,1487.83996582031
"2004-02-03",1485.93005371094,1497.06994628906,1482.69995117188,1491.84997558594,1844840000,1491.84997558594
"2004-02-04",1473.53002929688,1482.34997558594,1461.01000976562,1462.60998535156,2267580000,1462.60998535156
"2004-02-05",1468.9599609375,1475.41003417969,1461.11999511719,1465.03002929688,1956030000,1465.03002929688
"2004-02-06",1472.02001953125,1498.94995117188,1470.31005859375,1498.94995117188,1855510000,1498.94995117188
"2004-02-09",1502.31994628906,1503.0400390625,1490.69995117188,1490.91003417969,1745350000,1490.91003417969
"2004-02-10",1490.68994140625,1503.82995605469,1489.90002441406,1500.2900390625,1656760000,1500.2900390625
"2004-02-11",1498.07995605469,1514.48999023438,1491.2099609375,1514.18005371094,2185700000,1514.18005371094
"2004-02-12",1508.18994140625,1516.2099609375,1499.43005371094,1501.33996582031,1937690000,1501.33996582031
"2004-02-13",1504.69995117188,1510.82995605469,1478.5400390625,1484.46997070312,1313150000,1484.46997070312
"2004-02-17",1498.69995117188,1512.17004394531,1497.5400390625,1506.56994628906,1618060000,1506.56994628906
"2004-02-18",1509.55004882812,1515.43994140625,1501.69995117188,1507.48999023438,1781240000,1507.48999023438
"2004-02-19",1522.39001464844,1524.08996582031,1484.80004882812,1484.80004882812,2065540000,1484.80004882812
"2004-02-20",1490.81005859375,1493.44995117188,1470.92004394531,1482.09997558594,1914330000,1482.09997558594
"2004-02-23",1488.28002929688,1489.40002441406,1454.35998535156,1463.75,1953330000,1463.75
"2004-02-24",1458.38000488281,1474.0400390625,1452.48999023438,1462.05004882812,2069420000,1462.05004882812
"2004-02-25",1465.82995605469,1474.2099609375,1461.26000976562,1470.21997070312,1707140000,1470.21997070312
"2004-02-26",1465.40002441406,1480.88000488281,1461.35998535156,1477.13000488281,1752840000,1477.13000488281
"2004-02-27",1479.56005859375,1485.40002441406,1459.91003417969,1470.38000488281,1871780000,1470.38000488281
"2004-03-01",1476.0400390625,1490.18005371094,1467.56994628906,1489.48999023438,1697920000,1489.48999023438
"2004-03-02",1487.69995117188,1494.67004394531,1473.21997070312,1473.21997070312,1871950000,1473.21997070312
"2004-03-03",1469.77001953125,1473.28002929688,1456.86999511719,1466.08996582031,1814850000,1466.08996582031
"2004-03-04",1466.69995117188,1481.35998535156,1464.56994628906,1481.35998535156,1799070000,1481.35998535156
"2004-03-05",1464.89001464844,1494.2900390625,1463.31994628906,1472.98999023438,2045230000,1472.98999023438
"2004-03-08",1476.84997558594,1481.18994140625,1441,1441.11999511719,2044260000,1441.11999511719
"2004-03-09",1441.28002929688,1446.4599609375,1429.35998535156,1437.46997070312,2105450000,1437.46997070312
"2004-03-10",1438.53002929688,1447.7099609375,1417.18005371094,1417.5,2159820000,1417.5
"2004-03-11",1409.14001464844,1429.09997558594,1402.19995117188,1402.19995117188,2191370000,1402.19995117188
"2004-03-12",1415.90002441406,1431.40002441406,1414.43005371094,1431.40002441406,1707130000,1431.40002441406
"2004-03-15",1423.15002441406,1424.65002441406,1399.86999511719,1399.86999511719,1723290000,1399.86999511719
"2004-03-16",1412.09997558594,1417.56005859375,1394.10998535156,1407.06994628906,1963640000,1407.06994628906
"2004-03-17",1418.56994628906,1432.22998046875,1418.30004882812,1428.89001464844,1678770000,1428.89001464844
"2004-03-18",1423.85998535156,1425.76000976562,1407.08996582031,1417.77001953125,1677760000,1417.77001953125
"2004-03-19",1416.22998046875,1425.92004394531,1398.57995605469,1398.57995605469,1645680000,1398.57995605469
"2004-03-22",1386.76000976562,1388.68005371094,1369.35998535156,1381.39001464844,1982240000,1381.39001464844
"2004-03-23",1391.64001464844,1393.77001953125,1368.67004394531,1370.0400390625,1835180000,1370.0400390625
"2004-03-24",1374.73999023438,1391.86999511719,1368.07995605469,1381.85998535156,1839440000,1381.85998535156
"2004-03-25",1394.19995117188,1425.85998535156,1393.9599609375,1425.85998535156,1968620000,1425.85998535156
"2004-03-26",1420.41003417969,1431.22998046875,1415.39001464844,1415.39001464844,1579820000,1415.39001464844
"2004-03-29",1429.5400390625,1445.81994628906,1429.47998046875,1442.31005859375,1.706e+09,1442.31005859375
"2004-03-30",1435.58996582031,1445.30004882812,1429.08996582031,1445.25,1598550000,1445.25
"2004-03-31",1445.17004394531,1447.94995117188,1432.86999511719,1438.41003417969,1861460000,1438.41003417969
"2004-04-01",1438.91003417969,1457.58996582031,1438.91003417969,1453.21997070312,1833430000,1453.21997070312
"2004-04-02",1482.32995605469,1490.30004882812,1469.56994628906,1490.30004882812,2183740000,1490.30004882812
"2004-04-05",1488.44995117188,1508.36999511719,1487.22998046875,1508.36999511719,1736300000,1508.36999511719
"2004-04-06",1492.93005371094,1498.33996582031,1485.69995117188,1493.57995605469,1811100000,1493.57995605469
"2004-04-07",1489.09997558594,1492.18994140625,1475.61999511719,1481.9599609375,1774960000,1481.9599609375
"2004-04-08",1502.77001953125,1503.36999511719,1478.43994140625,1485.51000976562,1694140000,1485.51000976562
"2004-04-12",1489.58996582031,1497.5,1488.34997558594,1495.93005371094,1501360000,1495.93005371094
"2004-04-13",1501.97998046875,1502.52001953125,1469.88000488281,1472.88000488281,1953240000,1472.88000488281
"2004-04-14",1464.31994628906,1485.28002929688,1463.63000488281,1475.66003417969,1832200000,1475.66003417969
"2004-04-15",1479.56005859375,1481.77001953125,1449.40002441406,1459.44995117188,1956010000,1459.44995117188
"2004-04-16",1458.51000976562,1460.39001464844,1440.56005859375,1449.06005859375,1870420000,1449.06005859375
"2004-04-19",1448.89001464844,1473.53002929688,1448.03002929688,1473.47998046875,1672830000,1473.47998046875
"2004-04-20",1473.97998046875,1479.68005371094,1436.89001464844,1436.90002441406,1921740000,1436.90002441406
"2004-04-21",1446.02001953125,1452.92004394531,1434.16003417969,1451.01000976562,2053970000,1451.01000976562
"2004-04-22",1450.38000488281,1488.73999023438,1449.06005859375,1485.5,2147870000,1485.5
"2004-04-23",1492.23999023438,1497.17004394531,1484.35998535156,1497.01000976562,1927300000,1497.01000976562
"2004-04-26",1496.67004394531,1499.44995117188,1474.7900390625,1480.53002929688,1727680000,1480.53002929688
"2004-04-27",1485.67004394531,1495.61999511719,1476.42004394531,1479.46997070312,1971610000,1479.46997070312
"2004-04-28",1475.88000488281,1476.03002929688,1449.22998046875,1453.03002929688,2037420000,1453.03002929688
"2004-04-29",1451.40002441406,1461.13000488281,1420.66003417969,1431.35998535156,2371070000,1431.35998535156
"2004-04-30",1435.16003417969,1439.68994140625,1401.35998535156,1401.35998535156,2174730000,1401.35998535156
"2004-05-03",1409.06005859375,1428.48999023438,1404.06005859375,1415.2900390625,1932490000,1415.2900390625
"2004-05-04",1417.11999511719,1438.48999023438,1409.39001464844,1422.10998535156,1857530000,1422.10998535156
"2004-05-05",1424.7099609375,1435.4599609375,1416.72998046875,1428.42004394531,1586660000,1428.42004394531
"2004-05-06",1416.58996582031,1425.5,1403.35998535156,1415.59997558594,1750770000,1415.59997558594
"2004-05-07",1411.05004882812,1432.7099609375,1406.18994140625,1406.18994140625,1637090000,1406.18994140625
"2004-05-10",1395.2099609375,1403.58996582031,1384.89001464844,1397.09997558594,1895630000,1397.09997558594
"2004-05-11",1406.35998535156,1422.51000976562,1406.35998535156,1421.89001464844,1645220000,1421.89001464844
"2004-05-12",1412.5,1417.03002929688,1378.64001464844,1414.82995605469,1887780000,1414.82995605469
"2004-05-13",1408.57995605469,1425.68994140625,1405.59997558594,1417.08996582031,1558620000,1417.08996582031
"2004-05-14",1415.43994140625,1419.56994628906,1394.36999511719,1399.84997558594,1526360000,1399.84997558594
"2004-05-17",1379.98999023438,1391.77001953125,1372.4599609375,1379.90002441406,1528890000,1379.90002441406
"2004-05-18",1395.22998046875,1404.27001953125,1393.07995605469,1397.46997070312,1435100000,1397.46997070312
"2004-05-19",1414.38000488281,1427.51000976562,1396.33996582031,1396.33996582031,1834960000,1396.33996582031
"2004-05-20",1400.36999511719,1408.19995117188,1390.41003417969,1396.86999511719,1540900000,1396.86999511719
"2004-05-21",1409.60998535156,1414.10998535156,1397.69995117188,1408.17004394531,1376620000,1408.17004394531
"2004-05-24",1418.77001953125,1425.48999023438,1408.43994140625,1413.96997070312,1422080000,1413.96997070312
"2004-05-25",1412.58996582031,1450.06005859375,1406.19995117188,1447.71997070312,1770600000,1447.71997070312
"2004-05-26",1443.13000488281,1455,1440.84997558594,1453.86999511719,1591030000,1453.86999511719
"2004-05-27",1460.06005859375,1467.63000488281,1450.67004394531,1463.10998535156,1641260000,1463.10998535156
"2004-05-28",1464.82995605469,1469.22998046875,1456.77001953125,1466.21997070312,1233190000,1466.21997070312
"2004-06-01",1457.7099609375,1469.27001953125,1453.39001464844,1468.5400390625,1459030000,1468.5400390625
"2004-06-02",1472.5400390625,1474.09997558594,1455.13000488281,1464.21997070312,1520120000,1464.21997070312
"2004-06-03",1459.18994140625,1462.41003417969,1445.2099609375,1445.2099609375,1526670000,1445.2099609375
"2004-06-04",1463.4599609375,1472.64001464844,1455.0400390625,1455.0400390625,1417600000,1455.0400390625
"2004-06-07",1465.56005859375,1491.44995117188,1464.01000976562,1491.44995117188,1485300000,1491.44995117188
"2004-06-08",1483.58996582031,1496,1481.76000976562,1495.96997070312,1464790000,1495.96997070312
"2004-06-09",1487.36999511719,1490.88000488281,1469.0400390625,1469.5,1520200000,1469.5
"2004-06-10",1475.7099609375,1481.27001953125,1470.5,1481.27001953125,1345640000,1481.27001953125
"2004-06-14",1470.61999511719,1471.18994140625,1451.78002929688,1458.64001464844,1402630000,1458.64001464844
"2004-06-15",1470.36999511719,1487.82995605469,1470.36999511719,1479.19995117188,1527280000,1479.19995117188
"2004-06-16",1478.71997070312,1483.59997558594,1474.17004394531,1479.98999023438,1353130000,1479.98999023438
"2004-06-17",1473.93994140625,1473.94995117188,1458.68005371094,1464.03002929688,1449920000,1464.03002929688
"2004-06-18",1457.88000488281,1481.35998535156,1455.67004394531,1464.65002441406,1697770000,1464.65002441406
"2004-06-21",1467.97998046875,1472.65002441406,1450.7900390625,1453.22998046875,1.363e+09,1453.22998046875
"2004-06-22",1455.92004394531,1475.11999511719,1448.81994628906,1474.86999511719,1660890000,1474.86999511719
"2004-06-23",1471.5400390625,1495.05004882812,1468.73999023438,1493.52001953125,1803560000,1493.52001953125
"2004-06-24",1490.57995605469,1502.14001464844,1485.88000488281,1488.31005859375,1685690000,1488.31005859375
"2004-06-25",1488.81994628906,1503.91003417969,1488.19995117188,1498.38000488281,1972100000,1498.38000488281
"2004-06-28",1507.31994628906,1508.52001953125,1485.25,1493.06994628906,1611080000,1493.06994628906
"2004-06-29",1490.65002441406,1507.05004882812,1490.65002441406,1505.65002441406,1581530000,1505.65002441406
"2004-06-30",1507.59997558594,1523.47998046875,1502.60998535156,1516.64001464844,1754160000,1516.64001464844
"2004-07-01",1514.81994628906,1514.81994628906,1477.61999511719,1489.56994628906,1739310000,1489.56994628906
"2004-07-02",1488.33996582031,1489.59997558594,1473.72998046875,1481.18994140625,1200230000,1481.18994140625
"2004-07-06",1470.46997070312,1471.2099609375,1441.78002929688,1445.7099609375,1927550000,1445.7099609375
"2004-07-07",1445.09997558594,1459.06994628906,1445.02001953125,1452.48999023438,1762310000,1452.48999023438
"2004-07-08",1439.56994628906,1452.69995117188,1430.81005859375,1431.13000488281,1789150000,1431.13000488281
"2004-07-09",1442.43005371094,1451.39001464844,1434,1440,1388750000,1440
"2004-07-12",1429.91003417969,1435.30004882812,1418.09997558594,1432.10998535156,1.504e+09,1432.10998535156
"2004-07-13",1436.07995605469,1439.78002929688,1426.10998535156,1428.68005371094,1499660000,1428.68005371094
"2004-07-14",1414.42004394531,1433.60998535156,1411.52001953125,1416.05004882812,1461800000,1416.05004882812
"2004-07-15",1422.26000976562,1427.71997070312,1412.58996582031,1415.92004394531,1669940000,1415.92004394531
"2004-07-16",1426.48999023438,1426.48999023438,1392.17004394531,1392.17004394531,2099400000,1392.17004394531
"2004-07-19",1398.92004394531,1406.15002441406,1386.78002929688,1396.77001953125,1774620000,1396.77001953125
"2004-07-20",1398.64001464844,1421.06994628906,1396.84997558594,1421.06994628906,1628240000,1421.06994628906
"2004-07-21",1433.27001953125,1433.27001953125,1386.56994628906,1386.56994628906,2109750000,1386.56994628906
"2004-07-22",1385.89001464844,1411.43005371094,1377.69995117188,1408.51000976562,1964570000,1408.51000976562
"2004-07-23",1394.56005859375,1394.56005859375,1370.69995117188,1375.47998046875,1697910000,1375.47998046875
"2004-07-26",1376.80004882812,1383.67004394531,1359.19995117188,1368.40002441406,1667060000,1368.40002441406
"2004-07-27",1374.68994140625,1395.94995117188,1371.26000976562,1391.5,1769400000,1391.5
"2004-07-28",1384.51000976562,1392.47998046875,1360.27001953125,1383.75,1847380000,1383.75
"2004-07-29",1395.33996582031,1403.80004882812,1388.06005859375,1398.55004882812,1703350000,1398.55004882812
"2004-07-30",1397.05004882812,1412,1394.84997558594,1400.39001464844,1507320000,1400.39001464844
"2004-08-02",1390.2099609375,1408.31005859375,1387.0400390625,1406.32995605469,1533970000,1406.32995605469
"2004-08-03",1402.33996582031,1404.90002441406,1379.02001953125,1379.14001464844,1494480000,1379.14001464844
"2004-08-04",1372.4599609375,1386.28002929688,1368.43994140625,1379.2099609375,1659390000,1379.2099609375
"2004-08-05",1380.93005371094,1383.38000488281,1352.27001953125,1353.43994140625,1574660000,1353.43994140625
"2004-08-06",1341.07995605469,1342.86999511719,1314.96997070312,1315.30004882812,1692260000,1315.30004882812
"2004-08-09",1320.82995605469,1325.44995117188,1314.56994628906,1318.82995605469,1263490000,1318.82995605469
"2004-08-10",1325.9599609375,1346.7099609375,1324.38000488281,1346.7099609375,1468460000,1346.7099609375
"2004-08-11",1319.69995117188,1328.82995605469,1309.5,1324.65002441406,1794260000,1324.65002441406
"2004-08-12",1313.81005859375,1320.93994140625,1302.73999023438,1304.43005371094,1632660000,1304.43005371094
"2004-08-13",1311.83996582031,1316.30004882812,1301.93005371094,1307.81994628906,1347750000,1307.81994628906
"2004-08-16",1309.5,1334.78002929688,1309.5,1326.83996582031,1289730000,1326.83996582031
"2004-08-17",1332.93994140625,1344.5400390625,1331.84997558594,1335.71997070312,1390280000,1335.71997070312
"2004-08-18",1328.98999023438,1363.73999023438,1327.84997558594,1363.72998046875,1575050000,1363.72998046875
"2004-08-19",1356.89001464844,1361.22998046875,1344.97998046875,1353.23999023438,1416730000,1353.23999023438
"2004-08-20",1352.28002929688,1373.01000976562,1348.27001953125,1366.72998046875,1342650000,1366.72998046875
"2004-08-23",1370.51000976562,1377.67004394531,1364.4599609375,1370.90002441406,1224660000,1370.90002441406
"2004-08-24",1376.98999023438,1379.05004882812,1360.81994628906,1369.78002929688,1301090000,1369.78002929688
"2004-08-25",1369.19995117188,1391.21997070312,1363.56005859375,1389.17004394531,1320640000,1389.17004394531
"2004-08-26",1383.80004882812,1388.83996582031,1379.68994140625,1383.97998046875,1183830000,1383.97998046875
"2004-08-27",1384.60998535156,1393.22998046875,1384.60998535156,1388.56005859375,1011070000,1388.56005859375
"2004-08-30",1383.11999511719,1384.14001464844,1367.72998046875,1367.93994140625,1007640000,1367.93994140625
"2004-08-31",1368.91003417969,1372.27001953125,1354.09997558594,1368.68005371094,1298910000,1368.68005371094
"2004-09-01",1363.27001953125,1384.84997558594,1360.57995605469,1377.9599609375,1426350000,1377.9599609375
"2004-09-02",1374.68994140625,1402.06994628906,1373.67004394531,1398.33996582031,1208770000,1398.33996582031
"2004-09-03",1384.41003417969,1393.5,1370.01000976562,1371.81994628906,1244610000,1371.81994628906
"2004-09-07",1382.47998046875,1390.59997558594,1372.53002929688,1381.83996582031,1320700000,1381.83996582031
"2004-09-08",1378.40002441406,1393.68994140625,1374.7900390625,1376.77001953125,1442540000,1376.77001953125
"2004-09-09",1385.21997070312,1396.55004882812,1373.36999511719,1391.53002929688,1663790000,1391.53002929688
"2004-09-10",1391.19995117188,1414.55004882812,1386.41003417969,1413,1606650000,1413
"2004-09-13",1417.83996582031,1435.94995117188,1414.21997070312,1427.33996582031,1741080000,1427.33996582031
"2004-09-14",1425.2900390625,1435.91003417969,1422.82995605469,1434.36999511719,1509260000,1434.36999511719
"2004-09-15",1425.51000976562,1425.51000976562,1412.5400390625,1415.30004882812,1575500000,1415.30004882812
"2004-09-16",1417.36999511719,1429.93005371094,1413.21997070312,1417.96997070312,1325500000,1417.96997070312
"2004-09-17",1417.72998046875,1427.58996582031,1413.78002929688,1426.30004882812,1640370000,1426.30004882812
"2004-09-20",1417.39001464844,1437.30004882812,1415.31005859375,1424.71997070312,1565540000,1424.71997070312
"2004-09-21",1429.84997558594,1440.81005859375,1425.16003417969,1435.91003417969,1531560000,1435.91003417969
"2004-09-22",1424.71997070312,1424.71997070312,1403.16003417969,1404.21997070312,1588290000,1404.21997070312
"2004-09-23",1405.76000976562,1413.68005371094,1402.7900390625,1405.77001953125,1396810000,1405.77001953125
"2004-09-24",1407.7099609375,1414.56005859375,1397.5,1399.05004882812,1360090000,1399.05004882812
"2004-09-27",1389.93994140625,1396.42004394531,1383.23999023438,1385.55004882812,1316790000,1385.55004882812
"2004-09-28",1390.10998535156,1394.43005371094,1376.98999023438,1389.69995117188,1536980000,1389.69995117188
"2004-09-29",1389.68994140625,1411.81994628906,1389.61999511719,1410.85998535156,1637280000,1410.85998535156
"2004-09-30",1409.22998046875,1417.98999023438,1403.89001464844,1412.73999023438,1656620000,1412.73999023438
"2004-10-01",1426.38000488281,1452.93994140625,1423.43005371094,1452.93994140625,1820300000,1452.93994140625
"2004-10-04",1463.21997070312,1472.2099609375,1458.07995605469,1459.01000976562,1854970000,1459.01000976562
"2004-10-05",1456.18994140625,1467.22998046875,1454.22998046875,1461.76000976562,1709600000,1461.76000976562
"2004-10-06",1460.18994140625,1474.35998535156,1452.60998535156,1474.35998535156,1922870000,1474.35998535156
"2004-10-07",1469.69995117188,1474.69995117188,1454.89001464844,1455.77001953125,1734970000,1455.77001953125
"2004-10-08",1449.48999023438,1457.0400390625,1428.10998535156,1430.9599609375,1668940000,1430.9599609375
"2004-10-11",1435.5400390625,1441.09997558594,1431.77001953125,1437.72998046875,1173820000,1437.72998046875
"2004-10-12",1424.21997070312,1439.06994628906,1416.2900390625,1435,1508390000,1435
"2004-10-13",1451.72998046875,1453.71997070312,1425.41003417969,1434.4599609375,1776120000,1434.4599609375
"2004-10-14",1434.92004394531,1437.66003417969,1421.58996582031,1425.2099609375,1590290000,1425.2099609375
"2004-10-15",1430.31005859375,1441.81994628906,1419.35998535156,1430.97998046875,1648280000,1430.97998046875
"2004-10-18",1428.07995605469,1457.31005859375,1424.81994628906,1457.31005859375,1.505e+09,1457.31005859375
"2004-10-19",1463.01000976562,1470.14001464844,1443.40002441406,1443.80004882812,1713330000,1443.80004882812
"2004-10-20",1441.2099609375,1456.18994140625,1433.88000488281,1452.26000976562,1650470000,1452.26000976562
"2004-10-21",1459.68005371094,1478.4599609375,1452.56994628906,1474.7900390625,2.006e+09,1474.7900390625
"2004-10-22",1472.92004394531,1473.68994140625,1438.13000488281,1438.25,1737960000,1438.25
"2004-10-25",1435.68005371094,1439.47998046875,1427.43994140625,1432.56994628906,1603830000,1432.56994628906
"2004-10-26",1432.25,1442.14001464844,1423.97998046875,1442.14001464844,1812550000,1442.14001464844
"2004-10-27",1441.7900390625,1483.13000488281,1437.43994140625,1480.03002929688,2075920000,1480.03002929688
"2004-10-28",1473.41003417969,1491.85998535156,1471.03002929688,1487.11999511719,1821820000,1487.11999511719
"2004-10-29",1485.68005371094,1496.97998046875,1475.56005859375,1486.71997070312,1639950000,1486.71997070312
"2004-11-01",1486.25,1494.88000488281,1479.85998535156,1488.7900390625,1522820000,1488.7900390625
"2004-11-02",1490.31994628906,1509.56005859375,1489.32995605469,1494.82995605469,1845080000,1494.82995605469
"2004-11-03",1519.96997070312,1523.51000976562,1494.84997558594,1503.89001464844,1957400000,1503.89001464844
"2004-11-04",1498.06005859375,1519.2099609375,1492.22998046875,1516.19995117188,1823490000,1516.19995117188
"2004-11-05",1526.7099609375,1534.83996582031,1512.73999023438,1525.23999023438,1908970000,1525.23999023438
"2004-11-08",1525.13000488281,1532.4599609375,1522.11999511719,1527.13000488281,1609270000,1527.13000488281
"2004-11-09",1527.25,1534.36999511719,1521.15002441406,1527,1692200000,1527
"2004-11-10",1524.09997558594,1530.01000976562,1514.31994628906,1517.06005859375,1853460000,1517.06005859375
"2004-11-11",1524.61999511719,1542.39001464844,1522.47998046875,1541.69995117188,1764760000,1541.69995117188
"2004-11-12",1543.31005859375,1558.41003417969,1535.81994628906,1558.41003417969,2004310000,1558.41003417969
"2004-11-15",1554.31005859375,1562.0400390625,1550.03002929688,1560.9599609375,1888260000,1560.9599609375
"2004-11-16",1554.7900390625,1554.7900390625,1541.83996582031,1548.53002929688,1901080000,1548.53002929688
"2004-11-17",1561.80004882812,1580.26000976562,1561.80004882812,1571.11999511719,2223370000,1571.11999511719
"2004-11-18",1568.02001953125,1581.7900390625,1563.7900390625,1580.81005859375,1915430000,1580.81005859375
"2004-11-19",1578.85998535156,1580.93005371094,1551.77001953125,1552.10998535156,2033710000,1552.10998535156
"2004-11-22",1551.16003417969,1568.85998535156,1543.96997070312,1568.28002929688,1897960000,1568.28002929688
"2004-11-23",1566.7099609375,1573.52001953125,1552.84997558594,1562.59997558594,2057620000,1562.59997558594
"2004-11-24",1572.67004394531,1583.06994628906,1570.86999511719,1582.55004882812,1638170000,1582.55004882812
"2004-11-26",1581.65002441406,1587.07995605469,1578.26000976562,1578.26000976562,667760000,1578.26000976562
"2004-11-29",1586.4599609375,1593.16003417969,1567.27001953125,1580.43994140625,1844330000,1580.43994140625
"2004-11-30",1579.51000976562,1583.15002441406,1571.10998535156,1571.5,1878760000,1571.5
"2004-12-01",1578.25,1607.16003417969,1578.25,1607.15002441406,2281640000,1607.15002441406
"2004-12-02",1602.10998535156,1623.59997558594,1599.63000488281,1613.15002441406,2401610000,1613.15002441406
"2004-12-03",1621.09997558594,1631.90002441406,1612.71997070312,1614.40002441406,2410930000,1614.40002441406
"2004-12-06",1612.32995605469,1625.60998535156,1605.7099609375,1619.58996582031,2150250000,1619.58996582031
"2004-12-07",1622.83996582031,1628.25,1589.05004882812,1589.32995605469,2671520000,1589.32995605469
"2004-12-08",1593.86999511719,1607.48999023438,1588.72998046875,1601.91003417969,2390860000,1601.91003417969
"2004-12-09",1585.98999023438,1615.59997558594,1577.77001953125,1609.7900390625,2284150000,1609.7900390625
"2004-12-10",1601.4599609375,1611.22998046875,1600.71997070312,1605.16003417969,1794840000,1605.16003417969
"2004-12-13",1617.53002929688,1621.36999511719,1608.40002441406,1621.16003417969,2070980000,1621.16003417969
"2004-12-14",1618.19995117188,1632.17004394531,1618.19995117188,1627.4599609375,2228670000,1627.4599609375
"2004-12-15",1626.98999023438,1635.69995117188,1615.44995117188,1623.63000488281,2337590000,1623.63000488281
"2004-12-16",1621.43005371094,1625.82995605469,1601.61999511719,1607.61999511719,2396220000,1607.61999511719
"2004-12-17",1608.64001464844,1614.89001464844,1596.47998046875,1596.60998535156,2423080000,1596.60998535156
"2004-12-20",1603.83996582031,1613.78002929688,1587.2099609375,1591.96997070312,1991460000,1591.96997070312
"2004-12-21",1598.59997558594,1611.33996582031,1594.89001464844,1609.26000976562,1972860000,1609.26000976562
"2004-12-22",1605.71997070312,1619.56005859375,1602.98999023438,1613.56994628906,1802760000,1613.56994628906
"2004-12-23",1608.86999511719,1619.18005371094,1608.64001464844,1613.77001953125,1430770000,1613.77001953125
"2004-12-27",1621.32995605469,1623.80004882812,1600.25,1607.58996582031,1478700000,1607.58996582031
"2004-12-28",1610.90002441406,1624.18994140625,1608.51000976562,1624.18994140625,1587550000,1624.18994140625
"2004-12-29",1619.35998535156,1629.90002441406,1619.35998535156,1624.94995117188,1503880000,1624.94995117188
"2004-12-30",1626.2099609375,1628.73999023438,1621.57995605469,1623.76000976562,1403140000,1623.76000976562
"2004-12-31",1624.36999511719,1628.91003417969,1620.31005859375,1621.11999511719,1366460000,1621.11999511719
"2005-01-03",1628.75,1635.44995117188,1598.7900390625,1603.51000976562,2193130000,1603.51000976562
"2005-01-04",1611.21997070312,1612.78002929688,1565.02001953125,1571.82995605469,2690460000,1571.82995605469
"2005-01-05",1568.68005371094,1580.88000488281,1562.64001464844,1563.76000976562,2375380000,1563.76000976562
"2005-01-06",1567.66003417969,1570.75,1556.83996582031,1557.52001953125,2174220000,1557.52001953125
"2005-01-07",1565.63000488281,1577.76000976562,1551.2900390625,1564.81005859375,2191910000,1564.81005859375
"2005-01-10",1561.22998046875,1577.7099609375,1558.5400390625,1564.92004394531,2098270000,1564.92004394531
"2005-01-11",1556.66003417969,1562.23999023438,1545.28002929688,1553.40002441406,2210240000,1553.40002441406
"2005-01-12",1561.83996582031,1566.68994140625,1543.0400390625,1565.78002929688,2257670000,1565.78002929688
"2005-01-13",1567.55004882812,1568.5400390625,1543.47998046875,1545.18005371094,2111610000,1545.18005371094
"2005-01-14",1552.10998535156,1563.7900390625,1550.05004882812,1561.10998535156,2084860000,1561.10998535156
"2005-01-18",1554.18994140625,1574.39001464844,1551.88000488281,1573.48999023438,1983840000,1573.48999023438
"2005-01-19",1572.81005859375,1573.02001953125,1545.63000488281,1545.65002441406,2217700000,1545.65002441406
"2005-01-20",1526.80004882812,1534.53002929688,1514.56005859375,1514.56005859375,2231360000,1514.56005859375
"2005-01-21",1519.30004882812,1524.03002929688,1502.47998046875,1503.64001464844,2043770000,1503.64001464844
"2005-01-24",1507.7900390625,1509.82995605469,1480.66003417969,1480.66003417969,2134680000,1480.66003417969
"2005-01-25",1492.65002441406,1505.05004882812,1488.59997558594,1490.56994628906,2003630000,1490.56994628906
"2005-01-26",1502.05004882812,1513.43994140625,1495.31005859375,1509.01000976562,2105070000,1509.01000976562
"2005-01-27",1505.25,1512.73999023438,1497.35998535156,1507.55004882812,2106220000,1507.55004882812
"2005-01-28",1510.88000488281,1512.81994628906,1486.76000976562,1499.4599609375,2098150000,1499.4599609375
"2005-01-31",1515.16003417969,1523.27001953125,1513.06005859375,1519.63000488281,1823800000,1519.63000488281
"2005-02-01",1521,1527.91003417969,1517.30004882812,1523.66003417969,1904570000,1523.66003417969
"2005-02-02",1527.2900390625,1531.21997070312,1515.44995117188,1525.09997558594,1965550000,1525.09997558594
"2005-02-03",1516.21997070312,1518.13000488281,1501.9599609375,1508.23999023438,1962750000,1508.23999023438
"2005-02-04",1507.73999023438,1534.96997070312,1507.68994140625,1534.48999023438,1934920000,1534.48999023438
"2005-02-07",1534.47998046875,1538.38000488281,1522.71997070312,1529.05004882812,1698460000,1529.05004882812
"2005-02-08",1529.55004882812,1542.41003417969,1527.0400390625,1532.68994140625,1943560000,1532.68994140625
"2005-02-09",1534.41003417969,1534.47998046875,1504.59997558594,1506.81005859375,1958810000,1506.81005859375
"2005-02-10",1512.7099609375,1514.21997070312,1497.34997558594,1506.82995605469,2085500000,1506.82995605469
"2005-02-11",1505.08996582031,1535.5400390625,1498.68005371094,1530.51000976562,2163630000,1530.51000976562
"2005-02-14",1531.18994140625,1540.01000976562,1530.16003417969,1538.2099609375,1639640000,1538.2099609375
"2005-02-15",1538.38000488281,1561.17004394531,1535.33996582031,1547.30004882812,2071590000,1547.30004882812
"2005-02-16",1541.26000976562,1547.68994140625,1535.36999511719,1542.41003417969,1865070000,1542.41003417969
"2005-02-17",1543.03002929688,1546.68994140625,1519.21997070312,1519.2900390625,1950460000,1519.2900390625
"2005-02-18",1519.2099609375,1524.0400390625,1512.72998046875,1515.40002441406,1614160000,1515.40002441406
"2005-02-22",1502.93994140625,1523.51000976562,1493.57995605469,1494.06994628906,2056220000,1494.06994628906
"2005-02-23",1502.82995605469,1503.89001464844,1489.98999023438,1497.08996582031,1878450000,1497.08996582031
"2005-02-24",1493.58996582031,1517.88000488281,1491.73999023438,1517.7099609375,2031880000,1517.7099609375
"2005-02-25",1515.75,1528,1513.46997070312,1526.90002441406,1771200000,1526.90002441406
"2005-02-28",1517.06005859375,1524.69995117188,1498.17004394531,1511.02001953125,2130140000,1511.02001953125
"2005-03-01",1516.63000488281,1529.36999511719,1515.19995117188,1527.25,1941180000,1527.25
"2005-03-02",1517.68005371094,1541.14001464844,1514.97998046875,1525.28002929688,2004470000,1525.28002929688
"2005-03-03",1530.13000488281,1530.68005371094,1502.31994628906,1511.89001464844,1895880000,1511.89001464844
"2005-03-04",1524.2099609375,1530.58996582031,1517.2900390625,1520.57995605469,1829190000,1520.57995605469
"2005-03-07",1524.0400390625,1552.53002929688,1523.72998046875,1545.19995117188,1949190000,1545.19995117188
"2005-03-08",1540.80004882812,1549.56005859375,1527.5,1528.65002441406,1696700000,1528.65002441406
"2005-03-09",1526.90002441406,1537.96997070312,1520.44995117188,1521.97998046875,1895520000,1521.97998046875
"2005-03-10",1525.64001464844,1527.97998046875,1504.5400390625,1524.38000488281,1825790000,1524.38000488281
"2005-03-11",1528.65002441406,1533.84997558594,1501.98999023438,1505.64001464844,1792090000,1505.64001464844
"2005-03-14",1509.18994140625,1515.16003417969,1502.59997558594,1515.08996582031,1707720000,1515.08996582031
"2005-03-15",1520.26000976562,1520.43005371094,1500.88000488281,1502.06005859375,1838790000,1502.06005859375
"2005-03-16",1497.40002441406,1508.16003417969,1482.61999511719,1486.22998046875,1969690000,1486.22998046875
"2005-03-17",1487.71997070312,1496.80004882812,1483.09997558594,1487.63000488281,1745120000,1487.63000488281
"2005-03-18",1488.55004882812,1490.56994628906,1475.26000976562,1484.40002441406,2106980000,1484.40002441406
"2005-03-21",1483.16003417969,1490.56994628906,1470.93994140625,1484.44995117188,1.611e+09,1484.44995117188
"2005-03-22",1484.13000488281,1490.43994140625,1464.98999023438,1465.08996582031,1805950000,1465.08996582031
"2005-03-23",1463.43005371094,1480.13000488281,1463.43005371094,1471.77001953125,1741150000,1471.77001953125
"2005-03-24",1477.4599609375,1485.9599609375,1469.93994140625,1469.93994140625,1697930000,1469.93994140625
"2005-03-28",1476.40002441406,1484.84997558594,1472.7099609375,1472.7099609375,1487620000,1472.7099609375
"2005-03-29",1471.25,1483.43005371094,1458.26000976562,1464.33996582031,1797840000,1464.33996582031
"2005-03-30",1470.13000488281,1491.73999023438,1469.96997070312,1491.73999023438,1753610000,1491.73999023438
"2005-03-31",1489.43994140625,1490.80004882812,1478.66003417969,1482.53002929688,1686970000,1482.53002929688
"2005-04-01",1491.82995605469,1495.57995605469,1466.48999023438,1469.34997558594,1869690000,1469.34997558594
"2005-04-04",1469.42004394531,1482.06005859375,1461.27001953125,1476.71997070312,1589310000,1476.71997070312
"2005-04-05",1480.98999023438,1487.26000976562,1477.55004882812,1483.75,1647510000,1483.75
"2005-04-06",1487.15002441406,1497.39001464844,1477.96997070312,1480.67004394531,1746400000,1480.67004394531
"2005-04-07",1481.13000488281,1499.7099609375,1481.13000488281,1499.7099609375,1714270000,1499.7099609375
"2005-04-08",1499.93005371094,1503.2099609375,1485.43005371094,1485.59997558594,1516340000,1485.59997558594
"2005-04-11",1490.43005371094,1492.31994628906,1477.13000488281,1478.55004882812,1382490000,1478.55004882812
"2005-04-12",1477.01000976562,1490.09997558594,1460.42004394531,1489.16003417969,1931870000,1489.16003417969
"2005-04-13",1484.39001464844,1484.4599609375,1459.96997070312,1461.68005371094,1705450000,1461.68005371094
"2005-04-14",1461.82995605469,1462.81005859375,1440.34997558594,1441.13000488281,1930060000,1441.13000488281
"2005-04-15",1425.72998046875,1434.46997070312,1407.81994628906,1408.58996582031,2314620000,1408.58996582031
"2005-04-18",1406.30004882812,1418.76000976562,1405.08996582031,1409.97998046875,1840360000,1409.97998046875
"2005-04-19",1419.53002929688,1424.03002929688,1410.5400390625,1420.80004882812,1792830000,1420.80004882812
"2005-04-20",1430.25,1432.10998535156,1404.85998535156,1406.84997558594,2004950000,1406.84997558594
"2005-04-21",1423.61999511719,1448.36999511719,1419.25,1447.36999511719,1951490000,1447.36999511719
"2005-04-22",1437.96997070312,1438.71997070312,1412.63000488281,1421.2099609375,1802730000,1421.2099609375
"2005-04-25",1430.98999023438,1439.63000488281,1426.72998046875,1437.31005859375,1442420000,1437.31005859375
"2005-04-26",1431.75,1446.81994628906,1420.43005371094,1420.43005371094,1670040000,1420.43005371094
"2005-04-27",1413.21997070312,1429.10998535156,1409.48999023438,1423.76000976562,1764210000,1423.76000976562
"2005-04-28",1418.11999511719,1425.68994140625,1408.83996582031,1409.2900390625,1861340000,1409.2900390625
"2005-04-29",1420.64001464844,1422.42004394531,1394.35998535156,1420.7900390625,2039550000,1420.7900390625
"2005-05-02",1421.90002441406,1430.05004882812,1415.59997558594,1423.7099609375,1547750000,1423.7099609375
"2005-05-03",1421.28002929688,1436.59997558594,1421.28002929688,1427.60998535156,1868140000,1427.60998535156
"2005-05-04",1431.06005859375,1453.19995117188,1429.61999511719,1452.19995117188,1877820000,1452.19995117188
"2005-05-05",1450.72998046875,1457.33996582031,1441.93994140625,1450.16003417969,1719880000,1450.16003417969
"2005-05-06",1460.26000976562,1460.76000976562,1449.69995117188,1456,1511120000,1456
"2005-05-09",1455.68005371094,1463.38000488281,1446.77001953125,1463.38000488281,1441010000,1463.38000488281
"2005-05-10",1453.25,1458.40002441406,1445.10998535156,1450.35998535156,1595520000,1450.35998535156
"2005-05-11",1452.31005859375,1461.02001953125,1432.82995605469,1459.55004882812,1716160000,1459.55004882812
"2005-05-12",1459.06994628906,1468.17004394531,1446.96997070312,1454.7900390625,1783430000,1454.7900390625
"2005-05-13",1459.22998046875,1478.89001464844,1455.88000488281,1470.63000488281,1878980000,1470.63000488281
"2005-05-16",1470.31005859375,1481.31994628906,1465.84997558594,1480.68005371094,1390290000,1480.68005371094
"2005-05-17",1474.05004882812,1490.14001464844,1469.43994140625,1490.14001464844,1520510000,1490.14001464844
"2005-05-18",1493.03002929688,1514.76000976562,1489.46997070312,1509.26000976562,1957880000,1509.26000976562
"2005-05-19",1510.61999511719,1521.5,1508.7099609375,1521.43005371094,1700580000,1521.43005371094
"2005-05-20",1519.26000976562,1528.06005859375,1514.5400390625,1528.06005859375,1492720000,1528.06005859375
"2005-05-23",1526.96997070312,1540.30004882812,1525.22998046875,1535.21997070312,1620130000,1535.21997070312
"2005-05-24",1531.25,1540.68005371094,1529.40002441406,1540.46997070312,1695940000,1540.46997070312
"2005-05-25",1535.90002441406,1535.90002441406,1524.41003417969,1532.7099609375,1.493e+09,1532.7099609375
"2005-05-26",1540.05004882812,1551.11999511719,1539.73999023438,1548.80004882812,1596460000,1548.80004882812
"2005-05-27",1546.73999023438,1551.03002929688,1541.76000976562,1549.80004882812,1237350000,1549.80004882812
"2005-05-31",1549.47998046875,1550.18005371094,1538.5400390625,1542.63000488281,1578740000,1542.63000488281
"2005-06-01",1541.72998046875,1567.71997070312,1541.66003417969,1559.5,1779710000,1559.5
"2005-06-02",1553.43005371094,1568.9599609375,1553.05004882812,1568.9599609375,1746620000,1568.9599609375
"2005-06-03",1565.47998046875,1566.14001464844,1542.05004882812,1544.47998046875,1637900000,1544.47998046875
"2005-06-06",1544.9599609375,1548.55004882812,1539.56994628906,1545.27001953125,1477150000,1545.27001953125
"2005-06-07",1546.7099609375,1559.53002929688,1531.06994628906,1531.11999511719,1846530000,1531.11999511719
"2005-06-08",1536.92004394531,1538.23999023438,1524.13000488281,1527.68005371094,1602540000,1527.68005371094
"2005-06-09",1526.15002441406,1542.75,1520.60998535156,1539.4599609375,1666670000,1539.4599609375
"2005-06-10",1537.56994628906,1537.56994628906,1515.9599609375,1521.02001953125,1449380000,1521.02001953125
"2005-06-13",1519.60998535156,1538.66003417969,1519.60998535156,1529.13000488281,1432130000,1529.13000488281
"2005-06-14",1529.02001953125,1534.15002441406,1520.88000488281,1524.42004394531,1405850000,1524.42004394531
"2005-06-15",1533.90002441406,1535.43005371094,1510.81994628906,1529.48999023438,1672670000,1529.48999023438
"2005-06-16",1531.02001953125,1540.52001953125,1527.7099609375,1537.42004394531,1793020000,1537.42004394531
"2005-06-17",1550.63000488281,1550.63000488281,1532.56005859375,1538.13000488281,1993280000,1538.13000488281
"2005-06-20",1529.65002441406,1545.52001953125,1526.06005859375,1537.31005859375,1408110000,1537.31005859375
"2005-06-21",1535.47998046875,1542.72998046875,1530.91003417969,1536.47998046875,1557480000,1536.47998046875
"2005-06-22",1542.13000488281,1545.5400390625,1527.93005371094,1534.35998535156,1668440000,1534.35998535156
"2005-06-23",1537.64001464844,1549,1515.7900390625,1515.94995117188,2009480000,1515.94995117188
"2005-06-24",1516.83996582031,1518.01000976562,1500.18005371094,1500.18005371094,2.151e+09,1500.18005371094
"2005-06-27",1497.2900390625,1503.7900390625,1490.02001953125,1493.75,1448300000,1493.75
"2005-06-28",1500.65002441406,1512.64001464844,1498.47998046875,1508.60998535156,1584200000,1508.60998535156
"2005-06-29",1511.94995117188,1512.77001953125,1501.71997070312,1504.10998535156,1640360000,1504.10998535156
"2005-06-30",1507.02001953125,1510.2099609375,1492.93994140625,1493.52001953125,1731500000,1493.52001953125
"2005-07-01",1497.02001953125,1501.94995117188,1489.73999023438,1490.53002929688,1176200000,1490.53002929688
"2005-07-05",1485.9599609375,1509.18994140625,1485.9599609375,1506.34997558594,1440300000,1506.34997558594
"2005-07-06",1503.47998046875,1512.91003417969,1497.10998535156,1498.05004882812,1592080000,1498.05004882812
"2005-07-07",1484.92004394531,1505.30004882812,1484.18005371094,1503.78002929688,1617860000,1503.78002929688
"2005-07-08",1505.53002929688,1534.2900390625,1502.19995117188,1533.27001953125,1685280000,1533.27001953125
"2005-07-11",1536.44995117188,1547.97998046875,1535.06994628906,1547.66003417969,1770800000,1547.66003417969
"2005-07-12",1546.52001953125,1560.15002441406,1543.14001464844,1555.58996582031,1657520000,1555.58996582031
"2005-07-13",1555.23999023438,1559.36999511719,1549.81005859375,1557.61999511719,1.54e+09,1557.61999511719
"2005-07-14",1570.31005859375,1577.47998046875,1563.93005371094,1573.43994140625,1872310000,1573.43994140625
"2005-07-15",1577.27001953125,1582.40002441406,1568.81994628906,1577.81994628906,1534960000,1577.81994628906
"2005-07-18",1573.61999511719,1578.11999511719,1570.02001953125,1570.08996582031,1307270000,1570.08996582031
"2005-07-19",1580.25,1590.76000976562,1577,1590.48999023438,1632670000,1590.48999023438
"2005-07-20",1580.06005859375,1605.44995117188,1578.86999511719,1602.75,1957070000,1602.75
"2005-07-21",1606.83996582031,1610.83996582031,1591.71997070312,1601.89001464844,2034880000,1601.89001464844
"2005-07-22",1601.68005371094,1606.42004394531,1592.03002929688,1600.76000976562,1660360000,1600.76000976562
"2005-07-25",1600.61999511719,1607.96997070312,1591.40002441406,1593.56994628906,1523020000,1593.56994628906
"2005-07-26",1596.81005859375,1603.89001464844,1591.57995605469,1598.93005371094,1651840000,1598.93005371094
"2005-07-27",1601.39001464844,1613.39001464844,1592.76000976562,1611.94995117188,1750070000,1611.94995117188
"2005-07-28",1613.2900390625,1619.78002929688,1609.61999511719,1618.64001464844,1683870000,1618.64001464844
"2005-07-29",1616.42004394531,1619.94995117188,1605.14001464844,1605.14001464844,1613950000,1605.14001464844
"2005-08-01",1609.73999023438,1616.40002441406,1604.57995605469,1610.10998535156,1492680000,1610.10998535156
"2005-08-02",1611.85998535156,1628.56994628906,1611.85998535156,1627.01000976562,1735020000,1627.01000976562
"2005-08-03",1619.97998046875,1628.53002929688,1618.40002441406,1627.18994140625,1752440000,1627.18994140625
"2005-08-04",1619.18005371094,1621,1606.59997558594,1608.73999023438,1591380000,1608.73999023438
"2005-08-05",1606.63000488281,1614.21997070312,1600.25,1601.58996582031,1471740000,1601.58996582031
"2005-08-08",1604.22998046875,1607.01000976562,1588.73999023438,1589.96997070312,1431010000,1589.96997070312
"2005-08-09",1596.15002441406,1606.51000976562,1595.7099609375,1601.14001464844,1460470000,1601.14001464844
"2005-08-10",1604.80004882812,1610.2099609375,1582.31005859375,1585.7099609375,1817680000,1585.7099609375
"2005-08-11",1587.77001953125,1603.66003417969,1586.67004394531,1600.65002441406,1582090000,1600.65002441406
"2005-08-12",1587.68994140625,1594.9599609375,1581.41003417969,1591.75,1551410000,1591.75
"2005-08-15",1587.58996582031,1606.9599609375,1585.66003417969,1600.7099609375,1380460000,1600.7099609375
"2005-08-16",1595.85998535156,1596.5400390625,1572.43994140625,1574.01000976562,1540320000,1574.01000976562
"2005-08-17",1577.56994628906,1588.80004882812,1573.86999511719,1582.2900390625,1518010000,1582.2900390625
"2005-08-18",1578.19995117188,1585.28002929688,1573.40002441406,1575.76000976562,1391780000,1575.76000976562
"2005-08-19",1576.56994628906,1581.94995117188,1573.69995117188,1573.71997070312,1205270000,1573.71997070312
"2005-08-22",1577.15002441406,1588.92004394531,1565.81005859375,1575.58996582031,1351650000,1575.58996582031
"2005-08-23",1575.46997070312,1578.52001953125,1566.71997070312,1571.30004882812,1341270000,1571.30004882812
"2005-08-24",1568.02001953125,1588.90002441406,1561.15002441406,1561.7099609375,1718580000,1561.7099609375
"2005-08-25",1564.42004394531,1569.51000976562,1562.03002929688,1565.88000488281,1307580000,1565.88000488281
"2005-08-26",1563.84997558594,1565.55004882812,1552.98999023438,1558.83996582031,1261130000,1558.83996582031
"2005-08-29",1551.35998535156,1575.44995117188,1551.31005859375,1571.52001953125,1268560000,1571.52001953125
"2005-08-30",1565.17004394531,1566.46997070312,1554.48999023438,1565.72998046875,1436400000,1565.72998046875
"2005-08-31",1566.85998535156,1582.08996582031,1561.42004394531,1581.7099609375,1631780000,1581.7099609375
"2005-09-01",1581.22998046875,1587.81994628906,1573.5400390625,1577.25,1623320000,1577.25
"2005-09-02",1580.7099609375,1583,1571.81994628906,1573.11999511719,1130450000,1573.11999511719
"2005-09-06",1580.2099609375,1597.7099609375,1578.98999023438,1597.27001953125,1403190000,1597.27001953125
"2005-09-07",1594.02001953125,1600.7900390625,1590.86999511719,1599.85998535156,1480820000,1599.85998535156
"2005-09-08",1594.81994628906,1604.91003417969,1593.30004882812,1597.68005371094,1578070000,1597.68005371094
"2005-09-09",1599.97998046875,1610.11999511719,1595.31005859375,1607.82995605469,1617540000,1607.82995605469
"2005-09-12",1607.59997558594,1616.81994628906,1605.98999023438,1612.19995117188,1723540000,1612.19995117188
"2005-09-13",1609.57995605469,1619.11999511719,1604.13000488281,1607.38000488281,1724570000,1607.38000488281
"2005-09-14",1609.21997070312,1609.36999511719,1589.41003417969,1589.63000488281,1698250000,1589.63000488281
"2005-09-15",1594.51000976562,1596.38000488281,1585.06994628906,1588.55004882812,1744660000,1588.55004882812
"2005-09-16",1592.09997558594,1600.43994140625,1587.18005371094,1599.43994140625,2269030000,1599.43994140625
"2005-09-19",1595.07995605469,1597.96997070312,1579.51000976562,1586.05004882812,1604140000,1586.05004882812
"2005-09-20",1589.32995605469,1604.02001953125,1575.57995605469,1578.19995117188,1845670000,1578.19995117188
"2005-09-21",1577.09997558594,1577.67004394531,1561.46997070312,1561.83996582031,1772370000,1561.83996582031
"2005-09-22",1559.93994140625,1570.93994140625,1551.81005859375,1567.35998535156,1692930000,1567.35998535156
"2005-09-23",1563.96997070312,1577.05004882812,1559.56994628906,1571.75,1604120000,1571.75
"2005-09-26",1581.16003417969,1584.57995605469,1564.52001953125,1572.85998535156,1502410000,1572.85998535156
"2005-09-27",1575.83996582031,1578.18005371094,1563.2099609375,1568.83996582031,1658660000,1568.83996582031
"2005-09-28",1575.16003417969,1580.67004394531,1565.02001953125,1568.81005859375,1703850000,1568.81005859375
"2005-09-29",1567.43994140625,1591.15002441406,1560.86999511719,1589.93005371094,1801520000,1589.93005371094
"2005-09-30",1589.23999023438,1601.68994140625,1588.21997070312,1601.66003417969,1610970000,1601.66003417969
"2005-10-03",1603.46997070312,1612.53002929688,1603.39001464844,1605.58996582031,1794420000,1605.58996582031
"2005-10-04",1606.15002441406,1617.77001953125,1594.56005859375,1595.5400390625,2005300000,1595.5400390625
"2005-10-05",1595.39001464844,1595.82995605469,1571.4599609375,1571.52001953125,1923900000,1571.52001953125
"2005-10-06",1573.15002441406,1576.35998535156,1540.33996582031,1552.93994140625,2107360000,1552.93994140625
"2005-10-07",1558.93005371094,1563.27001953125,1549.93994140625,1555.92004394531,1444780000,1555.92004394531
"2005-10-10",1554.73999023438,1560.65002441406,1545.90002441406,1546.98999023438,1379210000,1546.98999023438
"2005-10-11",1551.01000976562,1551.5400390625,1534.60998535156,1539.31005859375,1851960000,1539.31005859375
"2005-10-12",1532.22998046875,1543.5,1519.30004882812,1521.18994140625,2014750000,1521.18994140625
"2005-10-13",1519.35998535156,1538.15002441406,1515.42004394531,1533.80004882812,1777590000,1533.80004882812
"2005-10-14",1537.43005371094,1545.13000488281,1529.42004394531,1544.2900390625,1555430000,1544.2900390625
"2005-10-17",1544.57995605469,1549.94995117188,1536.01000976562,1549.88000488281,1266030000,1549.88000488281
"2005-10-18",1548.2900390625,1549.41003417969,1538.39001464844,1538.43005371094,1460730000,1538.43005371094
"2005-10-19",1532.46997070312,1569.60998535156,1526.81994628906,1569.60998535156,1893300000,1569.60998535156
"2005-10-20",1568.53002929688,1576.4599609375,1547.06994628906,1555.58996582031,1797930000,1555.58996582031
"2005-10-21",1571.17004394531,1572.7099609375,1558.18005371094,1565.11999511719,1770700000,1565.11999511719
"2005-10-24",1570.32995605469,1590.72998046875,1561.44995117188,1590.65002441406,1551470000,1590.65002441406
"2005-10-25",1584.94995117188,1590.05004882812,1573.66003417969,1585.81994628906,1599120000,1585.81994628906
"2005-10-26",1580,1593.46997070312,1573.14001464844,1575.14001464844,1.832e+09,1575.14001464844
"2005-10-27",1571.64001464844,1573.80004882812,1543.38000488281,1543.38000488281,1718600000,1543.38000488281
"2005-10-28",1548.82995605469,1557.56994628906,1538.78002929688,1557.10998535156,1886560000,1557.10998535156
"2005-10-31",1559.83996582031,1584.08996582031,1559.83996582031,1579.18005371094,1869760000,1579.18005371094
"2005-11-01",1572.96997070312,1582.67004394531,1571.18994140625,1576.52001953125,1903230000,1576.52001953125
"2005-11-02",1570.82995605469,1600.75,1570.75,1597.2900390625,2173290000,1597.2900390625
"2005-11-03",1611.52001953125,1626.47998046875,1610.90002441406,1619.67004394531,2346250000,1619.67004394531
"2005-11-04",1622.56005859375,1631.7900390625,1616.83996582031,1628.03002929688,1699610000,1628.03002929688
"2005-11-07",1630.76000976562,1634.53002929688,1621.5,1629.27001953125,83140000,1629.27001953125
"2005-11-08",1626.23999023438,1636.83996582031,1623.16003417969,1628.40002441406,1599370000,1628.40002441406
"2005-11-09",1627.61999511719,1636.35998535156,1624.55004882812,1630.2099609375,1594180000,1630.2099609375
"2005-11-10",1629.56005859375,1651.05004882812,1620.73999023438,1650.93005371094,1938030000,1650.93005371094
"2005-11-11",1653.41003417969,1659.71997070312,1651.08996582031,1653.35998535156,1454900000,1653.35998535156
"2005-11-14",1653.65002441406,1657.53002929688,1648.26000976562,1651.90002441406,1385360000,1651.90002441406
"2005-11-15",1651.96997070312,1658.65002441406,1638.96997070312,1644.31005859375,1684810000,1644.31005859375
"2005-11-16",1648.92004394531,1653.73999023438,1642.35998535156,1651.44995117188,1721760000,1651.44995117188
"2005-11-17",1659.16003417969,1676.39001464844,1657.27001953125,1676.39001464844,1809860000,1676.39001464844
"2005-11-18",1685.05004882812,1689.58996582031,1674.75,1679.84997558594,1993850000,1679.84997558594
"2005-11-21",1678.69995117188,1686.7900390625,1673.05004882812,1686.22998046875,1661890000,1686.22998046875
"2005-11-22",1681.36999511719,1698.31994628906,1679.09997558594,1694.14001464844,86440000,1694.14001464844
"2005-11-23",1691.9599609375,1704.42004394531,1691.07995605469,1696.77001953125,1585710000,1696.77001953125
"2005-11-25",1699.13000488281,1701.06005859375,1693.32995605469,1701.05004882812,31740000,1701.05004882812
"2005-11-28",1702.40002441406,1703.07995605469,1683.82995605469,1684.39001464844,1559380000,1684.39001464844
"2005-11-29",1693.10998535156,1697.57995605469,1676.76000976562,1676.83996582031,1753540000,1676.83996582031
"2005-11-30",1675.92004394531,1683.61999511719,1671.33996582031,1672.56005859375,1876080000,1672.56005859375
"2005-12-01",1683.39001464844,1705.18994140625,1683.39001464844,1704.28002929688,2010420000,1704.28002929688
"2005-12-02",1702.35998535156,1709.09997558594,1698.90002441406,1709.09997558594,1758510000,1709.09997558594
"2005-12-05",1704.11999511719,1704.93994140625,1689.59997558594,1694.77001953125,1659920000,1694.77001953125
"2005-12-06",1706.61999511719,1716.65002441406,1700.16003417969,1701.34997558594,1788200000,1701.34997558594
"2005-12-07",1703.31005859375,1706.11999511719,1688.90002441406,1697.0400390625,1733530000,1697.0400390625
"2005-12-08",1701.01000976562,1702.83996582031,1674.73999023438,1685.58996582031,1908360000,1685.58996582031
"2005-12-09",1687.43994140625,1694.13000488281,1679.21997070312,1692.61999511719,1658570000,1692.61999511719
"2005-12-12",1698.15002441406,1701.27001953125,1691.21997070312,1698.34997558594,73400000,1698.34997558594
"2005-12-13",1696.28002929688,1711.82995605469,1693.90002441406,1705.77001953125,1873980000,1705.77001953125
"2005-12-14",1701.48999023438,1707.73999023438,1692.43994140625,1698.97998046875,1676210000,1698.97998046875
"2005-12-15",1703.39001464844,1705.93005371094,1688.06994628906,1701.69995117188,1804630000,1701.69995117188
"2005-12-16",1700.92004394531,1704.38000488281,1688.26000976562,1688.68005371094,2294480000,1688.68005371094
"2005-12-19",1692.2099609375,1694.65002441406,1663.56005859375,1664.35998535156,1745530000,1664.35998535156
"2005-12-20",1665.59997558594,1672.46997070312,1657.7099609375,1665.06994628906,1702920000,1665.06994628906
"2005-12-21",1669.33996582031,1682.83996582031,1665.33996582031,1670.60998535156,1630030000,1670.60998535156
"2005-12-22",1672.58996582031,1685.48999023438,1671.78002929688,1683.34997558594,1498880000,1683.34997558594
"2005-12-23",1687.57995605469,1690.41003417969,1679.28002929688,1682.92004394531,978370000,1682.92004394531
"2005-12-27",1686.92004394531,1693.57995605469,1666.4599609375,1668.36999511719,1250500000,1668.36999511719
"2005-12-28",1671.27001953125,1674.06994628906,1662.08996582031,1667.09997558594,1221540000,1667.09997558594
"2005-12-29",1668.78002929688,1671.31994628906,1653.53002929688,1655.35998535156,1185350000,1655.35998535156
"2005-12-30",1648.09997558594,1649.90002441406,1641.85998535156,1645.19995117188,1284050000,1645.19995117188
"2006-01-03",1654.39001464844,1686.58996582031,1633.61999511719,1679.93005371094,1998300000,1679.93005371094
"2006-01-04",1684.05004882812,1696.82995605469,1681.84997558594,1695.82995605469,1.881e+09,1695.82995605469
"2006-01-05",1697.80004882812,1707.7099609375,1697.32995605469,1705.2900390625,1891750000,1705.2900390625
"2006-01-06",1718.17004394531,1735.5,1710.85998535156,1734.98999023438,2233640000,1734.98999023438
"2006-01-09",1734.5,1745.11999511719,1729.59997558594,1741.90002441406,1949140000,1741.90002441406
"2006-01-10",1732.25,1744.46997070312,1730.25,1744.02001953125,1978160000,1744.02001953125
"2006-01-11",1748.88000488281,1761.4599609375,1743.84997558594,1758.23999023438,2380600000,1758.23999023438
"2006-01-12",1754.91003417969,1760.11999511719,1742.84997558594,1747.34997558594,2011460000,1747.34997558594
"2006-01-13",1748.36999511719,1750.27001953125,1738.01000976562,1746.78002929688,1784410000,1746.78002929688
"2006-01-17",1733.91003417969,1739.25,1728.61999511719,1736.39001464844,1702260000,1736.39001464844
"2006-01-18",1708.13000488281,1726.28002929688,1707.75,1716.61999511719,2276900000,1716.61999511719
"2006-01-19",1725.33996582031,1740.58996582031,1720.56005859375,1729.92004394531,2308150000,1729.92004394531
"2006-01-20",1724.11999511719,1727.02001953125,1674.31994628906,1676.38000488281,2348140000,1676.38000488281
"2006-01-23",1681.4599609375,1685.67004394531,1670.46997070312,1676.30004882812,1902480000,1676.30004882812
"2006-01-24",1682.80004882812,1695.41003417969,1680.60998535156,1686.21997070312,2067470000,1686.21997070312
"2006-01-25",1694.5400390625,1694.5400390625,1670.32995605469,1677,2188120000,1677
"2006-01-26",1687.5,1694.63000488281,1677.25,1690.48999023438,2404920000,1690.48999023438
"2006-01-27",1699.16003417969,1722.93005371094,1697.88000488281,1711.10998535156,2331690000,1711.10998535156
"2006-01-30",1712.83996582031,1720.88000488281,1711.42004394531,1713.44995117188,1900730000,1713.44995117188
"2006-01-31",1713.97998046875,1717.94995117188,1700.33996582031,1710.75,2235900000,1710.75
"2006-02-01",1697.11999511719,1714.28002929688,1695.82995605469,1713.02001953125,2274610000,1713.02001953125
"2006-02-02",1709.31005859375,1711.15002441406,1684.67004394531,1685.77001953125,2307830000,1685.77001953125
"2006-02-03",1673.0400390625,1676.18005371094,1658.38000488281,1664.53002929688,2230020000,1664.53002929688
"2006-02-06",1663.7099609375,1667.47998046875,1650.98999023438,1657.5400390625,1769530000,1657.5400390625
"2006-02-07",1656.05004882812,1663.98999023438,1644.83996582031,1651.83996582031,2117180000,1651.83996582031
"2006-02-08",1665.06994628906,1672.43994140625,1654.03002929688,1670.46997070312,2181770000,1670.46997070312
"2006-02-09",1675.93994140625,1681.92004394531,1652.08996582031,1654.07995605469,2321310000,1654.07995605469
"2006-02-10",1655.05004882812,1668.71997070312,1637.26000976562,1663.75,2017730000,1663.75
"2006-02-13",1653.76000976562,1655.81005859375,1638.53002929688,1645.82995605469,1.662e+09,1645.82995605469
"2006-02-14",1648.64001464844,1666.91003417969,1643.17004394531,1661.94995117188,1805300000,1661.94995117188
"2006-02-15",1658.17004394531,1676.14001464844,1655.21997070312,1673.15002441406,1783050000,1673.15002441406
"2006-02-16",1677.78002929688,1688.60998535156,1672.93005371094,1688.60998535156,1940470000,1688.60998535156
"2006-02-17",1683.18994140625,1684.2099609375,1674.89001464844,1675.2099609375,1948640000,1675.2099609375
"2006-02-21",1675.88000488281,1676.93005371094,1650.93994140625,1655.68005371094,1747180000,1655.68005371094
"2006-02-22",1657.4599609375,1684.15002441406,1653.68005371094,1677.52001953125,1824110000,1677.52001953125
"2006-02-23",1675.02001953125,1687.58996582031,1669.81005859375,1672.2900390625,1754200000,1672.2900390625
"2006-02-24",1672.2099609375,1678.15002441406,1666.96997070312,1676.5,1583980000,1676.5
"2006-02-27",1681.44995117188,1701.09997558594,1680.43005371094,1695.66003417969,1714420000,1695.66003417969
"2006-02-28",1690.43994140625,1695.34997558594,1665.63000488281,1670.56994628906,2120560000,1670.56994628906
"2006-03-01",1675.92004394531,1697.25,1672.59997558594,1694.57995605469,2190420000,1694.57995605469
"2006-03-02",1686.94995117188,1699.71997070312,1683.38000488281,1693.78002929688,2089100000,1693.78002929688
"2006-03-03",1685.13000488281,1706.41003417969,1682.7099609375,1684.31994628906,2389040000,1684.31994628906
"2006-03-06",1688.86999511719,1691.10998535156,1665.36999511719,1669.93994140625,2112280000,1669.93994140625
"2006-03-07",1666.72998046875,1668.81994628906,1652.58996582031,1661.02001953125,1908310000,1661.02001953125
"2006-03-08",1656.2900390625,1668.06005859375,1646.03002929688,1661.85998535156,2084040000,1661.85998535156
"2006-03-09",1666.30004882812,1671.83996582031,1644.85998535156,1645.08996582031,1957560000,1645.08996582031
"2006-03-10",1645.27001953125,1657.31005859375,1634.25,1648.22998046875,1752700000,1648.22998046875
"2006-03-13",1655.34997558594,1663.72998046875,1650.93994140625,1653.7900390625,1649550000,1653.7900390625
"2006-03-14",1650.93005371094,1682.93005371094,1650.93005371094,1681.15002441406,1911750000,1681.15002441406
"2006-03-15",1687.81994628906,1694.90002441406,1680.06005859375,1694.4599609375,2090520000,1694.4599609375
"2006-03-16",1701,1703.10998535156,1679.05004882812,1679.05004882812,2344240000,1679.05004882812
"2006-03-17",1682.68005371094,1690.9599609375,1676.63000488281,1685.66003417969,2540120000,1685.66003417969
"2006-03-20",1690.90002441406,1695.0400390625,1684.16003417969,1688.97998046875,1943820000,1688.97998046875
"2006-03-21",1688.58996582031,1707.68994140625,1671.19995117188,1672.46997070312,2360430000,1672.46997070312
"2006-03-22",1663.60998535156,1678.72998046875,1662.56005859375,1676.31994628906,2116220000,1676.31994628906
"2006-03-23",1672.11999511719,1676.28002929688,1660.81994628906,1670.72998046875,1963750000,1670.72998046875
"2006-03-24",1677.08996582031,1687.56005859375,1669.17004394531,1679.81005859375,1928040000,1679.81005859375
"2006-03-27",1678.93005371094,1687.5400390625,1678.05004882812,1680.63000488281,1850220000,1680.63000488281
"2006-03-28",1681.09997558594,1694.59997558594,1667.94995117188,1673.03002929688,1997510000,1673.03002929688
"2006-03-29",1677.10998535156,1711.26000976562,1674.88000488281,1703.83996582031,2375300000,1703.83996582031
"2006-03-30",1706.60998535156,1720.19995117188,1700.15002441406,1708.68005371094,2160810000,1708.68005371094
"2006-03-31",1712.93005371094,1715.61999511719,1701.85998535156,1703.66003417969,1851620000,1703.66003417969
"2006-04-03",1715.11999511719,1723.06005859375,1704.92004394531,1706.77001953125,1952960000,1706.77001953125
"2006-04-04",1708.92004394531,1720.43005371094,1705.27001953125,1716.55004882812,2082320000,1716.55004882812
"2006-04-05",1722.21997070312,1735.13000488281,1717.28002929688,1732.73999023438,2027440000,1732.73999023438
"2006-04-06",1734.2099609375,1745.68005371094,1727.14001464844,1739.19995117188,2141860000,1739.19995117188
"2006-04-07",1743.73999023438,1750.22998046875,1720.61999511719,1723.03002929688,2002360000,1723.03002929688
"2006-04-10",1724.65002441406,1727.81994628906,1712.46997070312,1718.85998535156,1840950000,1718.85998535156
"2006-04-11",1723.9599609375,1725.66003417969,1696.67004394531,1704.40002441406,2098780000,1704.40002441406
"2006-04-12",1705.17004394531,1710.92004394531,1701.2900390625,1704.75,1536510000,1704.75
"2006-04-13",1704.46997070312,1721.05004882812,1700.55004882812,1712.06994628906,1516980000,1712.06994628906
"2006-04-17",1710.91003417969,1716.71997070312,1684.34997558594,1694.31994628906,1776170000,1694.31994628906
"2006-04-18",1699,1730.32995605469,1699,1726.64001464844,2252800000,1726.64001464844
"2006-04-19",1729.7099609375,1734.09997558594,1720.64001464844,1734.0400390625,2077690000,1734.0400390625
"2006-04-20",1734.5,1741.34997558594,1724.61999511719,1728.90002441406,2125120000,1728.90002441406
"2006-04-21",1736.72998046875,1737.19995117188,1701.56994628906,1709.02001953125,2326080000,1709.02001953125
"2006-04-24",1706.51000976562,1711.0400390625,1697,1706.43994140625,2008130000,1706.43994140625
"2006-04-25",1711.34997558594,1711.34997558594,1694.52001953125,1701.46997070312,2301780000,1701.46997070312
"2006-04-26",1704.43005371094,1710,1696.5,1702.19995117188,2084230000,1702.19995117188
"2006-04-27",1695.03002929688,1727.7900390625,1688.25,1717.14001464844,2573560000,1717.14001464844
"2006-04-28",1705.52001953125,1717.48999023438,1699.51000976562,1700.7099609375,2501760000,1700.7099609375
"2006-05-01",1706.80004882812,1709.43994140625,1680.52001953125,1686.60998535156,2076120000,1686.60998535156
"2006-05-02",1692.94995117188,1697.18005371094,1686.65002441406,1689.93005371094,2070740000,1689.93005371094
"2006-05-03",1692.61999511719,1693.52001953125,1679.26000976562,1686.30004882812,2127260000,1686.30004882812
"2006-05-04",1688.41003417969,1707.35998535156,1688.41003417969,1701.03002929688,2054110000,1701.03002929688
"2006-05-05",1711.64001464844,1716.18994140625,1706.32995605469,1713.83996582031,1989260000,1713.83996582031
"2006-05-08",1713.73999023438,1721.13000488281,1712.18005371094,1715.22998046875,1726260000,1715.22998046875
"2006-05-09",1711.93005371094,1715.72998046875,1708.03002929688,1711.17004394531,1845230000,1711.17004394531
"2006-05-10",1706.18994140625,1707.38000488281,1690.90002441406,1694.81994628906,2014270000,1694.81994628906
"2006-05-11",1693.7099609375,1694.46997070312,1653.7900390625,1657.47998046875,2446770000,1657.47998046875
"2006-05-12",1649.82995605469,1652.26000976562,1634.65002441406,1635.81005859375,2289510000,1635.81005859375
"2006-05-15",1629.25,1640.09997558594,1619.26000976562,1634.78002929688,2006700000,1634.78002929688
"2006-05-16",1635.61999511719,1637.69995117188,1617.96997070312,1623.68994140625,1996620000,1623.68994140625
"2006-05-17",1611.2099609375,1618.84997558594,1595.61999511719,1598.91003417969,2337800000,1598.91003417969
"2006-05-18",1607.97998046875,1612.53002929688,1587.0400390625,1587.10998535156,2022640000,1587.10998535156
"2006-05-19",1589.81994628906,1604.47998046875,1575.81005859375,1600.85998535156,2514380000,1600.85998535156
"2006-05-22",1587.97998046875,1595.06005859375,1571.06005859375,1584.56994628906,2269960000,1584.56994628906
"2006-05-23",1597.5,1601.75,1569.01000976562,1569.01000976562,2131750000,1569.01000976562
"2006-05-24",1567.77001953125,1586.61999511719,1554.76000976562,1580.18005371094,2597020000,1580.18005371094
"2006-05-25",1589.98999023438,1600.21997070312,1579.23999023438,1599.68005371094,2028960000,1599.68005371094
"2006-05-26",1605.18994140625,1606.4599609375,1595.2900390625,1606.36999511719,1540700000,1606.36999511719
"2006-05-30",1599.10998535156,1606.36999511719,1571.2900390625,1571.2900390625,1718660000,1571.2900390625
"2006-05-31",1575.77001953125,1587.78002929688,1568.21997070312,1579.57995605469,2119060000,1579.57995605469
"2006-06-01",1581.07995605469,1616.56994628906,1579.57995605469,1616.56994628906,2078740000,1616.56994628906
"2006-06-02",1626.18994140625,1626.2900390625,1599.17004394531,1612.90002441406,1933380000,1612.90002441406
"2006-06-05",1606.10998535156,1612.90002441406,1577.48999023438,1577.5,1733250000,1577.5
"2006-06-06",1581.93994140625,1583.90002441406,1560.22998046875,1575.39001464844,2089540000,1575.39001464844
"2006-06-07",1578.77001953125,1592.36999511719,1563.94995117188,1565.21997070312,1913870000,1565.21997070312
"2006-06-08",1555.84997558594,1566.58996582031,1525.78002929688,1561.55004882812,2948100000,1561.55004882812
"2006-06-09",1567.92004394531,1575.11999511719,1550.14001464844,1550.96997070312,1754740000,1550.96997070312
"2006-06-12",1553.65002441406,1555.08996582031,1520.2900390625,1520.31005859375,1887720000,1520.31005859375
"2006-06-13",1523.64001464844,1536.5,1511.53002929688,1516.84997558594,2594500000,1516.84997558594
"2006-06-14",1519.2900390625,1531.58996582031,1512.97998046875,1530.26000976562,2090140000,1530.26000976562
"2006-06-15",1538.14001464844,1576.7900390625,1530.26000976562,1573.07995605469,2201490000,1573.07995605469
"2006-06-16",1568.53002929688,1573.07995605469,1554.82995605469,1562.83996582031,2428150000,1562.83996582031
"2006-06-19",1568.38000488281,1568.89001464844,1543.84997558594,1548.93994140625,1681580000,1548.93994140625
"2006-06-20",1549.94995117188,1565.17004394531,1544.30004882812,1548.31994628906,1572100000,1548.31994628906
"2006-06-21",1550.66003417969,1585.88000488281,1548.31994628906,1573.56005859375,1854850000,1573.56005859375
"2006-06-22",1571.10998535156,1573.67004394531,1546.11999511719,1554.48999023438,1644700000,1554.48999023438
"2006-06-23",1551.46997070312,1566.90002441406,1544.10998535156,1551.05004882812,1614510000,1551.05004882812
"2006-06-26",1553.47998046875,1561.46997070312,1549.13000488281,1556.17004394531,1392940000,1556.17004394531
"2006-06-27",1556.14001464844,1559.18994140625,1525.89001464844,1527,1788170000,1527
"2006-06-28",1531.30004882812,1538.65002441406,1520.93005371094,1538.25,1591310000,1538.25
"2006-06-29",1546.01000976562,1585.56005859375,1538.25,1585.56005859375,2165390000,1585.56005859375
"2006-06-30",1590.27001953125,1590.82995605469,1574.38000488281,1575.22998046875,2458840000,1575.22998046875
"2006-07-03",1580.63000488281,1586.43994140625,1575.22998046875,1586.25,788200000,1586.25
"2006-07-05",1573.34997558594,1586.25,1550.57995605469,1553.94995117188,1586970000,1553.94995117188
"2006-07-06",1556.23999023438,1564.9599609375,1547.28002929688,1551.55004882812,1585090000,1551.55004882812
"2006-07-07",1543.4599609375,1553.08996582031,1529.40002441406,1533.7099609375,1759870000,1533.7099609375
"2006-07-10",1538.78002929688,1543.11999511719,1513.46997070312,1520.90002441406,1561790000,1520.90002441406
"2006-07-11",1516.18994140625,1534.96997070312,1508.91003417969,1533.06005859375,1971500000,1533.06005859375
"2006-07-12",1527.43994140625,1533.06005859375,1499.77001953125,1501.4599609375,1776520000,1501.4599609375
"2006-07-13",1490.5400390625,1506.53002929688,1478.13000488281,1478.16003417969,2022040000,1478.16003417969
"2006-07-14",1478.59997558594,1480.31005859375,1456.38000488281,1462.17004394531,1779960000,1462.17004394531
"2006-07-17",1462.39001464844,1475.2099609375,1459.90002441406,1468.5,1504880000,1468.5
"2006-07-18",1472.06005859375,1477.80004882812,1446.77001953125,1472.33996582031,1996880000,1472.33996582031
"2006-07-19",1467.57995605469,1498.31994628906,1467.30004882812,1490.59997558594,2304740000,1490.59997558594
"2006-07-20",1497.14001464844,1497.14001464844,1466.27001953125,1466.89001464844,1951450000,1466.89001464844
"2006-07-21",1457.52001953125,1463.43994140625,1450.23999023438,1451.88000488281,2346890000,1451.88000488281
"2006-07-24",1459.39001464844,1482.33996582031,1457.10998535156,1482.33996582031,1975870000,1482.33996582031
"2006-07-25",1483.01000976562,1494.14001464844,1475.11999511719,1489.52001953125,1913710000,1489.52001953125
"2006-07-26",1483.73999023438,1499.43005371094,1474.67004394531,1487.88000488281,2073310000,1487.88000488281
"2006-07-27",1497,1506.75,1475.91003417969,1478.53002929688,2120100000,1478.53002929688
"2006-07-28",1488.06005859375,1511,1485.9599609375,1510.30004882812,1803290000,1510.30004882812
"2006-07-31",1506.81005859375,1517.85998535156,1501.78002929688,1509.43005371094,1582270000,1509.43005371094
"2006-08-01",1498.17004394531,1498.17004394531,1476.06005859375,1484.93994140625,1663070000,1484.93994140625
"2006-08-02",1490.64001464844,1510.51000976562,1490.41003417969,1500.47998046875,1755730000,1500.47998046875
"2006-08-03",1487.02001953125,1518.41003417969,1484.59997558594,1510.59997558594,1818790000,1510.59997558594
"2006-08-04",1522.65002441406,1530.0400390625,1490.16003417969,1503.83996582031,1832040000,1503.83996582031
"2006-08-07",1501.43005371094,1501.43005371094,1487.18994140625,1494.13000488281,1428170000,1494.13000488281
"2006-08-08",1498.94995117188,1500.76000976562,1476.47998046875,1484.80004882812,1889440000,1484.80004882812
"2006-08-09",1503.85998535156,1517.90002441406,1482.48999023438,1485.64001464844,2074060000,1485.64001464844
"2006-08-10",1482.10998535156,1499.93005371094,1478.19995117188,1496.28002929688,1730320000,1496.28002929688
"2006-08-11",1491.09997558594,1491.96997070312,1479.68994140625,1486.73999023438,1423530000,1486.73999023438
"2006-08-14",1500.65002441406,1515.68005371094,1493.73999023438,1494.32995605469,1480120000,1494.32995605469
"2006-08-15",1514.83996582031,1534.78002929688,1508.93994140625,1534.43005371094,1755660000,1534.43005371094
"2006-08-16",1546.47998046875,1570.06005859375,1539.58996582031,1570.06005859375,2474760000,1570.06005859375
"2006-08-17",1564.96997070312,1584.71997070312,1562.61999511719,1573.58996582031,1919020000,1573.58996582031
"2006-08-18",1571.69995117188,1578.34997558594,1557.89001464844,1576.4599609375,1683790000,1576.4599609375
"2006-08-21",1566.16003417969,1567.5,1556.28002929688,1561.11999511719,1.314e+09,1561.11999511719
"2006-08-22",1560.2099609375,1577.5400390625,1555.97998046875,1563.43005371094,1555940000,1563.43005371094
"2006-08-23",1565.98999023438,1571.47998046875,1543.85998535156,1550.41003417969,1457180000,1550.41003417969
"2006-08-24",1557.64001464844,1558.93994140625,1542.56994628906,1555.18994140625,1404360000,1555.18994140625
"2006-08-25",1550.83996582031,1570.33996582031,1548.01000976562,1557.69995117188,1282510000,1557.69995117188
"2006-08-28",1557.2099609375,1574.44995117188,1556.52001953125,1570.2900390625,1333860000,1570.2900390625
"2006-08-29",1569.94995117188,1575.44995117188,1552.40002441406,1573.65002441406,1580990000,1573.65002441406
"2006-08-30",1577.43005371094,1583.77001953125,1570.15002441406,1581.94995117188,1620030000,1581.94995117188
"2006-08-31",1583.97998046875,1586.59997558594,1576.32995605469,1579.72998046875,1700210000,1579.72998046875
"2006-09-01",1589.2099609375,1593.66003417969,1581.91003417969,1589.46997070312,1325540000,1589.46997070312
"2006-09-05",1589.92004394531,1605.02001953125,1580.2099609375,1603.68994140625,1732460000,1603.68994140625
"2006-09-06",1590.92004394531,1592.89001464844,1570.42004394531,1572.19995117188,1797080000,1572.19995117188
"2006-09-07",1567.72998046875,1581.43994140625,1560.05004882812,1564.83996582031,1847190000,1564.83996582031
"2006-09-08",1568.81005859375,1578.11999511719,1564.55004882812,1574.7099609375,1457220000,1574.7099609375
"2006-09-11",1563.07995605469,1591.11999511719,1558.17004394531,1583.78002929688,1694280000,1583.78002929688
"2006-09-12",1585.77001953125,1617.55004882812,1584.84997558594,1615.75,2007990000,1615.75
"2006-09-13",1615.31994628906,1625.55004882812,1611.97998046875,1623.98999023438,1860530000,1623.98999023438
"2006-09-14",1620.36999511719,1629.27001953125,1617.96997070312,1625.97998046875,1826600000,1625.97998046875
"2006-09-15",1637.27001953125,1645.59997558594,1627.5400390625,1632.43994140625,2455870000,1632.43994140625
"2006-09-18",1631.47998046875,1643.53002929688,1625.80004882812,1632.17004394531,1914200000,1632.17004394531
"2006-09-19",1638.07995605469,1638.07995605469,1608.51000976562,1621.06994628906,2079920000,1621.06994628906
"2006-09-20",1636.02001953125,1648.90002441406,1635.28002929688,1645.34997558594,2164940000,1645.34997558594
"2006-09-21",1648.83996582031,1654.40002441406,1631.2900390625,1634.86999511719,1993110000,1634.86999511719
"2006-09-22",1633.15002441406,1633.15002441406,1615.97998046875,1622.36999511719,1646540000,1622.36999511719
"2006-09-25",1631.33996582031,1653.85998535156,1615.14001464844,1650.36999511719,1833860000,1650.36999511719
"2006-09-26",1649.81994628906,1659.59997558594,1644.2900390625,1659.19995117188,2011140000,1659.19995117188
"2006-09-27",1655.52001953125,1665.60998535156,1648.14001464844,1655.67004394531,2039100000,1655.67004394531
"2006-09-28",1658.43005371094,1663.28002929688,1645.19995117188,1661.58996582031,1805260000,1661.58996582031
"2006-09-29",1666.03002929688,1666.03002929688,1653.73999023438,1654.13000488281,1812120000,1654.13000488281
"2006-10-02",1650.31994628906,1655.67004394531,1631.35998535156,1632.81005859375,1769170000,1632.81005859375
"2006-10-03",1629.26000976562,1646.73999023438,1623.06994628906,1640.2900390625,1946800000,1640.2900390625
"2006-10-04",1637.35998535156,1681.14001464844,1634.22998046875,1681.14001464844,2190280000,1681.14001464844
"2006-10-05",1680.06005859375,1690.41003417969,1676.07995605469,1689.43005371094,1911090000,1689.43005371094
"2006-10-06",1682.42004394531,1690.80004882812,1678.55004882812,1684.88000488281,1672470000,1684.88000488281
"2006-10-09",1683.19995117188,1698.38000488281,1681.64001464844,1691.07995605469,1485280000,1691.07995605469
"2006-10-10",1693.21997070312,1698.26000976562,1681.43994140625,1693.2900390625,1760360000,1693.2900390625
"2006-10-11",1686.41003417969,1701.57995605469,1675.97998046875,1691.28002929688,1995600000,1691.28002929688
"2006-10-12",1699.05004882812,1718.71997070312,1697.46997070312,1718.5400390625,2003960000,1718.5400390625
"2006-10-13",1717.39001464844,1729.26000976562,1714.57995605469,1727.2099609375,1940530000,1727.2099609375
"2006-10-16",1728.22998046875,1733.72998046875,1725.69995117188,1727.60998535156,1823620000,1727.60998535156
"2006-10-17",1718.09997558594,1718.09997558594,1699.88000488281,1709.60998535156,2125950000,1709.60998535156
"2006-10-18",1718.01000976562,1721.43005371094,1695.36999511719,1700.75,2130750000,1700.75
"2006-10-19",1699.06005859375,1713.43005371094,1693.18994140625,1706.36999511719,2000690000,1706.36999511719
"2006-10-20",1706.36999511719,1713.44995117188,1695.2099609375,1709.57995605469,1922070000,1709.57995605469
"2006-10-23",1706.18005371094,1732.52001953125,1702.57995605469,1725.93005371094,1823480000,1725.93005371094
"2006-10-24",1723.7900390625,1726.78002929688,1706.21997070312,1713.88000488281,1856880000,1713.88000488281
"2006-10-25",1717.27001953125,1729.90002441406,1711.68005371094,1726.76000976562,2100780000,1726.76000976562
"2006-10-26",1730.72998046875,1745.7900390625,1718.53002929688,1744.06994628906,2339540000,1744.06994628906
"2006-10-27",1740,1741.60998535156,1712.76000976562,1717.60998535156,2268950000,1717.60998535156
"2006-10-30",1715.7900390625,1735.02001953125,1711.84997558594,1727.80004882812,1724180000,1727.80004882812
"2006-10-31",1733.81994628906,1739.32995605469,1722.15002441406,1732.5400390625,1922150000,1732.5400390625
"2006-11-01",1738.55004882812,1739.7900390625,1702.18005371094,1707.65002441406,2027020000,1707.65002441406
"2006-11-02",1702.26000976562,1714.36999511719,1698.59997558594,1710.17004394531,1887310000,1710.17004394531
"2006-11-03",1714.27001953125,1716.65002441406,1693.18994140625,1703.97998046875,1830050000,1703.97998046875
"2006-11-06",1712.03002929688,1736.5400390625,1712.03002929688,1732.26000976562,1892250000,1732.26000976562
"2006-11-07",1731.81005859375,1752.94995117188,1728.27001953125,1741.53002929688,2088770000,1741.53002929688
"2006-11-08",1732.2099609375,1757.18005371094,1728.34997558594,1749.75,2076020000,1749.75
"2006-11-09",1760.05004882812,1762.94995117188,1736.66003417969,1740.14001464844,2380240000,1740.14001464844
"2006-11-10",1743.09997558594,1751.10998535156,1736.39001464844,1751.10998535156,1680460000,1751.10998535156
"2006-11-13",1751.83996582031,1770.5400390625,1749.52001953125,1768,1720810000,1768
"2006-11-14",1769.36999511719,1787.88000488281,1759.23999023438,1787.22998046875,1926370000,1787.22998046875
"2006-11-15",1787.32995605469,1804.88000488281,1786.7099609375,1793.81994628906,2103870000,1793.81994628906
"2006-11-16",1798.84997558594,1806,1790.9599609375,1801.96997070312,2038830000,1801.96997070312
"2006-11-17",1791.67004394531,1800.90002441406,1788.05004882812,1800.67004394531,1732400000,1800.67004394531
"2006-11-20",1795.68005371094,1808.7099609375,1790.46997070312,1803.81005859375,1697480000,1803.81005859375
"2006-11-21",1807.33996582031,1809.80004882812,1800.30004882812,1808.88000488281,1660270000,1808.88000488281
"2006-11-22",1815.61999511719,1820.19995117188,1800.71997070312,1819.76000976562,1573120000,1819.76000976562
"2006-11-24",1805.39001464844,1824.2099609375,1805.39001464844,1815.53002929688,681510000,1815.53002929688
"2006-11-27",1810.91003417969,1813.92004394531,1775.17004394531,1775.17004394531,1950300000,1775.17004394531
"2006-11-28",1769.42004394531,1782.65002441406,1763.33996582031,1780.33996582031,1958630000,1780.33996582031
"2006-11-29",1787.65002441406,1796.5,1776.09997558594,1792.77001953125,1903430000,1792.77001953125
"2006-11-30",1791.33996582031,1800.46997070312,1781.48999023438,1791.25,2134200000,1791.25
"2006-12-01",1790.63000488281,1793.31005859375,1760.01000976562,1775.11999511719,2040520000,1775.11999511719
"2006-12-04",1782.59997558594,1808.11999511719,1782.13000488281,1799.93005371094,1954530000,1799.93005371094
"2006-12-05",1806.5,1810.81994628906,1797.36999511719,1804.84997558594,1990600000,1804.84997558594
"2006-12-06",1801.40002441406,1804.88000488281,1792.2900390625,1799.13000488281,1.889e+09,1799.13000488281
"2006-12-07",1802.56005859375,1808.19995117188,1777.19995117188,1777.4599609375,2051030000,1777.4599609375
"2006-12-08",1773.80004882812,1799.21997070312,1767.82995605469,1786.2099609375,1840600000,1786.2099609375
"2006-12-11",1786.2099609375,1803.38000488281,1779.65002441406,1791.73999023438,1813340000,1791.73999023438
"2006-12-12",1792.18005371094,1794.05004882812,1771.30004882812,1781.96997070312,1927540000,1781.96997070312
"2006-12-13",1793.85998535156,1793.85998535156,1774.05004882812,1783.43994140625,1782430000,1783.43994140625
"2006-12-14",1786.52001953125,1811.07995605469,1786.52001953125,1803.41003417969,1889510000,1803.41003417969
"2006-12-15",1818.2099609375,1821.18005371094,1805.44995117188,1808.56005859375,2324650000,1808.56005859375
"2006-12-18",1812.93005371094,1820.93994140625,1783.23999023438,1790.98999023438,1936350000,1790.98999023438
"2006-12-19",1776.60998535156,1792.78002929688,1766.34997558594,1785.11999511719,1960720000,1785.11999511719
"2006-12-20",1787.66003417969,1795.41003417969,1777.92004394531,1777.92004394531,1749530000,1777.92004394531
"2006-12-21",1780.53002929688,1781.51000976562,1759.07995605469,1766.28002929688,1732880000,1766.28002929688
"2006-12-22",1765.2900390625,1765.97998046875,1748.60998535156,1748.60998535156,1306530000,1748.60998535156
"2006-12-26",1746.85998535156,1754.69995117188,1746.06994628906,1753.55004882812,1016200000,1753.55004882812
"2006-12-27",1757.08996582031,1766.15002441406,1754.86999511719,1763.41003417969,1216260000,1763.41003417969
"2006-12-28",1757.58996582031,1765.06005859375,1752.64001464844,1758.93994140625,1237530000,1758.93994140625
"2006-12-29",1759.15002441406,1774.64001464844,1755.0400390625,1756.90002441406,1413920000,1756.90002441406
"2007-01-03",1769.21997070312,1793.05004882812,1731.7099609375,1759.36999511719,2435280000,1759.36999511719
"2007-01-04",1763.15002441406,1799.06994628906,1757,1792.91003417969,2104210000,1792.91003417969
"2007-01-05",1787.7900390625,1787.7900390625,1770.2900390625,1785.30004882812,2060360000,1785.30004882812
"2007-01-08",1786.39001464844,1795.44995117188,1776.98999023438,1787.14001464844,1905620000,1787.14001464844
"2007-01-09",1791.75,1802.43994140625,1776.72998046875,1795.63000488281,2144160000,1795.63000488281
"2007-01-10",1790.51000976562,1817.21997070312,1784.28002929688,1816.15002441406,2274210000,1816.15002441406
"2007-01-11",1820.75,1840.88000488281,1818.08996582031,1834.85998535156,2436270000,1834.85998535156
"2007-01-12",1832.15002441406,1845.68005371094,1830.33996582031,1844.81005859375,2175810000,1844.81005859375
"2007-01-16",1844.72998046875,1847.5400390625,1836.82995605469,1842.43994140625,2139550000,1842.43994140625
"2007-01-17",1835.05004882812,1843.06994628906,1824.73999023438,1827.68005371094,2273880000,1827.68005371094
"2007-01-18",1821.98999023438,1824.33996582031,1789.39001464844,1793.68005371094,2456180000,1793.68005371094
"2007-01-19",1787.81994628906,1802.21997070312,1787.52001953125,1796.81005859375,2037890000,1796.81005859375
"2007-01-22",1800.32995605469,1800.53002929688,1771.23999023438,1779.02001953125,1900860000,1779.02001953125
"2007-01-23",1776.82995605469,1790.06994628906,1771.43994140625,1773.40002441406,2001100000,1773.40002441406
"2007-01-24",1785.42004394531,1803.4599609375,1781.81994628906,1802.63000488281,2202040000,1802.63000488281
"2007-01-25",1806.75,1810.23999023438,1774.57995605469,1777.75,2202280000,1777.75
"2007-01-26",1783.38000488281,1784.81994628906,1763.30004882812,1772.96997070312,2067080000,1772.96997070312
"2007-01-29",1771.05004882812,1786.96997070312,1767.08996582031,1775.07995605469,1915400000,1775.07995605469
"2007-01-30",1780.26000976562,1782.2099609375,1772.03002929688,1777.76000976562,1769600000,1777.76000976562
"2007-01-31",1774.43994140625,1798.48999023438,1764.63000488281,1792.28002929688,2186710000,1792.28002929688
"2007-02-01",1801.59997558594,1806.81005859375,1785.5400390625,1791.44995117188,2170040000,1791.44995117188
"2007-02-02",1795.68005371094,1800.39001464844,1788.96997070312,1798.13000488281,1876770000,1798.13000488281
"2007-02-05",1796.47998046875,1804.40002441406,1789.71997070312,1795.39001464844,1875310000,1795.39001464844
"2007-02-06",1799.32995605469,1800.05004882812,1776.51000976562,1793.06005859375,2113710000,1793.06005859375
"2007-02-07",1803.22998046875,1816.77001953125,1796.18005371094,1810.94995117188,2198410000,1810.94995117188
"2007-02-08",1807.41003417969,1814.47998046875,1800.63000488281,1810.5400390625,1995880000,1810.5400390625
"2007-02-09",1815.21997070312,1819.30004882812,1780.43994140625,1785.53002929688,2186590000,1785.53002929688
"2007-02-12",1787.10998535156,1787.10998535156,1774.25,1778.42004394531,1840250000,1778.42004394531
"2007-02-13",1782.16003417969,1789.97998046875,1778.66003417969,1783.81994628906,1821390000,1783.81994628906
"2007-02-14",1792.73999023438,1818.55004882812,1792.2900390625,1814.97998046875,2173580000,1814.97998046875
"2007-02-15",1815.48999023438,1824.08996582031,1813.06994628906,1823.41003417969,1949670000,1823.41003417969
"2007-02-16",1818.56005859375,1823.36999511719,1813.90002441406,1821.48999023438,1887430000,1821.48999023438
"2007-02-20",1817.83996582031,1835.31005859375,1808.10998535156,1833.7099609375,2165590000,1833.7099609375
"2007-02-21",1827.03002929688,1839.13000488281,1824.53002929688,1839.13000488281,2012450000,1839.13000488281
"2007-02-22",1845.46997070312,1851.46997070312,1832.59997558594,1846.33996582031,1850960000,1846.33996582031
"2007-02-23",1845.41003417969,1846.77001953125,1832.40002441406,1839.77001953125,2012220000,1839.77001953125
"2007-02-26",1848.47998046875,1849.08996582031,1819.76000976562,1830.58996582031,1912480000,1830.58996582031
"2007-02-27",1801.86999511719,1808.07995605469,1750.69995117188,1756.27001953125,3037380000,1756.27001953125
"2007-02-28",1754.88000488281,1778.17004394531,1746.2900390625,1761.59997558594,2620450000,1761.59997558594
"2007-03-01",1729.03002929688,1768.9599609375,1717.94995117188,1753.44995117188,2710750000,1753.44995117188
"2007-03-02",1740.86999511719,1752.85998535156,1726.03002929688,1726.03002929688,2352790000,1726.03002929688
"2007-03-05",1726.03002929688,1739.05004882812,1710.96997070312,1712.93994140625,2291680000,1712.93994140625
"2007-03-06",1730.39001464844,1747.2099609375,1727.11999511719,1743.09997558594,2121430000,1743.09997558594
"2007-03-07",1740.7900390625,1746.85998535156,1733.81994628906,1736.09997558594,1959330000,1736.09997558594
"2007-03-08",1753.59997558594,1757.52001953125,1741.46997070312,1746.43005371094,1989910000,1746.43005371094
"2007-03-09",1759.5400390625,1760.9599609375,1734.34997558594,1744.73999023438,1875050000,1744.73999023438
"2007-03-12",1742.97998046875,1758.48999023438,1742.05004882812,1756.42004394531,1637980000,1756.42004394531
"2007-03-13",1747.31994628906,1756.21997070312,1722.47998046875,1722.47998046875,2.235e+09,1722.47998046875
"2007-03-14",1724.65002441406,1743.15002441406,1711.28002929688,1743.15002441406,2255630000,1743.15002441406
"2007-03-15",1743.47998046875,1749.57995605469,1737.0400390625,1744.86999511719,1690430000,1744.86999511719
"2007-03-16",1743.57995605469,1750.39001464844,1733.57995605469,1742.22998046875,2031650000,1742.22998046875
"2007-03-19",1752.18994140625,1764.36999511719,1747.05004882812,1758.22998046875,1650970000,1758.22998046875
"2007-03-20",1759.48999023438,1772.73999023438,1757.93994140625,1767.25,1761940000,1767.25
"2007-03-21",1774.51000976562,1806.34997558594,1763.5400390625,1806.34997558594,2158740000,1806.34997558594
"2007-03-22",1806.76000976562,1807.43005371094,1793.38000488281,1799.75,1887290000,1799.75
"2007-03-23",1800.18005371094,1804.63000488281,1792.73999023438,1794.0400390625,1634470000,1794.0400390625
"2007-03-26",1796.01000976562,1802.94995117188,1774.9599609375,1802.94995117188,1817870000,1802.94995117188
"2007-03-27",1798.14001464844,1798.89001464844,1787.97998046875,1789.93005371094,1708060000,1789.93005371094
"2007-03-28",1781.66003417969,1789.65002441406,1770.5400390625,1770.5400390625,1868310000,1770.5400390625
"2007-03-29",1783.43994140625,1783.47998046875,1753.43005371094,1771.71997070312,1926070000,1771.71997070312
"2007-03-30",1772.85998535156,1783.32995605469,1758.09997558594,1772.35998535156,1998550000,1772.35998535156
"2007-04-02",1775.92004394531,1779.30004882812,1761.65002441406,1773.32995605469,1784170000,1773.32995605469
"2007-04-03",1782.5,1801.90002441406,1781.89001464844,1796.31005859375,1932030000,1796.31005859375
"2007-04-04",1797.28002929688,1804.5400390625,1795,1801.73999023438,1933300000,1801.73999023438
"2007-04-05",1801.09997558594,1812.93994140625,1798.53002929688,1812.93994140625,1537800000,1812.93994140625
"2007-04-09",1818.75,1819.0400390625,1805.08996582031,1808.18994140625,1714880000,1808.18994140625
"2007-04-10",1807.06005859375,1816.93005371094,1806.91003417969,1816.93005371094,1834530000,1816.93005371094
"2007-04-11",1815.38000488281,1815.72998046875,1793.25,1798.08996582031,1957970000,1798.08996582031
"2007-04-12",1795.15002441406,1814.68005371094,1788.40002441406,1813.48999023438,1905500000,1813.48999023438
"2007-04-13",1811.66003417969,1818.42004394531,1801.89001464844,1816.84997558594,1834320000,1816.84997558594
"2007-04-16",1823.68994140625,1835.68005371094,1823.68994140625,1833.9599609375,1779410000,1833.9599609375
"2007-04-17",1835.67004394531,1838.09997558594,1829.10998535156,1834.91003417969,1900920000,1834.91003417969
"2007-04-18",1828.76000976562,1839.31005859375,1823.2900390625,1832.39001464844,2046760000,1832.39001464844
"2007-04-19",1823.19995117188,1840.28002929688,1819.31005859375,1832.46997070312,2112920000,1832.46997070312
"2007-04-20",1848.68994140625,1856.43005371094,1838.77001953125,1845.89001464844,2084270000,1845.89001464844
"2007-04-23",1848.48999023438,1854.75,1844.80004882812,1850.18005371094,1928530000,1850.18005371094
"2007-04-24",1856.31994628906,1863.76000976562,1844.05004882812,1858.86999511719,2220610000,1858.86999511719
"2007-04-25",1865.77001953125,1883.57995605469,1859.06005859375,1881.32995605469,2644120000,1881.32995605469
"2007-04-26",1889.57995605469,1896.77001953125,1884.26000976562,1889.56994628906,2406090000,1889.56994628906
"2007-04-27",1886.31994628906,1894.96997070312,1883.35998535156,1891.06005859375,2078160000,1891.06005859375
"2007-04-30",1891.81005859375,1891.81005859375,1867.75,1867.75,2080710000,1867.75
"2007-05-01",1872.33996582031,1876.18994140625,1857.32995605469,1873.43005371094,2351750000,1873.43005371094
"2007-05-02",1874.56005859375,1894.30004882812,1874.39001464844,1889.72998046875,2073150000,1889.72998046875
"2007-05-03",1892.59997558594,1899.48999023438,1888.73999023438,1895.64001464844,2137140000,1895.64001464844
"2007-05-04",1902.40002441406,1905.84997558594,1888.40002441406,1895.69995117188,2214130000,1895.69995117188
"2007-05-07",1896.09997558594,1901.42004394531,1893.96997070312,1895.9599609375,1652300000,1895.9599609375
"2007-05-08",1890.07995605469,1901.2099609375,1883.01000976562,1899.82995605469,1897750000,1899.82995605469
"2007-05-09",1891.19995117188,1909.30004882812,1890.16003417969,1905.65002441406,2104220000,1905.65002441406
"2007-05-10",1896.42004394531,1902.18994140625,1874.23999023438,1875.19995117188,2237610000,1875.19995117188
"2007-05-11",1881.5400390625,1899.43994140625,1878.38000488281,1898.7900390625,1725550000,1898.7900390625
"2007-05-14",1902.09997558594,1906.38000488281,1878.63000488281,1888.07995605469,1941450000,1888.07995605469
"2007-05-15",1887.58996582031,1898.02001953125,1870.23999023438,1871.7900390625,2187760000,1871.7900390625
"2007-05-16",1878.52001953125,1891.56994628906,1866.97998046875,1891.56994628906,2061050000,1891.56994628906
"2007-05-17",1889.17004394531,1892.7099609375,1882.0400390625,1884.68005371094,1924890000,1884.68005371094
"2007-05-18",1890.88000488281,1898.33996582031,1885.93005371094,1896.93005371094,1996930000,1896.93005371094
"2007-05-21",1899.59997558594,1919.59997558594,1897.85998535156,1911.16003417969,1974220000,1911.16003417969
"2007-05-22",1913.51000976562,1921.81005859375,1905.77001953125,1916.44995117188,1943950000,1916.44995117188
"2007-05-23",1919.44995117188,1925.43005371094,1903.86999511719,1904.41003417969,2011060000,1904.41003417969
"2007-05-24",1904.18994140625,1911.47998046875,1869.51000976562,1874.59997558594,2350850000,1874.59997558594
"2007-05-25",1883.41003417969,1892.7099609375,1877.72998046875,1889.25,1559700000,1889.25
"2007-05-29",1891.06994628906,1904.31005859375,1887.26000976562,1899.7900390625,1.651e+09,1899.7900390625
"2007-05-30",1889.28002929688,1918.07995605469,1884.44995117188,1918.07995605469,1969150000,1918.07995605469
"2007-05-31",1923.56005859375,1931.09997558594,1919.27001953125,1928.18994140625,2286850000,1928.18994140625
"2007-06-01",1934.73999023438,1940.81005859375,1925.65002441406,1928.26000976562,1880030000,1928.26000976562
"2007-06-04",1921.94995117188,1935.84997558594,1920.2099609375,1933.72998046875,1947220000,1933.72998046875
"2007-06-05",1928.65002441406,1932.93994140625,1916.38000488281,1932.34997558594,2182810000,1932.34997558594
"2007-06-06",1924.43005371094,1924.51000976562,1908.80004882812,1914.84997558594,2163430000,1914.84997558594
"2007-06-07",1908.66003417969,1918.81994628906,1882.17004394531,1882.17004394531,2716240000,1882.17004394531
"2007-06-08",1884.66003417969,1906.7900390625,1876.52001953125,1906.26000976562,1908130000,1906.26000976562
"2007-06-11",1904.91003417969,1917.43005371094,1900.72998046875,1901.9599609375,1614980000,1901.9599609375
"2007-06-12",1892.13000488281,1911.14001464844,1887.77001953125,1890.67004394531,2047210000,1890.67004394531
"2007-06-13",1897.7900390625,1913.86999511719,1892.55004882812,1913.86999511719,2086610000,1913.86999511719
"2007-06-14",1914.28002929688,1929.58996582031,1913.53002929688,1924.5400390625,1936220000,1924.5400390625
"2007-06-15",1943.91003417969,1946.69995117188,1937.98999023438,1942.41003417969,2420750000,1942.41003417969
"2007-06-18",1947.7900390625,1947.7900390625,1939.27001953125,1944.36999511719,1717120000,1944.36999511719
"2007-06-19",1939.06994628906,1946.88000488281,1932.75,1941.75,1871880000,1941.75
"2007-06-20",1945.06005859375,1948.57995605469,1922.06994628906,1922.11999511719,2793260000,1922.11999511719
"2007-06-21",1922.31994628906,1943.42004394531,1915.77001953125,1941.31994628906,2562640000,1941.31994628906
"2007-06-22",1936.78002929688,1940.28002929688,1917.52001953125,1921.93994140625,3240350000,1921.93994140625
"2007-06-25",1924.18005371094,1934.83996582031,1905.02001953125,1912.90002441406,2039010000,1912.90002441406
"2007-06-26",1923.69995117188,1924.42004394531,1901.18005371094,1908.64001464844,2100330000,1908.64001464844
"2007-06-27",1901.59997558594,1934.03002929688,1899.92004394531,1933.06005859375,2020260000,1933.06005859375
"2007-06-28",1931.77001953125,1945.11999511719,1930.53002929688,1931.67004394531,1923410000,1931.67004394531
"2007-06-29",1944.5,1947,1920.82995605469,1934.09997558594,2168420000,1934.09997558594
"2007-07-02",1943.28002929688,1954.23999023438,1939.73999023438,1954.11999511719,1853840000,1954.11999511719
"2007-07-03",1957.47998046875,1965.19995117188,1953.93005371094,1965.19995117188,1089120000,1965.19995117188
"2007-07-05",1967.73999023438,1983.09997558594,1964.48999023438,1981.06005859375,1694530000,1981.06005859375
"2007-07-06",1980.78002929688,1989.43005371094,1973.40002441406,1988.31005859375,1597110000,1988.31005859375
"2007-07-09",1989.76000976562,1992.55004882812,1982.36999511719,1989.19995117188,1895200000,1989.19995117188
"2007-07-10",1979.13000488281,1989.34997558594,1970.35998535156,1971.89001464844,2229340000,1971.89001464844
"2007-07-11",1968.97998046875,1984.67004394531,1965.60998535156,1984.07995605469,2014260000,1984.07995605469
"2007-07-12",1992.56994628906,2021.03002929688,1990.89001464844,2021.03002929688,2166350000,2021.03002929688
"2007-07-13",2018.83996582031,2032.28002929688,2017.28002929688,2032.16003417969,1729190000,2032.16003417969
"2007-07-16",2030.33996582031,2037.5,2024.30004882812,2028.02001953125,1751060000,2028.02001953125
"2007-07-17",2031.32995605469,2045.96997070312,2030.56994628906,2041.78002929688,2158690000,2041.78002929688
"2007-07-18",2030.5400390625,2038.64001464844,2019.17004394531,2037.97998046875,2257380000,2037.97998046875
"2007-07-19",2052.31005859375,2060.2900390625,2046.9599609375,2052.98999023438,2177500000,2052.98999023438
"2007-07-20",2047.14001464844,2048.23999023438,2024.25,2035.88000488281,2335920000,2035.88000488281
"2007-07-23",2043.81994628906,2045.81005859375,2031.36999511719,2036.32995605469,2034080000,2036.32995605469
"2007-07-24",2021.52001953125,2037.71997070312,1995.61999511719,2000.55004882812,2463270000,2000.55004882812
"2007-07-25",2017.56005859375,2020.68005371094,1996.05004882812,2011.14001464844,2482250000,2011.14001464844
"2007-07-26",1996.93005371094,2012.48999023438,1955.61999511719,1986.59997558594,3392140000,1986.59997558594
"2007-07-27",1988.84997558594,1997.7900390625,1956.16003417969,1956.18994140625,2705290000,1956.18994140625
"2007-07-30",1961.78002929688,1981.85998535156,1951.35998535156,1973.93005371094,2291710000,1973.93005371094
"2007-07-31",1992.53002929688,1992.53002929688,1931.98999023438,1932.06005859375,2789130000,1932.06005859375
"2007-08-01",1929.08996582031,1946.76000976562,1912.09997558594,1945.07995605469,2912270000,1945.07995605469
"2007-08-02",1950.94995117188,1969.66003417969,1944.36999511719,1966.59997558594,2456970000,1966.59997558594
"2007-08-03",1963.48999023438,1964.5,1918.56005859375,1918.56005859375,2504430000,1918.56005859375
"2007-08-06",1931.38000488281,1954.36999511719,1912.68994140625,1954.36999511719,2815560000,1954.36999511719
"2007-08-07",1943.39001464844,1976.69995117188,1932.05004882812,1961.64001464844,2704030000,1961.64001464844
"2007-08-08",1974.32995605469,1995,1968.33996582031,1987.33996582031,3542890000,1987.33996582031
"2007-08-09",1959.96997070312,1990.9599609375,1936.76000976562,1936.76000976562,3593450000,1936.76000976562
"2007-08-10",1918.98999023438,1944.5400390625,1896.68994140625,1925.14001464844,3202570000,1925.14001464844
"2007-08-13",1941.41003417969,1946.75,1931.32995605469,1934.41003417969,2154750000,1934.41003417969
"2007-08-14",1938.7900390625,1940.89001464844,1901.31994628906,1901.31994628906,1982860000,1901.31994628906
"2007-08-15",1897.05004882812,1913.7900390625,1864.19995117188,1864.92004394531,2259870000,1864.92004394531
"2007-08-16",1850.17004394531,1865.46997070312,1805.66003417969,1846.08996582031,3279620000,1846.08996582031
"2007-08-17",1883.15002441406,1893.77001953125,1853.86999511719,1888.78002929688,2580340000,1888.78002929688
"2007-08-20",1891.13000488281,1899.05004882812,1874.27001953125,1893.05004882812,1656440000,1893.05004882812
"2007-08-21",1887.82995605469,1915.09997558594,1886.44995117188,1910.98999023438,1677080000,1910.98999023438
"2007-08-22",1927.31005859375,1938.7900390625,1922.18994140625,1936.77001953125,1787060000,1936.77001953125
"2007-08-23",1942.11999511719,1945.10998535156,1920.61999511719,1931.88000488281,1622880000,1931.88000488281
"2007-08-24",1928.80004882812,1961.38000488281,1924.10998535156,1961.38000488281,1624860000,1961.38000488281
"2007-08-27",1954.88000488281,1958.9599609375,1945.51000976562,1947.48999023438,1314030000,1947.48999023438
"2007-08-28",1934.93005371094,1939.09997558594,1899.23999023438,1899.23999023438,1562800000,1899.23999023438
"2007-08-29",1914.25,1955.4599609375,1913.48999023438,1954.84997558594,1649720000,1954.84997558594
"2007-08-30",1942.7900390625,1980.94995117188,1940.92004394531,1963.75,1704910000,1963.75
"2007-08-31",1987.93994140625,1993.72998046875,1975.82995605469,1988.72998046875,1536640000,1988.72998046875
"2007-09-04",1989.28002929688,2032.09997558594,1989.28002929688,2020.51000976562,1863090000,2020.51000976562
"2007-09-05",2013.66003417969,2017.31994628906,1987.30004882812,1994.38000488281,1921820000,1994.38000488281
"2007-09-06",2001.76000976562,2006.05004882812,1984.43994140625,1998.67004394531,1795220000,1998.67004394531
"2007-09-07",1972.11999511719,1975.31005859375,1949.86999511719,1958.34997558594,1906520000,1958.34997558594
"2007-09-10",1975.67004394531,1980.96997070312,1943.27001953125,1960.19995117188,1771430000,1960.19995117188
"2007-09-11",1973.16003417969,1991.02001953125,1969.52001953125,1988.97998046875,1743730000,1988.97998046875
"2007-09-12",1986.2099609375,2006.36999511719,1983.43994140625,1988.9599609375,1888570000,1988.9599609375
"2007-09-13",2004.72998046875,2005.9599609375,1989.91003417969,1998.63000488281,1666510000,1998.63000488281
"2007-09-14",1984.23999023438,2004.03002929688,1981.91003417969,2000.81994628906,1586580000,2000.81994628906
"2007-09-17",1993.5,1995.46997070312,1975.2900390625,1983.07995605469,1407780000,1983.07995605469
"2007-09-18",1993.84997558594,2035.36999511719,1985.69995117188,2035.36999511719,2083620000,2035.36999511719
"2007-09-19",2047.4599609375,2056.27001953125,2032.07995605469,2041.35998535156,2183810000,2041.35998535156
"2007-09-20",2035.86999511719,2043.2099609375,2029.53002929688,2032.60998535156,1751460000,2032.60998535156
"2007-09-21",2042.64001464844,2054.09008789062,2041.47998046875,2049.47998046875,2268300000,2049.47998046875
"2007-09-24",2054.77001953125,2072.69995117188,2047.51000976562,2057.25,1848950000,2057.25
"2007-09-25",2049.78002929688,2076.830078125,2048.34008789062,2076.830078125,1910890000,2076.830078125
"2007-09-26",2088.1201171875,2094.96997070312,2079.919921875,2088.3798828125,1984010000,2088.3798828125
"2007-09-27",2098.73999023438,2099.61010742188,2089.580078125,2096.38989257812,1745070000,2096.38989257812
"2007-09-28",2096.3701171875,2101.9599609375,2082.0400390625,2091.11010742188,1929890000,2091.11010742188
"2007-10-01",2092.60009765625,2120.7900390625,2092.60009765625,2116.96997070312,1914080000,2116.96997070312
"2007-10-02",2116.14990234375,2117.34008789062,2104.14990234375,2115.88989257812,1740460000,2115.88989257812
"2007-10-03",2108.0400390625,2117.3798828125,2095.30004882812,2103.01000976562,1851090000,2103.01000976562
"2007-10-04",2107.11010742188,2107.71997070312,2088.7900390625,2105.56005859375,1695520000,2105.56005859375
"2007-10-05",2123.48999023438,2151.71997070312,2118.1298828125,2149.669921875,2012860000,2149.669921875
"2007-10-08",2151.11010742188,2163.26000976562,2144.21997070312,2163.26000976562,1496610000,2163.26000976562
"2007-10-09",2168.53002929688,2173.94995117188,2157.94995117188,2171.2099609375,1865120000,2171.2099609375
"2007-10-10",2172.669921875,2178.94995117188,2164.90991210938,2176.97998046875,1916630000,2176.97998046875
"2007-10-11",2188.71997070312,2194.13989257812,2127.07006835938,2140.919921875,2508690000,2140.919921875
"2007-10-12",2151.93994140625,2177.98999023438,2148.3798828125,2177.98999023438,1957790000,2177.98999023438
"2007-10-15",2182.06005859375,2184.86010742188,2143.89990234375,2158.919921875,1967120000,2158.919921875
"2007-10-16",2147.8798828125,2166.64990234375,2143.56005859375,2151.13989257812,2038520000,2151.13989257812
"2007-10-17",2182.69995117188,2182.85009765625,2143.5400390625,2179.13989257812,2400080000,2179.13989257812
"2007-10-18",2168.23999023438,2191.65991210938,2161.67993164062,2187.52001953125,1973010000,2187.52001953125
"2007-10-19",2188.75,2188.75,2131.080078125,2131.080078125,2371650000,2131.080078125
"2007-10-22",2121.01000976562,2160.02001953125,2116.63989257812,2157.44995117188,1958710000,2157.44995117188
"2007-10-23",2181.7900390625,2205.17993164062,2170.46997070312,2205.17993164062,2335770000,2205.17993164062
"2007-10-24",2187.03002929688,2194.35009765625,2140.8701171875,2188.59008789062,2739680000,2188.59008789062
"2007-10-25",2190.51000976562,2195.39990234375,2146.22998046875,2161.52001953125,2753360000,2161.52001953125
"2007-10-26",2200.68994140625,2203.8798828125,2174.82006835938,2194.59008789062,2583680000,2194.59008789062
"2007-10-29",2202.9599609375,2209.38989257812,2191.2099609375,2203.419921875,2014730000,2203.419921875
"2007-10-30",2197.13989257812,2218.8798828125,2192.68994140625,2207.61010742188,2121930000,2207.61010742188
"2007-10-31",2214.13989257812,2239.22998046875,2199.02001953125,2238.97998046875,2534530000,2238.97998046875
"2007-11-01",2223.52001953125,2226.8798828125,2196.35009765625,2197.07006835938,2528410000,2197.07006835938
"2007-11-02",2211.38989257812,2218.65991210938,2181.5,2213.86010742188,2426050000,2213.86010742188
"2007-11-05",2193.06005859375,2212.06005859375,2179.89990234375,2200.47998046875,2092590000,2200.47998046875
"2007-11-06",2212.19995117188,2224.42993164062,2188.10009765625,2223.96997070312,2482160000,2223.96997070312
"2007-11-07",2205.2900390625,2219.82006835938,2168.55004882812,2169.42993164062,2491180000,2169.42993164062
"2007-11-08",2165.57006835938,2167.81005859375,2066.55004882812,2106.15991210938,3461810000,2106.15991210938
"2007-11-09",2061.52001953125,2078.06005859375,2033.88000488281,2034.30004882812,2955790000,2034.30004882812
"2007-11-12",2028.91003417969,2043.05004882812,1980.18005371094,1982.16003417969,2820740000,1982.16003417969
"2007-11-13",2009.73999023438,2066.080078125,2009.73999023438,2066.080078125,2662780000,2066.080078125
"2007-11-14",2090.669921875,2091.06005859375,2030.61999511719,2038.05004882812,2420260000,2038.05004882812
"2007-11-15",2035.4599609375,2054.06005859375,2007.78002929688,2024.03002929688,2289480000,2024.03002929688
"2007-11-16",2038.27001953125,2052.19995117188,2006.84997558594,2048.6201171875,2515680000,2048.6201171875
"2007-11-19",2040.17004394531,2050.03002929688,2009.7099609375,2021.14001464844,2188010000,2021.14001464844
"2007-11-20",2030.93994140625,2064.080078125,1990.11999511719,2029.93994140625,2607370000,2029.93994140625
"2007-11-21",2008.88000488281,2039.39001464844,1986.44995117188,2006.38000488281,2034730000,2006.38000488281
"2007-11-23",2019.40002441406,2031.86999511719,2008.13000488281,2028.90002441406,804330000,2028.90002441406
"2007-11-26",2033.23999023438,2047.92004394531,1988.30004882812,1989.35998535156,2019400000,1989.35998535156
"2007-11-27",2007.34997558594,2034.65002441406,1997.53002929688,2033.76000976562,2166930000,2033.76000976562
"2007-11-28",2055.77001953125,2100.96997070312,2055.77001953125,2095.38989257812,2518580000,2095.38989257812
"2007-11-29",2084.57006835938,2108.25,2082.18994140625,2102.419921875,2157170000,2102.419921875
"2007-11-30",2122.63989257812,2122.63989257812,2071.78002929688,2089.10009765625,2571340000,2089.10009765625
"2007-12-03",2080.10009765625,2094.36010742188,2066.22998046875,2067.44995117188,1994710000,2067.44995117188
"2007-12-04",2053.169921875,2070.38989257812,2048.64990234375,2059.06005859375,2044740000,2059.06005859375
"2007-12-05",2083.18994140625,2103.830078125,2079.669921875,2099.31005859375,2258840000,2099.31005859375
"2007-12-06",2099.69995117188,2128.32006835938,2098.30004882812,2127.64990234375,1970680000,2127.64990234375
"2007-12-07",2127.5400390625,2135.23999023438,2116.6298828125,2130,1855070000,2130
"2007-12-10",2131.669921875,2141.36010742188,2126.96997070312,2134.8798828125,1776540000,2134.8798828125
"2007-12-11",2137.82006835938,2147.67993164062,2081.55004882812,2083.71997070312,2195200000,2083.71997070312
"2007-12-12",2125.13989257812,2130.57006835938,2070.52001953125,2101.36010742188,2311900000,2101.36010742188
"2007-12-13",2083.080078125,2097.94995117188,2072.75,2094.67993164062,2143760000,2094.67993164062
"2007-12-14",2078.39990234375,2096.9599609375,2069.93994140625,2072.11010742188,1902390000,2072.11010742188
"2007-12-17",2064.44995117188,2068.919921875,2020.26000976562,2020.80004882812,1873110000,2020.80004882812
"2007-12-18",2041.66003417969,2042.2900390625,1999.58996582031,2029.48999023438,1982590000,2029.48999023438
"2007-12-19",2027.90002441406,2038.98999023438,2016.68994140625,2031,1835920000,2031
"2007-12-20",2056.1201171875,2070.51000976562,2040.38000488281,2069.67993164062,1960470000,2069.67993164062
"2007-12-21",2100.7099609375,2111.77001953125,2094.64990234375,2111.77001953125,2508800000,2111.77001953125
"2007-12-24",2113.1201171875,2131.72998046875,2113.1201171875,2128.6201171875,778620000,2128.6201171875
"2007-12-26",2121.40991210938,2141.080078125,2116.2099609375,2136.93994140625,1241830000,2136.93994140625
"2007-12-27",2129.01000976562,2135.55004882812,2104.02001953125,2106.09008789062,2324820000,2106.09008789062
"2007-12-28",2118.6298828125,2121.28002929688,2092.03002929688,2107.05004882812,1338850000,2107.05004882812
"2007-12-31",2097.90991210938,2102.38989257812,2083.580078125,2084.92993164062,1454550000,2084.92993164062
"2008-01-02",2085.53002929688,2094.21997070312,2040.43005371094,2049.7099609375,2076690000,2049.7099609375
"2008-01-03",2050.63989257812,2064.72998046875,2040.01000976562,2051.76000976562,1970200000,2051.76000976562
"2008-01-04",2025.35998535156,2025.35998535156,1963.02001953125,1963.52001953125,2516310000,1963.52001953125
"2008-01-07",1971.28002929688,1975.86999511719,1929.27001953125,1957.43994140625,2600100000,1957.43994140625
"2008-01-08",1965.42004394531,1983.14001464844,1910.32995605469,1910.32995605469,2566480000,1910.32995605469
"2008-01-09",1915.22998046875,1949.19995117188,1889.92004394531,1949.19995117188,2821160000,1949.19995117188
"2008-01-10",1930.91003417969,1968.08996582031,1924.39001464844,1953.64001464844,2640400000,1953.64001464844
"2008-01-11",1940.97998046875,1941.53002929688,1900.22998046875,1912.81005859375,2355490000,1912.81005859375
"2008-01-14",1940.32995605469,1952.55004882812,1924.85998535156,1949.15002441406,2134230000,1949.15002441406
"2008-01-15",1925.94995117188,1931.7099609375,1885.44995117188,1894.08996582031,2390120000,1894.08996582031
"2008-01-16",1876.44995117188,1907.30004882812,1848.57995605469,1872.2900390625,3397330000,1872.2900390625
"2008-01-17",1882.35998535156,1894.18994140625,1838.98999023438,1842.09997558594,2785930000,1842.09997558594
"2008-01-18",1862.21997070312,1876.0400390625,1829.61999511719,1844.08996582031,2991360000,1844.08996582031
"2008-01-22",1740.53002929688,1820.51000976562,1740.53002929688,1795.60998535156,3161430000,1795.60998535156
"2008-01-23",1725.4599609375,1794.4599609375,1693.06005859375,1789.53002929688,3650250000,1789.53002929688
"2008-01-24",1800.83996582031,1826.92004394531,1793.10998535156,1826.92004394531,2928900000,1826.92004394531
"2008-01-25",1860.92004394531,1864,1788.06994628906,1789.17004394531,2599410000,1789.17004394531
"2008-01-28",1788.14001464844,1807.11999511719,1773.69995117188,1805.07995605469,2033860000,1805.07995605469
"2008-01-29",1812.43005371094,1816.43005371094,1792.64001464844,1807.67004394531,2160040000,1807.67004394531
"2008-01-30",1800.35998535156,1843.19995117188,1798.31005859375,1808.51000976562,2618850000,1808.51000976562
"2008-01-31",1782.32995605469,1853.81005859375,1782.02001953125,1841.42004394531,2813420000,1841.42004394531
"2008-02-01",1846.06994628906,1864.96997070312,1826.43005371094,1855.27001953125,3060180000,1855.27001953125
"2008-02-04",1854.61999511719,1854.61999511719,1828.10998535156,1828.80004882812,2050940000,1828.80004882812
"2008-02-05",1798.65002441406,1813.55004882812,1773.48999023438,1773.48999023438,2501820000,1773.48999023438
"2008-02-06",1786.9599609375,1795.81994628906,1739.55004882812,1740.94995117188,2362020000,1740.94995117188
"2008-02-07",1723.2099609375,1779.27001953125,1714.85998535156,1753.30004882812,2946360000,1753.30004882812
"2008-02-08",1754.36999511719,1779.47998046875,1746.33996582031,1773.73999023438,2229330000,1773.73999023438
"2008-02-11",1780.35998535156,1797.39001464844,1770.91003417969,1793.08996582031,2072270000,1793.08996582031
"2008-02-12",1802.65002441406,1812.43005371094,1769.61999511719,1780.5400390625,2183530000,1780.5400390625
"2008-02-13",1803.2900390625,1824.21997070312,1795.67004394531,1823,2174670000,1823
"2008-02-14",1823.09997558594,1823.09997558594,1784.78002929688,1787.58996582031,2267580000,1787.58996582031
"2008-02-15",1776.09997558594,1787.32995605469,1767.33996582031,1780.38000488281,1999540000,1780.38000488281
"2008-02-19",1802.17004394531,1807.44995117188,1759.23999023438,1764.81005859375,1988690000,1764.81005859375
"2008-02-20",1756.64001464844,1791.34997558594,1756.64001464844,1787.44995117188,2258180000,1787.44995117188
"2008-02-21",1802.02001953125,1806.43994140625,1762.23999023438,1766.30004882812,2277540000,1766.30004882812
"2008-02-22",1772.88000488281,1774.96997070312,1739.15002441406,1773.43994140625,2324450000,1773.43994140625
"2008-02-25",1773.05004882812,1790.77001953125,1761.93005371094,1785.4599609375,2152880000,1785.4599609375
"2008-02-26",1773.5,1807.41003417969,1763.41003417969,1791.31005859375,2263650000,1791.31005859375
"2008-02-27",1778.61999511719,1806.42004394531,1775.44995117188,1799.93994140625,2216540000,1799.93994140625
"2008-02-28",1794.10998535156,1808.65002441406,1786.19995117188,1794.4599609375,2032040000,1794.4599609375
"2008-02-29",1776.01000976562,1778.06994628906,1740.90002441406,1745.27001953125,2405360000,1745.27001953125
"2008-03-03",1743.92004394531,1746.56005859375,1716.52001953125,1733.27001953125,2145070000,1733.27001953125
"2008-03-04",1724.32995605469,1748.06994628906,1707.42004394531,1743.69995117188,2669980000,1743.69995117188
"2008-03-05",1746.40002441406,1768.13000488281,1737.26000976562,1753.56994628906,2209090000,1753.56994628906
"2008-03-06",1749.42004394531,1757.56005859375,1710.9599609375,1712.5,2165090000,1712.5
"2008-03-07",1701.33996582031,1731.39001464844,1682.03002929688,1707.5,2386980000,1707.5
"2008-03-10",1705.55004882812,1711.03002929688,1672.76000976562,1673.03002929688,2101010000,1673.03002929688
"2008-03-11",1704.05004882812,1740.94995117188,1686.46997070312,1740.94995117188,2526040000,1740.94995117188
"2008-03-12",1746.18994140625,1764.71997070312,1731.07995605469,1735.18005371094,2077140000,1735.18005371094
"2008-03-13",1715.83996582031,1760.22998046875,1699.17004394531,1750.40002441406,2419220000,1750.40002441406
"2008-03-14",1757.46997070312,1762.36999511719,1696.21997070312,1713.82995605469,2547310000,1713.82995605469
"2008-03-17",1680.5400390625,1706.02001953125,1668.56994628906,1687.18994140625,2338210000,1687.18994140625
"2008-03-18",1717.0400390625,1761.05004882812,1712.2099609375,1761.05004882812,2411630000,1761.05004882812
"2008-03-19",1765.09997558594,1772.08996582031,1715.58996582031,1715.58996582031,2265420000,1715.58996582031
"2008-03-20",1719.69995117188,1752.28002929688,1712.32995605469,1751.98999023438,2764480000,1751.98999023438
"2008-03-24",1760.14001464844,1819.26000976562,1760.14001464844,1814.40002441406,2312600000,1814.40002441406
"2008-03-25",1816.32995605469,1831.97998046875,1800.7099609375,1824.5400390625,2099060000,1824.5400390625
"2008-03-26",1815.82995605469,1822.56994628906,1800.82995605469,1817.28002929688,1915210000,1817.28002929688
"2008-03-27",1807.14001464844,1809.23999023438,1777.75,1777.89001464844,2038770000,1777.89001464844
"2008-03-28",1788.56005859375,1802.18005371094,1762.19995117188,1767.56994628906,1785770000,1767.56994628906
"2008-03-31",1772.9599609375,1789.52001953125,1767.85998535156,1781.93005371094,1788360000,1781.93005371094
"2008-04-01",1806.15002441406,1855.47998046875,1805.7900390625,1855.47998046875,2160120000,1855.47998046875
"2008-04-02",1855.91003417969,1870.55004882812,1836.63000488281,1848.80004882812,1996680000,1848.80004882812
"2008-04-03",1842.68994140625,1866.56994628906,1835.9599609375,1855.18994140625,1993480000,1855.18994140625
"2008-04-04",1859.93005371094,1884.13000488281,1846.56005859375,1865.86999511719,1977560000,1865.86999511719
"2008-04-07",1878.30004882812,1885.93005371094,1856.56994628906,1860.82995605469,1730020000,1860.82995605469
"2008-04-08",1853.36999511719,1858.73999023438,1837.46997070312,1846.14001464844,1635290000,1846.14001464844
"2008-04-09",1848.35998535156,1849.19995117188,1815.05004882812,1826.18994140625,1922050000,1826.18994140625
"2008-04-10",1827,1863.19995117188,1827,1852.96997070312,2.159e+09,1852.96997070312
"2008-04-11",1832.05004882812,1833.14001464844,1794.81994628906,1798.71997070312,1902540000,1798.71997070312
"2008-04-14",1796.77001953125,1807.76000976562,1788.01000976562,1790.93005371094,1626710000,1790.93005371094
"2008-04-15",1799.47998046875,1802.72998046875,1776.59997558594,1794.72998046875,1884750000,1794.72998046875
"2008-04-16",1817.58996582031,1849.44995117188,1815.80004882812,1846.89001464844,2128770000,1846.89001464844
"2008-04-17",1846.80004882812,1848.28002929688,1829.93994140625,1840.88000488281,1779300000,1840.88000488281
"2008-04-18",1889.19995117188,1908,1879.93994140625,1900.28002929688,2190920000,1900.28002929688
"2008-04-21",1892.96997070312,1914.2099609375,1890.80004882812,1913.11999511719,1601280000,1913.11999511719
"2008-04-22",1901.27001953125,1901.73999023438,1867.71997070312,1881.65002441406,1941680000,1881.65002441406
"2008-04-23",1897.63000488281,1913.61999511719,1888.7099609375,1906.66003417969,2181580000,1906.66003417969
"2008-04-24",1908.13000488281,1942.97998046875,1886.93994140625,1924.57995605469,2337160000,1924.57995605469
"2008-04-25",1922.88000488281,1925.0400390625,1894.10998535156,1918.57995605469,1956260000,1918.57995605469
"2008-04-28",1920.53002929688,1936.09997558594,1917.03002929688,1923.26000976562,1724680000,1923.26000976562
"2008-04-29",1917.82995605469,1941.91003417969,1914.25,1933.59997558594,1769030000,1933.59997558594
"2008-04-30",1939.11999511719,1953.58996582031,1912.81005859375,1917.69995117188,2127390000,1917.69995117188
"2008-05-01",1921.86999511719,1980.43994140625,1921.05004882812,1980.43994140625,2344770000,1980.43994140625
"2008-05-02",1996.31005859375,1996.52001953125,1965.83996582031,1981.86999511719,2279510000,1981.86999511719
"2008-05-05",1980.83996582031,1992.68994140625,1967.81994628906,1975.81994628906,2085110000,1975.81994628906
"2008-05-06",1968.60998535156,1996.80004882812,1957.63000488281,1990.60998535156,2097260000,1990.60998535156
"2008-05-07",1987.43994140625,2000.71997070312,1946.28002929688,1951.42004394531,2238810000,1951.42004394531
"2008-05-08",1960.7099609375,1979.11999511719,1954.35998535156,1966.85998535156,2031770000,1966.85998535156
"2008-05-09",1950.63000488281,1969.35998535156,1947.59997558594,1960.2900390625,1711510000,1960.2900390625
"2008-05-12",1969.5,1998.85998535156,1959.47998046875,1997.02001953125,1769330000,1997.02001953125
"2008-05-13",1997.61999511719,2004.53002929688,1981.98999023438,2000.60998535156,1895250000,2000.60998535156
"2008-05-14",2008.5400390625,2028.67004394531,1993.91003417969,1997.30004882812,2129270000,1997.30004882812
"2008-05-15",1995.41003417969,2032.35998535156,1991.19995117188,2031.33996582031,2176320000,2031.33996582031
"2008-05-16",2033.94995117188,2035.81005859375,2009.89001464844,2031.27001953125,2286090000,2031.27001953125
"2008-05-19",2031.81994628906,2050.7900390625,2005.33996582031,2016.59997558594,2269590000,2016.59997558594
"2008-05-20",2008.5,2010.18005371094,1987.5,2000.67004394531,1991010000,2000.67004394531
"2008-05-21",2005.2900390625,2015.22998046875,1952.77001953125,1956.80004882812,2166450000,1956.80004882812
"2008-05-22",1962.56005859375,1978.05004882812,1955.64001464844,1964.92004394531,1932080000,1964.92004394531
"2008-05-23",1959.67004394531,1964.68005371094,1943.84997558594,1958.9599609375,1734070000,1958.9599609375
"2008-05-27",1965,1995.44995117188,1963.05004882812,1995.43994140625,1742710000,1995.43994140625
"2008-05-28",2002.77001953125,2004.66003417969,1981.25,2000.06994628906,1792750000,2000.06994628906
"2008-05-29",2001.80004882812,2030.23999023438,2001.78002929688,2019.02001953125,1956100000,2019.02001953125
"2008-05-30",2028.25,2040.96997070312,2022.16003417969,2032.56994628906,2153350000,2032.56994628906
"2008-06-02",2026.57995605469,2028.0400390625,1989.32995605469,2006.83996582031,1972760000,2006.83996582031
"2008-06-03",2015.03002929688,2027.19995117188,1977.86999511719,1996.7900390625,2148040000,1996.7900390625
"2008-06-04",1991.89001464844,2035.08996582031,1989.21997070312,2021.44995117188,2153510000,2021.44995117188
"2008-06-05",2027.17004394531,2055.82006835938,2020.58996582031,2055.11010742188,2254760000,2055.11010742188
"2008-06-06",2036.15002441406,2039.5,1990.39001464844,1990.39001464844,2192240000,1990.39001464844
"2008-06-09",1995.36999511719,1997.93994140625,1948.27001953125,1979.7099609375,2084630000,1979.7099609375
"2008-06-10",1960.41003417969,1988,1957.05004882812,1972.5400390625,2081430000,1972.5400390625
"2008-06-11",1968.86999511719,1970.31005859375,1924.32995605469,1924.32995605469,2065810000,1924.32995605469
"2008-06-12",1941.68005371094,1954.22998046875,1909.89001464844,1924.26000976562,2276640000,1924.26000976562
"2008-06-13",1938.33996582031,1968.11999511719,1928.7099609375,1966.01000976562,2106050000,1966.01000976562
"2008-06-16",1954.0400390625,1991.71997070312,1953.26000976562,1984.76000976562,1871720000,1984.76000976562
"2008-06-17",1990.02001953125,1993.11999511719,1969.72998046875,1972.81994628906,1798050000,1972.81994628906
"2008-06-18",1962.78002929688,1968.08996582031,1943.92004394531,1951.09997558594,2030700000,1951.09997558594
"2008-06-19",1947.64001464844,1991.25,1935.84997558594,1982.68994140625,2294540000,1982.68994140625
"2008-06-20",1962.32995605469,1963.47998046875,1920.31994628906,1928.39001464844,2570320000,1928.39001464844
"2008-06-23",1936.7099609375,1940.68005371094,1910.88000488281,1913.31005859375,1916230000,1913.31005859375
"2008-06-24",1906.83996582031,1926.09997558594,1888.01000976562,1903.73999023438,2195920000,1903.73999023438
"2008-06-25",1911.06994628906,1951.48999023438,1910.2099609375,1933.85998535156,2153970000,1933.85998535156
"2008-06-26",1898.78002929688,1898.78002929688,1855.39001464844,1855.39001464844,2300840000,1855.39001464844
"2008-06-27",1854.39001464844,1865.59997558594,1829.30004882812,1855.71997070312,3403540000,1855.71997070312
"2008-06-30",1852.82995605469,1863.31994628906,1837.08996582031,1837.08996582031,2096400000,1837.08996582031
"2008-07-01",1821.93005371094,1864.06994628906,1817.07995605469,1862.7099609375,2653890000,1862.7099609375
"2008-07-02",1868.80004882812,1874.82995605469,1815.83996582031,1816.15002441406,2376300000,1816.15002441406
"2008-07-03",1828.75,1832.2099609375,1801.66003417969,1816.34997558594,1423670000,1816.34997558594
"2008-07-07",1834.28002929688,1848.2900390625,1799.48999023438,1826.93005371094,2363990000,1826.93005371094
"2008-07-08",1829.55004882812,1871.28002929688,1821.9599609375,1871.28002929688,2462380000,1871.28002929688
"2008-07-09",1866.81005859375,1871.27001953125,1818.92004394531,1819.18005371094,2285560000,1819.18005371094
"2008-07-10",1826.63000488281,1846.53002929688,1805.28002929688,1839.56994628906,2300880000,1839.56994628906
"2008-07-11",1820.22998046875,1839.77001953125,1784.39001464844,1810.88000488281,2340180000,1810.88000488281
"2008-07-14",1834.85998535156,1837.0400390625,1792.5400390625,1798.03002929688,1997990000,1798.03002929688
"2008-07-15",1786.90002441406,1826.10998535156,1761.07995605469,1798.34997558594,2798410000,1798.34997558594
"2008-07-16",1799.59997558594,1844.5400390625,1786.06005859375,1843.86999511719,2425020000,1843.86999511719
"2008-07-17",1851,1862.98999023438,1829.69995117188,1853.46997070312,2570670000,1853.46997070312
"2008-07-18",1827.33996582031,1834.71997070312,1816.76000976562,1823.22998046875,2225800000,1823.22998046875
"2008-07-21",1831.85998535156,1837.53002929688,1809.80004882812,1819.76000976562,1859410000,1819.76000976562
"2008-07-22",1787.5,1821.82995605469,1784.26000976562,1821.61999511719,2510310000,1821.61999511719
"2008-07-23",1823.36999511719,1865.18994140625,1819.07995605469,1845.56005859375,2730180000,1845.56005859375
"2008-07-24",1854.96997070312,1854.96997070312,1816.83996582031,1816.97998046875,2499920000,1816.97998046875
"2008-07-25",1829.93005371094,1849.18994140625,1820.90002441406,1846.55004882812,2045130000,1846.55004882812
"2008-07-28",1841.31994628906,1850.4599609375,1798.31005859375,1802.98999023438,1931230000,1802.98999023438
"2008-07-29",1813.30004882812,1851.31005859375,1812.96997070312,1845.55004882812,2274090000,1845.55004882812
"2008-07-30",1850.2900390625,1862.96997070312,1825.64001464844,1852.80004882812,2280940000,1852.80004882812
"2008-07-31",1835.34997558594,1874.5400390625,1832.69995117188,1849.15002441406,2316510000,1849.15002441406
"2008-08-01",1847.46997070312,1849.2099609375,1806.40002441406,1826.56005859375,2312140000,1826.56005859375
"2008-08-04",1825.68005371094,1825.68005371094,1802.08996582031,1804.83996582031,2010200000,1804.83996582031
"2008-08-05",1825.86999511719,1869.76000976562,1823.96997070312,1869.76000976562,2324730000,1869.76000976562
"2008-08-06",1866.85998535156,1902.86999511719,1853.41003417969,1895.2099609375,2228710000,1895.2099609375
"2008-08-07",1882.96997070312,1904.13000488281,1873.01000976562,1880.08996582031,2189120000,1880.08996582031
"2008-08-08",1880.41003417969,1928.52001953125,1877.13000488281,1926.22998046875,2189630000,1926.22998046875
"2008-08-11",1921.76000976562,1962.5400390625,1917.84997558594,1941.22998046875,2272240000,1941.22998046875
"2008-08-12",1938.98999023438,1957.40002441406,1932.46997070312,1941.06994628906,2052610000,1941.06994628906
"2008-08-13",1938.06005859375,1955.5400390625,1920.77001953125,1942.02001953125,1995490000,1942.02001953125
"2008-08-14",1930.81005859375,1969.36999511719,1930.38000488281,1964.38000488281,1835830000,1964.38000488281
"2008-08-15",1967.48999023438,1973.56005859375,1950.10998535156,1957.56005859375,1742180000,1957.56005859375
"2008-08-18",1962.17004394531,1963.51000976562,1920.98999023438,1932.69995117188,1632610000,1932.69995117188
"2008-08-19",1924.60998535156,1933.13000488281,1900.41003417969,1908.68005371094,1716280000,1908.68005371094
"2008-08-20",1921.75,1932.42004394531,1900.02001953125,1913.02001953125,1746470000,1913.02001953125
"2008-08-21",1900.10998535156,1913.39001464844,1886.23999023438,1906.73999023438,1562430000,1906.73999023438
"2008-08-22",1915.77001953125,1937.76000976562,1915.35998535156,1931.46997070312,1365910000,1931.46997070312
"2008-08-25",1918.44995117188,1918.80004882812,1885.68994140625,1889.71997070312,2366920000,1889.71997070312
"2008-08-26",1889.86999511719,1901.08996582031,1874.81005859375,1886.31994628906,1256980000,1886.31994628906
"2008-08-27",1887.07995605469,1913.53002929688,1881.5400390625,1900.30004882812,1540700000,1900.30004882812
"2008-08-28",1906.08996582031,1921.18994140625,1904.19995117188,1915.11999511719,1582680000,1915.11999511719
"2008-08-29",1895.78002929688,1899.56005859375,1866.81005859375,1872.5400390625,1559030000,1872.5400390625
"2008-09-02",1904.2099609375,1912.71997070312,1843.06994628906,1850.14001464844,2010580000,1850.14001464844
"2008-09-03",1847.5400390625,1854.42004394531,1820.47998046875,1833.08996582031,2062140000,1833.08996582031
"2008-09-04",1819.51000976562,1824.60998535156,1774.78002929688,1774.78002929688,2332320000,1774.78002929688
"2008-09-05",1758.52001953125,1778.88000488281,1740.43994140625,1768.22998046875,2261030000,1768.22998046875
"2008-09-08",1794.07995605469,1796.81994628906,1734.93005371094,1762.94995117188,2566300000,1762.94995117188
"2008-09-09",1765.03002929688,1779.31994628906,1721.55004882812,1721.55004882812,2590590000,1721.55004882812
"2008-09-10",1739.69995117188,1754.2099609375,1725.76000976562,1738.06994628906,2250360000,1738.06994628906
"2008-09-11",1714.76000976562,1774.41003417969,1713.85998535156,1773.65002441406,2269670000,1773.65002441406
"2008-09-12",1756.14001464844,1775.46997070312,1743.7099609375,1767.13000488281,1973590000,1767.13000488281
"2008-09-15",1721.78002929688,1757.56994628906,1705.4599609375,1705.4599609375,2697820000,1705.4599609375
"2008-09-16",1686.72998046875,1739.16003417969,1683.33996582031,1724.07995605469,3187630000,1724.07995605469
"2008-09-17",1701.80004882812,1708.19995117188,1632.44995117188,1632.44995117188,3102010000,1632.44995117188
"2008-09-18",1668.32995605469,1704.21997070312,1606.30004882812,1697.42004394531,3867290000,1697.42004394531
"2008-09-19",1760.30004882812,1773.82995605469,1718.22998046875,1745.06005859375,3898230000,1745.06005859375
"2008-09-22",1742.52001953125,1743.33996582031,1665.41003417969,1665.93994140625,1881160000,1665.93994140625
"2008-09-23",1678.93994140625,1696.61999511719,1645.57995605469,1648.40002441406,1974180000,1648.40002441406
"2008-09-24",1657.59997558594,1677.85998535156,1648.65002441406,1661.32995605469,1818170000,1661.32995605469
"2008-09-25",1675.44995117188,1708.43994140625,1668.7099609375,1687.55004882812,1846330000,1687.55004882812
"2008-09-26",1642.65002441406,1677.65002441406,1635.5400390625,1672.0400390625,1949200000,1672.0400390625
"2008-09-29",1638.38000488281,1643.21997070312,1496.15002441406,1496.15002441406,2808100000,1496.15002441406
"2008-09-30",1540.51000976562,1597.72998046875,1529.96997070312,1594.63000488281,2376240000,1594.63000488281
"2008-10-01",1581.06005859375,1584.26000976562,1547.98999023438,1563.80004882812,1899330000,1563.80004882812
"2008-10-02",1547.13000488281,1554.22998046875,1490.71997070312,1491.10998535156,2173750000,1491.10998535156
"2008-10-03",1516.05004882812,1551.57995605469,1469,1470.83996582031,2501480000,1470.83996582031
"2008-10-06",1431.01000976562,1440.18994140625,1339.17004394531,1411.28002929688,3502250000,1411.28002929688
"2008-10-07",1416.28002929688,1433.11999511719,1329.97998046875,1329.97998046875,2825810000,1329.97998046875
"2008-10-08",1298.63000488281,1386.33996582031,1295.97998046875,1330.60998535156,3516070000,1330.60998535156
"2008-10-09",1349.55004882812,1369.77001953125,1261.5400390625,1275.09997558594,2622310000,1275.09997558594
"2008-10-10",1234.90002441406,1317.47998046875,1196.10998535156,1269.80004882812,4164090000,1269.80004882812
"2008-10-13",1338.59997558594,1429.5400390625,1318.85998535156,1429.5400390625,2665690000,1429.5400390625
"2008-10-14",1470.84997558594,1470.98999023438,1350.64001464844,1364.58996582031,2912850000,1364.58996582031
"2008-10-15",1351.38000488281,1356.15002441406,1244.22998046875,1244.22998046875,2540180000,1244.22998046875
"2008-10-16",1256.2099609375,1312.96997070312,1192.25,1312.96997070312,3331040000,1312.96997070312
"2008-10-17",1291.57995605469,1367.89001464844,1278.94995117188,1311.71997070312,2711030000,1311.71997070312
"2008-10-20",1329.68005371094,1352.76000976562,1289.96997070312,1352.76000976562,2021750000,1352.76000976562
"2008-10-21",1329.68005371094,1351.60998535156,1281.72998046875,1283.43005371094,2099810000,1283.43005371094
"2008-10-22",1272.86999511719,1284.84997558594,1209.83996582031,1237.08996582031,2560810000,1237.08996582031
"2008-10-23",1240.18005371094,1264.0400390625,1177.17004394531,1239.16003417969,3104700000,1239.16003417969
"2008-10-24",1149.11999511719,1229,1149.11999511719,1202.27001953125,2691940000,1202.27001953125
"2008-10-27",1182.61999511719,1227.4599609375,1167.69995117188,1169.78002929688,2224430000,1169.78002929688
"2008-10-28",1210.03002929688,1297.56994628906,1174.58996582031,1297.56994628906,2777540000,1297.56994628906
"2008-10-29",1292.2900390625,1343.83996582031,1272.18994140625,1302.11999511719,2748720000,1302.11999511719
"2008-10-30",1333.27001953125,1344.2099609375,1301,1333.93994140625,2504420000,1333.93994140625
"2008-10-31",1318.39001464844,1358.75,1306.02001953125,1334.78002929688,2437120000,1334.78002929688
"2008-11-03",1333.18994140625,1346.84997558594,1322.43005371094,1334.75,1770880000,1334.75
"2008-11-04",1363.30004882812,1382.65002441406,1342.30004882812,1378.40002441406,2306350000,1378.40002441406
"2008-11-05",1359.81994628906,1365.28002929688,1298.56994628906,1299.97998046875,2092410000,1299.97998046875
"2008-11-06",1278.05004882812,1294.72998046875,1235.84997558594,1241.96997070312,2367880000,1241.96997070312
"2008-11-07",1258.43005371094,1279.42004394531,1244.18994140625,1271.61999511719,1886230000,1271.61999511719
"2008-11-10",1297.96997070312,1298.08996582031,1237.11999511719,1251,1674900000,1251
"2008-11-11",1236.44995117188,1249.34997558594,1208.98999023438,1225.58996582031,1909080000,1225.58996582031
"2008-11-12",1204.16003417969,1210.97998046875,1164.93005371094,1165.38000488281,2120870000,1165.38000488281
"2008-11-13",1167.82995605469,1240.93005371094,1109.89001464844,1240.93005371094,3009550000,1240.93005371094
"2008-11-14",1209.59997558594,1235.90002441406,1176.28002929688,1179.63000488281,2243750000,1179.63000488281
"2008-11-17",1157.5400390625,1187.97998046875,1149.19995117188,1151.9599609375,1831540000,1151.9599609375
"2008-11-18",1158.07995605469,1167.22998046875,1113.25,1155.75,2349230000,1155.75
"2008-11-19",1154.16003417969,1168.53002929688,1087.59997558594,1087.59997558594,2372880000,1087.59997558594
"2008-11-20",1076.5,1114.97998046875,1035.25,1036.51000976562,3147650000,1036.51000976562
"2008-11-21",1059.68994140625,1085.56994628906,1018.85998535156,1085.56994628906,3071280000,1085.56994628906
"2008-11-24",1106.02001953125,1163.05004882812,1096.55004882812,1154.33996582031,2553620000,1154.33996582031
"2008-11-25",1164.35998535156,1164.59997558594,1118.28002929688,1142.57995605469,2457510000,1142.57995605469
"2008-11-26",1126.94995117188,1193.08996582031,1126.94995117188,1193.08996582031,1980020000,1193.08996582031
"2008-11-28",1181.43005371094,1185.98999023438,1171.81994628906,1185.75,787580000,1185.75
"2008-12-01",1185.75,1185.75,1091.16003417969,1091.16003417969,1904470000,1091.16003417969
"2008-12-02",1109.98999023438,1132.93005371094,1091.0400390625,1130,2056730000,1130
"2008-12-03",1103.93994140625,1166.19995117188,1101.63000488281,1166.19995117188,2240150000,1166.19995117188
"2008-12-04",1144.30004882812,1168.65002441406,1110.66003417969,1127.75,2020110000,1127.75
"2008-12-05",1113.44995117188,1180.08996582031,1096.08996582031,1177.86999511719,2177720000,1177.86999511719
"2008-12-08",1202.78002929688,1237.18005371094,1196.91003417969,1225.06005859375,2290810000,1225.06005859375
"2008-12-09",1204.71997070312,1251.56005859375,1202.14001464844,1212.44995117188,2246470000,1212.44995117188
"2008-12-10",1223.47998046875,1236.53002929688,1203.71997070312,1222.38000488281,1955600000,1222.38000488281
"2008-12-11",1210.83996582031,1229.02001953125,1176.10998535156,1180.4599609375,2018190000,1180.4599609375
"2008-12-12",1161.58996582031,1212,1157.15002441406,1206.65002441406,1869900000,1206.65002441406
"2008-12-15",1206.88000488281,1206.88000488281,1167.44995117188,1181.86999511719,1677890000,1181.86999511719
"2008-12-16",1194.81994628906,1244.81005859375,1194.63000488281,1243.48999023438,2180960000,1243.48999023438
"2008-12-17",1225.68005371094,1242.18005371094,1211.4599609375,1225.85998535156,2111370000,1225.85998535156
"2008-12-18",1227.31005859375,1234.14001464844,1192.69995117188,1204.68994140625,2092320000,1204.68994140625
"2008-12-19",1219.65002441406,1235.23999023438,1210.91003417969,1217.18994140625,2651440000,1217.18994140625
"2008-12-22",1212.31005859375,1214.55004882812,1169.22998046875,1189.15002441406,1629320000,1189.15002441406
"2008-12-23",1194.64001464844,1204.60998535156,1175.83996582031,1183.18994140625,1331050000,1183.18994140625
"2008-12-24",1186.61999511719,1187.97998046875,1179.2900390625,1184.30004882812,490990000,1184.30004882812
"2008-12-26",1189.56994628906,1190.53002929688,1178.68005371094,1185.43994140625,592760000,1185.43994140625
"2008-12-29",1185.9599609375,1188.05004882812,1158.06994628906,1173.15002441406,1186240000,1173.15002441406
"2008-12-30",1182.15002441406,1203.41003417969,1177.92004394531,1201.33996582031,1374180000,1201.33996582031
"2008-12-31",1202.26000976562,1223.4599609375,1199.53002929688,1211.65002441406,1521220000,1211.65002441406
"2009-01-02",1212.73999023438,1266.44995117188,1208.91003417969,1263.69995117188,1438410000,1263.69995117188
"2009-01-05",1254.69995117188,1274.10998535156,1244.89001464844,1262.52001953125,1816580000,1262.52001953125
"2009-01-06",1274.35998535156,1286.07995605469,1265.53002929688,1274.48999023438,2137640000,1274.48999023438
"2009-01-07",1249.97998046875,1256.33996582031,1228.31994628906,1238.59997558594,2020170000,1238.59997558594
"2009-01-08",1231.75,1252.52001953125,1223.81005859375,1252.52001953125,1968160000,1252.52001953125
"2009-01-09",1252.59997558594,1252.94995117188,1217.58996582031,1223.01000976562,1907390000,1223.01000976562
"2009-01-12",1225.11999511719,1225.78002929688,1188.2099609375,1201.13000488281,1763590000,1201.13000488281
"2009-01-13",1200.92004394531,1219.05004882812,1186.94995117188,1202.65002441406,1965570000,1202.65002441406
"2009-01-14",1183.7900390625,1190.42004394531,1157.89001464844,1163.42004394531,1919980000,1163.42004394531
"2009-01-15",1159.93994140625,1192.44995117188,1141.73999023438,1183.52001953125,2507870000,1183.52001953125
"2009-01-16",1199.19995117188,1202.81005859375,1167.33996582031,1198.14001464844,2235070000,1198.14001464844
"2009-01-20",1193.97998046875,1195.89001464844,1136.60998535156,1136.60998535156,1989610000,1136.60998535156
"2009-01-21",1156.65002441406,1186.43005371094,1142.32995605469,1185.76000976562,2120080000,1185.76000976562
"2009-01-22",1161.94995117188,1187.7099609375,1149.31005859375,1168.07995605469,2286190000,1168.07995605469
"2009-01-23",1148.60998535156,1192.64001464844,1144.41003417969,1175.89001464844,2210840000,1175.89001464844
"2009-01-26",1177.43994140625,1202.93994140625,1169.2099609375,1184.56005859375,1815400000,1184.56005859375
"2009-01-27",1185.81005859375,1202.05004882812,1184.42004394531,1194.41003417969,1784110000,1194.41003417969
"2009-01-28",1213.83996582031,1245.97998046875,1213.23999023438,1235.91003417969,2122250000,1235.91003417969
"2009-01-29",1217.75,1220.71997070312,1198.76000976562,1203.84997558594,1932100000,1203.84997558594
"2009-01-30",1212.31005859375,1216.4599609375,1176.81994628906,1180.25,2054590000,1180.25
"2009-02-02",1168.13000488281,1203.53002929688,1167.48999023438,1195.75,1987080000,1195.75
"2009-02-03",1198.7900390625,1218.91003417969,1180.25,1215.66003417969,2049840000,1215.66003417969
"2009-02-04",1215.64001464844,1243.68005371094,1210.97998046875,1215.43005371094,2197050000,1215.43005371094
"2009-02-05",1200.26000976562,1250.14001464844,1199.53002929688,1245.10998535156,2511750000,1245.10998535156
"2009-02-06",1244.43005371094,1280.40002441406,1243.85998535156,1277.48999023438,2389530000,1277.48999023438
"2009-02-09",1276.71997070312,1286.81005859375,1267.85998535156,1281.65002441406,1906940000,1281.65002441406
"2009-02-10",1269.47998046875,1286.90002441406,1223.5400390625,1229.2900390625,2443370000,1229.2900390625
"2009-02-11",1231.61999511719,1239.92004394531,1208.53002929688,1227.05004882812,2236450000,1227.05004882812
"2009-02-12",1212.02001953125,1243.58996582031,1204.38000488281,1242.81005859375,2428250000,1242.81005859375
"2009-02-13",1240.81005859375,1250.10998535156,1231.63000488281,1236.84997558594,1990190000,1236.84997558594
"2009-02-17",1197.58996582031,1204.5400390625,1180.43005371094,1187.0400390625,2335370000,1187.0400390625
"2009-02-18",1193.89001464844,1204.56005859375,1172.93994140625,1188.77001953125,2029710000,1188.77001953125
"2009-02-19",1194.31005859375,1201.93994140625,1166.52001953125,1167.89001464844,1.991e+09,1167.89001464844
"2009-02-20",1157.14001464844,1183.35998535156,1153.18005371094,1172.7099609375,2526040000,1172.7099609375
"2009-02-23",1180.09997558594,1180.09997558594,1126.57995605469,1128.96997070312,1977740000,1128.96997070312
"2009-02-24",1138.7099609375,1176.56005859375,1136.14001464844,1171.44995117188,2339660000,1171.44995117188
"2009-02-25",1158.91003417969,1183.93005371094,1142.82995605469,1160.82995605469,2345380000,1160.82995605469
"2009-02-26",1168.11999511719,1174.77001953125,1127.09997558594,1127.09997558594,2301990000,1127.09997558594
"2009-02-27",1116.78002929688,1135.44995117188,1112.11999511719,1116.98999023438,2393280000,1116.98999023438
"2009-03-02",1098.98999023438,1116.21997070312,1074.7900390625,1076.67004394531,2033110000,1076.67004394531
"2009-03-03",1092.42004394531,1102.09997558594,1072.42004394531,1080.67004394531,2338880000,1080.67004394531
"2009-03-04",1096.19995117188,1124.67004394531,1093.42004394531,1110.30004882812,2305180000,1110.30004882812
"2009-03-05",1094.07995605469,1105.53002929688,1072.51000976562,1074.52001953125,2325840000,1074.52001953125
"2009-03-06",1082.53002929688,1088.0400390625,1043.59997558594,1064.69995117188,2443820000,1064.69995117188
"2009-03-09",1058.84997558594,1087.40002441406,1040.41003417969,1043.86999511719,2037130000,1043.86999511719
"2009-03-10",1060.42004394531,1112.43994140625,1060.42004394531,1112.43994140625,2359730000,1112.43994140625
"2009-03-11",1118.34997558594,1135.40002441406,1106.71997070312,1125.94995117188,2169050000,1125.94995117188
"2009-03-12",1121.91003417969,1167.18994140625,1113.67004394531,1164.7099609375,2392770000,1164.7099609375
"2009-03-13",1162.88000488281,1170.47998046875,1149.58996582031,1168.52001953125,2022170000,1168.52001953125
"2009-03-16",1177.32995605469,1177.32995605469,1144.2099609375,1145.44995117188,2099460000,1145.44995117188
"2009-03-17",1151.82995605469,1192.17004394531,1148.80004882812,1192.17004394531,2073230000,1192.17004394531
"2009-03-18",1185.18005371094,1225.16003417969,1180.33996582031,1206.9599609375,2764950000,1206.9599609375
"2009-03-19",1220.47998046875,1220.47998046875,1196.19995117188,1204.2099609375,2323510000,1204.2099609375
"2009-03-20",1207.47998046875,1220.5,1178.52001953125,1187.18005371094,2394470000,1187.18005371094
"2009-03-23",1213.11999511719,1259.81005859375,1203.84997558594,1259.81005859375,2172590000,1259.81005859375
"2009-03-24",1245.65002441406,1255.09997558594,1232.73999023438,1234.33996582031,2009530000,1234.33996582031
"2009-03-25",1243.43994140625,1261.41003417969,1206.52001953125,1236.66003417969,2431180000,1236.66003417969
"2009-03-26",1254.08996582031,1281.30004882812,1250.14001464844,1281.30004882812,2535050000,1281.30004882812
"2009-03-27",1263.61999511719,1267.27001953125,1248.86999511719,1251.46997070312,2071670000,1251.46997070312
"2009-03-30",1230.89001464844,1231.47998046875,1204.9599609375,1220.81005859375,2020200000,1220.81005859375
"2009-03-31",1232.58996582031,1258.07995605469,1231.52001953125,1237.01000976562,2157410000,1237.01000976562
"2009-04-01",1215.90002441406,1255.03002929688,1211.59997558594,1252.51000976562,2256580000,1252.51000976562
"2009-04-02",1274.41003417969,1311.67004394531,1269.91003417969,1294.30004882812,2833600000,1294.30004882812
"2009-04-03",1306.5,1316.7099609375,1294.16003417969,1316.16003417969,2113380000,1316.16003417969
"2009-04-06",1301.43005371094,1313.94995117188,1286.94995117188,1313.09997558594,1998090000,1313.09997558594
"2009-04-07",1296.19995117188,1296.34997558594,1268.7900390625,1275.42004394531,1854700000,1275.42004394531
"2009-04-08",1289.69995117188,1306.5,1280.2900390625,1300.75,1837900000,1300.75
"2009-04-09",1322.22998046875,1341.77001953125,1319.28002929688,1340.28002929688,2165450000,1340.28002929688
"2009-04-13",1333.71997070312,1344.47998046875,1322.93994140625,1336.67004394531,1824530000,1336.67004394531
"2009-04-14",1325.72998046875,1336.34997558594,1312.36999511719,1322.31005859375,2253650000,1322.31005859375
"2009-04-15",1311.15002441406,1317.93005371094,1295.09997558594,1316.51000976562,2042600000,1316.51000976562
"2009-04-16",1334.02001953125,1358.7099609375,1322.21997070312,1352.97998046875,2390620000,1352.97998046875
"2009-04-17",1347.36999511719,1361.68005371094,1339.13000488281,1353.92004394531,2418440000,1353.92004394531
"2009-04-20",1330.18005371094,1333.71997070312,1303.84997558594,1309.36999511719,3061850000,1309.36999511719
"2009-04-21",1303.86999511719,1330.67004394531,1303.72998046875,1329.06005859375,2422990000,1329.06005859375
"2009-04-22",1322.09997558594,1362.83996582031,1317.51000976562,1335.71997070312,2657480000,1335.71997070312
"2009-04-23",1340.77001953125,1345.67004394531,1321.42004394531,1344.41003417969,2463500000,1344.41003417969
"2009-04-24",1352.55004882812,1379.38000488281,1345.03002929688,1373.28002929688,2547150000,1373.28002929688
"2009-04-27",1359.88000488281,1384.84997558594,1357.39001464844,1369.93994140625,2203700000,1369.93994140625
"2009-04-28",1362.93994140625,1378.56005859375,1355.98999023438,1361.92004394531,2080410000,1361.92004394531
"2009-04-29",1373.30004882812,1398.35998535156,1370.52001953125,1382.38000488281,2385720000,1382.38000488281
"2009-04-30",1398.43994140625,1418.77001953125,1384.36999511719,1394.32995605469,2871300000,1394.32995605469
"2009-05-01",1396.21997070312,1403.89001464844,1382.90002441406,1396.61999511719,2165930000,1396.61999511719
"2009-05-04",1407.65002441406,1428.02001953125,1403.46997070312,1427.9599609375,2524800000,1427.9599609375
"2009-05-05",1423.88000488281,1425.05004882812,1408.2900390625,1423.81005859375,2538290000,1423.81005859375
"2009-05-06",1433.57995605469,1435.80004882812,1401.09997558594,1423.84997558594,2966510000,1423.84997558594
"2009-05-07",1429.96997070312,1431.35998535156,1377.55004882812,1389.82995605469,3299360000,1389.82995605469
"2009-05-08",1399.2099609375,1411.27001953125,1377.06005859375,1394.16003417969,3206310000,1394.16003417969
"2009-05-11",1375.05004882812,1410.43005371094,1369.35998535156,1395.7900390625,2543450000,1395.7900390625
"2009-05-12",1402.14001464844,1402.14001464844,1362.07995605469,1377.40002441406,2475150000,1377.40002441406
"2009-05-13",1364.43005371094,1365.32995605469,1339.81994628906,1339.82995605469,2356410000,1339.82995605469
"2009-05-14",1348.32995605469,1369.31005859375,1344.77001953125,1359.67004394531,2162620000,1359.67004394531
"2009-05-15",1355.55004882812,1374.09997558594,1351.13000488281,1355.10998535156,2057500000,1355.10998535156
"2009-05-18",1367.05004882812,1392.72998046875,1357.42004394531,1392.72998046875,2023250000,1392.72998046875
"2009-05-19",1387.19995117188,1410.73999023438,1379.88000488281,1398.05004882812,2076390000,1398.05004882812
"2009-05-20",1401.36999511719,1423.13000488281,1388.81005859375,1393.71997070312,2261780000,1393.71997070312
"2009-05-21",1378.82995605469,1391,1353.53002929688,1367.39001464844,2206610000,1367.39001464844
"2009-05-22",1371.76000976562,1379.88000488281,1353.58996582031,1363.17004394531,1619520000,1363.17004394531
"2009-05-26",1351.13000488281,1414.43994140625,1350.94995117188,1412.60998535156,2095650000,1412.60998535156
"2009-05-27",1408.58996582031,1428.81005859375,1398.42004394531,1401.88000488281,2118100000,1401.88000488281
"2009-05-28",1411.42004394531,1423.81005859375,1389.76000976562,1420.31005859375,2189090000,1420.31005859375
"2009-05-29",1421.10998535156,1435.56994628906,1411.68005371094,1435.56994628906,2465310000,1435.56994628906
"2009-06-01",1451.36999511719,1482.18994140625,1446.96997070312,1477.11999511719,2600340000,1477.11999511719
"2009-06-02",1470.30004882812,1493.80004882812,1466.28002929688,1480.31005859375,2611690000,1480.31005859375
"2009-06-03",1472.25,1476.97998046875,1459.58996582031,1475.43994140625,2246950000,1475.43994140625
"2009-06-04",1476.28002929688,1493.66003417969,1476.28002929688,1492.73999023438,2468840000,1492.73999023438
"2009-06-05",1503.78002929688,1505.77001953125,1479.21997070312,1493.2099609375,2310590000,1493.2099609375
"2009-06-08",1482.2099609375,1499.9599609375,1467.13000488281,1488.48999023438,1972980000,1488.48999023438
"2009-06-09",1495.0400390625,1509.56994628906,1489.21997070312,1501.55004882812,2140370000,1501.55004882812
"2009-06-10",1509.43005371094,1509.43005371094,1473.88000488281,1495.27001953125,2347870000,1495.27001953125
"2009-06-11",1494.06994628906,1511.93994140625,1493.16003417969,1497.01000976562,2463860000,1497.01000976562
"2009-06-12",1488.72998046875,1489.96997070312,1470.19995117188,1489.96997070312,2013560000,1489.96997070312
"2009-06-15",1472.77001953125,1473.06994628906,1445.30004882812,1456.9599609375,2154700000,1456.9599609375
"2009-06-16",1463.4599609375,1469.16003417969,1442.81005859375,1443.25,2227700000,1443.25
"2009-06-17",1449,1470.10998535156,1439.38000488281,1455.89001464844,2523180000,1455.89001464844
"2009-06-18",1456.14001464844,1464.0400390625,1445.31005859375,1453.80004882812,2067830000,1453.80004882812
"2009-06-19",1465.88000488281,1477.94995117188,1460.44995117188,1471.22998046875,2864420000,1471.22998046875
"2009-06-22",1455.78002929688,1459.09997558594,1423.81005859375,1426.60998535156,2318970000,1426.60998535156
"2009-06-23",1427.68005371094,1432.92004394531,1413.5400390625,1424.4599609375,2152480000,1424.4599609375
"2009-06-24",1436.58996582031,1458.22998046875,1435.28002929688,1447.06005859375,2150570000,1447.06005859375
"2009-06-25",1438.75,1477.96997070312,1434.96997070312,1475.81994628906,2227980000,1475.81994628906
"2009-06-26",1467.38000488281,1483.56994628906,1466.23999023438,1480.19995117188,3989940000,1480.19995117188
"2009-06-29",1483.66003417969,1493.56994628906,1468.97998046875,1483.82995605469,1981450000,1483.82995605469
"2009-06-30",1484.81994628906,1493.36999511719,1468.10998535156,1477.25,2044980000,1477.25
"2009-07-01",1486.5,1497.7099609375,1479.67004394531,1481.33996582031,1971050000,1481.33996582031
"2009-07-02",1464.66003417969,1465.18005371094,1443.75,1446.28002929688,1923070000,1446.28002929688
"2009-07-06",1435.40002441406,1444.30004882812,1424.60998535156,1441.01000976562,1970530000,1441.01000976562
"2009-07-07",1440.82995605469,1443.06005859375,1403.59997558594,1404.78002929688,2027240000,1404.78002929688
"2009-07-08",1412.5400390625,1417.34997558594,1394.86999511719,1411.53002929688,2467520000,1411.53002929688
"2009-07-09",1417,1423.43994140625,1409.13000488281,1414.97998046875,1868280000,1414.97998046875
"2009-07-10",1409.55004882812,1427.90002441406,1405.57995605469,1419.83996582031,1658010000,1419.83996582031
"2009-07-13",1423.19995117188,1447.69995117188,1402.18994140625,1447.69995117188,1899410000,1447.69995117188
"2009-07-14",1444.58996582031,1455,1439.56994628906,1452.83996582031,1856910000,1452.83996582031
"2009-07-15",1473.58996582031,1501.41003417969,1470.08996582031,1500.97998046875,2543340000,1500.97998046875
"2009-07-16",1495.40002441406,1521.67004394531,1494.56994628906,1518.86999511719,2072730000,1518.86999511719
"2009-07-17",1516.77001953125,1527.26000976562,1511.60998535156,1527.26000976562,1876760000,1527.26000976562
"2009-07-20",1534.39001464844,1545.02001953125,1529.44995117188,1544,2046350000,1544
"2009-07-21",1548.90002441406,1553.01000976562,1530.80004882812,1553.01000976562,2205230000,1553.01000976562
"2009-07-22",1552.63000488281,1572.47998046875,1551.16003417969,1565,2306340000,1565
"2009-07-23",1561.59997558594,1605.08996582031,1561.5400390625,1601.52001953125,3021430000,1601.52001953125
"2009-07-24",1579.25,1600.03002929688,1576.51000976562,1599.06005859375,2232920000,1599.06005859375
"2009-07-27",1597.02001953125,1602.28002929688,1580.52001953125,1599.31005859375,2141690000,1599.31005859375
"2009-07-28",1590.77001953125,1609.17004394531,1583.27001953125,1605.46997070312,2206850000,1605.46997070312
"2009-07-29",1596.81005859375,1602.48999023438,1586.0400390625,1599.60998535156,2072650000,1599.60998535156
"2009-07-30",1614.10998535156,1632.96997070312,1606.71997070312,1609.86999511719,2525670000,1609.86999511719
"2009-07-31",1608.26000976562,1619.67004394531,1602.25,1603.35998535156,2190380000,1603.35998535156
"2009-08-03",1619.23999023438,1628.30004882812,1611.59997558594,1628.11999511719,2155720000,1628.11999511719
"2009-08-04",1619.08996582031,1633.16003417969,1616.5400390625,1628.48999023438,2235010000,1628.48999023438
"2009-08-05",1631.75,1631.75,1604.08996582031,1614.43994140625,2353550000,1614.43994140625
"2009-08-06",1618.01000976562,1623.25,1595.35998535156,1600.2900390625,2408400000,1600.2900390625
"2009-08-07",1620.73999023438,1628.43994140625,1609.5400390625,1619.48999023438,2323980000,1619.48999023438
"2009-08-10",1612.72998046875,1619.02001953125,1599.4599609375,1610.43005371094,1844700000,1610.43005371094
"2009-08-11",1603.68005371094,1605.80004882812,1587.40002441406,1594.68994140625,1915530000,1594.68994140625
"2009-08-12",1595.26000976562,1634.11999511719,1594.76000976562,1619.58996582031,2140190000,1619.58996582031
"2009-08-13",1628.36999511719,1632.19995117188,1611.23999023438,1628.65002441406,2084370000,1628.65002441406
"2009-08-14",1623.48999023438,1624.46997070312,1596.94995117188,1611.57995605469,1923410000,1611.57995605469
"2009-08-17",1583.2900390625,1583.2900390625,1563.14001464844,1564.89001464844,1924190000,1564.89001464844
"2009-08-18",1573.31994628906,1588.89001464844,1569.21997070312,1586.5,1749420000,1586.5
"2009-08-19",1568.41003417969,1600.22998046875,1566.43994140625,1596.60998535156,1977750000,1596.60998535156
"2009-08-20",1594.57995605469,1618.11999511719,1593.11999511719,1614.21997070312,1958470000,1614.21997070312
"2009-08-21",1620.46997070312,1639.22998046875,1615.11999511719,1637.78002929688,2259140000,1637.78002929688
"2009-08-24",1641.44995117188,1648.18005371094,1629.77001953125,1634.78002929688,2046370000,1634.78002929688
"2009-08-25",1640.42004394531,1655.25,1635.38000488281,1639.90002441406,1936980000,1639.90002441406
"2009-08-26",1636.81994628906,1648.77001953125,1628.41003417969,1637,2037560000,1637
"2009-08-27",1636.13000488281,1643.18005371094,1611.72998046875,1640.96997070312,2140540000,1640.96997070312
"2009-08-28",1661.48999023438,1668.01000976562,1631.46997070312,1643.23999023438,2340180000,1643.23999023438
"2009-08-31",1628.2099609375,1632.06994628906,1616.52001953125,1625.18994140625,2256210000,1625.18994140625
"2009-09-01",1620.08996582031,1648.27001953125,1591.01000976562,1595.83996582031,2778570000,1595.83996582031
"2009-09-02",1588.08996582031,1602.90002441406,1586.55004882812,1594.28002929688,1974330000,1594.28002929688
"2009-09-03",1601.16003417969,1607.15002441406,1585.56005859375,1605.97998046875,1853450000,1605.97998046875
"2009-09-04",1609.63000488281,1639.90002441406,1606.46997070312,1638.06994628906,1722150000,1638.06994628906
"2009-09-08",1651.64001464844,1655.61999511719,1643.43994140625,1654.81005859375,2037180000,1654.81005859375
"2009-09-09",1655.92004394531,1676.25,1648.92004394531,1669.22998046875,2493930000,1669.22998046875
"2009-09-10",1668.64001464844,1686.27001953125,1665.48999023438,1686.16003417969,2451330000,1686.16003417969
"2009-09-11",1684.83996582031,1689.68005371094,1674.14001464844,1685.4599609375,2318050000,1685.4599609375
"2009-09-14",1673.55004882812,1693.76000976562,1673.13000488281,1693.76000976562,2157600000,1693.76000976562
"2009-09-15",1691.28002929688,1703.4599609375,1688.4599609375,1699.53002929688,2372990000,1699.53002929688
"2009-09-16",1705.96997070312,1724.67004394531,1699.73999023438,1723.72998046875,2707080000,1723.72998046875
"2009-09-17",1721.57995605469,1732.42004394531,1714.32995605469,1721.08996582031,2615780000,1721.08996582031
"2009-09-18",1728.91003417969,1731.86999511719,1716.44995117188,1725.23999023438,3023010000,1725.23999023438
"2009-09-21",1717.36999511719,1735.31994628906,1714.09997558594,1731.57995605469,2408860000,1731.57995605469
"2009-09-22",1740.13000488281,1740.13000488281,1727.5,1734.08996582031,2490480000,1734.08996582031
"2009-09-23",1739.93005371094,1754.5400390625,1722.98999023438,1724.27001953125,2683250000,1724.27001953125
"2009-09-24",1732.94995117188,1734.92004394531,1698.68994140625,1709.76000976562,2607280000,1709.76000976562
"2009-09-25",1696.98999023438,1710.2900390625,1690.68005371094,1694.15002441406,2363930000,1694.15002441406
"2009-09-28",1702.94995117188,1733.7900390625,1702.52001953125,1724.58996582031,1890030000,1724.58996582031
"2009-09-29",1724.19995117188,1732.31005859375,1709.28002929688,1717.67004394531,2062970000,1717.67004394531
"2009-09-30",1723.91003417969,1731.43994140625,1691.76000976562,1718.98999023438,2640660000,1718.98999023438
"2009-10-01",1710.5,1711.69995117188,1666.41003417969,1666.41003417969,2708170000,1666.41003417969
"2009-10-02",1656.77001953125,1676.21997070312,1656.56994628906,1662.48999023438,2448110000,1662.48999023438
"2009-10-05",1668.69995117188,1682.77001953125,1660.36999511719,1675.64001464844,2156250000,1675.64001464844
"2009-10-06",1684.75,1712.58996582031,1684.07995605469,1705.25,2413450000,1705.25
"2009-10-07",1701.40002441406,1710.44995117188,1698.63000488281,1710.44995117188,2220910000,1710.44995117188
"2009-10-08",1720.91003417969,1732.10998535156,1713.59997558594,1717.7900390625,2366950000,1717.7900390625
"2009-10-09",1713.46997070312,1729.21997070312,1710.57995605469,1727.76000976562,1936850000,1727.76000976562
"2009-10-12",1732.75,1742.18005371094,1719.02001953125,1729.63000488281,1784280000,1729.63000488281
"2009-10-13",1729.16003417969,1737.39001464844,1722.68005371094,1730.27001953125,2020110000,1730.27001953125
"2009-10-14",1750.26000976562,1756.25,1742.25,1754.26000976562,2348620000,1754.26000976562
"2009-10-15",1747.81005859375,1753.35998535156,1742.89001464844,1753.35998535156,2140090000,1753.35998535156
"2009-10-16",1747.46997070312,1747.46997070312,1727.56005859375,1739.31994628906,2209950000,1739.31994628906
"2009-10-19",1741.43005371094,1758.5,1732.02001953125,1756.68005371094,1970440000,1756.68005371094
"2009-10-20",1766.05004882812,1766.71997070312,1745.81005859375,1756.18994140625,2110580000,1756.18994140625
"2009-10-21",1754.7099609375,1780.82995605469,1750.91003417969,1753.56005859375,2565680000,1753.56005859375
"2009-10-22",1749.30004882812,1767.57995605469,1739.58996582031,1763.15002441406,2265230000,1763.15002441406
"2009-10-23",1774.05004882812,1777.56994628906,1749.03002929688,1753.63000488281,2441920000,1753.63000488281
"2009-10-26",1756.5,1778.47998046875,1739.9599609375,1746.75,2316210000,1746.75
"2009-10-27",1746.98999023438,1751.65002441406,1715.10998535156,1722.4599609375,2384620000,1722.4599609375
"2009-10-28",1712.80004882812,1719.81994628906,1679.34997558594,1682.06005859375,2769570000,1682.06005859375
"2009-10-29",1694.27001953125,1714.35998535156,1688.68005371094,1711.27001953125,2301370000,1711.27001953125
"2009-10-30",1707.92004394531,1712.93005371094,1663.93994140625,1667.13000488281,2610280000,1667.13000488281
"2009-11-02",1667.06005859375,1689.30004882812,1652.43994140625,1672.91003417969,2408320000,1672.91003417969
"2009-11-03",1661.84997558594,1679.42004394531,1660.09997558594,1679.19995117188,2061050000,1679.19995117188
"2009-11-04",1687.11999511719,1701.46997070312,1678.17004394531,1680.67004394531,2217520000,1680.67004394531
"2009-11-05",1700.06994628906,1722.93005371094,1697.93994140625,1721.08996582031,2209690000,1721.08996582031
"2009-11-06",1709.81994628906,1733.21997070312,1709.43994140625,1730.76000976562,1829150000,1730.76000976562
"2009-11-09",1743.55004882812,1768.41003417969,1742.96997070312,1768.40002441406,2004700000,1768.40002441406
"2009-11-10",1765.52001953125,1777.85998535156,1763.89001464844,1773.17004394531,1997240000,1773.17004394531
"2009-11-11",1784.90002441406,1793.52001953125,1772.46997070312,1782.94995117188,1851790000,1782.94995117188
"2009-11-12",1784.68994140625,1794.11999511719,1769.64001464844,1773.14001464844,2212370000,1773.14001464844
"2009-11-13",1780.0400390625,1793.17004394531,1773.2900390625,1788.60998535156,1876220000,1788.60998535156
"2009-11-16",1794.88000488281,1814.25,1793.63000488281,1807.56005859375,2105020000,1807.56005859375
"2009-11-17",1802.0400390625,1812.2099609375,1797.73999023438,1812.2099609375,1887240000,1812.2099609375
"2009-11-18",1807.10998535156,1807.53002929688,1789.66003417969,1801.73999023438,1990220000,1801.73999023438
"2009-11-19",1788.75,1789,1761.10998535156,1773.18994140625,2208700000,1773.18994140625
"2009-11-20",1760.5400390625,1768.34997558594,1758,1764.39001464844,1962760000,1764.39001464844
"2009-11-23",1782.92004394531,1801.21997070312,1782.91003417969,1792.93994140625,1840170000,1792.93994140625
"2009-11-24",1791.5400390625,1792.18005371094,1776.09997558594,1786.25,1858490000,1786.25
"2009-11-25",1790.68994140625,1795.27001953125,1786.86999511719,1793.67004394531,1398610000,1793.67004394531
"2009-11-27",1743.39001464844,1779.26000976562,1742.19995117188,1765.4599609375,971990000,1765.4599609375
"2009-11-30",1762.98999023438,1770.86999511719,1750.88000488281,1767.43005371094,1986050000,1767.43005371094
"2009-12-01",1782.84997558594,1798.47998046875,1782.84997558594,1787.7099609375,2151300000,1787.7099609375
"2009-12-02",1791.60998535156,1805.96997070312,1786.22998046875,1790.81994628906,2068920000,1790.81994628906
"2009-12-03",1795.25,1806.34997558594,1781.76000976562,1782.91003417969,2001660000,1782.91003417969
"2009-12-04",1808.59997558594,1815.59997558594,1773.31005859375,1791.91003417969,2305950000,1791.91003417969
"2009-12-07",1791.34997558594,1797.63000488281,1779.46997070312,1783.65002441406,1878980000,1783.65002441406
"2009-12-08",1772.39001464844,1786.0400390625,1760.85998535156,1772.72998046875,1981800000,1772.72998046875
"2009-12-09",1770.05004882812,1791.13000488281,1759.33996582031,1789.69995117188,1906210000,1789.69995117188
"2009-12-10",1799.84997558594,1808.22998046875,1797.03002929688,1799.36999511719,1946370000,1799.36999511719
"2009-12-11",1808.83996582031,1810.31005859375,1784.81994628906,1792.06005859375,1754430000,1792.06005859375
"2009-12-14",1802.28002929688,1810.75,1794.30004882812,1809.08996582031,1841890000,1809.08996582031
"2009-12-15",1801.57995605469,1813.38000488281,1793.59997558594,1798.2099609375,1946960000,1798.2099609375
"2009-12-16",1805.53002929688,1814.48999023438,1798.52001953125,1800.81994628906,2022440000,1800.81994628906
"2009-12-17",1791.4599609375,1794.7900390625,1777.07995605469,1778.27001953125,1904840000,1778.27001953125
"2009-12-18",1794.11999511719,1808.26000976562,1790.14001464844,1807.35998535156,2848410000,1807.35998535156
"2009-12-21",1818.39001464844,1835,1818.39001464844,1828.7900390625,1808830000,1828.7900390625
"2009-12-22",1833.71997070312,1841.64001464844,1832.09997558594,1839.51000976562,1724200000,1839.51000976562
"2009-12-23",1842.65002441406,1853.15002441406,1839.11999511719,1851.98999023438,1582900000,1851.98999023438
"2009-12-24",1856.06005859375,1869.90002441406,1855.78002929688,1869.83996582031,632650000,1869.83996582031
"2009-12-28",1874.7099609375,1882.57995605469,1868.14001464844,1878.18005371094,1232130000,1878.18005371094
"2009-12-29",1879.71997070312,1881.06005859375,1871.13000488281,1872.02001953125,1177710000,1872.02001953125
"2009-12-30",1872.63000488281,1881.15002441406,1869.59997558594,1878.65002441406,1312670000,1878.65002441406
"2009-12-31",1881.7099609375,1882.4599609375,1860.31005859375,1860.31005859375,1237820000,1860.31005859375
"2010-01-04",1882.68994140625,1890.02001953125,1881.63000488281,1886.69995117188,1931380000,1886.69995117188
"2010-01-05",1887.28002929688,1891.32995605469,1877.52001953125,1888.43005371094,2367860000,1888.43005371094
"2010-01-06",1887.91003417969,1893.2099609375,1873.90002441406,1878.42004394531,2253340000,1878.42004394531
"2010-01-07",1878.16003417969,1881.32995605469,1867.61999511719,1876.71997070312,2270050000,1876.71997070312
"2010-01-08",1870.90002441406,1893.25,1868.55004882812,1892.58996582031,2145390000,1892.58996582031
"2010-01-11",1896.05004882812,1897.48999023438,1876.25,1886.23999023438,2077890000,1886.23999023438
"2010-01-12",1874.75,1876.36999511719,1852.31005859375,1861.7900390625,2368320000,1861.7900390625
"2010-01-13",1868.19995117188,1890.81005859375,1855.27001953125,1886.13000488281,2318350000,1886.13000488281
"2010-01-14",1880.4599609375,1891.72998046875,1880.34997558594,1886.52001953125,2254170000,1886.52001953125
"2010-01-15",1887.31005859375,1893.47998046875,1857.10998535156,1864.52001953125,2637770000,1864.52001953125
"2010-01-19",1869.23999023438,1896.5400390625,1868.82995605469,1895.47998046875,2045290000,1895.47998046875
"2010-01-20",1882.06005859375,1882.31005859375,1848.08996582031,1867.94995117188,2351890000,1867.94995117188
"2010-01-21",1874.5400390625,1885.01000976562,1842.85998535156,1850.56994628906,2877800000,1850.56994628906
"2010-01-22",1842.10998535156,1849.2099609375,1791.40002441406,1794.81994628906,2817620000,1794.81994628906
"2010-01-25",1806.59997558594,1813.65002441406,1794.68005371094,1802.39001464844,2134350000,1802.39001464844
"2010-01-26",1798.35998535156,1825.94995117188,1792.0400390625,1803.85998535156,2361260000,1803.85998535156
"2010-01-27",1801.67004394531,1823.80004882812,1790.09997558594,1818.90002441406,2492880000,1818.90002441406
"2010-01-28",1805.64001464844,1805.84997558594,1762.09997558594,1771.09997558594,2829640000,1771.09997558594
"2010-01-29",1787.14001464844,1789.93005371094,1734.03002929688,1741.0400390625,3090580000,1741.0400390625
"2010-02-01",1745.91003417969,1760.71997070312,1744.26000976562,1760.71997070312,2234140000,1760.71997070312
"2010-02-02",1760.65002441406,1780.17004394531,1750.39001464844,1776.92004394531,2468470000,1776.92004394531
"2010-02-03",1767.14001464844,1787.89001464844,1766.59997558594,1784.69995117188,2303350000,1784.69995117188
"2010-02-04",1771.78002929688,1775.36999511719,1732.98999023438,1732.98999023438,2801390000,1732.98999023438
"2010-02-05",1739.18994140625,1748.77001953125,1712.89001464844,1746.11999511719,2811100000,1746.11999511719
"2010-02-08",1744.02001953125,1755.65002441406,1734.11999511719,1734.88000488281,2036280000,1734.88000488281
"2010-02-09",1756.28002929688,1768.57995605469,1739.23999023438,1753.83996582031,2296420000,1753.83996582031
"2010-02-10",1752.4599609375,1760.60998535156,1738.4599609375,1749.76000976562,2059940000,1749.76000976562
"2010-02-11",1747.55004882812,1780.05004882812,1739.02001953125,1775.73999023438,2141260000,1775.73999023438
"2010-02-12",1761.2900390625,1783.69995117188,1756.65002441406,1779.10998535156,2236180000,1779.10998535156
"2010-02-16",1792.90002441406,1802.47998046875,1782.72998046875,1802.06005859375,2072850000,1802.06005859375
"2010-02-17",1808.55004882812,1811.19995117188,1799.25,1810.85998535156,2103530000,1810.85998535156
"2010-02-18",1809.01000976562,1825.81994628906,1806.76000976562,1823.39001464844,2076820000,1823.39001464844
"2010-02-19",1816.93994140625,1830.38000488281,1813.07995605469,1823.31994628906,2166660000,1823.31994628906
"2010-02-22",1828.68994140625,1829.18005371094,1811.52001953125,1817.63000488281,1976290000,1817.63000488281
"2010-02-23",1815.43005371094,1817.9599609375,1786.4599609375,1793.81994628906,2310910000,1793.81994628906
"2010-02-24",1803.2900390625,1819.5,1801.0400390625,1812.51000976562,2155810000,1812.51000976562
"2010-02-25",1791.15002441406,1815.93994140625,1781.11999511719,1812.91003417969,2300530000,1812.91003417969
"2010-02-26",1812.23999023438,1822.19995117188,1804.08996582031,1818.68005371094,2283430000,1818.68005371094
"2010-03-01",1826.61999511719,1848.09997558594,1826.60998535156,1846.40002441406,2504940000,1846.40002441406
"2010-03-02",1851.7900390625,1862.64001464844,1847.03002929688,1851.2099609375,2831870000,1851.2099609375
"2010-03-03",1854.7099609375,1861.15002441406,1846.21997070312,1851.56994628906,2603510000,1851.56994628906
"2010-03-04",1852.69995117188,1860.76000976562,1844.92004394531,1859.71997070312,2186020000,1859.71997070312
"2010-03-05",1871.61999511719,1889.68005371094,1869.09997558594,1888.56005859375,2411880000,1888.56005859375
"2010-03-08",1888.0400390625,1894.75,1887.66003417969,1890.89001464844,2312310000,1890.89001464844
"2010-03-09",1885.98999023438,1911.38000488281,1885.98999023438,1901.38000488281,2620360000,1901.38000488281
"2010-03-10",1901.23999023438,1920.66003417969,1901.10998535156,1917.34997558594,2554740000,1917.34997558594
"2010-03-11",1911.06994628906,1923.81005859375,1908.39001464844,1923.81005859375,2256790000,1923.81005859375
"2010-03-12",1930,1930.17004394531,1916.41003417969,1924.43005371094,2098780000,1924.43005371094
"2010-03-15",1918.14001464844,1924.48999023438,1906.01000976562,1920.08996582031,1956170000,1920.08996582031
"2010-03-16",1924.27001953125,1933.9599609375,1918.97998046875,1932.23999023438,2201880000,1932.23999023438
"2010-03-17",1934.65002441406,1945.90002441406,1930.91003417969,1936.21997070312,2281410000,1936.21997070312
"2010-03-18",1937.63000488281,1945.28002929688,1934.17004394531,1943.93994140625,2173060000,1943.93994140625
"2010-03-19",1943.9599609375,1949.14001464844,1924.71997070312,1932.43005371094,3055760000,1932.43005371094
"2010-03-22",1922.72998046875,1956.47998046875,1921.7099609375,1949.58996582031,2448130000,1949.58996582031
"2010-03-23",1952.5400390625,1964.14001464844,1943.25,1963.19995117188,2465230000,1963.19995117188
"2010-03-24",1956.63000488281,1958.59997558594,1948.84997558594,1951.83996582031,2436100000,1951.83996582031
"2010-03-25",1966.56005859375,1976.38000488281,1948.5,1949.15002441406,2704870000,1949.15002441406
"2010-03-26",1958.27001953125,1965.52001953125,1942.2099609375,1952.63000488281,2367930000,1952.63000488281
"2010-03-29",1960.63000488281,1968.43005371094,1956.59997558594,1961.21997070312,1967850000,1961.21997070312
"2010-03-30",1966.51000976562,1974.46997070312,1955.21997070312,1967.9599609375,2147270000,1967.9599609375
"2010-03-31",1962.17004394531,1969.90002441406,1955.15002441406,1958.33996582031,2368690000,1958.33996582031
"2010-04-01",1968.43994140625,1979.48999023438,1943.96997070312,1959.56005859375,2340270000,1959.56005859375
"2010-04-05",1964.03002929688,1981.06994628906,1958.01000976562,1977.82995605469,2130340000,1977.82995605469
"2010-04-06",1971.08996582031,1988.0400390625,1968.17004394531,1981.94995117188,2220390000,1981.94995117188
"2010-04-07",1980.19995117188,1987.33996582031,1967.14001464844,1977.30004882812,2984850000,1977.30004882812
"2010-04-08",1972.81994628906,1984.90002441406,1962.0400390625,1980.72998046875,2428900000,1980.72998046875
"2010-04-09",1984.01000976562,1994.47998046875,1978.0400390625,1994.43005371094,2215530000,1994.43005371094
"2010-04-12",1995.34997558594,2000.56005859375,1990.78002929688,1995.65002441406,2161650000,1995.65002441406
"2010-04-13",1994.33996582031,2006.51000976562,1986.82995605469,2003.81005859375,2665420000,2003.81005859375
"2010-04-14",2015.60998535156,2029.06005859375,2012.97998046875,2028.81994628906,3143270000,2028.81994628906
"2010-04-15",2027.92004394531,2040.48999023438,2027.52001953125,2038.64001464844,2840660000,2038.64001464844
"2010-04-16",2030.33996582031,2037.46997070312,2000.77001953125,2012.83996582031,2960950000,2012.83996582031
"2010-04-19",2011.40002441406,2018.93005371094,1988.36999511719,2013.53002929688,2223650000,2013.53002929688
"2010-04-20",2025.0400390625,2027.43994140625,2009.55004882812,2023.59997558594,2157100000,2023.59997558594
"2010-04-21",2037.15002441406,2040.82995605469,2021.71997070312,2034.53002929688,2715900000,2034.53002929688
"2010-04-22",2016.48999023438,2047.10998535156,2002.96997070312,2045.16003417969,2800840000,2045.16003417969
"2010-04-23",2042.80004882812,2055.6298828125,2036.98999023438,2055.330078125,2517010000,2055.330078125
"2010-04-26",2054.84008789062,2059.419921875,2045.64001464844,2049.09008789062,2491040000,2049.09008789062
"2010-04-27",2040.43005371094,2049.89990234375,2001.02001953125,2006.25,2864810000,2006.25
"2010-04-28",2016.52001953125,2017.92004394531,1991.94995117188,2007.58996582031,2755190000,2007.58996582031
"2010-04-29",2020.51000976562,2045.85998535156,2019.31994628906,2042.89001464844,3069640000,2042.89001464844
"2010-04-30",2040.57995605469,2044.39001464844,2000.26000976562,2000.63000488281,2841130000,2000.63000488281
"2010-05-03",2010.93994140625,2039.52001953125,2010.91003417969,2031.59997558594,2398370000,2031.59997558594
"2010-05-04",2003.58996582031,2003.58996582031,1955.39001464844,1968.96997070312,3052590000,1968.96997070312
"2010-05-05",1947.34997558594,1971.09997558594,1936.56005859375,1958.26000976562,3041480000,1958.26000976562
"2010-05-06",1948.25,1964.09997558594,1752.31005859375,1893.75,4553600000,1893.75
"2010-05-07",1879.76000976562,1901.89001464844,1808.06994628906,1849.43994140625,4227720000,1849.43994140625
"2010-05-10",1931.52001953125,1942.64001464844,1923.52001953125,1942.60998535156,2871800000,1942.60998535156
"2010-05-11",1920.23999023438,1966.47998046875,1918.11999511719,1940.47998046875,2548840000,1940.47998046875
"2010-05-12",1951.98999023438,1977.42004394531,1947.19995117188,1975.57995605469,2351900000,1975.57995605469
"2010-05-13",1969.43994140625,1983.13000488281,1940.43994140625,1945.52001953125,2375250000,1945.52001953125
"2010-05-14",1928.57995605469,1929.91003417969,1885.51000976562,1907.09997558594,2653020000,1907.09997558594
"2010-05-17",1911.38000488281,1920.75,1872.92004394531,1915.44995117188,2434480000,1915.44995117188
"2010-05-18",1929.11999511719,1933.25,1878.55004882812,1887.06005859375,2490310000,1887.06005859375
"2010-05-19",1879.31994628906,1894.41003417969,1850.9599609375,1873.42004394531,2646160000,1873.42004394531
"2010-05-20",1830.17004394531,1839.98999023438,1798.19995117188,1800.11999511719,3420420000,1800.11999511719
"2010-05-21",1772.33996582031,1834.68994140625,1767.93994140625,1822.77001953125,3389670000,1822.77001953125
"2010-05-24",1818.4599609375,1841.10998535156,1814.17004394531,1815.28002929688,2150020000,1815.28002929688
"2010-05-25",1769.31994628906,1818.28002929688,1756.63000488281,1815.68005371094,2946380000,1815.68005371094
"2010-05-26",1827.57995605469,1850.80004882812,1793.03002929688,1796.46997070312,3077300000,1796.46997070312
"2010-05-27",1837.65002441406,1863.86999511719,1831.78002929688,1862.7099609375,2408220000,1862.7099609375
"2010-05-28",1865.89001464844,1867.71997070312,1836.22998046875,1852.39001464844,2165590000,1852.39001464844
"2010-06-01",1846.59997558594,1878.0400390625,1832.9599609375,1835.0400390625,2167810000,1835.0400390625
"2010-06-02",1844.68994140625,1879.58996582031,1832.57995605469,1879.58996582031,2190140000,1879.58996582031
"2010-06-03",1883.25,1898.93005371094,1871.58996582031,1895.66003417969,2249050000,1895.66003417969
"2010-06-04",1857.82995605469,1879.31005859375,1824.7099609375,1832.0400390625,2342480000,1832.0400390625
"2010-06-07",1839.77001953125,1845.30004882812,1795.5400390625,1798.16003417969,2256670000,1798.16003417969
"2010-06-08",1799.26000976562,1805.83996582031,1770.4599609375,1795.69995117188,2696580000,1795.69995117188
"2010-06-09",1805.86999511719,1823.2099609375,1774.05004882812,1778.92004394531,2325060000,1778.92004394531
"2010-06-10",1800.56994628906,1831.81005859375,1796.31994628906,1830.08996582031,2187840000,1830.08996582031
"2010-06-11",1814.25,1848.61999511719,1811.98999023438,1847.15002441406,1877120000,1847.15002441406
"2010-06-14",1862.69995117188,1876.93994140625,1844.16003417969,1845.47998046875,1951910000,1845.47998046875
"2010-06-15",1855.68994140625,1898.7900390625,1855.68994140625,1897.47998046875,2289060000,1897.47998046875
"2010-06-16",1891.26000976562,1913.2099609375,1888.21997070312,1905.31005859375,1936400000,1905.31005859375
"2010-06-17",1914.75,1916.23999023438,1894.27001953125,1910.65002441406,1821680000,1910.65002441406
"2010-06-18",1911.06005859375,1925.19995117188,1906.84997558594,1913.47998046875,2037230000,1913.47998046875
"2010-06-21",1939.77001953125,1939.77001953125,1885.19995117188,1895.83996582031,1910700000,1895.83996582031
"2010-06-22",1903.31005859375,1917.26000976562,1877.96997070312,1880.5400390625,1934450000,1880.5400390625
"2010-06-23",1883.96997070312,1889.72998046875,1859.05004882812,1874.42004394531,1929450000,1874.42004394531
"2010-06-24",1868.46997070312,1871.13000488281,1839.31994628906,1844.58996582031,2064360000,1844.58996582031
"2010-06-25",1848.81994628906,1857.31005859375,1829.30004882812,1838.52001953125,3540350000,1838.52001953125
"2010-06-28",1843.27001953125,1852.66003417969,1823.51000976562,1836,1876740000,1836
"2010-06-29",1805.55004882812,1807.08996582031,1752.56005859375,1764.06005859375,2827090000,1764.06005859375
"2010-06-30",1761.97998046875,1776.60998535156,1734.90002441406,1739.14001464844,2221560000,1739.14001464844
"2010-07-01",1741.93005371094,1747.25,1700.0400390625,1734.41003417969,2717070000,1734.41003417969
"2010-07-02",1736.25,1742.35998535156,1712.92004394531,1728.33996582031,1672320000,1728.33996582031
"2010-07-06",1752.97998046875,1763.88000488281,1719.19995117188,1734.68005371094,2173030000,1734.68005371094
"2010-07-07",1739.01000976562,1790.18005371094,1736.98999023438,1789.71997070312,2199500000,1789.71997070312
"2010-07-08",1801.55004882812,1805.82995605469,1777.43994140625,1798.31005859375,2034030000,1798.31005859375
"2010-07-09",1797.0400390625,1815.23999023438,1793,1814.7900390625,1592610000,1814.7900390625
"2010-07-12",1814.48999023438,1831.61999511719,1808.69995117188,1821.03002929688,1767970000,1821.03002929688
"2010-07-13",1835.02001953125,1851.25,1822.25,1845.03002929688,2278480000,1845.03002929688
"2010-07-14",1847.92004394531,1863.52001953125,1840.61999511719,1853.41003417969,2213010000,1853.41003417969
"2010-07-15",1849.23999023438,1860.34997558594,1830.69995117188,1856.23999023438,2011600000,1856.23999023438
"2010-07-16",1845.5,1850.72998046875,1802.5400390625,1803.47998046875,2195150000,1803.47998046875
"2010-07-19",1807.98999023438,1822.7099609375,1794.56005859375,1819.28002929688,1735090000,1819.28002929688
"2010-07-20",1789.93005371094,1841.16003417969,1784.55004882812,1840.67004394531,1933270000,1840.67004394531
"2010-07-21",1859.59997558594,1859.84997558594,1813.28002929688,1817.30004882812,2222030000,1817.30004882812
"2010-07-22",1842.38000488281,1870.41003417969,1842.38000488281,1863.09997558594,2213220000,1863.09997558594
"2010-07-23",1851.81005859375,1875.38000488281,1846.31994628906,1875.38000488281,2410600000,1875.38000488281
"2010-07-26",1875.77001953125,1890.40002441406,1867.83996582031,1890.40002441406,2164280000,1890.40002441406
"2010-07-27",1899.13000488281,1900.15002441406,1880.21997070312,1888.81005859375,2065390000,1888.81005859375
"2010-07-28",1887.4599609375,1894.68994140625,1866.68005371094,1872.61999511719,1848520000,1872.61999511719
"2010-07-29",1884.06994628906,1887.41003417969,1841.35998535156,1860.30004882812,2324590000,1860.30004882812
"2010-07-30",1842.32995605469,1874.64001464844,1833.90002441406,1864,2138610000,1864
"2010-08-02",1886.60998535156,1902.67004394531,1879.77001953125,1898.98999023438,1953200000,1898.98999023438
"2010-08-03",1898.4599609375,1898.63000488281,1881.57995605469,1891.81005859375,1997030000,1891.81005859375
"2010-08-04",1898.81005859375,1911.01000976562,1891.22998046875,1909.19995117188,2021980000,1909.19995117188
"2010-08-05",1900.06994628906,1907.80004882812,1892.5,1904.94995117188,1774300000,1904.94995117188
"2010-08-06",1883.31994628906,1905.01000976562,1873.43994140625,1902.88000488281,1876630000,1902.88000488281
"2010-08-09",1911.38000488281,1918.78002929688,1902.97998046875,1915.17004394531,1614580000,1915.17004394531
"2010-08-10",1896.7099609375,1908.72998046875,1882.59997558594,1899.23999023438,2039590000,1899.23999023438
"2010-08-11",1866,1866,1838.89001464844,1845.38000488281,2274460000,1845.38000488281
"2010-08-12",1808.63000488281,1839.23999023438,1807.4599609375,1832.17004394531,2189680000,1832.17004394531
"2010-08-13",1825.2900390625,1832.4599609375,1818.30004882812,1818.80004882812,1605040000,1818.80004882812
"2010-08-16",1806.96997070312,1834.05004882812,1801.73999023438,1821.51000976562,1627620000,1821.51000976562
"2010-08-17",1833.15002441406,1860.68005371094,1831.27001953125,1845.36999511719,1736870000,1845.36999511719
"2010-08-18",1841.42004394531,1862.36999511719,1834.19995117188,1850.80004882812,1654560000,1850.80004882812
"2010-08-19",1842.7900390625,1847.61999511719,1811.56994628906,1823,2094800000,1823
"2010-08-20",1818.42004394531,1829.92004394531,1810.61999511719,1825.75,1898500000,1825.75
"2010-08-23",1833.32995605469,1842.7900390625,1807.83996582031,1808.31005859375,1665900000,1808.31005859375
"2010-08-24",1783.19995117188,1793.43005371094,1767.35998535156,1775.27001953125,2141650000,1775.27001953125
"2010-08-25",1762.68005371094,1798.38000488281,1758.61999511719,1790.88000488281,2019480000,1790.88000488281
"2010-08-26",1797.34997558594,1800.61999511719,1767.84997558594,1769.02001953125,1804510000,1769.02001953125
"2010-08-27",1780.10998535156,1794.2900390625,1747.31994628906,1791.64001464844,2134550000,1791.64001464844
"2010-08-30",1785.97998046875,1798.46997070312,1772.06994628906,1772.06994628906,1585200000,1772.06994628906
"2010-08-31",1762.5400390625,1781.46997070312,1755.38000488281,1767.43005371094,2084110000,1767.43005371094
"2010-09-01",1791.91003417969,1824.66003417969,1791.41003417969,1820.05004882812,2133970000,1820.05004882812
"2010-09-02",1822.82995605469,1840.57995605469,1817.98999023438,1840.57995605469,1680590000,1840.57995605469
"2010-09-03",1864.03002929688,1870.31005859375,1851.59997558594,1870.31005859375,1647790000,1870.31005859375
"2010-09-07",1862.88000488281,1870.06005859375,1854.43005371094,1856.5,1685240000,1856.5
"2010-09-08",1863.7099609375,1887.17004394531,1863.53002929688,1880,2018210000,1880
"2010-09-09",1897.01000976562,1897.93005371094,1882.7900390625,1886.14001464844,1706650000,1886.14001464844
"2010-09-10",1887.82995605469,1895.92004394531,1879.7099609375,1892.33996582031,1692470000,1892.33996582031
"2010-09-13",1908.75,1924.60998535156,1908.41003417969,1921.67004394531,1937630000,1921.67004394531
"2010-09-14",1917.82995605469,1938.01000976562,1913.7099609375,1928.58996582031,2079030000,1928.58996582031
"2010-09-15",1923.96997070312,1942.33996582031,1918.09997558594,1939.59997558594,2067130000,1939.59997558594
"2010-09-16",1937.18005371094,1949.39001464844,1931.71997070312,1948.10998535156,1809280000,1948.10998535156
"2010-09-17",1959.26000976562,1961.01000976562,1945.52001953125,1955.82995605469,2432480000,1955.82995605469
"2010-09-20",1962.15002441406,1992.80004882812,1960.43005371094,1989.43005371094,1989520000,1989.43005371094
"2010-09-21",1990.18994140625,2002.7900390625,1980.46997070312,1989.10998535156,2125100000,1989.10998535156
"2010-09-22",1979.90002441406,1996.44995117188,1972.82995605469,1982.76000976562,2170210000,1982.76000976562
"2010-09-23",1968.03002929688,2002.4599609375,1967.81994628906,1982.15002441406,1923110000,1982.15002441406
"2010-09-24",2006.53002929688,2023.84997558594,2002.55004882812,2023.83996582031,1993380000,2023.83996582031
"2010-09-27",2021.68005371094,2026.42004394531,2010.53002929688,2010.98999023438,1873120000,2010.98999023438
"2010-09-28",2013.56994628906,2017.56994628906,1979.73999023438,2012.43005371094,2125730000,2012.43005371094
"2010-09-29",2008.14001464844,2017.23999023438,2000.91003417969,2009.07995605469,2077930000,2009.07995605469
"2010-09-30",2021.48999023438,2029.65002441406,1986.32995605469,1998.0400390625,2418300000,1998.0400390625
"2010-10-01",2014.46997070312,2017.22998046875,1987.7099609375,1996.59997558594,1932650000,1996.59997558594
"2010-10-04",1990.13000488281,1997.67004394531,1963.68005371094,1975.32995605469,1901980000,1975.32995605469
"2010-10-05",1996.38000488281,2026.4599609375,1996.2099609375,2024.63000488281,2203470000,2024.63000488281
"2010-10-06",2021.2099609375,2024.92004394531,1992.65002441406,2006.52001953125,2103800000,2006.52001953125
"2010-10-07",2016.07995605469,2017.43994140625,1996.25,2011.63000488281,1846240000,2011.63000488281
"2010-10-08",2014.98999023438,2030.89001464844,1999.89001464844,2027.03002929688,2000980000,2027.03002929688
"2010-10-11",2028.53002929688,2037.11999511719,2021.43005371094,2026.97998046875,1539990000,2026.97998046875
"2010-10-12",2023.75,2045.07995605469,2007.13000488281,2041.55004882812,1960920000,2041.55004882812
"2010-10-13",2052.5,2067.06005859375,2048.05004882812,2057.25,2294450000,2057.25
"2010-10-14",2058.35009765625,2062.26000976562,2043.69995117188,2054.51000976562,2014540000,2054.51000976562
"2010-10-15",2078.6298828125,2097.72998046875,2062.84008789062,2097.72998046875,2232810000,2097.72998046875
"2010-10-18",2100.2099609375,2105.07006835938,2091.14990234375,2104.14990234375,1724710000,2104.14990234375
"2010-10-19",2063.9599609375,2087.05004882812,2054.61010742188,2069.72998046875,2241840000,2069.72998046875
"2010-10-20",2075.46997070312,2100.15991210938,2072.5400390625,2085.75,2016770000,2085.75
"2010-10-21",2097.169921875,2106.23999023438,2069.44995117188,2090.10009765625,2135480000,2090.10009765625
"2010-10-22",2089.21997070312,2105.43994140625,2086.88989257812,2104.2099609375,1648180000,2104.2099609375
"2010-10-25",2113.22998046875,2127.26000976562,2112.28002929688,2113.55004882812,1746320000,2113.55004882812
"2010-10-26",2100.53002929688,2123.81005859375,2094.84008789062,2119.05004882812,1914350000,2119.05004882812
"2010-10-27",2108.11010742188,2127.2099609375,2104.98999023438,2125.8798828125,2013240000,2125.8798828125
"2010-10-28",2135.13989257812,2135.68994140625,2112.09008789062,2129.72998046875,1998340000,2129.72998046875
"2010-10-29",2126.76000976562,2137.330078125,2124.44995117188,2124.44995117188,2068700000,2124.44995117188
"2010-11-01",2135.57006835938,2148.07006835938,2117.59008789062,2128.419921875,1904790000,2128.419921875
"2010-11-02",2146.97998046875,2155.4599609375,2141.6201171875,2151.71997070312,1914980000,2151.71997070312
"2010-11-03",2151.18994140625,2159.67993164062,2132.68994140625,2158.36010742188,1990410000,2158.36010742188
"2010-11-04",2183.10009765625,2193.65991210938,2179.06005859375,2187.80004882812,2492050000,2187.80004882812
"2010-11-05",2188.32006835938,2191.23999023438,2179.86010742188,2186.7099609375,2092850000,2186.7099609375
"2010-11-08",2179.69995117188,2191.48999023438,2176.669921875,2188.93994140625,1799330000,2188.93994140625
"2010-11-09",2195.78002929688,2200.15991210938,2166.9599609375,2176.8798828125,2157370000,2176.8798828125
"2010-11-10",2178.36010742188,2189.3798828125,2162.6298828125,2187.73999023438,1998930000,2187.73999023438
"2010-11-11",2153.82006835938,2177.2099609375,2145.09008789062,2173.11010742188,2559980000,2173.11010742188
"2010-11-12",2161.65991210938,2171.22998046875,2122.419921875,2137.94995117188,2191790000,2137.94995117188
"2010-11-15",2147.06005859375,2152.88989257812,2129.68994140625,2131.47998046875,1852210000,2131.47998046875
"2010-11-16",2114.42993164062,2126.15991210938,2085.27001953125,2093.6298828125,2234090000,2093.6298828125
"2010-11-17",2093.71997070312,2111.06005859375,2090.34008789062,2100,1816260000,2100
"2010-11-18",2124.7900390625,2147.96997070312,2121.86010742188,2134.77001953125,2046660000,2134.77001953125
"2010-11-19",2129.61010742188,2138.8798828125,2121.11010742188,2135.27001953125,1839670000,2135.27001953125
"2010-11-22",2126.39990234375,2151,2121.73999023438,2150.86010742188,1850570000,2150.86010742188
"2010-11-23",2128.18994140625,2132.68994140625,2105.61010742188,2116.61010742188,1892260000,2116.61010742188
"2010-11-24",2138.23999023438,2165.14990234375,2138.14990234375,2160.52001953125,1634640000,2160.52001953125
"2010-11-26",2146.3798828125,2160.55004882812,2142.68994140625,2153.90991210938,623980000,2153.90991210938
"2010-11-29",2144.0400390625,2150.7099609375,2118.93994140625,2144.56005859375,1683260000,2144.56005859375
"2010-11-30",2119.46997070312,2131.5,2110.23999023438,2117.330078125,2317480000,2117.330078125
"2010-12-01",2150.63989257812,2173.419921875,2150.63989257812,2162.830078125,2109940000,2162.830078125
"2010-12-02",2166.57006835938,2187.82006835938,2164.53002929688,2185.30004882812,2038130000,2185.30004882812
"2010-12-03",2177.11010742188,2192.88989257812,2176.28002929688,2191.169921875,1810400000,2191.169921875
"2010-12-06",2192.1201171875,2193.86010742188,2183.03002929688,2189.81005859375,1617030000,2189.81005859375
"2010-12-07",2214.98999023438,2215.28002929688,2188.73999023438,2189.35009765625,1906290000,2189.35009765625
"2010-12-08",2195.330078125,2201.34008789062,2182.98999023438,2200.60009765625,1763460000,2200.60009765625
"2010-12-09",2210.72998046875,2213.01000976562,2193.919921875,2201.57006835938,1924980000,2201.57006835938
"2010-12-10",2206.46997070312,2217.47998046875,2199.68994140625,2215.34008789062,1736730000,2215.34008789062
"2010-12-13",2223.88989257812,2225.21997070312,2207.02001953125,2207.44995117188,1835330000,2207.44995117188
"2010-12-14",2213.22998046875,2220.419921875,2205.2099609375,2212.59008789062,1853270000,2212.59008789062
"2010-12-15",2210.51000976562,2223.669921875,2196.8798828125,2202.44995117188,1863980000,2202.44995117188
"2010-12-16",2205.27001953125,2221.97998046875,2198.86010742188,2218.02001953125,1735290000,2218.02001953125
"2010-12-17",2222.01000976562,2227.0400390625,2217.11010742188,2218.2900390625,2421830000,2218.2900390625
"2010-12-20",2225.40991210938,2230.55004882812,2206.30004882812,2223.0400390625,1707950000,2223.0400390625
"2010-12-21",2230.61010742188,2235.580078125,2226.25,2234.57006835938,1647550000,2234.57006835938
"2010-12-22",2234.60009765625,2238.919921875,2231.96997070312,2235.90991210938,1614040000,2235.90991210938
"2010-12-23",2232.84008789062,2235.11010742188,2225.2900390625,2230.27001953125,1270290000,2230.27001953125
"2010-12-27",2223.76000976562,2234.419921875,2208.80004882812,2229.86010742188,1097100000,2229.86010742188
"2010-12-28",2234.56005859375,2236.169921875,2222.76000976562,2227.419921875,1130200000,2227.419921875
"2010-12-29",2232.330078125,2236.18994140625,2229.8701171875,2231.63989257812,1122150000,2231.63989257812
"2010-12-30",2230.38989257812,2232.3798828125,2222.77001953125,2225.71997070312,1074350000,2225.71997070312
"2010-12-31",2223.28002929688,2225,2209.3798828125,2217.86010742188,1026600000,2217.86010742188
"2011-01-03",2238.65991210938,2268.30004882812,2237.7900390625,2254.22998046875,1919660000,2254.22998046875
"2011-01-04",2261.64990234375,2263.03002929688,2237.72998046875,2251.4599609375,2015440000,2251.4599609375
"2011-01-05",2245.39990234375,2271.080078125,2243.8798828125,2270.39990234375,2060750000,2270.39990234375
"2011-01-06",2272.330078125,2279.44995117188,2268.59008789062,2277.51000976562,2095490000,2277.51000976562
"2011-01-07",2280.1298828125,2282.8701171875,2254.21997070312,2276.69995117188,1976220000,2276.69995117188
"2011-01-10",2270.64990234375,2288.63989257812,2265,2284.3798828125,1868870000,2284.3798828125
"2011-01-11",2294.65991210938,2296.14990234375,2279.47998046875,2288.72998046875,1893100000,2288.72998046875
"2011-01-12",2298.6298828125,2304.8798828125,2289.05004882812,2304.8798828125,1873960000,2304.8798828125
"2011-01-13",2303.60009765625,2310.82006835938,2298.6201171875,2305.53002929688,1923900000,2305.53002929688
"2011-01-14",2304.3701171875,2323.42993164062,2300.25,2323.42993164062,2020210000,2323.42993164062
"2011-01-18",2300.92993164062,2331.32006835938,2299.3701171875,2328.7900390625,2020190000,2328.7900390625
"2011-01-19",2329.92993164062,2331.6298828125,2294.88989257812,2303.32006835938,2130930000,2303.32006835938
"2011-01-20",2292.169921875,2295.23999023438,2268.59008789062,2286.080078125,2323250000,2286.080078125
"2011-01-21",2295.14990234375,2301.05004882812,2267.169921875,2268.32006835938,1916960000,2268.32006835938
"2011-01-24",2271.72998046875,2300.38989257812,2268.71997070312,2300.38989257812,1871300000,2300.38989257812
"2011-01-25",2288.5,2304.0400390625,2283.7900390625,2304.03002929688,1936120000,2304.03002929688
"2011-01-26",2306.98999023438,2321.21997070312,2300.11010742188,2314.18994140625,2031410000,2314.18994140625
"2011-01-27",2322.330078125,2336.0400390625,2319.22998046875,2330.07006835938,2020550000,2330.07006835938
"2011-01-28",2330.07006835938,2330.07006835938,2260.60009765625,2270.51000976562,2371140000,2270.51000976562
"2011-01-31",2274.21997070312,2287.5,2258.05004882812,2281.90991210938,1952310000,2281.90991210938
"2011-02-01",2298.3701171875,2329.34008789062,2296.73999023438,2324.94995117188,2255990000,2324.94995117188
"2011-02-02",2317.88989257812,2328.80004882812,2316.21997070312,2321.09008789062,2024600000,2321.09008789062
"2011-02-03",2316.669921875,2327.23999023438,2297.7900390625,2323.07006835938,1941260000,2323.07006835938
"2011-02-04",2324.17993164062,2338.65991210938,2318.27001953125,2338.19995117188,1956710000,2338.19995117188
"2011-02-07",2340.43994140625,2360.82006835938,2338.8701171875,2349.19995117188,1768090000,2349.19995117188
"2011-02-08",2348.53002929688,2363.76000976562,2344.86010742188,2363.61010742188,1803010000,2363.61010742188
"2011-02-09",2359.81005859375,2367.18994140625,2352.4599609375,2360.94995117188,1930820000,2360.94995117188
"2011-02-10",2343.7900390625,2366.28002929688,2341.81005859375,2364.35009765625,2497540000,2364.35009765625
"2011-02-11",2357.77001953125,2381.39990234375,2353.28002929688,2379.14990234375,2066700000,2379.14990234375
"2011-02-14",2379.52001953125,2388.6298828125,2378.15991210938,2385.60009765625,1964780000,2385.60009765625
"2011-02-15",2380.15991210938,2384.81005859375,2371.18994140625,2381.919921875,2006220000,2381.919921875
"2011-02-16",2389.51000976562,2403.52001953125,2387.65991210938,2397.93994140625,2276980000,2397.93994140625
"2011-02-17",2384.68994140625,2400.88989257812,2384.21997070312,2397.57006835938,1939320000,2397.57006835938
"2011-02-18",2396.75,2400.46997070312,2382.38989257812,2392.46997070312,2109460000,2392.46997070312
"2011-02-22",2353.81005859375,2366.42993164062,2318.39990234375,2322.86010742188,2262100000,2322.86010742188
"2011-02-23",2321.43994140625,2329.1298828125,2284.64990234375,2300.93994140625,2479150000,2300.93994140625
"2011-02-24",2306.93994140625,2321.19995117188,2285.43994140625,2313.31005859375,2065290000,2313.31005859375
"2011-02-25",2326.1298828125,2349.51000976562,2325.7099609375,2346.2900390625,1867820000,2346.2900390625
"2011-02-28",2354.8701171875,2362.7900390625,2338.2099609375,2350.98999023438,2009500000,2350.98999023438
"2011-03-01",2359.78002929688,2359.97998046875,2308.05004882812,2315.26000976562,2212860000,2315.26000976562
"2011-03-02",2314.28002929688,2340.80004882812,2311.98999023438,2326.77001953125,1986900000,2326.77001953125
"2011-03-03",2350.52001953125,2375.669921875,2350.17993164062,2371.76000976562,1990380000,2371.76000976562
"2011-03-04",2370.34008789062,2371.22998046875,2344.6201171875,2359.9599609375,1897900000,2359.9599609375
"2011-03-07",2367.919921875,2370.90991210938,2307.38989257812,2328.07006835938,2189970000,2328.07006835938
"2011-03-08",2325.1298828125,2347.51000976562,2310.9599609375,2337.55004882812,1835540000,2337.55004882812
"2011-03-09",2328.80004882812,2330.67993164062,2309.28002929688,2322.68994140625,1996700000,2322.68994140625
"2011-03-10",2295.09008789062,2300.53002929688,2276.1201171875,2284.2900390625,2363330000,2284.2900390625
"2011-03-11",2275.2900390625,2305.96997070312,2275.07006835938,2299.26000976562,1851810000,2299.26000976562
"2011-03-14",2286.77001953125,2302.919921875,2274.080078125,2290.71997070312,1782070000,2290.71997070312
"2011-03-15",2218.30004882812,2271.580078125,2217.42993164062,2259.6201171875,2359830000,2259.6201171875
"2011-03-16",2240.830078125,2252.1298828125,2188.919921875,2202.96997070312,2.596e+09,2202.96997070312
"2011-03-17",2238.85009765625,2247.92993164062,2223.1298828125,2225.23999023438,1994360000,2225.23999023438
"2011-03-18",2249.17993164062,2249.38989257812,2217.94995117188,2221.07006835938,1986900000,2221.07006835938
"2011-03-21",2250.88989257812,2273.11010742188,2249.4599609375,2262.69995117188,1751060000,2262.69995117188
"2011-03-22",2264.07006835938,2266.09008789062,2253.080078125,2257.9599609375,1657430000,2257.9599609375
"2011-03-23",2251.48999023438,2276.6201171875,2234.93994140625,2270.5,1769950000,2270.5
"2011-03-24",2287.01000976562,2315.56005859375,2275.64990234375,2312.09008789062,1954180000,2312.09008789062
"2011-03-25",2319.07006835938,2331.6298828125,2314.02001953125,2316.36010742188,1857570000,2316.36010742188
"2011-03-28",2325.1298828125,2326.1201171875,2303.06005859375,2303.10009765625,1669260000,2303.10009765625
"2011-03-29",2299.27001953125,2325.5400390625,2291.78002929688,2325.5400390625,1631160000,2325.5400390625
"2011-03-30",2338.40991210938,2340.38989257812,2326.7900390625,2336.52001953125,1818410000,2336.52001953125
"2011-03-31",2332.73999023438,2342.23999023438,2329.6201171875,2338.98999023438,1896420000,2338.98999023438
"2011-04-01",2352.46997070312,2359.15991210938,2334.94995117188,2342.919921875,2090120000,2342.919921875
"2011-04-04",2347.7099609375,2350.34008789062,2324.02001953125,2334.5400390625,1705920000,2334.5400390625
"2011-04-05",2330.1201171875,2342.34008789062,2323.40991210938,2327.8701171875,1954520000,2327.8701171875
"2011-04-06",2343.3701171875,2352.25,2320.32006835938,2332.34008789062,1996750000,2332.34008789062
"2011-04-07",2331.73999023438,2346.86010742188,2315.830078125,2332.8798828125,1806900000,2332.8798828125
"2011-04-08",2342.73999023438,2345.40991210938,2313.330078125,2321.17993164062,1650810000,2321.17993164062
"2011-04-11",2330.26000976562,2333.97998046875,2305.53002929688,2314.5,2053190000,2314.5
"2011-04-12",2302.88989257812,2308.19995117188,2288.67993164062,2298.30004882812,1818610000,2298.30004882812
"2011-04-13",2312.80004882812,2322.60009765625,2298.82006835938,2316.6298828125,1744940000,2316.6298828125
"2011-04-14",2301.27001953125,2315.21997070312,2291.7900390625,2311.25,1717650000,2311.25
"2011-04-15",2304.4599609375,2316.82006835938,2293.53002929688,2307.580078125,1785050000,2307.580078125
"2011-04-18",2281.919921875,2293.080078125,2254.8798828125,2292.34008789062,1786230000,2292.34008789062
"2011-04-19",2297,2306.77001953125,2286.59008789062,2306.77001953125,1675970000,2306.77001953125
"2011-04-20",2344.2099609375,2360.68994140625,2344.2099609375,2357.76000976562,2094470000,2357.76000976562
"2011-04-21",2381.19995117188,2381.19995117188,2370.28002929688,2377.30004882812,2094470000,2377.30004882812
"2011-04-25",2377.90991210938,2385.03002929688,2375.1201171875,2383.71997070312,1480600000,2383.71997070312
"2011-04-26",2389.23999023438,2405.22998046875,2384.80004882812,2396.03002929688,2057740000,2396.03002929688
"2011-04-27",2402.44995117188,2415.85009765625,2390.4599609375,2413.59008789062,2071380000,2413.59008789062
"2011-04-28",2404.9599609375,2411.97998046875,2398.92993164062,2409.89990234375,1983630000,2409.89990234375
"2011-04-29",2405.05004882812,2415.56005859375,2403.25,2404.080078125,2455650000,2404.080078125
"2011-05-02",2410.23999023438,2417.830078125,2397.47998046875,2404.23999023438,2062630000,2404.23999023438
"2011-05-03",2401.80004882812,2404.1201171875,2377.330078125,2392.80004882812,2214380000,2392.80004882812
"2011-05-04",2392.15991210938,2398.4599609375,2367.67993164062,2387.51000976562,2209580000,2387.51000976562
"2011-05-05",2376.4599609375,2402.05004882812,2366.72998046875,2375.2099609375,2227690000,2375.2099609375
"2011-05-06",2395.919921875,2411.6298828125,2376.14990234375,2383.17993164062,2043740000,2383.17993164062
"2011-05-09",2384.19995117188,2399.67993164062,2376.9599609375,2390.96997070312,1649110000,2390.96997070312
"2011-05-10",2397.19995117188,2414.580078125,2394.84008789062,2411.35009765625,2.018e+09,2411.35009765625
"2011-05-11",2408.14990234375,2415.89990234375,2377.42993164062,2393.080078125,2258770000,2393.080078125
"2011-05-12",2384.13989257812,2410.44995117188,2372.18994140625,2407.88989257812,2209650000,2407.88989257812
"2011-05-13",2403.06005859375,2406.01000976562,2378.76000976562,2379.23999023438,1917050000,2379.23999023438
"2011-05-16",2368.46997070312,2375.36010742188,2332.84008789062,2337.85009765625,2066020000,2337.85009765625
"2011-05-17",2325.86010742188,2343.72998046875,2320.330078125,2343.51000976562,2220440000,2343.51000976562
"2011-05-18",2340.68994140625,2366.39990234375,2337.47998046875,2362.94995117188,1875150000,2362.94995117188
"2011-05-19",2369.06005859375,2374.21997070312,2355.39990234375,2369.669921875,1753390000,2369.669921875
"2011-05-20",2365.48999023438,2368.98999023438,2348.72998046875,2351.42993164062,1780140000,2351.42993164062
"2011-05-23",2318.15991210938,2325.86010742188,2306.42993164062,2316.78002929688,1795680000,2316.78002929688
"2011-05-24",2321.59008789062,2322.6298828125,2302.36010742188,2303.55004882812,1875370000,2303.55004882812
"2011-05-25",2299.48999023438,2321.51000976562,2298.71997070312,2310.94995117188,1894510000,2310.94995117188
"2011-05-26",2306.43994140625,2332.02001953125,2306.11010742188,2325.92993164062,1904400000,2325.92993164062
"2011-05-27",2328.64990234375,2339.10009765625,2327.32006835938,2336.09008789062,1641320000,2336.09008789062
"2011-05-31",2359.05004882812,2372.5400390625,2347.22998046875,2372.5400390625,2450090000,2372.5400390625
"2011-06-01",2368.2900390625,2373.82006835938,2321,2322.47998046875,2254850000,2322.47998046875
"2011-06-02",2325.56005859375,2335.65991210938,2314.68994140625,2326.69995117188,1919030000,2326.69995117188
"2011-06-03",2301.39990234375,2317.92993164062,2289.40991210938,2292.31005859375,1936400000,2292.31005859375
"2011-06-06",2288.61010742188,2299.39990234375,2273.23999023438,2274.47998046875,1878150000,2274.47998046875
"2011-06-07",2279.55004882812,2288.76000976562,2268.06005859375,2268.9599609375,1847300000,2268.9599609375
"2011-06-08",2264.39990234375,2268,2246.6201171875,2252.88989257812,2089320000,2252.88989257812
"2011-06-09",2253.22998046875,2267.76000976562,2246.48999023438,2256.64990234375,1704960000,2256.64990234375
"2011-06-10",2249.39990234375,2250.88989257812,2220.830078125,2221.09008789062,1.972e+09,2221.09008789062
"2011-06-13",2225.2099609375,2234.21997070312,2214.3701171875,2222.28002929688,1847050000,2222.28002929688
"2011-06-14",2240.38989257812,2256.4599609375,2240.38989257812,2250.34008789062,1701300000,2250.34008789062
"2011-06-15",2229.81005859375,2243.21997070312,2204.14990234375,2209.01000976562,1982430000,2209.01000976562
"2011-06-16",2209.75,2216.73999023438,2180.93994140625,2199.92993164062,1958250000,2199.92993164062
"2011-06-17",2220.0400390625,2222.51000976562,2186.78002929688,2192.9599609375,2393690000,2192.9599609375
"2011-06-20",2187.2099609375,2210.63989257812,2186.77001953125,2204.36010742188,1625850000,2204.36010742188
"2011-06-21",2210.96997070312,2253.27001953125,2203.7099609375,2251.82006835938,1882490000,2251.82006835938
"2011-06-22",2243.2099609375,2254.63989257812,2234.830078125,2235.75,1617370000,2235.75
"2011-06-23",2210.48999023438,2256.69995117188,2204.46997070312,2255.05004882812,2060450000,2255.05004882812
"2011-06-24",2245.48999023438,2246.9599609375,2213.10009765625,2217.06005859375,2842870000,2217.06005859375
"2011-06-27",2217.6298828125,2263.2099609375,2215.13989257812,2252.23999023438,1710740000,2252.23999023438
"2011-06-28",2256.52001953125,2286.919921875,2254.93994140625,2285.75,1682590000,2285.75
"2011-06-29",2290.5,2299.32006835938,2278.85009765625,2294.42993164062,1804490000,2294.42993164062
"2011-06-30",2303,2327.36010742188,2302.669921875,2325.07006835938,1859130000,2325.07006835938
"2011-07-01",2326.15991210938,2363.36010742188,2320.57006835938,2361.38989257812,1646380000,2361.38989257812
"2011-07-05",2363.080078125,2374.40991210938,2357.31005859375,2371.2099609375,1556620000,2371.2099609375
"2011-07-06",2368.75,2383.77001953125,2361.46997070312,2378.580078125,1639490000,2378.580078125
"2011-07-07",2396.63989257812,2418.98999023438,2394.55004882812,2412.88989257812,1873710000,2412.88989257812
"2011-07-08",2390.15991210938,2405.919921875,2379.13989257812,2405.88989257812,1612120000,2405.88989257812
"2011-07-11",2380.56005859375,2392.09008789062,2354.1201171875,2362,1765920000,2362
"2011-07-12",2362.18994140625,2366.35009765625,2342.1298828125,2343.7900390625,2015410000,2343.7900390625
"2011-07-13",2360.42993164062,2377.34008789062,2345.80004882812,2352.42993164062,1885510000,2352.42993164062
"2011-07-14",2358.88989257812,2370.71997070312,2318.19995117188,2325.06005859375,1946500000,2325.06005859375
"2011-07-15",2351.81005859375,2357.36010742188,2336.1298828125,2356.669921875,1804380000,2356.669921875
"2011-07-18",2346.53002929688,2354.56005859375,2322.6201171875,2344.01000976562,1752220000,2344.01000976562
"2011-07-19",2367.81005859375,2400.580078125,2367.81005859375,2398.169921875,1882760000,2398.169921875
"2011-07-20",2411.7099609375,2412.38989257812,2384.5,2387.80004882812,1863670000,2387.80004882812
"2011-07-21",2389.56005859375,2417.1298828125,2377.82006835938,2404.23999023438,2284150000,2404.23999023438
"2011-07-22",2403.19995117188,2432.84008789062,2402.06005859375,2429.5,1665220000,2429.5
"2011-07-25",2408.64990234375,2437.419921875,2406.169921875,2424.14990234375,1613240000,2424.14990234375
"2011-07-26",2423.15991210938,2438.43994140625,2418.52001953125,2429.44995117188,1739980000,2429.44995117188
"2011-07-27",2414.36010742188,2416.21997070312,2362.1201171875,2367.15991210938,2367470000,2367.15991210938
"2011-07-28",2367.43994140625,2401.25,2359.8701171875,2371.77001953125,2067020000,2371.77001953125
"2011-07-29",2349.30004882812,2388.23999023438,2341.82006835938,2362.81005859375,2301210000,2362.81005859375
"2011-08-01",2391.419921875,2396.5,2325.169921875,2354.05004882812,2209790000,2354.05004882812
"2011-08-02",2340.72998046875,2352.47998046875,2291.3701171875,2292.85009765625,2377250000,2292.85009765625
"2011-08-03",2294.93994140625,2316.72998046875,2254.90991210938,2312.78002929688,2601310000,2312.78002929688
"2011-08-04",2275.30004882812,2284.30004882812,2207.05004882812,2207.19995117188,3272990000,2207.19995117188
"2011-08-05",2227.48999023438,2240.67993164062,2131.52001953125,2194.3798828125,3750150000,2194.3798828125
"2011-08-08",2127.8701171875,2162.78002929688,2060.2900390625,2060.2900390625,3987990000,2060.2900390625
"2011-08-09",2095.98999023438,2161.75,2034.92004394531,2160.7900390625,3803050000,2160.7900390625
"2011-08-10",2110.13989257812,2142.31005859375,2070.23999023438,2073.09008789062,3397010000,2073.09008789062
"2011-08-11",2108.919921875,2187.47998046875,2091.90991210938,2167.07006835938,3134140000,2167.07006835938
"2011-08-12",2176.5400390625,2195.25,2154.86010742188,2182.05004882812,2232470000,2182.05004882812
"2011-08-15",2189.48999023438,2214.1201171875,2180.86010742188,2214.1201171875,1945850000,2214.1201171875
"2011-08-16",2190.13989257812,2211.89990234375,2165.0400390625,2194.27001953125,2074370000,2194.27001953125
"2011-08-17",2193.30004882812,2214.26000976562,2158.94995117188,2181.6201171875,1913320000,2181.6201171875
"2011-08-18",2116.7900390625,2118.61010742188,2055.17993164062,2073.03002929688,2775580000,2073.03002929688
"2011-08-19",2053.01000976562,2102.8798828125,2035.30004882812,2038.21997070312,2385300000,2038.21997070312
"2011-08-22",2084.27001953125,2084.830078125,2038.14001464844,2044.72998046875,1957230000,2044.72998046875
"2011-08-23",2059.03002929688,2129.27001953125,2050.18994140625,2129.27001953125,2147270000,2129.27001953125
"2011-08-24",2121.52001953125,2148.21997070312,2105.31005859375,2145.0400390625,1888640000,2145.0400390625
"2011-08-25",2141.86010742188,2153.7099609375,2102.5,2108.2099609375,1789230000,2108.2099609375
"2011-08-26",2101.90991210938,2169.40991210938,2082.0400390625,2161.96997070312,1852130000,2161.96997070312
"2011-08-29",2188.669921875,2224.5,2187.71997070312,2223.9599609375,1615510000,2223.9599609375
"2011-08-30",2212.07006835938,2250.10009765625,2202.44995117188,2237.68994140625,1871800000,2237.68994140625
"2011-08-31",2248.18994140625,2268.07006835938,2222.47998046875,2241.01000976562,1995490000,2241.01000976562
"2011-09-01",2245.01000976562,2263.93994140625,2217.02001953125,2219.05004882812,1742440000,2219.05004882812
"2011-09-02",2178.11010742188,2189.76000976562,2156.98999023438,2167.830078125,1571530000,2167.830078125
"2011-09-06",2116.47998046875,2171.38989257812,2112.84008789062,2167.60009765625,1737170000,2167.60009765625
"2011-09-07",2198.61010742188,2223.80004882812,2193.830078125,2223.75,1791480000,2223.75
"2011-09-08",2212.7099609375,2244.51000976562,2206.7900390625,2214.2900390625,1979990000,2214.2900390625
"2011-09-09",2197.71997070312,2206.48999023438,2151.35009765625,2163.65991210938,2054190000,2163.65991210938
"2011-09-12",2145.78002929688,2192.28002929688,2139.580078125,2191.84008789062,1980350000,2191.84008789062
"2011-09-13",2197.65991210938,2225.39990234375,2189.830078125,2220.580078125,1931390000,2220.580078125
"2011-09-14",2233.65991210938,2277.919921875,2210.6298828125,2252.75,2323770000,2252.75
"2011-09-15",2273.21997070312,2289.68994140625,2254.46997070312,2286.56005859375,1967730000,2286.56005859375
"2011-09-16",2284.28002929688,2308.9599609375,2283.42993164062,2306.09008789062,2703730000,2306.09008789062
"2011-09-19",2277.63989257812,2319.72998046875,2260.23999023438,2308.76000976562,1891770000,2308.76000976562
"2011-09-20",2318.55004882812,2337.69995117188,2293.06005859375,2295.88989257812,1914990000,2295.88989257812
"2011-09-21",2308.40991210938,2321.21997070312,2257.55004882812,2258.30004882812,2172030000,2258.30004882812
"2011-09-22",2196.6298828125,2219.71997070312,2151.47998046875,2184.59008789062,2919330000,2184.59008789062
"2011-09-23",2165.75,2216.75,2165.6201171875,2206.86010742188,1975200000,2206.86010742188
"2011-09-26",2216.65991210938,2237.1298828125,2170.13989257812,2234.28002929688,1982710000,2234.28002929688
"2011-09-27",2270.68994140625,2290.7099609375,2241.75,2253.55004882812,2095620000,2253.55004882812
"2011-09-28",2266.2900390625,2281.09008789062,2218.77001953125,2220.84008789062,1929310000,2220.84008789062
"2011-09-29",2255.55004882812,2258.9599609375,2160.19995117188,2197.67993164062,2290370000,2197.67993164062
"2011-09-30",2167.23999023438,2185.61010742188,2139.169921875,2139.17993164062,2041370000,2139.17993164062
"2011-10-03",2128.02001953125,2153.94995117188,2084.30004882812,2085.0400390625,2547690000,2085.0400390625
"2011-10-04",2064.01000976562,2131.31005859375,2042.90002441406,2129.2099609375,3040940000,2129.2099609375
"2011-10-05",2121.03002929688,2187.56005859375,2106.6201171875,2182.77001953125,2472400000,2182.77001953125
"2011-10-06",2181.580078125,2218.30004882812,2169.57006835938,2217.98999023438,2249140000,2217.98999023438
"2011-10-07",2217.51000976562,2227.3798828125,2190.26000976562,2202.76000976562,2084900000,2202.76000976562
"2011-10-10",2241.169921875,2278.73999023438,2237.47998046875,2278.64990234375,1574750000,2278.64990234375
"2011-10-11",2272.63989257812,2300.69995117188,2269.5400390625,2294.919921875,1661400000,2294.919921875
"2011-10-12",2316.76000976562,2331.90991210938,2305.31005859375,2307.17993164062,1967190000,2307.17993164062
"2011-10-13",2300.86010742188,2330.63989257812,2299.72998046875,2326.8798828125,1675220000,2326.8798828125
"2011-10-14",2360,2371.93994140625,2344.73999023438,2371.93994140625,1664350000,2371.93994140625
"2011-10-17",2359.53002929688,2367.2099609375,2322.53002929688,2334.3798828125,1675210000,2334.3798828125
"2011-10-18",2331.97998046875,2375.26000976562,2309.8798828125,2364.8701171875,1931690000,2364.8701171875
"2011-10-19",2348.52001953125,2357.55004882812,2310.64990234375,2316.81005859375,1980180000,2316.81005859375
"2011-10-20",2317.34008789062,2317.34008789062,2274.48999023438,2306.2900390625,2040180000,2306.2900390625
"2011-10-21",2332.2099609375,2349.7900390625,2314.77001953125,2335.92993164062,2019950000,2335.92993164062
"2011-10-24",2341.7099609375,2389.90991210938,2341.14990234375,2384.419921875,1884450000,2384.419921875
"2011-10-25",2375.48999023438,2375.53002929688,2332.17993164062,2335.8701171875,1777770000,2335.8701171875
"2011-10-26",2349.85009765625,2355.02001953125,2291.78002929688,2334.7900390625,2118650000,2334.7900390625
"2011-10-27",2390.68994140625,2412.52001953125,2365.90991210938,2399.830078125,2810680000,2399.830078125
"2011-10-28",2386.02001953125,2404.80004882812,2384.96997070312,2401.2900390625,1838530000,2401.2900390625
"2011-10-31",2376.98999023438,2389.2900390625,2359.85009765625,2360.080078125,1772560000,2360.080078125
"2011-11-01",2301.11010742188,2321.36010742188,2287.73999023438,2298.3701171875,2294220000,2298.3701171875
"2011-11-02",2321.89990234375,2329.06005859375,2298.7099609375,2318.32006835938,1921790000,2318.32006835938
"2011-11-03",2340.13989257812,2369.77001953125,2311.19995117188,2367.7099609375,2106240000,2367.7099609375
"2011-11-04",2353.51000976562,2364.3701171875,2331.4599609375,2356.32006835938,1930750000,2356.32006835938
"2011-11-07",2353.82006835938,2372.71997070312,2329.67993164062,2371.0400390625,1712700000,2371.0400390625
"2011-11-08",2386.18994140625,2402.51000976562,2362.22998046875,2400.01000976562,1850270000,2400.01000976562
"2011-11-09",2346.73999023438,2354.89990234375,2307.78002929688,2314.10009765625,2144160000,2314.10009765625
"2011-11-10",2338.60009765625,2338.90991210938,2290.53002929688,2312.07006835938,1892390000,2312.07006835938
"2011-11-11",2336.43994140625,2363.1201171875,2330.6298828125,2355.78002929688,1602640000,2355.78002929688
"2011-11-14",2350.90991210938,2362.4599609375,2333.55004882812,2341.32006835938,1401710000,2341.32006835938
"2011-11-15",2334.23999023438,2375.10009765625,2331.75,2366.23999023438,1706960000,2366.23999023438
"2011-11-16",2345.27001953125,2365.1298828125,2322.05004882812,2324.3701171875,1950030000,2324.3701171875
"2011-11-17",2320.63989257812,2320.81005859375,2257.919921875,2272.09008789062,2197320000,2272.09008789062
"2011-11-18",2273.63989257812,2274.6201171875,2250.93994140625,2253.94995117188,1755360000,2253.94995117188
"2011-11-21",2219.8798828125,2225.5400390625,2188.13989257812,2211.13989257812,2048520000,2211.13989257812
"2011-11-22",2205.31005859375,2224.0400390625,2191.8701171875,2216.330078125,1792060000,2216.330078125
"2011-11-23",2199.4599609375,2203.13989257812,2166.5400390625,2166.5400390625,1707770000,2166.5400390625
"2011-11-25",2159.93994140625,2182.28002929688,2150.7099609375,2150.8798828125,691750000,2150.8798828125
"2011-11-28",2207.67993164062,2227.81005859375,2206.68994140625,2224.21997070312,1626060000,2224.21997070312
"2011-11-29",2225.1201171875,2240.6298828125,2205.77001953125,2211.38989257812,1623550000,2211.38989257812
"2011-11-30",2270.28002929688,2295.35009765625,2264.71997070312,2295.19995117188,2440960000,2295.19995117188
"2011-12-01",2294.27001953125,2314.89990234375,2292.26000976562,2309.19995117188,1826860000,2309.19995117188
"2011-12-02",2327.8701171875,2331.1201171875,2301.25,2302.0400390625,1662730000,2302.0400390625
"2011-12-05",2336.55004882812,2343.10009765625,2315.17993164062,2326.94995117188,1686660000,2326.94995117188
"2011-12-06",2327.64990234375,2335.7900390625,2313.98999023438,2321.48999023438,1491130000,2321.48999023438
"2011-12-07",2312.55004882812,2331.72998046875,2292.14990234375,2320.5400390625,1658010000,2320.5400390625
"2011-12-08",2309.53002929688,2324.0400390625,2278.419921875,2282.59008789062,1845640000,2282.59008789062
"2011-12-09",2287.27001953125,2325.63989257812,2287.27001953125,2318.67993164062,1664710000,2318.67993164062
"2011-12-12",2295.42993164062,2295.53002929688,2274.14990234375,2292.23999023438,1572600000,2292.23999023438
"2011-12-13",2308.2900390625,2316.89990234375,2258.7099609375,2268.3701171875,1752320000,2268.3701171875
"2011-12-14",2259.84008789062,2260.52001953125,2219.67993164062,2233.03002929688,1793960000,2233.03002929688
"2011-12-15",2253.13989257812,2253.2099609375,2223.52001953125,2226.7099609375,1748400000,2226.7099609375
"2011-12-16",2238.59008789062,2267.55004882812,2234.30004882812,2238.17993164062,2664690000,2238.17993164062
"2011-12-19",2244.3701171875,2250.27001953125,2209.57006835938,2215.27001953125,1560110000,2215.27001953125
"2011-12-20",2253.18994140625,2283.44995117188,2252.57006835938,2281.93994140625,1835720000,2281.93994140625
"2011-12-21",2265.89990234375,2267.01000976562,2222.67993164062,2249.03002929688,1853710000,2249.03002929688
"2011-12-22",2254.67993164062,2268.59008789062,2251.31005859375,2266.77001953125,1515610000,2266.77001953125
"2011-12-23",2274.35009765625,2287.9599609375,2268.23999023438,2287.57006835938,960940000,2287.57006835938
"2011-12-27",2284.2900390625,2301.30004882812,2281.86010742188,2293.1201171875,945590000,2293.1201171875
"2011-12-28",2294.96997070312,2295.169921875,2262.21997070312,2267.080078125,1069930000,2267.080078125
"2011-12-29",2272.56005859375,2285.71997070312,2264.88989257812,2285.07006835938,1011380000,2285.07006835938
"2011-12-30",2281.90991210938,2289.1201171875,2277.77001953125,2277.830078125,1056790000,2277.830078125
"2012-01-03",2323.15991210938,2332.23999023438,2315.28002929688,2321.9599609375,1636850000,2321.9599609375
"2012-01-04",2316.53002929688,2333.2900390625,2307.56005859375,2329.7099609375,1670530000,2329.7099609375
"2012-01-05",2326.580078125,2351.44995117188,2317.52001953125,2348.97998046875,1836410000,2348.97998046875
"2012-01-06",2350.67993164062,2362.580078125,2341.63989257812,2356.169921875,1683090000,2356.169921875
"2012-01-09",2362.53002929688,2363.47998046875,2342.34008789062,2350.64990234375,1768080000,2350.64990234375
"2012-01-10",2374.26000976562,2381.42993164062,2360.97998046875,2367.3798828125,1809500000,2367.3798828125
"2012-01-11",2363.68994140625,2376.580078125,2357.53002929688,2372.25,1699660000,2372.25
"2012-01-12",2377.34008789062,2384.26000976562,2359.919921875,2381.98999023438,1669550000,2381.98999023438
"2012-01-13",2371.419921875,2373.5,2352.76000976562,2371.97998046875,1655960000,2371.97998046875
"2012-01-17",2396.13989257812,2404.080078125,2385.7900390625,2393.23999023438,1664210000,2393.23999023438
"2012-01-18",2396.6298828125,2425.9599609375,2395.42993164062,2425.9599609375,1968940000,2425.9599609375
"2012-01-19",2435.13989257812,2445.59008789062,2433.03002929688,2441.69995117188,1959950000,2441.69995117188
"2012-01-20",2428.65991210938,2438.25,2428.35009765625,2437.02001953125,1949660000,2437.02001953125
"2012-01-23",2437.06005859375,2455.21997070312,2424.2900390625,2437.21997070312,1652940000,2437.21997070312
"2012-01-24",2426.86010742188,2440.19995117188,2423.23999023438,2433.9599609375,1620690000,2433.9599609375
"2012-01-25",2456.55004882812,2470.580078125,2440.57006835938,2465.65991210938,1918040000,2465.65991210938
"2012-01-26",2474.05004882812,2479.31005859375,2444.830078125,2454.6298828125,1998970000,2454.6298828125
"2012-01-27",2450.3798828125,2467.4599609375,2449.830078125,2461.77001953125,1707350000,2461.77001953125
"2012-01-30",2438.52001953125,2468.57006835938,2433.6298828125,2465.32006835938,1668970000,2465.32006835938
"2012-01-31",2476.64990234375,2481.51000976562,2453.05004882812,2467.94995117188,1786550000,2467.94995117188
"2012-02-01",2481.6201171875,2497.31005859375,2474.2900390625,2488.17993164062,2125720000,2488.17993164062
"2012-02-02",2495.080078125,2504.15991210938,2487.14990234375,2495.830078125,1913430000,2495.830078125
"2012-02-03",2518.86010742188,2532.26000976562,2514.98999023438,2529.169921875,2152890000,2529.169921875
"2012-02-06",2519.330078125,2528.30004882812,2513.51000976562,2528.30004882812,1684490000,2528.30004882812
"2012-02-07",2522.7900390625,2537.63989257812,2514.89990234375,2532.06005859375,1784580000,2532.06005859375
"2012-02-08",2533.47998046875,2545.84008789062,2523.8798828125,2545.71997070312,1981150000,2545.71997070312
"2012-02-09",2553.6298828125,2567.28002929688,2541.19995117188,2563.92993164062,2153090000,2563.92993164062
"2012-02-10",2543.86010742188,2553.10009765625,2537.98999023438,2547.32006835938,1787640000,2547.32006835938
"2012-02-13",2564.92993164062,2572.63989257812,2554.2900390625,2569.48999023438,1619980000,2569.48999023438
"2012-02-14",2561.60009765625,2575.23999023438,2553.94995117188,2575.23999023438,1881630000,2575.23999023438
"2012-02-15",2584.94995117188,2600.9599609375,2552.56005859375,2556.01000976562,2038980000,2556.01000976562
"2012-02-16",2555.55004882812,2594.7099609375,2551.35009765625,2592.2900390625,1945230000,2592.2900390625
"2012-02-17",2587.21997070312,2593.56005859375,2572.82006835938,2584.23999023438,1973900000,2584.23999023438
"2012-02-21",2589.2099609375,2601.73999023438,2574.32006835938,2590.23999023438,1821540000,2590.23999023438
"2012-02-22",2586.32006835938,2593.05004882812,2575.31005859375,2579.78002929688,1706310000,2579.78002929688
"2012-02-23",2578.90991210938,2598.10009765625,2570.07006835938,2594.92993164062,1768390000,2594.92993164062
"2012-02-24",2602.65991210938,2609.44995117188,2598.669921875,2604.2099609375,1643180000,2604.2099609375
"2012-02-27",2589.43994140625,2616.86010742188,2579.6298828125,2606.76000976562,1763650000,2606.76000976562
"2012-02-28",2610.0400390625,2634.22998046875,2607.5,2633.4599609375,1812490000,2633.4599609375
"2012-02-29",2638.96997070312,2645.19995117188,2614.47998046875,2623.10009765625,2170190000,2623.10009765625
"2012-03-01",2634.19995117188,2645.90991210938,2625.419921875,2643.5400390625,1903690000,2643.5400390625
"2012-03-02",2640.42993164062,2650,2633.28002929688,2641.580078125,1755130000,2641.580078125
"2012-03-05",2636.60009765625,2642.75,2605.59008789062,2614.919921875,1679030000,2614.919921875
"2012-03-06",2586.31005859375,2593.63989257812,2575.1298828125,2588.94995117188,1870720000,2588.94995117188
"2012-03-07",2599.85009765625,2614.22998046875,2597.22998046875,2607.85009765625,1589360000,2607.85009765625
"2012-03-08",2623.44995117188,2643.88989257812,2618.46997070312,2637.17993164062,1619740000,2637.17993164062
"2012-03-09",2641.14990234375,2651.97998046875,2639.60009765625,2646.85009765625,1580560000,2646.85009765625
"2012-03-12",2646.97998046875,2651.63989257812,2635.76000976562,2646.85009765625,1341660000,2646.85009765625
"2012-03-13",2665.30004882812,2697.63989257812,2658.09008789062,2697.42993164062,1709900000,2697.42993164062
"2012-03-14",2701.080078125,2717.86010742188,2690.39990234375,2708.40991210938,1662300000,2708.40991210938
"2012-03-15",2716.18994140625,2720.48999023438,2701.64990234375,2714.7900390625,1677540000,2714.7900390625
"2012-03-16",2715.7099609375,2719.61010742188,2706.9599609375,2712.78002929688,2088610000,2712.78002929688
"2012-03-19",2716.97998046875,2738.21997070312,2710.6298828125,2733.26000976562,1548400000,2733.26000976562
"2012-03-20",2719.39990234375,2740.35009765625,2711.10009765625,2737.6298828125,1508580000,2737.6298828125
"2012-03-21",2739.39990234375,2752.4599609375,2733.90991210938,2736.8798828125,1552400000,2736.8798828125
"2012-03-22",2720.65991210938,2737.830078125,2719.73999023438,2731.5,1524800000,2731.5
"2012-03-23",2734.67993164062,2734.67993164062,2714.60009765625,2728.55004882812,1428940000,2728.55004882812
"2012-03-26",2746.97998046875,2778.02001953125,2746.42993164062,2778.02001953125,1627520000,2778.02001953125
"2012-03-27",2779.669921875,2793.43994140625,2778.90991210938,2782.1201171875,1662460000,2782.1201171875
"2012-03-28",2785.97998046875,2794,2754.96997070312,2770.96997070312,1765680000,2770.96997070312
"2012-03-29",2756.43994140625,2769.830078125,2741.32006835938,2762.05004882812,1756160000,2762.05004882812
"2012-03-30",2773.92993164062,2774.52001953125,2744.46997070312,2755.27001953125,1833130000,2755.27001953125
"2012-04-02",2752.25,2787.25,2747.5400390625,2784.419921875,1768210000,2784.419921875
"2012-04-03",2786.13989257812,2795.35009765625,2767.05004882812,2782.78002929688,1804950000,2782.78002929688
"2012-04-04",2759.330078125,2762.72998046875,2729.2099609375,2745,1813150000,2745
"2012-04-05",2740.69995117188,2764.2099609375,2739.10009765625,2762.5,1548040000,2762.5
"2012-04-09",2726.080078125,2751.43994140625,2722.77001953125,2739.97998046875,1371140000,2739.97998046875
"2012-04-10",2738.43994140625,2749.51000976562,2688.2099609375,2695.1201171875,1953600000,2695.1201171875
"2012-04-11",2719.47998046875,2726.93994140625,2702.96997070312,2708.1298828125,1540890000,2708.1298828125
"2012-04-12",2715.0400390625,2743.40991210938,2711.0400390625,2740.26000976562,1480340000,2740.26000976562
"2012-04-13",2730.73999023438,2731.35009765625,2698.11010742188,2698.98999023438,1483850000,2698.98999023438
"2012-04-16",2713.88989257812,2713.88989257812,2660.9599609375,2670.10009765625,1594320000,2670.10009765625
"2012-04-17",2678.580078125,2731.3798828125,2675.13989257812,2723.580078125,1555070000,2723.580078125
"2012-04-18",2714.65991210938,2732.03002929688,2707.90991210938,2716.13989257812,1599470000,2716.13989257812
"2012-04-19",2707.88989257812,2738.59008789062,2676.09008789062,2686.82006835938,1991120000,2686.82006835938
"2012-04-20",2699.55004882812,2712.01000976562,2674.65991210938,2676.0400390625,1935880000,2676.0400390625
"2012-04-23",2651.1298828125,2657.36010742188,2629.69995117188,2653.5,1767360000,2653.5
"2012-04-24",2647.90991210938,2659.52001953125,2628.9599609375,2638.72998046875,1690840000,2638.72998046875
"2012-04-25",2694.86010742188,2710.8701171875,2691.1201171875,2709.6201171875,1721330000,2709.6201171875
"2012-04-26",2709.8798828125,2731.72998046875,2705.90991210938,2725.22998046875,1763510000,2725.22998046875
"2012-04-27",2737.57006835938,2750.5,2723.15991210938,2741.34008789062,1777750000,2741.34008789062
"2012-04-30",2731.26000976562,2737.5400390625,2720.43994140625,2723.67993164062,1633170000,2723.67993164062
"2012-05-01",2719.25,2756.81005859375,2715.75,2726.919921875,1854230000,2726.919921875
"2012-05-02",2713.17993164062,2736.30004882812,2707.6298828125,2734.77001953125,1825190000,2734.77001953125
"2012-05-03",2737.0400390625,2737.13989257812,2697.78002929688,2704.59008789062,1869130000,2704.59008789062
"2012-05-04",2682.3701171875,2683.25,2637.72998046875,2637.919921875,1944010000,2637.919921875
"2012-05-07",2622.669921875,2651.73999023438,2620.9599609375,2639.28002929688,1740430000,2639.28002929688
"2012-05-08",2624.35009765625,2638.30004882812,2587.53002929688,2629.8701171875,2175840000,2629.8701171875
"2012-05-09",2600.18994140625,2635.7099609375,2588.96997070312,2621.35009765625,2047090000,2621.35009765625
"2012-05-10",2631.96997070312,2631.96997070312,2606.7900390625,2616.23999023438,2004150000,2616.23999023438
"2012-05-11",2606.01000976562,2643.21997070312,2604.98999023438,2615.97998046875,1735380000,2615.97998046875
"2012-05-14",2593.75,2611.3701171875,2587.78002929688,2590.28002929688,1683460000,2590.28002929688
"2012-05-15",2589.9599609375,2617.22998046875,2576.77001953125,2580.75,1826210000,2580.75
"2012-05-16",2589.90991210938,2597.15991210938,2558.68994140625,2561.56005859375,1933900000,2561.56005859375
"2012-05-17",2562.1298828125,2567.55004882812,2509.05004882812,2509.05004882812,2016980000,2509.05004882812
"2012-05-18",2509.89990234375,2523.14990234375,2474.69995117188,2478.53002929688,2692450000,2478.53002929688
"2012-05-21",2482.31005859375,2547.68994140625,2478.36010742188,2545.42993164062,1870420000,2545.42993164062
"2012-05-22",2553.580078125,2562.47998046875,2524.11010742188,2539.19995117188,1861850000,2539.19995117188
"2012-05-23",2534.65991210938,2553.18994140625,2499.30004882812,2547.080078125,1929640000,2547.080078125
"2012-05-24",2553.1201171875,2554.19995117188,2512.35009765625,2531.35009765625,1750290000,2531.35009765625
"2012-05-25",2532.32006835938,2537.56005859375,2520.169921875,2527.05004882812,1282680000,2527.05004882812
"2012-05-29",2542.65991210938,2570.7900390625,2536.6201171875,2558.96997070312,221430000,2558.96997070312
"2012-05-30",2538.580078125,2546.01000976562,2522.44995117188,2537.39990234375,1671040000,2537.39990234375
"2012-05-31",2535.8701171875,2540.39990234375,2507.580078125,2524.8701171875,2180130000,2524.8701171875
"2012-06-01",2510.82006835938,2510.82006835938,2458.72998046875,2458.830078125,1966370000,2458.830078125
"2012-06-04",2458.96997070312,2480.96997070312,2443.919921875,2478.1298828125,1755750000,2478.1298828125
"2012-06-05",2467.81005859375,2492.53002929688,2467.65991210938,2487.5,1625600000,2487.5
"2012-06-06",2504.080078125,2546.32006835938,2504.080078125,2546.32006835938,1761050000,2546.32006835938
"2012-06-07",2569.23999023438,2570.47998046875,2531.94995117188,2535.40991210938,1655370000,2535.40991210938
"2012-06-08",2529.419921875,2561.57006835938,2522.38989257812,2559.2099609375,1390260000,2559.2099609375
"2012-06-11",2578.72998046875,2579.22998046875,2513.669921875,2517.17993164062,1480220000,2517.17993164062
"2012-06-12",2523.01000976562,2546.830078125,2510.75,2546.19995117188,1594310000,2546.19995117188
"2012-06-13",2541.71997070312,2557.31005859375,2519.68994140625,2527.43994140625,1602080000,2527.43994140625
"2012-06-14",2529.28002929688,2547.31005859375,2515.169921875,2539.96997070312,1633370000,2539.96997070312
"2012-06-15",2543.85009765625,2572.84008789062,2542.51000976562,2571.22998046875,2020100000,2571.22998046875
"2012-06-18",2570.97998046875,2599.52001953125,2554.830078125,2592.52001953125,1586190000,2592.52001953125
"2012-06-19",2606.42993164062,2630.86010742188,2605.15991210938,2620.830078125,1835480000,2620.830078125
"2012-06-20",2625,2633.2099609375,2603.32006835938,2623.330078125,1563080000,2623.330078125
"2012-06-21",2619.97998046875,2622.76000976562,2554.64990234375,2556.9599609375,1822200000,2556.9599609375
"2012-06-22",2562.28002929688,2587,2559.26000976562,2585.53002929688,3544010000,2585.53002929688
"2012-06-25",2562.97998046875,2563.09008789062,2527.01000976562,2533.5400390625,1514430000,2533.5400390625
"2012-06-26",2541.2099609375,2556.919921875,2531.60009765625,2549.84008789062,1623160000,2549.84008789062
"2012-06-27",2558.669921875,2576.09008789062,2557.09008789062,2565.53002929688,1668580000,2565.53002929688
"2012-06-28",2565.53002929688,2565.53002929688,2510.3701171875,2536.64990234375,1795850000,2536.64990234375
"2012-06-29",2566.84008789062,2615.82006835938,2566.84008789062,2615.71997070312,2021190000,2615.71997070312
"2012-07-02",2616.52001953125,2625.26000976562,2604.89990234375,2625.03002929688,1845240000,2625.03002929688
"2012-07-03",2623.4599609375,2645.84008789062,2621.77001953125,2645.84008789062,1009330000,2645.84008789062
"2012-07-05",2643.6298828125,2660.26000976562,2629.90991210938,2647.46997070312,1423990000,2647.46997070312
"2012-07-06",2635.64990234375,2636.9599609375,2596.10009765625,2612.2900390625,1437420000,2612.2900390625
"2012-07-09",2610.3798828125,2620.21997070312,2597.27001953125,2610.31005859375,1455500000,2610.31005859375
"2012-07-10",2620.330078125,2630.03002929688,2574.26000976562,2585.52001953125,1725730000,2585.52001953125
"2012-07-11",2580.07006835938,2587.02001953125,2549.05004882812,2570.98999023438,1635120000,2570.98999023438
"2012-07-12",2561.67993164062,2561.67993164062,2522.88989257812,2545.30004882812,1719460000,2545.30004882812
"2012-07-13",2545.97998046875,2589.92993164062,2545.97998046875,2584.96997070312,1373620000,2584.96997070312
"2012-07-16",2579.9599609375,2589.57006835938,2567.44995117188,2577.05004882812,1414470000,2577.05004882812
"2012-07-17",2591.78002929688,2598.46997070312,2554.34008789062,2591.64990234375,1774160000,2591.64990234375
"2012-07-18",2586.86010742188,2633.02001953125,2585.47998046875,2625.8701171875,1817040000,2625.8701171875
"2012-07-19",2645.34008789062,2663.1201171875,2639.40991210938,2655.81005859375,1735920000,2655.81005859375
"2012-07-20",2654.60009765625,2654.60009765625,2618.0400390625,2618.0400390625,1810420000,2618.0400390625
"2012-07-23",2575.2900390625,2596.61010742188,2549.9599609375,2589.92993164062,1607140000,2589.92993164062
"2012-07-24",2593.38989257812,2596.0400390625,2551.35009765625,2567.4599609375,1748410000,2567.4599609375
"2012-07-25",2551.69995117188,2566.4599609375,2535.0400390625,2549.19995117188,1784150000,2549.19995117188
"2012-07-26",2588.19995117188,2598.36010742188,2568.330078125,2584.85009765625,1981520000,2584.85009765625
"2012-07-27",2600.03002929688,2649.97998046875,2594.84008789062,2647.03002929688,2102610000,2647.03002929688
"2012-07-30",2649.78002929688,2662.6201171875,2634.5,2642.1201171875,1483990000,2642.1201171875
"2012-07-31",2643.28002929688,2657.27001953125,2640.26000976562,2642.53002929688,1801440000,2642.53002929688
"2012-08-01",2660.48999023438,2661.84008789062,2625.080078125,2635.1298828125,1722530000,2635.1298828125
"2012-08-02",2616.0400390625,2650.97998046875,2606.5400390625,2625.52001953125,1822620000,2625.52001953125
"2012-08-03",2664.68994140625,2684.580078125,2657.5,2676,1730210000,2676
"2012-08-06",2686.3798828125,2705.7099609375,2681.71997070312,2694.09008789062,1528260000,2694.09008789062
"2012-08-07",2705.96997070312,2727.31005859375,2701.89990234375,2717.15991210938,1899240000,2717.15991210938
"2012-08-08",2707.2900390625,2721.02001953125,2705.46997070312,2714.02001953125,1874580000,2714.02001953125
"2012-08-09",2712.96997070312,2724.42993164062,2708.23999023438,2719.61010742188,1677970000,2719.61010742188
"2012-08-10",2710.55004882812,2722.9599609375,2704.90991210938,2722.9599609375,1556460000,2722.9599609375
"2012-08-13",2721.48999023438,2728.8798828125,2708.3798828125,2728.67993164062,1353380000,2728.67993164062
"2012-08-14",2737.85009765625,2742.830078125,2721.1201171875,2727.7900390625,1567830000,2727.7900390625
"2012-08-15",2724.7099609375,2739.13989257812,2724.7099609375,2735.46997070312,1536730000,2735.46997070312
"2012-08-16",2743.8798828125,2774.21997070312,2742.82006835938,2768.09008789062,1937430000,2768.09008789062
"2012-08-17",2775.53002929688,2780.77001953125,2767.0400390625,2780.30004882812,1640640000,2780.30004882812
"2012-08-20",2777.7099609375,2784.57006835938,2767.72998046875,2784.330078125,1451550000,2784.330078125
"2012-08-21",2791.73999023438,2802.90991210938,2762.89990234375,2772.19995117188,1574220000,2772.19995117188
"2012-08-22",2765.10009765625,2790.30004882812,2759.13989257812,2783.419921875,1459130000,2783.419921875
"2012-08-23",2773.97998046875,2780.7099609375,2755.13989257812,2762.02001953125,1383860000,2762.02001953125
"2012-08-24",2754.42993164062,2785.34008789062,2750.63989257812,2778.05004882812,1349740000,2778.05004882812
"2012-08-27",2792,2794.27001953125,2777.36010742188,2782.55004882812,1383530000,2782.55004882812
"2012-08-28",2779.169921875,2790.51000976562,2772.25,2782.68994140625,1364740000,2782.68994140625
"2012-08-29",2782.97998046875,2790.169921875,2771.98999023438,2784,1282900000,2784
"2012-08-30",2771.43994140625,2772.6201171875,2751.53002929688,2753.73999023438,1216640000,2753.73999023438
"2012-08-31",2773.23999023438,2785.080078125,2746.67993164062,2772.23999023438,1394760000,2772.23999023438
"2012-09-04",2766.92993164062,2781.080078125,2744.2900390625,2772.03002929688,1505960000,2772.03002929688
"2012-09-05",2769.18994140625,2780.56005859375,2760.65991210938,2766.94995117188,1495030000,2766.94995117188
"2012-09-06",2785.01000976562,2829.7099609375,2784.81005859375,2829.7099609375,1918900000,2829.7099609375
"2012-09-07",2823.21997070312,2829.94995117188,2817.47998046875,2825.11010742188,1740640000,2825.11010742188
"2012-09-10",2821.03002929688,2823.34008789062,2787.330078125,2788.35009765625,1575370000,2788.35009765625
"2012-09-11",2789.09008789062,2799.85009765625,2780.23999023438,2784.88989257812,1586250000,2784.88989257812
"2012-09-12",2794.3798828125,2798.96997070312,2775.39990234375,2791.67993164062,1689140000,2791.67993164062
"2012-09-13",2796.71997070312,2841.67993164062,2792.17993164062,2831.35009765625,1870050000,2831.35009765625
"2012-09-14",2841.82006835938,2865.3701171875,2839.47998046875,2855.22998046875,1984720000,2855.22998046875
"2012-09-17",2857.52001953125,2857.52001953125,2846.169921875,2856.43994140625,1485390000,2856.43994140625
"2012-09-18",2852.419921875,2859.34008789062,2848.90991210938,2857.3798828125,1707200000,2857.3798828125
"2012-09-19",2858.5400390625,2871.10009765625,2850.32006835938,2864.03002929688,1850920000,2864.03002929688
"2012-09-20",2850.43994140625,2863.669921875,2842.59008789062,2861.69995117188,1809130000,2861.69995117188
"2012-09-21",2874.53002929688,2878.3798828125,2859.55004882812,2861.63989257812,2526250000,2861.63989257812
"2012-09-24",2836.35009765625,2849.61010742188,2832.53002929688,2843.97998046875,1704860000,2843.97998046875
"2012-09-25",2851.64990234375,2858.67993164062,2804.1298828125,2804.53002929688,1975470000,2804.53002929688
"2012-09-26",2798.92993164062,2802.28002929688,2768.580078125,2781.6298828125,1738010000,2781.6298828125
"2012-09-27",2790.78002929688,2827,2784.6201171875,2821.60009765625,1691800000,2821.60009765625
"2012-09-28",2812.82006835938,2820.36010742188,2795.5400390625,2799.18994140625,1864640000,2799.18994140625
"2012-10-01",2811.44995117188,2827.61010742188,2784.5400390625,2794.28002929688,1758170000,2794.28002929688
"2012-10-02",2807.080078125,2812.2099609375,2779.01000976562,2799.2900390625,1609570000,2799.2900390625
"2012-10-03",2810.15991210938,2822.56005859375,2797.28002929688,2818.84008789062,1704050000,2818.84008789062
"2012-10-04",2824.88989257812,2835.330078125,2814.44995117188,2828.60009765625,1585190000,2828.60009765625
"2012-10-05",2840.18994140625,2845.96997070312,2806.43994140625,2811.93994140625,1607940000,2811.93994140625
"2012-10-08",2797.330078125,2801.85009765625,2781.3798828125,2786.919921875,1186260000,2786.919921875
"2012-10-09",2781.81005859375,2781.81005859375,2736.97998046875,2741.919921875,1645740000,2741.919921875
"2012-10-10",2743.580078125,2749.419921875,2724.3798828125,2728.5400390625,1788970000,2728.5400390625
"2012-10-11",2750.81005859375,2750.81005859375,2718.48999023438,2719.2099609375,1595020000,2719.2099609375
"2012-10-12",2719.68994140625,2734.39990234375,2714.169921875,2720.13989257812,1524840000,2720.13989257812
"2012-10-15",2729.19995117188,2742.69995117188,2713.21997070312,2739.8701171875,1563440000,2739.8701171875
"2012-10-16",2746.13989257812,2781.01000976562,2743.44995117188,2778.3798828125,1736930000,2778.3798828125
"2012-10-17",2763.69995117188,2784.81005859375,2760.30004882812,2775.6201171875,1770920000,2775.6201171875
"2012-10-18",2770.05004882812,2775.830078125,2734.60009765625,2744.169921875,2043290000,2744.169921875
"2012-10-19",2741.580078125,2741.580078125,2675.57006835938,2678.32006835938,2225580000,2678.32006835938
"2012-10-22",2678.88989257812,2699.080078125,2671.5,2694.56005859375,1654130000,2694.56005859375
"2012-10-23",2670.93994140625,2689.47998046875,2658.77001953125,2666.02001953125,1830840000,2666.02001953125
"2012-10-24",2685.55004882812,2686.51000976562,2653.42993164062,2655.55004882812,1.967e+09,2655.55004882812
"2012-10-25",2677.1298828125,2679.81005859375,2649.18994140625,2657.65991210938,1922660000,2657.65991210938
"2012-10-26",2657.90991210938,2675.919921875,2636.830078125,2665.830078125,1839700000,2665.830078125
"2012-10-31",2663.56005859375,2665.8798828125,2639.6298828125,2647.919921875,1806780000,2647.919921875
"2012-11-01",2661.05004882812,2690.71997070312,2657.11010742188,2687.52001953125,1880140000,2687.52001953125
"2012-11-02",2701.90991210938,2701.90991210938,2654.96997070312,2656.28002929688,1834590000,2656.28002929688
"2012-11-05",2657.72998046875,2678.93994140625,2651.3701171875,2672.90991210938,1496210000,2672.90991210938
"2012-11-06",2676.14990234375,2696.4599609375,2668.44995117188,2681.05004882812,1782430000,2681.05004882812
"2012-11-07",2647.51000976562,2651.26000976562,2602.2900390625,2612.68994140625,2059690000,2612.68994140625
"2012-11-08",2620.25,2626.419921875,2572.42993164062,2572.57006835938,1876420000,2572.57006835938
"2012-11-09",2574.8701171875,2610.169921875,2571.86010742188,2584.10009765625,1802580000,2584.10009765625
"2012-11-12",2596.57006835938,2600.64990234375,2575.61010742188,2582.77001953125,1379240000,2582.77001953125
"2012-11-13",2558.86010742188,2586.59008789062,2554.52001953125,2561.86010742188,1816260000,2561.86010742188
"2012-11-14",2574.6201171875,2577.57006835938,2528.36010742188,2531.8701171875,2106590000,2531.8701171875
"2012-11-15",2534.23999023438,2542.169921875,2514.86010742188,2524.36010742188,2010300000,2524.36010742188
"2012-11-16",2525.88989257812,2541.34008789062,2494.3798828125,2534.15991210938,2187730000,2534.15991210938
"2012-11-19",2564.22998046875,2596.75,2562.52001953125,2595.830078125,1767240000,2595.830078125
"2012-11-20",2592.27001953125,2598.46997070312,2570.65991210938,2594.65991210938,1588750000,2594.65991210938
"2012-11-21",2596.02001953125,2604.51000976562,2587.86010742188,2600.47998046875,1430060000,2600.47998046875
"2012-11-23",2617.8701171875,2640.38989257812,2614.23999023438,2639.59008789062,792750000,2639.59008789062
"2012-11-26",2634.42993164062,2652.07006835938,2626.06005859375,2651.669921875,1641710000,2651.669921875
"2012-11-27",2649.93994140625,2659.35009765625,2637.60009765625,2641.419921875,1763320000,2641.419921875
"2012-11-28",2627.57006835938,2666.31005859375,2613.21997070312,2665.27001953125,1725550000,2665.27001953125
"2012-11-29",2677.6298828125,2688.94995117188,2667.31005859375,2680.03002929688,1758440000,2680.03002929688
"2012-11-30",2680.55004882812,2682.36010742188,2668.169921875,2677.8798828125,2194240000,2677.8798828125
"2012-12-03",2697.43994140625,2699.0400390625,2669.830078125,2671.84008789062,1667330000,2671.84008789062
"2012-12-04",2671.1201171875,2674.03002929688,2651.4599609375,2667.88989257812,1781760000,2667.88989257812
"2012-12-05",2660.67993164062,2663.43994140625,2624.51000976562,2637.88989257812,1800820000,2637.88989257812
"2012-12-06",2631.15991210938,2663.01000976562,2623.6201171875,2656.30004882812,1713460000,2656.30004882812
"2012-12-07",2667.43994140625,2671.57006835938,2631.46997070312,2640.5400390625,1613570000,2640.5400390625
"2012-12-10",2634.5400390625,2661.35009765625,2632.25,2647.57006835938,1528430000,2647.57006835938
"2012-12-11",2665.97998046875,2696.89990234375,2664.10009765625,2682.07006835938,1921860000,2682.07006835938
"2012-12-12",2694.39990234375,2694.42993164062,2668.51000976562,2674.57006835938,1756220000,2674.57006835938
"2012-12-13",2667.36010742188,2688.43994140625,2643.13989257812,2654.01000976562,1833990000,2654.01000976562
"2012-12-14",2635.90991210938,2643.96997070312,2620.080078125,2628.09008789062,1786980000,2628.09008789062
"2012-12-17",2629.76000976562,2664.71997070312,2627.3701171875,2664.26000976562,1911420000,2664.26000976562
"2012-12-18",2675.43994140625,2708.47998046875,2669.830078125,2705.38989257812,2022130000,2705.38989257812
"2012-12-19",2709.61010742188,2713.38989257812,2690.98999023438,2690.98999023438,1933270000,2690.98999023438
"2012-12-20",2697.60009765625,2698.7099609375,2679.55004882812,2693.55004882812,1691190000,2693.55004882812
"2012-12-21",2641.9599609375,2667.69995117188,2639.64990234375,2664.669921875,2843090000,2664.669921875
"2012-12-24",2658.64990234375,2662.03002929688,2653.580078125,2658.05004882812,614230000,2658.05004882812
"2012-12-26",2657.40991210938,2663.56005859375,2627.52001953125,2637.17993164062,1059190000,2637.17993164062
"2012-12-27",2636.35009765625,2641.11010742188,2599.6298828125,2632.93994140625,1342790000,2632.93994140625
"2012-12-28",2612.18994140625,2631.7099609375,2604.9599609375,2606.36010742188,1143530000,2606.36010742188
"2012-12-31",2600.919921875,2665.72998046875,2598.57006835938,2660.92993164062,1557230000,2660.92993164062
"2013-01-02",2727.669921875,2746.5,2716.30004882812,2746.46997070312,2111300000,2746.46997070312
"2013-01-03",2742.1298828125,2750.82006835938,2723.669921875,2732.26000976562,1769420000,2732.26000976562
"2013-01-04",2730.53002929688,2732.15991210938,2716.0400390625,2724.48999023438,1745140000,2724.48999023438
"2013-01-07",2713.43994140625,2727.67993164062,2707.11010742188,2724.21997070312,1702540000,2724.21997070312
"2013-01-08",2724.76000976562,2730.15991210938,2703.75,2718.71997070312,1744380000,2718.71997070312
"2013-01-09",2724.169921875,2735.419921875,2720.05004882812,2727.64990234375,1732510000,2727.64990234375
"2013-01-10",2746.67993164062,2749.18994140625,2719.67993164062,2744.17993164062,1754240000,2744.17993164062
"2013-01-11",2743.57006835938,2749.36010742188,2738,2748.26000976562,1772600000,2748.26000976562
"2013-01-14",2733.4599609375,2743.35009765625,2724.07006835938,2735.69995117188,1876050000,2735.69995117188
"2013-01-15",2721.2900390625,2726.27001953125,2710.80004882812,2722.97998046875,1852870000,2722.97998046875
"2013-01-16",2725.6298828125,2742.330078125,2721.6201171875,2734.72998046875,1692380000,2734.72998046875
"2013-01-17",2746.18994140625,2756.67993164062,2740.07006835938,2747.14990234375,1766510000,2747.14990234375
"2013-01-18",2735.89990234375,2743.5400390625,2728.07006835938,2743.23999023438,1860070000,2743.23999023438
"2013-01-22",2744.27001953125,2747.52001953125,2726.86010742188,2746.18994140625,1790730000,2746.18994140625
"2013-01-23",2761.97998046875,2769.31005859375,2756.59008789062,2762.169921875,1698190000,2762.169921875
"2013-01-24",2724.19995117188,2748.36010742188,2719.830078125,2723.53002929688,2046990000,2723.53002929688
"2013-01-25",2731.330078125,2745.09008789062,2726.72998046875,2736.72998046875,1920250000,2736.72998046875
"2013-01-28",2737.6201171875,2752.5400390625,2735.2099609375,2742.42993164062,1935590000,2742.42993164062
"2013-01-29",2739.38989257812,2749.43994140625,2722.52001953125,2743.580078125,2050670000,2743.580078125
"2013-01-30",2748.6298828125,2757.09008789062,2732.05004882812,2738.7099609375,2014350000,2738.7099609375
"2013-01-31",2736.1298828125,2751.11010742188,2730.07006835938,2731.53002929688,2190840000,2731.53002929688
"2013-02-01",2751.18994140625,2768.6298828125,2740.64990234375,2763.9599609375,2012930000,2763.9599609375
"2013-02-04",2749.39990234375,2755.64990234375,2715.51000976562,2715.67993164062,1874750000,2715.67993164062
"2013-02-05",2727.82006835938,2762.86010742188,2720.7900390625,2754.98999023438,2150080000,2754.98999023438
"2013-02-06",2745.3798828125,2758.25,2738.46997070312,2746.35009765625,2002740000,2746.35009765625
"2013-02-07",2746.02001953125,2749.13989257812,2716.36010742188,2746.5,1955960000,2746.5
"2013-02-08",2761.05004882812,2780.1298828125,2760.38989257812,2775.56005859375,1816480000,2775.56005859375
"2013-02-11",2774.43994140625,2777.1298828125,2766.31005859375,2774.63989257812,1551370000,2774.63989257812
"2013-02-12",2771.15991210938,2776.7099609375,2761.40991210938,2762.6201171875,1786800000,2762.6201171875
"2013-02-13",2770.69995117188,2783.18994140625,2765.0400390625,2773.77001953125,1822450000,2773.77001953125
"2013-02-14",2760.1201171875,2776.48999023438,2759.73999023438,2771.42993164062,1924900000,2771.42993164062
"2013-02-15",2772.56005859375,2779.07006835938,2756.42993164062,2764.669921875,1858670000,2764.669921875
"2013-02-19",2770.69995117188,2782.86010742188,2766.86010742188,2782.86010742188,1843840000,2782.86010742188
"2013-02-20",2781,2782.44995117188,2739.27001953125,2739.98999023438,2001800000,2739.98999023438
"2013-02-21",2730.10009765625,2731.25,2700.32006835938,2711.51000976562,2052630000,2711.51000976562
"2013-02-22",2726.27001953125,2737.28002929688,2715.46997070312,2737.28002929688,1581500000,2737.28002929688
"2013-02-25",2756.18994140625,2763.9599609375,2700.96997070312,2700.96997070312,1930990000,2700.96997070312
"2013-02-26",2708.80004882812,2718.06005859375,2689.830078125,2713.02001953125,1847750000,2713.02001953125
"2013-02-27",2714.44995117188,2757.61010742188,2710.18994140625,2741.26000976562,1727260000,2741.26000976562
"2013-02-28",2742.3798828125,2761.28002929688,2738.21997070312,2738.580078125,2022530000,2738.580078125
"2013-03-01",2725.3798828125,2751.21997070312,2713.48999023438,2747.75,1870250000,2747.75
"2013-03-04",2738.2099609375,2759.84008789062,2734.919921875,2759.53002929688,1718290000,2759.53002929688
"2013-03-05",2776.28002929688,2803.35009765625,2776.1201171875,2799.25,1891510000,2799.25
"2013-03-06",2808.11010742188,2808.17993164062,2788.67993164062,2792.56005859375,1764020000,2792.56005859375
"2013-03-07",2794.68994140625,2804.03002929688,2790.0400390625,2799.48999023438,1675640000,2799.48999023438
"2013-03-08",2809.330078125,2812.72998046875,2792.1298828125,2804.11010742188,1611700000,2804.11010742188
"2013-03-11",2798.1298828125,2812.05004882812,2791.38989257812,2811.86010742188,1628500000,2811.86010742188
"2013-03-12",2803.46997070312,2809.53002929688,2788.21997070312,2800.81005859375,1673740000,2800.81005859375
"2013-03-13",2801.40991210938,2807.69995117188,2787.71997070312,2798.67993164062,1577280000,2798.67993164062
"2013-03-14",2806.40991210938,2812.2900390625,2801.36010742188,2807.30004882812,1651650000,2807.30004882812
"2013-03-15",2810.0400390625,2810.23999023438,2792.22998046875,2799.40991210938,2305230000,2799.40991210938
"2013-03-18",2771.53002929688,2803.44995117188,2767.47998046875,2792.30004882812,1550510000,2792.30004882812
"2013-03-19",2801.10009765625,2807,2763.1201171875,2787.27001953125,1690680000,2787.27001953125
"2013-03-20",2808.92993164062,2811.47998046875,2794.22998046875,2805.90991210938,1599120000,2805.90991210938
"2013-03-21",2779.57006835938,2787.85009765625,2768.7900390625,2774.85009765625,1692260000,2774.85009765625
"2013-03-22",2787.27001953125,2803.9599609375,2783.68994140625,2800.81005859375,1681360000,2800.81005859375
"2013-03-25",2810.75,2816.55004882812,2778.78002929688,2789.44995117188,1666010000,2789.44995117188
"2013-03-26",2803.22998046875,2807.17993164062,2796.38989257812,2806.5,1444500000,2806.5
"2013-03-27",2786.65991210938,2811.7900390625,2783.86010742188,2809.97998046875,1420130000,2809.97998046875
"2013-03-28",2809.48999023438,2820.669921875,2804.53002929688,2818.68994140625,1636800000,2818.68994140625
"2013-04-01",2819.78002929688,2821.47998046875,2789.76000976562,2797.07006835938,1481360000,2797.07006835938
"2013-04-02",2809,2828.63989257812,2808.71997070312,2820.6201171875,1580800000,2820.6201171875
"2013-04-03",2821.96997070312,2825.28002929688,2787.27001953125,2795.0400390625,1813910000,2795.0400390625
"2013-04-04",2794.40991210938,2800.59008789062,2779.34008789062,2794.919921875,1475720000,2794.919921875
"2013-04-05",2749.63989257812,2774.5400390625,2744.26000976562,2771.75,1594090000,2771.75
"2013-04-08",2772.30004882812,2786.1298828125,2764.34008789062,2786.1298828125,1323520000,2786.1298828125
"2013-04-09",2793.86010742188,2815.07006835938,2780.19995117188,2804.669921875,1498130000,2804.669921875
"2013-04-10",2812.51000976562,2862.32006835938,2811.85009765625,2859.2099609375,1769870000,2859.2099609375
"2013-04-11",2850.38989257812,2863.65991210938,2848.03002929688,2859.07006835938,1829170000,2859.07006835938
"2013-04-12",2854.46997070312,2857.35009765625,2834.4599609375,2856.47998046875,1471180000,2856.47998046875
"2013-04-15",2841.26000976562,2849.15991210938,2796.38989257812,2797.46997070312,1779320000,2797.46997070312
"2013-04-16",2815.64990234375,2839.3798828125,2810.02001953125,2838.40991210938,1515400000,2838.40991210938
"2013-04-17",2811.330078125,2812.4599609375,2765.44995117188,2781.97998046875,1902730000,2781.97998046875
"2013-04-18",2787.96997070312,2788.18994140625,2730.96997070312,2741.94995117188,1.766e+09,2741.94995117188
"2013-04-19",2743.39990234375,2785.64990234375,2743.39990234375,2780.4599609375,1738850000,2780.4599609375
"2013-04-22",2791.77001953125,2818.72998046875,2780.82006835938,2810.07006835938,1628340000,2810.07006835938
"2013-04-23",2824.96997070312,2845.39990234375,2810.76000976562,2835.3701171875,1684770000,2835.3701171875
"2013-04-24",2827.35009765625,2844.94995117188,2821.80004882812,2834.1201171875,1738590000,2834.1201171875
"2013-04-25",2841.97998046875,2860.68994140625,2841.02001953125,2848.65991210938,2012230000,2848.65991210938
"2013-04-26",2842.2099609375,2848.53002929688,2828.8798828125,2840.55004882812,1721970000,2840.55004882812
"2013-04-29",2849.5400390625,2877.080078125,2849.0400390625,2866.94995117188,1594110000,2866.94995117188
"2013-04-30",2869.1298828125,2887.8701171875,2859.93994140625,2887.43994140625,1984270000,2887.43994140625
"2013-05-01",2885.35009765625,2892.26000976562,2868.76000976562,2873.35009765625,1884600000,2873.35009765625
"2013-05-02",2877.56005859375,2916.30004882812,2877.26000976562,2911.13989257812,1757480000,2911.13989257812
"2013-05-03",2938.73999023438,2952.21997070312,2937.23999023438,2944.59008789062,1745570000,2944.59008789062
"2013-05-06",2948.89990234375,2959.6298828125,2947.46997070312,2955.36010742188,1500410000,2955.36010742188
"2013-05-07",2960.080078125,2961.76000976562,2942.25,2952.8798828125,1709800000,2952.8798828125
"2013-05-08",2952.31005859375,2969.65991210938,2946.7900390625,2968.23999023438,1756400000,2968.23999023438
"2013-05-09",2960.55004882812,2980.36010742188,2955.69995117188,2961.1201171875,1826220000,2961.1201171875
"2013-05-10",2967.07006835938,2981.02001953125,2962.68994140625,2981.02001953125,1689730000,2981.02001953125
"2013-05-13",2972.9599609375,2989.69995117188,2971.72998046875,2982.09008789062,1615510000,2982.09008789062
"2013-05-14",2981.88989257812,3005.02001953125,2981.88989257812,2996.05004882812,1820520000,2996.05004882812
"2013-05-15",2990.38989257812,3004.52001953125,2982.77001953125,3002.6201171875,1843910000,3002.6201171875
"2013-05-16",3005.05004882812,3019.0400390625,2997.46997070312,2999.34008789062,1945760000,2999.34008789062
"2013-05-17",3017.7900390625,3028.9599609375,3005.25,3028.9599609375,1828610000,3028.9599609375
"2013-05-20",3019.28002929688,3032.86010742188,3011.94995117188,3020.96997070312,1745260000,3020.96997070312
"2013-05-21",3019.89990234375,3036.7099609375,3011.51000976562,3026.44995117188,1776780000,3026.44995117188
"2013-05-22",3027.44995117188,3053.51000976562,2984.84008789062,2999.1298828125,2179330000,2999.1298828125
"2013-05-23",2967.92993164062,3002.55004882812,2966.64990234375,2991.44995117188,1820670000,2991.44995117188
"2013-05-24",2971.36010742188,2991.26000976562,2965.30004882812,2991.02001953125,1449210000,2991.02001953125
"2013-05-28",3024.3798828125,3037,3002.21997070312,3011.93994140625,1748070000,3011.93994140625
"2013-05-29",2996.97998046875,3006.89990234375,2979.89990234375,2994.82006835938,1794650000,2994.82006835938
"2013-05-30",2998.98999023438,3026.36010742188,2998.77001953125,3011.830078125,1737320000,3011.830078125
"2013-05-31",3001.68994140625,3023.11010742188,2981.76000976562,2981.76000976562,1968270000,2981.76000976562
"2013-06-03",2984.59008789062,2990.80004882812,2950.8701171875,2990.7900390625,2054100000,2990.7900390625
"2013-06-04",2993.06005859375,3007.30004882812,2962.21997070312,2973.68994140625,1871640000,2973.68994140625
"2013-06-05",2961.669921875,2975.830078125,2933.21997070312,2937.13989257812,1813890000,2937.13989257812
"2013-06-06",2940.8701171875,2950.30004882812,2911.93994140625,2950.30004882812,1802700000,2950.30004882812
"2013-06-07",2960.89990234375,2993.1298828125,2955.10009765625,2990.8701171875,1646810000,2990.8701171875
"2013-06-10",2995.03002929688,3004.669921875,2985.5,2990.48999023438,1556520000,2990.48999023438
"2013-06-11",2959.43994140625,2987.85009765625,2952.07006835938,2959.84008789062,1560370000,2959.84008789062
"2013-06-12",2977.67993164062,2978.76000976562,2921.8798828125,2926.13989257812,1630200000,2926.13989257812
"2013-06-13",2924.88989257812,2968.97998046875,2914.19995117188,2962.89990234375,1584740000,2962.89990234375
"2013-06-14",2958.8701171875,2966.1298828125,2939.67993164062,2943.86010742188,1458030000,2943.86010742188
"2013-06-17",2967.330078125,2988.59008789062,2956.919921875,2971.26000976562,1581830000,2971.26000976562
"2013-06-18",2974.919921875,3001.88989257812,2974.61010742188,2996.09008789062,1675090000,2996.09008789062
"2013-06-19",2998.09008789062,3000.21997070312,2959.5,2959.5,1649200000,2959.5
"2013-06-20",2927.6298828125,2938.10009765625,2882.44995117188,2890.330078125,2041500000,2890.330078125
"2013-06-21",2887.07006835938,2898.39990234375,2853.68994140625,2877.93994140625,2921900000,2877.93994140625
"2013-06-24",2852.64990234375,2869.919921875,2825.17993164062,2848.19995117188,2030960000,2848.19995117188
"2013-06-25",2874.65991210938,2880.92993164062,2851.98999023438,2866.5,1657280000,2866.5
"2013-06-26",2892.42993164062,2899.580078125,2883.9599609375,2893.85009765625,1671280000,2893.85009765625
"2013-06-27",2909.8798828125,2924.34008789062,2905.30004882812,2906.84008789062,1689800000,2906.84008789062
"2013-06-28",2896.69995117188,2927.48999023438,2891.57006835938,2909.60009765625,3630410000,2909.60009765625
"2013-07-01",2933.47998046875,2951,2924.26000976562,2927.35009765625,1586750000,2927.35009765625
"2013-07-02",2924.7900390625,2945.92993164062,2913.47998046875,2929.6298828125,1685190000,2929.6298828125
"2013-07-03",2918.94995117188,2953.85009765625,2916.27001953125,2941.40991210938,935980000,2941.40991210938
"2013-07-05",2958.26000976562,2963.82006835938,2934.21997070312,2963.21997070312,1254400000,2963.21997070312
"2013-07-08",2976.61010742188,2978.82006835938,2955.3701171875,2966.1298828125,1521720000,2966.1298828125
"2013-07-09",2981.10009765625,2989.92993164062,2966.67993164062,2984.32006835938,1633520000,2984.32006835938
"2013-07-10",2981.21997070312,3004.28002929688,2981.09008789062,3000.65991210938,1567340000,3000.65991210938
"2013-07-11",3032.09008789062,3060.669921875,3030.38989257812,3059.4599609375,1744210000,3059.4599609375
"2013-07-12",3061.88989257812,3079.07006835938,3054.03002929688,3079.07006835938,1615820000,3079.07006835938
"2013-07-15",3077.02001953125,3082.25,3068.03002929688,3079.85009765625,1449130000,3079.85009765625
"2013-07-16",3083.57006835938,3085.19995117188,3069.169921875,3077.46997070312,1590540000,3077.46997070312
"2013-07-17",3084.93994140625,3090.88989257812,3075.9599609375,3085.28002929688,1564340000,3085.28002929688
"2013-07-18",3081.34008789062,3091.2099609375,3071.88989257812,3077.82006835938,1719390000,3077.82006835938
"2013-07-19",3043.06005859375,3049.75,3035.98999023438,3044.92993164062,1785460000,3044.92993164062
"2013-07-22",3061.5,3061.55004882812,3044.76000976562,3055.22998046875,1507010000,3055.22998046875
"2013-07-23",3059.14990234375,3059.3701171875,3029.07006835938,3031.39990234375,1620350000,3031.39990234375
"2013-07-24",3060.47998046875,3060.6298828125,3034.6201171875,3041.15991210938,1856660000,3041.15991210938
"2013-07-25",3054.169921875,3063.76000976562,3040.25,3061.669921875,2203970000,3061.669921875
"2013-07-26",3046.1201171875,3076.22998046875,3044.3798828125,3076.22998046875,1796060000,3076.22998046875
"2013-07-29",3067.47998046875,3083.34008789062,3062.90991210938,3068.94995117188,1545720000,3068.94995117188
"2013-07-30",3080.19995117188,3099.3798828125,3076.38989257812,3085.330078125,1763580000,3085.330078125
"2013-07-31",3094.82006835938,3110.01000976562,3087.46997070312,3090.18994140625,1942380000,3090.18994140625
"2013-08-01",3113.21997070312,3128.669921875,3111.28002929688,3126.30004882812,1863290000,3126.30004882812
"2013-08-02",3125.48999023438,3143.52001953125,3118.0400390625,3143.52001953125,1683270000,3143.52001953125
"2013-08-05",3136.77001953125,3145.25,3133.52001953125,3143.18994140625,1471860000,3143.18994140625
"2013-08-06",3136.14990234375,3141.05004882812,3111.5,3122.19995117188,1444200000,3122.19995117188
"2013-08-07",3117.1298828125,3123.919921875,3096.40991210938,3118.68994140625,1659780000,3118.68994140625
"2013-08-08",3134.06005859375,3137.65991210938,3111.36010742188,3130.1298828125,1702950000,3130.1298828125
"2013-08-09",3124.73999023438,3136.69995117188,3109.86010742188,3118.57006835938,1546570000,3118.57006835938
"2013-08-12",3107.06005859375,3130.61010742188,3106.25,3125.92993164062,1422420000,3125.92993164062
"2013-08-13",3130.080078125,3149.23999023438,3106.27001953125,3141.06005859375,1644730000,3141.06005859375
"2013-08-14",3141.96997070312,3144.42993164062,3125.40991210938,3129.44995117188,1489370000,3129.44995117188
"2013-08-15",3089.34008789062,3092.27001953125,3068.07006835938,3076.22998046875,1742510000,3076.22998046875
"2013-08-16",3076.830078125,3090.68994140625,3070.42993164062,3073.90991210938,1520430000,3073.90991210938
"2013-08-19",3074.3798828125,3101.02001953125,3069.46997070312,3069.76000976562,1351050000,3069.76000976562
"2013-08-20",3077.14990234375,3096.419921875,3073.05004882812,3082.169921875,1308280000,3082.169921875
"2013-08-21",3073.23999023438,3098.6201171875,3061.419921875,3071.46997070312,1438510000,3071.46997070312
"2013-08-22",3085.61010742188,3103.63989257812,3085.419921875,3101.82006835938,927400000,3101.82006835938
"2013-08-23",3126.25,3127.05004882812,3112.8701171875,3124.27001953125,1499890000,3124.27001953125
"2013-08-26",3127.01000976562,3147.8701171875,3118.52001953125,3122.669921875,1404230000,3122.669921875
"2013-08-27",3086.169921875,3102.27001953125,3053.26000976562,3059.580078125,1640040000,3059.580078125
"2013-08-28",3060.9599609375,3085.67993164062,3060.5400390625,3072.169921875,1370650000,3072.169921875
"2013-08-29",3065.8701171875,3109.07006835938,3065.8701171875,3093.36010742188,1344900000,3093.36010742188
"2013-08-30",3095.169921875,3095.43994140625,3063.07006835938,3073.81005859375,1328320000,3073.81005859375
"2013-09-03",3097.64990234375,3112.419921875,3077.1298828125,3091.76000976562,1628810000,3091.76000976562
"2013-09-04",3100.28002929688,3128.80004882812,3092.9599609375,3124.5400390625,1855980000,3124.5400390625
"2013-09-05",3127.07006835938,3138.06005859375,3125.3798828125,3129.93994140625,1550180000,3129.93994140625
"2013-09-06",3140.97998046875,3148.98999023438,3098.02001953125,3133.3798828125,1647310000,3133.3798828125
"2013-09-09",3146.02001953125,3174.8701171875,3146.02001953125,3169.92993164062,1664290000,3169.92993164062
"2013-09-10",3186.53002929688,3189.23999023438,3173.11010742188,3185.07006835938,1842570000,3185.07006835938
"2013-09-11",3163.77001953125,3180.3701171875,3159.31005859375,3179.86010742188,1722380000,3179.86010742188
"2013-09-12",3179.60009765625,3186.30004882812,3170.13989257812,3175.57006835938,1653860000,3175.57006835938
"2013-09-13",3180.44995117188,3182.11010742188,3161.64990234375,3178.28002929688,1460190000,3178.28002929688
"2013-09-16",3203.18994140625,3204.59008789062,3163.1298828125,3168.68994140625,1542500000,3168.68994140625
"2013-09-17",3177.78002929688,3195.14990234375,3176.580078125,3190.830078125,1338800000,3190.830078125
"2013-09-18",3198.44995117188,3235.71997070312,3190.01000976562,3231.31005859375,1828820000,3231.31005859375
"2013-09-19",3240.92993164062,3245.1201171875,3231.67993164062,3237.61010742188,1775980000,3237.61010742188
"2013-09-20",3244.42993164062,3248.52001953125,3224.72998046875,3224.72998046875,2711270000,3224.72998046875
"2013-09-23",3242.32006835938,3243.42993164062,3205.5,3219.34008789062,1728620000,3219.34008789062
"2013-09-24",3226.22998046875,3236.84008789062,3209.38989257812,3218.65991210938,1810950000,3218.65991210938
"2013-09-25",3221.19995117188,3226.6201171875,3202.75,3208.55004882812,1821790000,3208.55004882812
"2013-09-26",3222.97998046875,3240.98999023438,3221.169921875,3234.0400390625,1817960000,3234.0400390625
"2013-09-27",3217.43994140625,3235.2900390625,3210.80004882812,3230.30004882812,1699720000,3230.30004882812
"2013-09-30",3190.39990234375,3229.44995117188,3186.86010742188,3218.19995117188,1895760000,3218.19995117188
"2013-10-01",3220.919921875,3254.330078125,3220.919921875,3253.05004882812,1843320000,3253.05004882812
"2013-10-02",3231.57006835938,3256.7099609375,3228.43994140625,3253.26000976562,1792980000,3253.26000976562
"2013-10-03",3247.85009765625,3254.90991210938,3197.3701171875,3213.830078125,1884340000,3213.830078125
"2013-10-04",3214.05004882812,3246.15991210938,3212.01000976562,3242.57006835938,1549600000,3242.57006835938
"2013-10-07",3215.77001953125,3240.11010742188,3213.01000976562,3215.68994140625,1475990000,3215.68994140625
"2013-10-08",3217.14990234375,3217.14990234375,3152.26000976562,3153.8701171875,2087580000,3153.8701171875
"2013-10-09",3161.35009765625,3161.76000976562,3117.68994140625,3142.5400390625,2242700000,3142.5400390625
"2013-10-10",3179.27001953125,3216.03002929688,3178.669921875,3210.84008789062,1902410000,3210.84008789062
"2013-10-11",3203.48999023438,3237.01000976562,3201.92993164062,3233.830078125,1750350000,3233.830078125
"2013-10-14",3213.3798828125,3257.18994140625,3212.05004882812,3256.02001953125,1455160000,3256.02001953125
"2013-10-15",3253.9599609375,3269.96997070312,3241.35009765625,3244.65991210938,1745560000,3244.65991210938
"2013-10-16",3261.47998046875,3283.17993164062,3258.80004882812,3281.669921875,1.744e+09,3281.669921875
"2013-10-17",3265.90991210938,3301.60009765625,3264.22998046875,3301.28002929688,1975140000,3301.28002929688
"2013-10-18",3330.61010742188,3355.6298828125,3321.78002929688,3353.8798828125,1943090000,3353.8798828125
"2013-10-21",3361.76000976562,3369.73999023438,3351.05004882812,3361.17993164062,1674470000,3361.17993164062
"2013-10-22",3374.169921875,3384.35009765625,3344.17993164062,3366.92993164062,1890500000,3366.92993164062
"2013-10-23",3348.60009765625,3355.46997070312,3330.19995117188,3346.05004882812,1915030000,3346.05004882812
"2013-10-24",3347.96997070312,3367.38989257812,3344.06005859375,3362.3798828125,2054350000,3362.3798828125
"2013-10-25",3394.15991210938,3400.0400390625,3368.59008789062,3383.830078125,2225780000,3383.830078125
"2013-10-28",3382.17993164062,3390.46997070312,3370.39990234375,3382.67993164062,1904810000,3382.67993164062
"2013-10-29",3397.8798828125,3399.09008789062,3375.57006835938,3391.75,1897380000,3391.75
"2013-10-30",3402.48999023438,3408.28002929688,3372.22998046875,3385.3798828125,1.923e+09,3385.3798828125
"2013-10-31",3378.51000976562,3400.39990234375,3367.76000976562,3377.72998046875,2139650000,3377.72998046875
"2013-11-01",3392.32006835938,3394.90991210938,3364.64990234375,3379.76000976562,1949460000,3379.76000976562
"2013-11-04",3388.69995117188,3390.17993164062,3374.3798828125,3384.75,1817880000,3384.75
"2013-11-05",3372.94995117188,3395.92993164062,3361.90991210938,3388.82006835938,1934630000,3388.82006835938
"2013-11-06",3396.47998046875,3401.27001953125,3374.28002929688,3385.3798828125,2020160000,3385.3798828125
"2013-11-07",3386.36010742188,3389.2099609375,3318.39990234375,3321.40991210938,2303320000,3321.40991210938
"2013-11-08",3333.919921875,3366.84008789062,3324.69995117188,3366.84008789062,1981740000,3366.84008789062
"2013-11-11",3359.830078125,3369.88989257812,3350.73999023438,3362.97998046875,1595340000,3362.97998046875
"2013-11-12",3351.25,3370.36010742188,3348.85009765625,3365.22998046875,1776860000,3365.22998046875
"2013-11-13",3346.44995117188,3405.60009765625,3346.40991210938,3405.56005859375,1827220000,3405.56005859375
"2013-11-14",3393.25,3418.57006835938,3390.3798828125,3415.13989257812,1965350000,3415.13989257812
"2013-11-15",3419.77001953125,3422.580078125,3409.01000976562,3422.580078125,1899150000,3422.580078125
"2013-11-18",3423.46997070312,3429.19995117188,3383.44995117188,3388.8701171875,1829870000,3388.8701171875
"2013-11-19",3385.82006835938,3400.63989257812,3371.60009765625,3378.1298828125,1747840000,3378.1298828125
"2013-11-20",3386.06005859375,3397.68994140625,3359.31005859375,3367.169921875,1721160000,3367.169921875
"2013-11-21",3382.5,3404.94995117188,3380.64990234375,3402.73999023438,1684250000,3402.73999023438
"2013-11-22",3409.52001953125,3422.1298828125,3406.39990234375,3422.02001953125,1730280000,3422.02001953125
"2013-11-25",3433.919921875,3437.48999023438,3420.36010742188,3427.48999023438,1795760000,3427.48999023438
"2013-11-26",3429.63989257812,3455.5400390625,3422.46997070312,3445.76000976562,1907680000,3445.76000976562
"2013-11-27",3454.81005859375,3471.64990234375,3451.96997070312,3470.47998046875,1477020000,3470.47998046875
"2013-11-29",3481.31005859375,3495.96997070312,3481.31005859375,3487.82006835938,853500000,3487.82006835938
"2013-12-02",3496.18994140625,3501.07006835938,3476.67993164062,3481.14990234375,1680380000,3481.14990234375
"2013-12-03",3478.98999023438,3487.02001953125,3465.35009765625,3479.34008789062,1875010000,3479.34008789062
"2013-12-04",3463.71997070312,3493.10009765625,3453.21997070312,3483.01000976562,1886970000,3483.01000976562
"2013-12-05",3484.27001953125,3489.080078125,3468.84008789062,3477.72998046875,1880950000,3477.72998046875
"2013-12-06",3511.06005859375,3511.10009765625,3485.73999023438,3504.26000976562,1727130000,3504.26000976562
"2013-12-09",3515.669921875,3524.01000976562,3511.28002929688,3516.169921875,1717120000,3516.169921875
"2013-12-10",3510.7099609375,3520.72998046875,3507.419921875,3514.19995117188,1864860000,3514.19995117188
"2013-12-11",3514.23999023438,3519.21997070312,3464.39990234375,3468.98999023438,1923520000,3468.98999023438
"2013-12-12",3471.89990234375,3478.94995117188,3457.9599609375,3460.2900390625,1893270000,3460.2900390625
"2013-12-13",3476.8798828125,3477.830078125,3449.73999023438,3456.39990234375,1615340000,3456.39990234375
"2013-12-16",3470.42993164062,3494.40991210938,3470.11010742188,3475.7900390625,1943830000,3475.7900390625
"2013-12-17",3474.72998046875,3482.34008789062,3461.07006835938,3469.32006835938,1861130000,3469.32006835938
"2013-12-18",3468.14990234375,3510.52001953125,3422.86010742188,3509.6298828125,2178330000,3509.6298828125
"2013-12-19",3499.81005859375,3502.22998046875,3483.03002929688,3498.6298828125,1813050000,3498.6298828125
"2013-12-20",3502.4599609375,3540.96997070312,3502.2900390625,3531.18994140625,3510420000,3531.18994140625
"2013-12-23",3563.18994140625,3570.28002929688,3552.30004882812,3569.39990234375,1779400000,3569.39990234375
"2013-12-24",3570.52001953125,3574.51000976562,3564.59008789062,3572.80004882812,802270000,3572.80004882812
"2013-12-26",3579.6201171875,3586.71997070312,3572.10009765625,3584.580078125,1180670000,3584.580078125
"2013-12-27",3589.1201171875,3591.31005859375,3571.05004882812,3574.02001953125,1255020000,3574.02001953125
"2013-12-30",3570.86010742188,3574.19995117188,3559.3701171875,3570.080078125,1349470000,3570.080078125
"2013-12-31",3576.23999023438,3592,3575.25,3592,1401140000,3592
"2014-01-02",3575.60009765625,3577.03002929688,3553.64990234375,3563.57006835938,1738820000,3563.57006835938
"2014-01-03",3564.93994140625,3567.51000976562,3537.61010742188,3538.72998046875,1667480000,3538.72998046875
"2014-01-06",3539.02001953125,3542.52001953125,3512.44995117188,3526.9599609375,2292840000,3526.9599609375
"2014-01-07",3539.2900390625,3562.98999023438,3535.5,3557.85009765625,2278220000,3557.85009765625
"2014-01-08",3558.30004882812,3575.14990234375,3551.1201171875,3567.5400390625,2345220000,3567.5400390625
"2014-01-09",3576.330078125,3579.39990234375,3541.81005859375,3552.580078125,2214770000,3552.580078125
"2014-01-10",3565.67993164062,3568.46997070312,3536.44995117188,3565.080078125,2143070000,3565.080078125
"2014-01-13",3559.38989257812,3572.39990234375,3499.3701171875,3512.80004882812,2322240000,3512.80004882812
"2014-01-14",3526.19995117188,3581.60009765625,3525.46997070312,3580.64990234375,2034180000,3580.64990234375
"2014-01-15",3593.81005859375,3615.69995117188,3592.6201171875,3609.84008789062,2101870000,3609.84008789062
"2014-01-16",3605.42993164062,3614.65991210938,3599.8701171875,3611.2900390625,2005850000,3611.2900390625
"2014-01-17",3597.40991210938,3608.71997070312,3580.38989257812,3591.25,2150370000,3591.25
"2014-01-21",3611.6298828125,3617.69995117188,3586.05004882812,3617.69995117188,2034030000,3617.69995117188
"2014-01-22",3623.31005859375,3634.64990234375,3615.47998046875,3627.71997070312,2026910000,3627.71997070312
"2014-01-23",3612.53002929688,3613.8798828125,3588.830078125,3613.76000976562,2191980000,3613.76000976562
"2014-01-24",3596.92993164062,3601,3541.3798828125,3541.47998046875,2489470000,3541.47998046875
"2014-01-27",3543.5,3548.47998046875,3482.88989257812,3509.02001953125,2398280000,3509.02001953125
"2014-01-28",3484.38989257812,3509.80004882812,3483.7099609375,3505.71997070312,2091180000,3505.71997070312
"2014-01-29",3472.419921875,3500.82006835938,3461.63989257812,3467.82006835938,2231850000,3467.82006835938
"2014-01-30",3514.25,3544.2099609375,3508.01000976562,3532.40991210938,2168410000,3532.40991210938
"2014-01-31",3488.3701171875,3539.43994140625,3488.0400390625,3521.919921875,2300570000,3521.919921875
"2014-02-03",3524.22998046875,3533.47998046875,3433.63989257812,3440.5,2617030000,3440.5
"2014-02-04",3460.1298828125,3480.73999023438,3449.18994140625,3470.19995117188,2173360000,3470.19995117188
"2014-02-05",3457.0400390625,3469.35009765625,3418.8798828125,3454.89990234375,2168360000,3454.89990234375
"2014-02-06",3465.830078125,3502.52001953125,3465.419921875,3497.60009765625,1942700000,3497.60009765625
"2014-02-07",3522.330078125,3563.13989257812,3508.830078125,3561.90991210938,2055850000,3561.90991210938
"2014-02-10",3558.59008789062,3582.84008789062,3557.78002929688,3582.11010742188,1811970000,3582.11010742188
"2014-02-11",3587.580078125,3628.59008789062,3585.080078125,3621.71997070312,1993950000,3621.71997070312
"2014-02-12",3626.13989257812,3635.919921875,3618.06005859375,3627.36010742188,2035890000,3627.36010742188
"2014-02-13",3601.75,3659.56005859375,3600.86010742188,3659.56005859375,2249990000,3659.56005859375
"2014-02-14",3652.8798828125,3671.0400390625,3643.7900390625,3663.8798828125,1881510000,3663.8798828125
"2014-02-18",3668.98999023438,3685.17993164062,3658.63989257812,3679.42993164062,1886210000,3679.42993164062
"2014-02-19",3668.71997070312,3679.68994140625,3646.1298828125,3652.85009765625,1956720000,3652.85009765625
"2014-02-20",3654.85009765625,3676.88989257812,3640.6298828125,3671.92993164062,1992780000,3671.92993164062
"2014-02-21",3683.419921875,3687.15991210938,3661.4599609375,3662.60009765625,2138250000,3662.60009765625
"2014-02-24",3670.07006835938,3701.27001953125,3668.34008789062,3685.81005859375,2161300000,3685.81005859375
"2014-02-25",3689.67993164062,3697.60009765625,3669.53002929688,3679.13989257812,2137150000,3679.13989257812
"2014-02-26",3691.84008789062,3702.09008789062,3663.75,3676.60009765625,2108270000,3676.60009765625
"2014-02-27",3678.31005859375,3704.64990234375,3672.63989257812,3699.80004882812,2049160000,3699.80004882812
"2014-02-28",3703.47998046875,3722.3798828125,3664.830078125,3696.10009765625,2617730000,3696.10009765625
"2014-03-03",3657.32006835938,3678.3798828125,3637.669921875,3668.3701171875,2077500000,3668.3701171875
"2014-03-04",3710.18994140625,3723,3706.82006835938,3719.92993164062,2477850000,3719.92993164062
"2014-03-05",3721.53002929688,3732.97998046875,3715.3798828125,3727.18994140625,2215980000,3727.18994140625
"2014-03-06",3735.85009765625,3738.32006835938,3709.40991210938,3720.92993164062,2136260000,3720.92993164062
"2014-03-07",3736.92993164062,3737.36010742188,3686.93994140625,3703.39990234375,2175560000,3703.39990234375
"2014-03-10",3702.13989257812,3709.78002929688,3683.96997070312,3706.34008789062,2111610000,3706.34008789062
"2014-03-11",3715.88989257812,3725.7099609375,3681.3701171875,3691.5,2477780000,3691.5
"2014-03-12",3678.36010742188,3707.19995117188,3661.8701171875,3707.06005859375,2131880000,3707.06005859375
"2014-03-13",3719.36010742188,3720.6201171875,3636.7900390625,3651.48999023438,2383600000,3651.48999023438
"2014-03-14",3643.2099609375,3656.93994140625,3626.86010742188,3627.8701171875,2196890000,3627.8701171875
"2014-03-17",3653.18994140625,3678.32006835938,3651.13989257812,3662.51000976562,1810410000,3662.51000976562
"2014-03-18",3667.39990234375,3708.26000976562,3664.7900390625,3706.6201171875,1962890000,3706.6201171875
"2014-03-19",3705.51000976562,3709.01000976562,3661.06005859375,3682.73999023438,1992750000,3682.73999023438
"2014-03-20",3675.6201171875,3705.31005859375,3665.830078125,3693.96997070312,1847270000,3693.96997070312
"2014-03-21",3711.46997070312,3717.36010742188,3643.35009765625,3653.07006835938,3245740000,3653.07006835938
"2014-03-24",3665.3798828125,3665.580078125,3585.14990234375,3617.38989257812,2434650000,3617.38989257812
"2014-03-25",3640.26000976562,3659.59008789062,3600.64990234375,3629.72998046875,2270760000,3629.72998046875
"2014-03-26",3645.72998046875,3654.68994140625,3582.84008789062,3582.88989257812,2455460000,3582.88989257812
"2014-03-27",3578.5400390625,3594.080078125,3543.07006835938,3563.1298828125,2270650000,3563.1298828125
"2014-03-28",3576.17993164062,3609.080078125,3560.580078125,3571.48999023438,2029840000,3571.48999023438
"2014-03-31",3598.080078125,3618.419921875,3593.69995117188,3595.73999023438,2090850000,3595.73999023438
"2014-04-01",3615.90991210938,3659.15991210938,3614.15991210938,3658.39990234375,2153130000,3658.39990234375
"2014-04-02",3670.330078125,3676.36010742188,3649.7900390625,3665.98999023438,2187100000,3665.98999023438
"2014-04-03",3670.42993164062,3675.69995117188,3617.40991210938,3637.580078125,2067370000,3637.580078125
"2014-04-04",3659.919921875,3663.78002929688,3532.28002929688,3539.3798828125,2621270000,3539.3798828125
"2014-04-07",3522.2099609375,3551.2099609375,3482.75,3507.75,2554680000,3507.75
"2014-04-08",3511.82006835938,3543.97998046875,3499,3538.22998046875,2198900000,3538.22998046875
"2014-04-09",3552.07006835938,3602.35009765625,3544.09008789062,3600.43994140625,1957560000,3600.43994140625
"2014-04-10",3597.580078125,3599.63989257812,3479.14990234375,3487.76000976562,2421210000,3487.76000976562
"2014-04-11",3453.23999023438,3502.330078125,3440.55004882812,3446.85009765625,2264480000,3446.85009765625
"2014-04-14",3479.65991210938,3493.169921875,3443.26000976562,3474.6298828125,1890480000,3474.6298828125
"2014-04-15",3484.2900390625,3505.669921875,3414.11010742188,3487.85009765625,2413110000,3487.85009765625
"2014-04-16",3517.5,3533.09008789062,3489.2900390625,3533.09008789062,1863110000,3533.09008789062
"2014-04-17",3526.57006835938,3551.02001953125,3511.27001953125,3534.53002929688,1954720000,3534.53002929688
"2014-04-21",3543.64990234375,3559.94995117188,3525.59008789062,3559.94995117188,1544440000,3559.94995117188
"2014-04-22",3570.51000976562,3596.919921875,3566.8701171875,3588.81005859375,1875930000,3588.81005859375
"2014-04-23",3587.64990234375,3588.05004882812,3555.18994140625,3557.0400390625,1794760000,3557.0400390625
"2014-04-24",3609.830078125,3613.19995117188,3552.92993164062,3591.03002929688,2130870000,3591.03002929688
"2014-04-25",3569.919921875,3573.94995117188,3525.60009765625,3533.10009765625,2087140000,3533.10009765625
"2014-04-28",3546.9599609375,3570.11010742188,3489.60009765625,3545.03002929688,2348320000,3545.03002929688
"2014-04-29",3557.77001953125,3579.03002929688,3538.23999023438,3573.98999023438,1911240000,3573.98999023438
"2014-04-30",3556,3585.5,3548.11010742188,3582.02001953125,2151400000,3582.02001953125
"2014-05-01",3589.65991210938,3613.03002929688,3580.02001953125,3594.36010742188,2077040000,3594.36010742188
"2014-05-02",3608.84008789062,3611.56005859375,3578.53002929688,3587.63989257812,1844790000,3587.63989257812
"2014-05-05",3566.26000976562,3605.26000976562,3556.39990234375,3605.09008789062,1561170000,3605.09008789062
"2014-05-06",3598.27001953125,3599.64990234375,3556.10009765625,3556.51000976562,1850610000,3556.51000976562
"2014-05-07",3561.46997070312,3567.55004882812,3506.35009765625,3546.46997070312,2486030000,3546.46997070312
"2014-05-08",3533.38989257812,3583.63989257812,3524.85009765625,3540.419921875,2411940000,3540.419921875
"2014-05-09",3537.67993164062,3556.35009765625,3516.23999023438,3555.69995117188,1976160000,3555.69995117188
"2014-05-12",3574.23999023438,3613.3701171875,3572.68994140625,3612.72998046875,1880020000,3612.72998046875
"2014-05-13",3614.90991210938,3625.77001953125,3605.78002929688,3611.1298828125,1923480000,3611.1298828125
"2014-05-14",3603.580078125,3614.6298828125,3585.67993164062,3593.25,1764430000,3593.25
"2014-05-15",3594.59008789062,3598.34008789062,3542.6298828125,3565.169921875,2083030000,3565.169921875
"2014-05-16",3568.19995117188,3590.40991210938,3545.6298828125,3587.19995117188,1741070000,3587.19995117188
"2014-05-19",3577.85009765625,3618.9599609375,3572.28002929688,3615.6201171875,1601400000,3615.6201171875
"2014-05-20",3612.86010742188,3624.60009765625,3585.8798828125,3600.31005859375,1797910000,3600.31005859375
"2014-05-21",3605.7900390625,3636.46997070312,3605.51000976562,3635.61010742188,1703500000,3635.61010742188
"2014-05-22",3639.48999023438,3660.59008789062,3633.85009765625,3650.86010742188,1835810000,3650.86010742188
"2014-05-23",3656.27001953125,3678.169921875,3646.22998046875,3677.330078125,1536610000,3677.330078125
"2014-05-27",3693.17993164062,3723.07006835938,3691.09008789062,3723.07006835938,1812330000,3723.07006835938
"2014-05-28",3720.88989257812,3726.71997070312,3708.64990234375,3712.26000976562,1785140000,3712.26000976562
"2014-05-29",3723.27001953125,3735.71997070312,3717.65991210938,3735.71997070312,1.714e+09,3735.71997070312
"2014-05-30",3738.7099609375,3741.57006835938,3716.09008789062,3736.82006835938,1903660000,3736.82006835938
"2014-06-02",3740.7099609375,3740.7099609375,3707.88989257812,3732.9599609375,1631310000,3732.9599609375
"2014-06-03",3719.169921875,3735.96997070312,3715.4599609375,3730.07006835938,1718640000,3730.07006835938
"2014-06-04",3720,3750.01000976562,3715.23999023438,3743.59008789062,1610090000,3743.59008789062
"2014-06-05",3748.36010742188,3782,3735.18994140625,3776.94995117188,1926750000,3776.94995117188
"2014-06-06",3792.419921875,3795.13989257812,3782.1201171875,3794.57006835938,1616650000,3794.57006835938
"2014-06-09",3795.85009765625,3804.0400390625,3783.89990234375,3795.73999023438,1783060000,3795.73999023438
"2014-06-10",3790.47998046875,3802.4599609375,3786.56005859375,3800.86010742188,1787120000,3800.86010742188
"2014-06-11",3789.40991210938,3803.94995117188,3783.61010742188,3797.85009765625,1778460000,3797.85009765625
"2014-06-12",3790.59008789062,3794.98999023438,3751.68994140625,3763.80004882812,1908190000,3763.80004882812
"2014-06-13",3782.84008789062,3784.84008789062,3759.8701171875,3775.56005859375,1754560000,3775.56005859375
"2014-06-16",3768.3701171875,3789.92993164062,3761.419921875,3779.92993164062,1675120000,3779.92993164062
"2014-06-17",3775.72998046875,3790.919921875,3769.93994140625,3781.32006835938,1814360000,3781.32006835938
"2014-06-18",3786.18994140625,3807.48999023438,3764.53002929688,3804.61010742188,1860660000,3804.61010742188
"2014-06-19",3808.76000976562,3811.23999023438,3783.30004882812,3800.80004882812,1845460000,3800.80004882812
"2014-06-20",3803.10009765625,3807.919921875,3794.51000976562,3802.63989257812,2721380000,3802.63989257812
"2014-06-23",3802.25,3806.18994140625,3794.85009765625,3805.31005859375,1712930000,3805.31005859375
"2014-06-24",3807.48999023438,3837.169921875,3791.1201171875,3799.53002929688,2014700000,3799.53002929688
"2014-06-25",3794.84008789062,3831.85009765625,3792.31005859375,3827.330078125,1722820000,3827.330078125
"2014-06-26",3826.69995117188,3827.69995117188,3798.6298828125,3826.90991210938,1554070000,3826.90991210938
"2014-06-27",3825.02001953125,3844.88989257812,3823.2099609375,3844.43994140625,3964930000,3844.43994140625
"2014-06-30",3844.44995117188,3860.64990234375,3841.69995117188,3849.47998046875,1848110000,3849.47998046875
"2014-07-01",3864.13989257812,3902.92993164062,3863.81005859375,3894.330078125,1942550000,3894.330078125
"2014-07-02",3895.17993164062,3904.35009765625,3890.77001953125,3899.27001953125,1599480000,3899.27001953125
"2014-07-03",3911.11010742188,3923.14990234375,3901.330078125,3923.01000976562,1001730000,3923.01000976562
"2014-07-07",3917.88989257812,3923.919921875,3904.669921875,3910.7099609375,1691390000,3910.7099609375
"2014-07-08",3903.3701171875,3906.21997070312,3848.17993164062,3864.07006835938,2221820000,3864.07006835938
"2014-07-09",3873.169921875,3896.3798828125,3863.19995117188,3892.90991210938,1736960000,3892.90991210938
"2014-07-10",3837.2900390625,3895.71997070312,3837.15991210938,3880.0400390625,1682920000,3880.0400390625
"2014-07-11",3888.76000976562,3905.39990234375,3879.39990234375,3904.580078125,1511250000,3904.580078125
"2014-07-14",3923.60009765625,3937.72998046875,3916.53002929688,3929.4599609375,1579660000,3929.4599609375
"2014-07-15",3934.7900390625,3940.55004882812,3887.5,3914.4599609375,1772030000,3914.4599609375
"2014-07-16",3943.60009765625,3947.48999023438,3927.01000976562,3932.330078125,2059340000,3932.330078125
"2014-07-17",3921.8701171875,3933.8798828125,3866.21997070312,3878.01000976562,2055240000,3878.01000976562
"2014-07-18",3899.3798828125,3942.14990234375,3894.56005859375,3939.88989257812,1823580000,3939.88989257812
"2014-07-21",3933.11010742188,3941.92993164062,3917.73999023438,3934.13989257812,1557820000,3934.13989257812
"2014-07-22",3950.830078125,3966.10009765625,3949.09008789062,3961.6201171875,1724440000,3961.6201171875
"2014-07-23",3974.65991210938,3990.63989257812,3967.9599609375,3986.18994140625,1909810000,3986.18994140625
"2014-07-24",3994.17993164062,3997.5,3975.65991210938,3983.18994140625,1935090000,3983.18994140625
"2014-07-25",3959.35009765625,3970.43994140625,3945.05004882812,3965.169921875,1711430000,3965.169921875
"2014-07-28",3966.31005859375,3977,3936.71997070312,3967.23999023438,1783250000,3967.23999023438
"2014-07-29",3974.06005859375,3983.419921875,3957.21997070312,3959.03002929688,2090810000,3959.03002929688
"2014-07-30",3982.10009765625,3989,3960.2900390625,3976.07006835938,1872430000,3976.07006835938
"2014-07-31",3938.31005859375,3948.89990234375,3889.10009765625,3892.5,2273380000,3892.5
"2014-08-01",3886.10009765625,3908.2099609375,3855.35009765625,3879.669921875,2050340000,3879.669921875
"2014-08-04",3890.6298828125,3922.25,3875.10009765625,3908.77001953125,1677400000,3908.77001953125
"2014-08-05",3891.1298828125,3901.169921875,3858.64990234375,3874.93994140625,1916180000,3874.93994140625
"2014-08-06",3851.43994140625,3896.64990234375,3849.44995117188,3874.27001953125,1819310000,3874.27001953125
"2014-08-07",3889.68994140625,3895.73999023438,3845.19995117188,3857.93994140625,1866330000,3857.93994140625
"2014-08-08",3864.09008789062,3890.6298828125,3848.48999023438,3888.09008789062,1759060000,3888.09008789062
"2014-08-11",3899.97998046875,3921.18994140625,3899.3701171875,3910.4599609375,1537880000,3910.4599609375
"2014-08-12",3904.44995117188,3916.72998046875,3887.580078125,3905.22998046875,1560220000,3905.22998046875
"2014-08-13",3924.46997070312,3949.68994140625,3921.43994140625,3949.19995117188,1611690000,3949.19995117188
"2014-08-14",3953.27001953125,3969.23999023438,3949.080078125,3969.11010742188,1549820000,3969.11010742188
"2014-08-15",3993,3997.080078125,3951.25,3987.51000976562,1799460000,3987.51000976562
"2014-08-18",4007.18994140625,4022.47998046875,4003.4599609375,4020.5,1571100000,4020.5
"2014-08-19",4025.51000976562,4041.5,4024.169921875,4040.1298828125,1556560000,4040.1298828125
"2014-08-20",4032.90991210938,4046.96997070312,4032.19995117188,4040.7099609375,1502290000,4040.7099609375
"2014-08-21",4041,4048.94995117188,4035.75,4047.03002929688,1421730000,4047.03002929688
"2014-08-22",4052.13989257812,4060.89990234375,4040.21997070312,4052.75,1311810000,4052.75
"2014-08-25",4073.47998046875,4079.52001953125,4058.60009765625,4067.47998046875,1384620000,4067.47998046875
"2014-08-26",4073.05004882812,4076.5400390625,4062.72998046875,4071.669921875,1469620000,4071.669921875
"2014-08-27",4073.39990234375,4078.18994140625,4064.07006835938,4073.17993164062,1389470000,4073.17993164062
"2014-08-28",4059.3701171875,4072.2900390625,4054.61010742188,4066.27001953125,1309580000,4066.27001953125
"2014-08-29",4081.02001953125,4082.96997070312,4062.17993164062,4082.56005859375,1352830000,4082.56005859375
"2014-09-02",4093.1201171875,4095.8701171875,4078.18994140625,4095.81005859375,1859080000,4095.81005859375
"2014-09-03",4103.97021484375,4104.43017578125,4063.48999023438,4070.9599609375,1897450000,4070.9599609375
"2014-09-04",4078.82006835938,4100.77978515625,4056.53002929688,4066.1298828125,1728700000,4066.1298828125
"2014-09-05",4067.3701171875,4089.97998046875,4051.75,4089.919921875,1641830000,4089.919921875
"2014-09-08",4086.52001953125,4105.5,4076.6298828125,4095.46997070312,1670210000,4095.46997070312
"2014-09-09",4094.02001953125,4110.85986328125,4053.11010742188,4061.8798828125,1956550000,4061.8798828125
"2014-09-10",4063.85009765625,4095.90991210938,4054.61010742188,4094.96997070312,1808650000,4094.96997070312
"2014-09-11",4077.68994140625,4092.7900390625,4060.919921875,4092.64990234375,1704850000,4092.64990234375
"2014-09-12",4087.169921875,4089.6201171875,4057.53002929688,4069.22998046875,1784180000,4069.22998046875
"2014-09-15",4070.19995117188,4070.82006835938,4018.30004882812,4029.88989257812,1940520000,4029.88989257812
"2014-09-16",4012.53002929688,4073.13989257812,4009.97998046875,4067.27001953125,1879350000,4067.27001953125
"2014-09-17",4066.76000976562,4090.94995117188,4048.580078125,4073.57006835938,1796710000,4073.57006835938
"2014-09-18",4084.51000976562,4103.419921875,4080.82006835938,4103.080078125,1774840000,4103.080078125
"2014-09-19",4113.02001953125,4118.91015625,4084.44995117188,4100.08984375,3178490000,4100.08984375
"2014-09-22",4091.8701171875,4092.13989257812,4044.98999023438,4061.22998046875,1881520000,4061.22998046875
"2014-09-23",4045.669921875,4069.2099609375,4043.26000976562,4051.57006835938,1847730000,4051.57006835938
"2014-09-24",4055.419921875,4096.27001953125,4041.71997070312,4094.31005859375,1765260000,4094.31005859375
"2014-09-25",4079.3701171875,4087.18994140625,4007.6298828125,4007.82006835938,1939610000,4007.82006835938
"2014-09-26",4016.96997070312,4057.46997070312,4015.02001953125,4053.71997070312,1637480000,4053.71997070312
"2014-09-29",4009.65991210938,4056.42993164062,4008.580078125,4047.17993164062,1737750000,4047.17993164062
"2014-09-30",4054.86010742188,4070.43994140625,4031.69995117188,4049.44995117188,2200380000,4049.44995117188
"2014-10-01",4043.330078125,4043.43994140625,3972.90991210938,3984.73999023438,2312630000,3984.73999023438
"2014-10-02",3984.80004882812,3996.75,3934.93994140625,3985.8701171875,2165500000,3985.8701171875
"2014-10-03",4004.75,4040.56005859375,3995.81005859375,4027.31005859375,1777640000,4027.31005859375
"2014-10-06",4041.39990234375,4046.7099609375,4004.2099609375,4016.27001953125,1828240000,4016.27001953125
"2014-10-07",3999.25,4007.93994140625,3958.43994140625,3958.59008789062,2111360000,3958.59008789062
"2014-10-08",3960.7900390625,4048.7900390625,3938.15991210938,4041.1201171875,2451630000,4041.1201171875
"2014-10-09",4031.6201171875,4040.5400390625,3965.3701171875,3969.32006835938,2264220000,3969.32006835938
"2014-10-10",3946.32006835938,3969.47998046875,3870.86010742188,3870.86010742188,2765750000,3870.86010742188
"2014-10-13",3866.88989257812,3893.65991210938,3807.88989257812,3808,2467830000,3808
"2014-10-14",3837.21997070312,3860.0400390625,3801.15991210938,3810.44995117188,2496120000,3810.44995117188
"2014-10-15",3738.71997070312,3801.419921875,3700.22998046875,3785.96997070312,3058740000,3785.96997070312
"2014-10-16",3706.69995117188,3795.080078125,3704.830078125,3765.28002929688,2591940000,3765.28002929688
"2014-10-17",3815.71997070312,3848.97998046875,3791.15991210938,3815.46997070312,2260070000,3815.46997070312
"2014-10-20",3813.60009765625,3872.36010742188,3804.96997070312,3870.080078125,1717370000,3870.080078125
"2014-10-21",3916.64990234375,3971.39990234375,3908.830078125,3971.38989257812,1997580000,3971.38989257812
"2014-10-22",3980.48999023438,3988.39990234375,3947.97998046875,3949.59008789062,1967020000,3949.59008789062
"2014-10-23",3989.86010742188,4032.21997070312,3984.14990234375,4012.27001953125,1952380000,4012.27001953125
"2014-10-24",4019.84008789062,4045.18994140625,4003.42993164062,4042.02001953125,1754300000,4042.02001953125
"2014-10-27",4031.8798828125,4052.5,4019.22998046875,4046.02001953125,1585580000,4046.02001953125
"2014-10-28",4063.07006835938,4107.18994140625,4062.2099609375,4106.6298828125,1966920000,4106.6298828125
"2014-10-29",4091.6201171875,4104.06005859375,4062.48999023438,4090.55004882812,2184050000,4090.55004882812
"2014-10-30",4074.26000976562,4109.06005859375,4064.44995117188,4100.64013671875,2034960000,4100.64013671875
"2014-10-31",4168.5,4170.8701171875,4143.2001953125,4158.2099609375,2424360000,4158.2099609375
"2014-11-03",4160.60009765625,4179.35986328125,4156.7900390625,4169.27978515625,2.033e+09,4169.27978515625
"2014-11-04",4154.8798828125,4165.0498046875,4126.72021484375,4156.22998046875,1939320000,4156.22998046875
"2014-11-05",4179.22998046875,4179.93017578125,4140.2099609375,4153.27001953125,2001870000,4153.27001953125
"2014-11-06",4147.31005859375,4165.77001953125,4133.97998046875,4164.080078125,1986820000,4164.080078125
"2014-11-07",4170.4599609375,4171.1298828125,4139.4599609375,4160.5,1978830000,4160.5
"2014-11-10",4162.58984375,4179.97998046875,4151.47998046875,4175.9501953125,1830010000,4175.9501953125
"2014-11-11",4173.60986328125,4187.31005859375,4165.25,4187.16015625,1663690000,4187.16015625
"2014-11-12",4174.47021484375,4199.18994140625,4173.02001953125,4195.39990234375,1773060000,4195.39990234375
"2014-11-13",4202.77001953125,4228.68017578125,4194.330078125,4213.47998046875,1857580000,4213.47998046875
"2014-11-14",4214.97021484375,4225.18017578125,4198.58984375,4224.990234375,1739950000,4224.990234375
"2014-11-17",4215.2900390625,4225.47998046875,4194.18017578125,4213.7900390625,1695070000,4213.7900390625
"2014-11-18",4215.18017578125,4248.18994140625,4214.31982421875,4242.18994140625,1655760000,4242.18994140625
"2014-11-19",4233.7099609375,4235.83984375,4204.16015625,4222.66015625,1641560000,4222.66015625
"2014-11-20",4204.5400390625,4245.169921875,4202.35986328125,4242.08984375,1667330000,4242.08984375
"2014-11-21",4284.41015625,4285.27001953125,4237.3798828125,4251.31982421875,1854340000,4251.31982421875
"2014-11-24",4262.08984375,4285,4258.41015625,4284.31982421875,1568130000,4284.31982421875
"2014-11-25",4290.68017578125,4302.43994140625,4279.89990234375,4288.22998046875,1720140000,4288.22998046875
"2014-11-26",4291.8701171875,4319.41015625,4289.509765625,4317.990234375,1362930000,4317.990234375
"2014-11-28",4330.9599609375,4347.08984375,4326.2099609375,4337.7900390625,998600000,4337.7900390625
"2014-12-01",4323.9501953125,4332.5498046875,4274.68017578125,4287.81005859375,1893600000,4287.81005859375
"2014-12-02",4291.330078125,4312.919921875,4283.89013671875,4305.9599609375,1839170000,4305.9599609375
"2014-12-03",4312.169921875,4319.02001953125,4287.0400390625,4312.93017578125,1734510000,4312.93017578125
"2014-12-04",4309.47998046875,4327.5498046875,4293.93994140625,4311.93017578125,1724090000,4311.93017578125
"2014-12-05",4318.27978515625,4324.419921875,4302.0400390625,4311.56982421875,1767100000,4311.56982421875
"2014-12-08",4301.27001953125,4320.080078125,4259.009765625,4278.33984375,1966770000,4278.33984375
"2014-12-09",4228.2099609375,4297.72998046875,4216.8701171875,4294.669921875,1950330000,4294.669921875
"2014-12-10",4284.5,4297,4218.85009765625,4224.8701171875,1850810000,4224.8701171875
"2014-12-11",4241.68994140625,4296.81005859375,4238.2900390625,4246.47998046875,1873050000,4246.47998046875
"2014-12-12",4207.60986328125,4254.43017578125,4199.27978515625,4199.27978515625,1888870000,4199.27978515625
"2014-12-15",4224.169921875,4236.06005859375,4145.009765625,4157.41015625,2143610000,4157.41015625
"2014-12-16",4122.22998046875,4190.419921875,4089.18994140625,4089.60009765625,2231670000,4089.60009765625
"2014-12-17",4095.75,4175.97021484375,4089.09008789062,4165.10009765625,2279930000,4165.10009765625
"2014-12-18",4230.35009765625,4267.77001953125,4213.2099609375,4267.77001953125,2172260000,4267.77001953125
"2014-12-19",4272.75,4300.39990234375,4258.330078125,4281.77978515625,3287920000,4281.77978515625
"2014-12-22",4271.8701171875,4295.27001953125,4270.5400390625,4293.669921875,1720070000,4293.669921875
"2014-12-23",4308.9501953125,4309.02978515625,4274.509765625,4279.2998046875,1590820000,4279.2998046875
"2014-12-24",4283.18994140625,4298.8701171875,4281.7998046875,4283.10009765625,729750000,4283.10009765625
"2014-12-26",4295.72021484375,4322.4501953125,4294.7998046875,4314.08984375,930220000,4314.08984375
"2014-12-29",4309.7001953125,4321.2001953125,4306.669921875,4312.64013671875,1227740000,4312.64013671875
"2014-12-30",4301.14013671875,4309.1298828125,4277.75,4282.35009765625,1269200000,4282.35009765625
"2014-12-31",4294.8798828125,4307.009765625,4233.7099609375,4236.27978515625,1515600000,4236.27978515625
"2015-01-02",4258.60009765625,4276.7099609375,4206.4599609375,4230.240234375,1435150000,4230.240234375
"2015-01-05",4206.5498046875,4210.9599609375,4151.85009765625,4160.9599609375,1794470000,4160.9599609375
"2015-01-06",4174.77978515625,4176.259765625,4090.330078125,4110.830078125,2167320000,4110.830078125
"2015-01-07",4139.85009765625,4169.97021484375,4126.39013671875,4160,1957950000,4160
"2015-01-08",4195.490234375,4247.93017578125,4192.6298828125,4240.5498046875,2105450000,4240.5498046875
"2015-01-09",4250.97998046875,4253.97021484375,4188.60986328125,4213.27978515625,1715830000,4213.27978515625
"2015-01-12",4221.52001953125,4223.8798828125,4158.10986328125,4169.97021484375,1861960000,4169.97021484375
"2015-01-13",4212.990234375,4252.7001953125,4134.93994140625,4166.2001953125,2162180000,4166.2001953125
"2015-01-14",4122.080078125,4165,4108.31982421875,4145.83984375,2073810000,4145.83984375
"2015-01-15",4162.10986328125,4169.43994140625,4085.69995117188,4089.64990234375,1976260000,4089.64990234375
"2015-01-16",4087.8798828125,4143.52978515625,4078.85009765625,4142.14013671875,1970520000,4142.14013671875
"2015-01-20",4164.43017578125,4181.33984375,4117.14990234375,4171.2099609375,1835040000,4171.2099609375
"2015-01-21",4158.1298828125,4211.27978515625,4145.81982421875,4192.08984375,1847420000,4192.08984375
"2015-01-22",4215,4274.14990234375,4173.5400390625,4270.35986328125,1996550000,4270.35986328125
"2015-01-23",4268.52978515625,4292.8798828125,4258.47998046875,4278.14013671875,1653830000,4278.14013671875
"2015-01-26",4271.10009765625,4282.47998046875,4254.47021484375,4275.72021484375,1717510000,4275.72021484375
"2015-01-27",4200.8798828125,4209.41015625,4151.14990234375,4165.5,1954160000,4165.5
"2015-01-28",4233.740234375,4235.14990234375,4140.3798828125,4140.3798828125,2118680000,4140.3798828125
"2015-01-29",4134.52001953125,4189.5400390625,4103.7099609375,4181.35009765625,2110710000,4181.35009765625
"2015-01-30",4178.6201171875,4210.85009765625,4144.02978515625,4148.43017578125,2264230000,4148.43017578125
"2015-02-02",4162.2001953125,4189.08984375,4094.72998046875,4188.58984375,2006450000,4188.58984375
"2015-02-03",4201.93994140625,4229.14990234375,4174.22998046875,4229.14990234375,2153520000,4229.14990234375
"2015-02-04",4202.43017578125,4248.83984375,4198.740234375,4221.2001953125,2212960000,4221.2001953125
"2015-02-05",4229.6201171875,4258,4220.169921875,4256.18017578125,2036590000,4256.18017578125
"2015-02-06",4259.97998046875,4271.27978515625,4214.89013671875,4228.68017578125,2034060000,4228.68017578125
"2015-02-09",4209.81005859375,4235.240234375,4206.759765625,4216.08984375,1654680000,4216.08984375
"2015-02-10",4240.0400390625,4286.43017578125,4232.990234375,4281.16015625,1773730000,4281.16015625
"2015-02-11",4284.759765625,4305.35009765625,4277.64990234375,4297.27978515625,1793630000,4297.27978515625
"2015-02-12",4321.41015625,4347.97021484375,4317.97998046875,4347.97021484375,2075470000,4347.97021484375
"2015-02-13",4359.77978515625,4384.02978515625,4351.02001953125,4384.02978515625,1942240000,4384.02978515625
"2015-02-17",4379.31982421875,4387.31982421875,4370.6298828125,4385.33984375,1751490000,4385.33984375
"2015-02-18",4378.72998046875,4393.18994140625,4374.22998046875,4390.91015625,1684800000,4390.91015625
"2015-02-19",4388.919921875,4415.7900390625,4388.43994140625,4411.85986328125,1592890000,4411.85986328125
"2015-02-20",4406.75,4444.6201171875,4397.6201171875,4443.0498046875,1761140000,4443.0498046875
"2015-02-23",4441.259765625,4449.490234375,4430.8701171875,4449.490234375,1754850000,4449.490234375
"2015-02-24",4442.1298828125,4455.52001953125,4428.81982421875,4451.02978515625,1834890000,4451.02978515625
"2015-02-25",4441.080078125,4461.10986328125,4429.89990234375,4440.58984375,1848560000,4440.58984375
"2015-02-26",4443.5498046875,4463.81005859375,4430.7900390625,4462.27001953125,1905550000,4462.27001953125
"2015-02-27",4459.85986328125,4464.31005859375,4435.66015625,4440.669921875,1955590000,4440.669921875
"2015-03-02",4452.7998046875,4483.97021484375,4450.85986328125,4483.0498046875,1931110000,4483.0498046875
"2015-03-03",4466.52978515625,4473.64013671875,4433.509765625,4458.77978515625,2018900000,4458.77978515625
"2015-03-04",4442.41015625,4452.3701171875,4421,4445.35986328125,1824830000,4445.35986328125
"2015-03-05",4454.89013671875,4464.47998046875,4433.93994140625,4452.06005859375,1724200000,4452.06005859375
"2015-03-06",4442.18994140625,4453.93017578125,4389.81982421875,4399.22998046875,1918220000,4399.22998046875
"2015-03-09",4406.8701171875,4424.22021484375,4391.6201171875,4412.990234375,1696510000,4412.990234375
"2015-03-10",4376.02978515625,4381.6201171875,4329.080078125,4329.080078125,1876010000,4329.080078125
"2015-03-11",4336.0498046875,4342.8701171875,4304.27978515625,4305.3798828125,1846020000,4305.3798828125
"2015-03-12",4302.72998046875,4339.2001953125,4300.8701171875,4336.22998046875,1855110000,4336.22998046875
"2015-03-13",4328.08984375,4347.8701171875,4289.2998046875,4314.89990234375,1851410000,4314.89990234375
"2015-03-16",4338.2900390625,4371.4599609375,4327.27001953125,4370.47021484375,1713480000,4370.47021484375
"2015-03-17",4355.830078125,4384.97998046875,4349.68994140625,4375.6298828125,1724370000,4375.6298828125
"2015-03-18",4366.7998046875,4440.490234375,4344.490234375,4422.5,1983570000,4422.5
"2015-03-19",4424.7900390625,4440.009765625,4419.83984375,4426.81982421875,1674970000,4426.81982421875
"2015-03-20",4468.2900390625,4478.68017578125,4456.41015625,4458.5400390625,2825670000,4458.5400390625
"2015-03-23",4454.14990234375,4466.33984375,4445.52001953125,4445.5400390625,1608880000,4445.5400390625
"2015-03-24",4444.39013671875,4467.7900390625,4430.97021484375,4430.990234375,1611670000,4430.990234375
"2015-03-25",4437.3798828125,4442.5400390625,4329.2900390625,4329.2900390625,2219520000,4329.2900390625
"2015-03-26",4288.16015625,4340.16015625,4280.9501953125,4315.259765625,2004960000,4315.259765625
"2015-03-27",4314.60009765625,4342.93017578125,4309.52001953125,4332.85986328125,1678650000,4332.85986328125
"2015-03-30",4359.77978515625,4384.18017578125,4359.77978515625,4382.81982421875,1778520000,4382.81982421875
"2015-03-31",4364.14013671875,4377.35986328125,4333.68994140625,4333.68994140625,1837660000,4333.68994140625
"2015-04-01",4328.169921875,4334.56005859375,4284.06005859375,4311.259765625,1874960000,4311.259765625
"2015-04-02",4316.240234375,4327.7900390625,4302.490234375,4316.009765625,1563670000,4316.009765625
"2015-04-06",4286.16015625,4361.56005859375,4283.91015625,4350.97998046875,1737560000,4350.97998046875
"2015-04-07",4349.2998046875,4379.41015625,4343.740234375,4344.080078125,1572940000,4344.080078125
"2015-04-08",4345.22998046875,4382.81982421875,4345.08984375,4375.9599609375,1714210000,4375.9599609375
"2015-04-09",4375.77978515625,4405.64990234375,4361.22998046875,4403.9501953125,1729750000,4403.9501953125
"2015-04-10",4402.02001953125,4422.6298828125,4394.3798828125,4422.02001953125,244120000,4422.02001953125
"2015-04-13",4428.1298828125,4448.2001953125,4407.06982421875,4409.2099609375,1544190000,4409.2099609375
"2015-04-14",4409.2900390625,4418.8701171875,4375.10986328125,4397.64013671875,1571360000,4397.64013671875
"2015-04-15",4409.740234375,4435.27978515625,4406.0400390625,4424.52978515625,1795530000,4424.52978515625
"2015-04-16",4412.14990234375,4427.22021484375,4408.9599609375,4418.830078125,1662850000,4418.830078125
"2015-04-17",4379.6298828125,4390.31005859375,4333.10986328125,4351.7998046875,1985190000,4351.7998046875
"2015-04-20",4373.64990234375,4423.8798828125,4373.08984375,4417.39990234375,1646340000,4417.39990234375
"2015-04-21",4444.5,4448.68017578125,4430.97998046875,4435.97998046875,1721260000,4435.97998046875
"2015-04-22",4448.580078125,4466.83984375,4419.35009765625,4460.81005859375,1696380000,4460.81005859375
"2015-04-23",4445.169921875,4496.080078125,4444.2900390625,4477.06982421875,1858620000,4477.06982421875
"2015-04-24",4529.72998046875,4543.64013671875,4517.8798828125,4536.77978515625,1895150000,4536.77978515625
"2015-04-27",4548.509765625,4562.330078125,4516.330078125,4525.0400390625,2172470000,4525.0400390625
"2015-04-28",4529.41015625,4537.14990234375,4479.009765625,4515.27001953125,2032500000,4515.27001953125
"2015-04-29",4490.56982421875,4517.009765625,4463.97998046875,4488.14990234375,1871300000,4488.14990234375
"2015-04-30",4459.22998046875,4480.35986328125,4395.10009765625,4414.25,2269290000,4414.25
"2015-05-01",4437.7001953125,4479.06005859375,4435.240234375,4479.06005859375,1854400000,4479.06005859375
"2015-05-04",4491.18994140625,4510.47021484375,4480.85009765625,4482.60986328125,1668200000,4482.60986328125
"2015-05-05",4464.2099609375,4472.22998046875,4407.27001953125,4409.39013671875,2069490000,4409.39013671875
"2015-05-06",4420.2998046875,4429.9599609375,4349.93017578125,4379.75,2144620000,4379.75
"2015-05-07",4377.81005859375,4413.72998046875,4373.2900390625,4401.5498046875,2042960000,4401.5498046875
"2015-05-08",4445,4466.169921875,4441.72998046875,4458.64990234375,1978760000,4458.64990234375
"2015-05-11",4457.6201171875,4468.75,4437.52978515625,4438.64013671875,1731390000,4438.64013671875
"2015-05-12",4412.81982421875,4441.39990234375,4380.52001953125,4420.64990234375,1705870000,4420.64990234375
"2015-05-13",4436.080078125,4460.5400390625,4421.75,4426.56005859375,1672260000,4426.56005859375
"2015-05-14",4461.06982421875,4496.25,4448.3798828125,4495.0400390625,1741970000,4495.0400390625
"2015-05-15",4505.39013671875,4509.1298828125,4482.5498046875,4494.2900390625,1667260000,4494.2900390625
"2015-05-18",4487.14013671875,4521.009765625,4483.759765625,4512.9501953125,1643870000,4512.9501953125
"2015-05-19",4514.669921875,4521.85009765625,4498.52978515625,4503.72021484375,1750980000,4503.72021484375
"2015-05-20",4505.58984375,4533.919921875,4484.52001953125,4505.2998046875,1786830000,4505.2998046875
"2015-05-21",4499.419921875,4537.27978515625,4495.39013671875,4529.47021484375,1683670000,4529.47021484375
"2015-05-22",4522.85986328125,4542.4599609375,4522.60986328125,4527.16015625,1544920000,4527.16015625
"2015-05-26",4516.6298828125,4521.85009765625,4456.759765625,4472.9599609375,1731950000,4472.9599609375
"2015-05-27",4488.0498046875,4551.52978515625,4479.740234375,4546.06005859375,1809550000,4546.06005859375
"2015-05-28",4537.47998046875,4548.240234375,4523.5498046875,4535.66015625,1741420000,4535.66015625
"2015-05-29",4532.14990234375,4539.56982421875,4499.64990234375,4508.25,2024170000,4508.25
"2015-06-01",4530.02978515625,4535.43017578125,4488.169921875,4521.85009765625,1902120000,4521.85009765625
"2015-06-02",4503.759765625,4531.080078125,4486.18994140625,4508.89013671875,1729750000,4508.89013671875
"2015-06-03",4531.0400390625,4539.35009765625,4512.43994140625,4519.85986328125,1852680000,4519.85986328125
"2015-06-04",4501.72998046875,4526.2099609375,4475.0498046875,4487.02978515625,1813960000,4487.02978515625
"2015-06-05",4483.43017578125,4493.43017578125,4452.31982421875,4477.18994140625,1842890000,4477.18994140625
"2015-06-08",4476.68994140625,4477.830078125,4423.7998046875,4431.509765625,1712210000,4431.509765625
"2015-06-09",4421.02001953125,4441.6201171875,4392.4501953125,4427.60986328125,1754340000,4427.60986328125
"2015-06-10",4440.5400390625,4497.509765625,4435.2900390625,4485.4599609375,1792980000,4485.4599609375
"2015-06-11",4498.490234375,4511.31982421875,4483.83984375,4488.47021484375,1623950000,4488.47021484375
"2015-06-12",4467.3798828125,4476.2099609375,4449.2099609375,4453.7900390625,1428900000,4453.7900390625
"2015-06-15",4416.14013671875,4437.97021484375,4396.1298828125,4432.919921875,1790280000,4432.919921875
"2015-06-16",4428.2998046875,4463.2001953125,4426.18994140625,4455.89990234375,1654820000,4455.89990234375
"2015-06-17",4465.169921875,4482.27001953125,4441.33984375,4468.97998046875,1712820000,4468.97998046875
"2015-06-18",4483.60986328125,4540.68994140625,4483.60986328125,4531.85009765625,1877920000,4531.85009765625
"2015-06-19",4538.7099609375,4539.490234375,4511.2099609375,4513.419921875,2468310000,4513.419921875
"2015-06-22",4541.85009765625,4557.97998046875,4534.759765625,4544.0400390625,1619970000,4544.0400390625
"2015-06-23",4549.52001953125,4551.77001953125,4529.990234375,4548.740234375,1613540000,4548.740234375
"2015-06-24",4542.06982421875,4561.64013671875,4523.89990234375,4524.60009765625,1628800000,4524.60009765625
"2015-06-25",4540.39990234375,4546.14990234375,4508.66015625,4514.009765625,1614760000,4514.009765625
"2015-06-26",4514.3701171875,4523.97021484375,4469.22998046875,4484.27978515625,3843810000,4484.27978515625
"2015-06-29",4433.10986328125,4460.080078125,4377.22998046875,4379.8701171875,2025580000,4379.8701171875
"2015-06-30",4414.85986328125,4420.5,4381.93994140625,4396.759765625,2034430000,4396.759765625
"2015-07-01",4433.7900390625,4445.89990234375,4409.419921875,4429.22998046875,1814560000,4429.22998046875
"2015-07-02",4440.169921875,4445.830078125,4417.47998046875,4433.39013671875,1490810000,4433.39013671875
"2015-07-06",4394.43994140625,4444.41015625,4394.43994140625,4418.66015625,1741500000,4418.66015625
"2015-07-07",4422.75,4434.91015625,4344.14990234375,4429.06005859375,2132080000,4429.06005859375
"2015-07-08",4392.509765625,4403.1298828125,4346.419921875,4351.580078125,1931520000,4351.580078125
"2015-07-09",4410.27001953125,4414.43017578125,4351.509765625,4352.02978515625,1861600000,4352.02978515625
"2015-07-10",4405.990234375,4434.10986328125,4394.009765625,4420.14990234375,1590230000,4420.14990234375
"2015-07-13",4457.759765625,4498.740234375,4456.5400390625,4494.47021484375,1694140000,4494.47021484375
"2015-07-14",4503.2001953125,4537.2099609375,4500.66015625,4523.47021484375,1682660000,4523.47021484375
"2015-07-15",4531.31982421875,4547.18017578125,4517.39990234375,4528.35986328125,1691350000,4528.35986328125
"2015-07-16",4567.06005859375,4595.02001953125,4558.31982421875,4594.89990234375,1823530000,4594.89990234375
"2015-07-17",4635.47998046875,4661.60009765625,4624.68017578125,4661.60009765625,1854450000,4661.60009765625
"2015-07-20",4670.22998046875,4694.1298828125,4657.97998046875,4679.68017578125,1814180000,4679.68017578125
"2015-07-21",4679.5400390625,4686.35986328125,4661.759765625,4674.41015625,1774570000,4674.41015625
"2015-07-22",4604.97021484375,4643.830078125,4604.52978515625,4623.240234375,2035730000,4623.240234375
"2015-07-23",4627.56005859375,4641.580078125,4592.490234375,4602.830078125,2003310000,4602.830078125
"2015-07-24",4630.9501953125,4632.06005859375,4552.39990234375,4557.3701171875,2004380000,4557.3701171875
"2015-07-27",4530.3701171875,4551.990234375,4511.919921875,4519.08984375,1935470000,4519.08984375
"2015-07-28",4539.47021484375,4568.7900390625,4506.18994140625,4560.22998046875,2025110000,4560.22998046875
"2015-07-29",4570.5,4586.77978515625,4552.759765625,4581.60009765625,1898100000,4581.60009765625
"2015-07-30",4570.77001953125,4606.64990234375,4540.97998046875,4598.58984375,1908480000,4598.58984375
"2015-07-31",4616.47998046875,4616.47998046875,4584.22021484375,4588.91015625,1926360000,4588.91015625
"2015-08-03",4595.259765625,4607.52001953125,4549.60009765625,4580.4599609375,1790080000,4580.4599609375
"2015-08-04",4573.25,4584.4501953125,4551.89990234375,4567.47021484375,1819700000,4567.47021484375
"2015-08-05",4592.81005859375,4634.7001953125,4590.18994140625,4602.240234375,2041490000,4602.240234375
"2015-08-06",4608.68994140625,4612.6201171875,4508.2998046875,4528.509765625,2290950000,4528.509765625
"2015-08-07",4519.35986328125,4532.4599609375,4485.5,4520.080078125,2008360000,4520.080078125
"2015-08-10",4558.68017578125,4583.6298828125,4554.6298828125,4573.10986328125,1784930000,4573.10986328125
"2015-08-11",4548.75,4567.68994140625,4491.06005859375,4513.990234375,1912340000,4513.990234375
"2015-08-12",4475.91015625,4539.18017578125,4436.5400390625,4528.18994140625,2089460000,4528.18994140625
"2015-08-13",4536.9599609375,4556.14013671875,4514.4501953125,4519.31982421875,1632340000,4519.31982421875
"2015-08-14",4512.8798828125,4536.2001953125,4503.830078125,4530.740234375,1487630000,4530.740234375
"2015-08-17",4516.8798828125,4568.58984375,4507.97998046875,4566.3701171875,1510790000,4566.3701171875
"2015-08-18",4556.22998046875,4562.14990234375,4536.0498046875,4542.06982421875,1501540000,4542.06982421875
"2015-08-19",4525.31982421875,4550.669921875,4486.10986328125,4510.89990234375,1785420000,4510.89990234375
"2015-08-20",4467.7900390625,4484.35986328125,4385.1298828125,4385.1298828125,2.087e+09,4385.1298828125
"2015-08-21",4313.18994140625,4361.31982421875,4197.27001953125,4197.27001953125,2768540000,4197.27001953125
"2015-08-24",3847.1201171875,4199.7900390625,3787.22998046875,4038.60009765625,3498840000,4038.60009765625
"2015-08-25",4187.27978515625,4207.3798828125,4015.90991210938,4016.32006835938,2612800000,4016.32006835938
"2015-08-26",4141.240234375,4227.85986328125,4052.5400390625,4219.60009765625,2631660000,4219.60009765625
"2015-08-27",4281.6298828125,4328.990234375,4231.14013671875,4324.81982421875,2358880000,4324.81982421875
"2015-08-28",4307.0498046875,4340.7001953125,4295.56005859375,4329.1201171875,1936540000,4329.1201171875
"2015-08-31",4299.8798828125,4324.740234375,4262.08984375,4274.580078125,1839010000,4274.580078125
"2015-09-01",4177.93994140625,4229.31005859375,4121.830078125,4142.6298828125,2253750000,4142.6298828125
"2015-09-02",4207.68017578125,4256.22998046875,4166.080078125,4256.22998046875,1929080000,4256.22998046875
"2015-09-03",4267.33984375,4300.2998046875,4222.3798828125,4234.64990234375,1803320000,4234.64990234375
"2015-09-04",4175.6201171875,4210.81005859375,4160.43017578125,4184.72021484375,1574720000,4184.72021484375
"2015-09-08",4267.39990234375,4306.5,4247.14013671875,4303.52978515625,1765600000,4303.52978515625
"2015-09-09",4346.35986328125,4352.9599609375,4242.47021484375,4253.4501953125,1963750000,4253.4501953125
"2015-09-10",4248.47998046875,4326.77001953125,4243.68994140625,4296.2998046875,1845770000,4296.2998046875
"2015-09-11",4273.6201171875,4323.22998046875,4268.10009765625,4323.22998046875,1686190000,4323.22998046875
"2015-09-14",4334.85986328125,4334.93994140625,4293.77001953125,4308.759765625,1467740000,4308.759765625
"2015-09-15",4322.41015625,4373.18994140625,4303.89013671875,4360.27978515625,1587460000,4360.27978515625
"2015-09-16",4357.35986328125,4388.31982421875,4346.47021484375,4383.669921875,1666380000,4383.669921875
"2015-09-17",4378.990234375,4450.66015625,4368.7998046875,4384.9599609375,1891510000,4384.9599609375
"2015-09-18",4325.2900390625,4374.919921875,4317.08984375,4323.85986328125,3272150000,4323.85986328125
"2015-09-21",4343.77001953125,4372.419921875,4299.93994140625,4336.1298828125,2021530000,4336.1298828125
"2015-09-22",4273.2998046875,4286.60009765625,4233.89990234375,4274.10009765625,2042880000,4274.10009765625
"2015-09-23",4280.009765625,4294.72998046875,4255.06005859375,4273.52978515625,1606330000,4273.52978515625
"2015-09-24",4239.85009765625,4275.64013671875,4198.10986328125,4261.10009765625,1995820000,4261.10009765625
"2015-09-25",4305.39013671875,4308.66015625,4198.9599609375,4224.740234375,2050530000,4224.740234375
"2015-09-28",4206.68017578125,4207.02001953125,4092.2900390625,4103.47021484375,2387610000,4103.47021484375
"2015-09-29",4110.259765625,4155.31005859375,4053.1201171875,4083.3701171875,2293450000,4083.3701171875
"2015-09-30",4137.18017578125,4181.06005859375,4125.2001953125,4181.06005859375,2398350000,4181.06005859375
"2015-10-01",4185.27978515625,4194.18017578125,4128.33984375,4192.9599609375,2133990000,4192.9599609375
"2015-10-02",4136.9599609375,4267.4501953125,4124.5498046875,4267.4501953125,2183320000,4267.4501953125
"2015-10-05",4296.5400390625,4339.22998046875,4290.25,4331.43017578125,2005320000,4331.43017578125
"2015-10-06",4315.31982421875,4332.02978515625,4273.7001953125,4306.7001953125,2085020000,4306.7001953125
"2015-10-07",4331.8701171875,4342.58984375,4279.2099609375,4333.4599609375,2149890000,4333.4599609375
"2015-10-08",4316.18017578125,4358.08984375,4275.58984375,4350.14990234375,1984230000,4350.14990234375
"2015-10-09",4355.240234375,4378.259765625,4341.509765625,4370.009765625,1804260000,4370.009765625
"2015-10-12",4378.64013671875,4389.77001953125,4363.9599609375,4382.56005859375,1343820000,4382.56005859375
"2015-10-13",4354.06005859375,4399.93017578125,4349.18017578125,4352.93994140625,1565060000,4352.93994140625
"2015-10-14",4356.81982421875,4373.7099609375,4328.9599609375,4346.919921875,1902460000,4346.919921875
"2015-10-15",4361.97998046875,4418.25,4357.22021484375,4418.22021484375,1942900000,4418.22021484375
"2015-10-16",4419.9501953125,4438.75,4405.8798828125,4438.6201171875,1855290000,4438.6201171875
"2015-10-19",4428.06005859375,4464.77978515625,4420.7998046875,4462.06982421875,1619920000,4462.06982421875
"2015-10-20",4454.6201171875,4463.10986328125,4424.33984375,4438.18017578125,1711700000,4438.18017578125
"2015-10-21",4462.22021484375,4464.72998046875,4409.89990234375,4413.52001953125,1895390000,4413.52001953125
"2015-10-22",4451.31982421875,4504.7001953125,4438.60009765625,4503.22021484375,2156040000,4503.22021484375
"2015-10-23",4623.72021484375,4645.9599609375,4598.740234375,4624.08984375,2178270000,4624.08984375
"2015-10-26",4621.14013671875,4638.75,4606.66015625,4630.85009765625,1758690000,4630.85009765625
"2015-10-27",4617.60009765625,4645.93994140625,4617.43994140625,4639.22998046875,1986840000,4639.22998046875
"2015-10-28",4649.10009765625,4678.580078125,4609.93017578125,4678.580078125,2141130000,4678.580078125
"2015-10-29",4657.77978515625,4678.2001953125,4653,4670.759765625,1928310000,4670.759765625
"2015-10-30",4676.2998046875,4681.22998046875,4648.830078125,4648.830078125,2016390000,4648.830078125
"2015-11-02",4658.7900390625,4707.77001953125,4652.4501953125,4703.919921875,1888180000,4703.919921875
"2015-11-03",4692.02978515625,4735.31005859375,4685.97998046875,4719.0498046875,2028630000,4719.0498046875
"2015-11-04",4729.06982421875,4737.1201171875,4698.83984375,4717.5498046875,2096110000,4717.5498046875
"2015-11-05",4718.509765625,4731.56005859375,4678.7900390625,4702.89990234375,2054490000,4702.89990234375
"2015-11-06",4695.8798828125,4710.47021484375,4665.41015625,4707.22998046875,2066430000,4707.22998046875
"2015-11-09",4687.35009765625,4694.27001953125,4627.1201171875,4655.52001953125,1850770000,4655.52001953125
"2015-11-10",4628.830078125,4647.31982421875,4616.7099609375,4641.72998046875,1906120000,4641.72998046875
"2015-11-11",4657.18994140625,4677.77978515625,4631.06005859375,4636.93994140625,1672340000,4636.93994140625
"2015-11-12",4617.77978515625,4639.259765625,4588.080078125,4588.93017578125,1820930000,4588.93017578125
"2015-11-13",4566.1201171875,4575.7998046875,4499.14990234375,4502.14013671875,2001050000,4502.14013671875
"2015-11-16",4494.56005859375,4566.02978515625,4486.08984375,4565.47021484375,1819190000,4565.47021484375
"2015-11-17",4571.5498046875,4598.27001953125,4554.89013671875,4565.81982421875,1861710000,4565.81982421875
"2015-11-18",4586.240234375,4657.6298828125,4580.72021484375,4653.43994140625,2017390000,4653.43994140625
"2015-11-19",4657.60986328125,4678.02001953125,4648.93994140625,4655.35009765625,1794110000,4655.35009765625
"2015-11-20",4680.509765625,4691.58984375,4674.60986328125,4686.35986328125,1766630000,4686.35986328125
"2015-11-23",4689.97998046875,4706.6201171875,4655.60009765625,4674.7900390625,1668280000,4674.7900390625
"2015-11-24",4645.52001953125,4682.1298828125,4621.6298828125,4669.41015625,1956920000,4669.41015625
"2015-11-25",4674.22998046875,4683.5498046875,4666.240234375,4672.8798828125,1539300000,4672.8798828125
"2015-11-27",4680.43994140625,4689.580078125,4665.919921875,4680.47021484375,781730000,4680.47021484375
"2015-11-30",4692.56982421875,4695.06005859375,4654.52978515625,4664.509765625,2223880000,4664.509765625
"2015-12-01",4685.740234375,4716.16015625,4682.39990234375,4716.16015625,2035570000,4716.16015625
"2015-12-02",4720.27001953125,4739.75,4680.06005859375,4686.22021484375,2060340000,4686.22021484375
"2015-12-03",4704.2001953125,4705.77978515625,4579.91015625,4606.75,2088100000,4606.75
"2015-12-04",4621.47998046875,4722.39013671875,4612.10986328125,4716.1201171875,1897490000,4716.1201171875
"2015-12-07",4718.5498046875,4720.81982421875,4671.8701171875,4693.6201171875,1952690000,4693.6201171875
"2015-12-08",4646.43017578125,4708.47021484375,4643.64990234375,4694.77001953125,1871450000,4694.77001953125
"2015-12-09",4674.7998046875,4698.25,4595.009765625,4622.14013671875,2003450000,4622.14013671875
"2015-12-10",4627.77001953125,4674,4619.97998046875,4643.0498046875,1746520000,4643.0498046875
"2015-12-11",4583.080078125,4600.91015625,4534.0498046875,4537.56005859375,2084950000,4537.56005859375
"2015-12-14",4535.56005859375,4571.56982421875,4478.25,4570.16015625,2196060000,4570.16015625
"2015-12-15",4607.2001953125,4636.77001953125,4592.72021484375,4597.330078125,2054710000,4597.330078125
"2015-12-16",4633.85009765625,4673.5400390625,4582.8701171875,4664.56005859375,2016610000,4664.56005859375
"2015-12-17",4680.6298828125,4681.1298828125,4597.64990234375,4598.14013671875,1897220000,4598.14013671875
"2015-12-18",4578.68994140625,4593.39990234375,4513.22998046875,4514.830078125,3765210000,4514.830078125
"2015-12-21",4547.919921875,4560.7099609375,4519.81982421875,4560.5498046875,1673400000,4560.5498046875
"2015-12-22",4580.60986328125,4596.080078125,4560.5400390625,4589.259765625,1556670000,4589.259765625
"2015-12-23",4612.16015625,4626.169921875,4605.35986328125,4624.58984375,1591490000,4624.58984375
"2015-12-24",4626.31982421875,4635.58984375,4620.7998046875,4622.77001953125,706880000,4622.77001953125
"2015-12-28",4610.41015625,4621.68017578125,4580.1298828125,4621.35009765625,1310650000,4621.35009765625
"2015-12-29",4645.080078125,4702.740234375,4644.31982421875,4691.080078125,1383470000,4691.080078125
"2015-12-30",4687.16015625,4688.66015625,4651.72998046875,4652.009765625,1247530000,4652.009765625
"2015-12-31",4634.16015625,4642.5498046875,4592.8798828125,4593.27001953125,1437480000,4593.27001953125
"2016-01-04",4485.06005859375,4497.85986328125,4439.1298828125,4497.85986328125,2218420000,4497.85986328125
"2016-01-05",4512.0400390625,4522.1201171875,4466.0498046875,4484.18017578125,1927380000,4484.18017578125
"2016-01-06",4409.77978515625,4467.5498046875,4409.490234375,4443.990234375,2168620000,4443.990234375
"2016-01-07",4349.14013671875,4403.60986328125,4303.66015625,4305.72021484375,2552590000,4305.72021484375
"2016-01-08",4336.1201171875,4362.4599609375,4264.81005859375,4270.77978515625,2288750000,4270.77978515625
"2016-01-11",4300.97021484375,4311.14013671875,4217.6298828125,4283.5498046875,2391110000,4283.5498046875
"2016-01-12",4322.77001953125,4353.18994140625,4273.02001953125,4333.72021484375,2147470000,4333.72021484375
"2016-01-13",4352.64013671875,4359.5,4177.2998046875,4183.1201171875,2533200000,4183.1201171875
"2016-01-14",4201.22998046875,4308.25,4133.31982421875,4272.97021484375,2565560000,4272.97021484375
"2016-01-15",4123.8701171875,4184.68994140625,4085.7900390625,4141.080078125,2818630000,4141.080078125
"2016-01-19",4199.56005859375,4202.0400390625,4101.0498046875,4147.06982421875,2394550000,4147.06982421875
"2016-01-20",4078.22998046875,4178.64013671875,3992.90991210938,4136.27978515625,3204130000,4136.27978515625
"2016-01-21",4146.4501953125,4200.35986328125,4099.2998046875,4142.60009765625,2447750000,4142.60009765625
"2016-01-22",4226.43994140625,4260.5498046875,4209.240234375,4259.77001953125,2153340000,4259.77001953125
"2016-01-25",4245.47021484375,4268.10986328125,4193.31982421875,4196.52978515625,2028880000,4196.52978515625
"2016-01-26",4211.919921875,4250.97021484375,4177.85009765625,4233.85009765625,1981180000,4233.85009765625
"2016-01-27",4214.93994140625,4226.08984375,4111.93017578125,4128.85986328125,2115710000,4128.85986328125
"2016-01-28",4197.2001953125,4197.47998046875,4116.5,4186.06005859375,2322310000,4186.06005859375
"2016-01-29",4186.35009765625,4279.169921875,4184.31005859375,4279.169921875,2607550000,4279.169921875
"2016-02-01",4254.41015625,4301.6298828125,4238.2001953125,4286.56005859375,1983340000,4286.56005859375
"2016-02-02",4262.4501953125,4265.0400390625,4180.56982421875,4193.10009765625,2185180000,4193.10009765625
"2016-02-03",4213.669921875,4218.16015625,4099.240234375,4171.97021484375,2466190000,4171.97021484375
"2016-02-04",4158.0498046875,4200.990234375,4120.580078125,4167.77001953125,2200930000,4167.77001953125
"2016-02-05",4150.35009765625,4152.72998046875,4008.44995117188,4024.46997070312,2479280000,4024.46997070312
"2016-02-08",3947.98999023438,3979.09008789062,3888.78002929688,3960.669921875,2702070000,3960.669921875
"2016-02-09",3903.92993164062,4008.06005859375,3902.73999023438,3947.80004882812,2465790000,3947.80004882812
"2016-02-10",3996.76000976562,4045.47998046875,3962.69995117188,3966.28002929688,2448380000,3966.28002929688
"2016-02-11",3910.57006835938,3988.7099609375,3902.86010742188,3962.21997070312,2812330000,3962.21997070312
"2016-02-12",3996.63989257812,4022.1201171875,3965.73999023438,4019.18994140625,1983190000,4019.18994140625
"2016-02-16",4077.330078125,4104.330078125,4049.8798828125,4104.330078125,2117920000,4104.330078125
"2016-02-17",4138.43017578125,4204.6201171875,4125.830078125,4199.10009765625,2296440000,4199.10009765625
"2016-02-18",4212.22021484375,4212.580078125,4146.10009765625,4151.490234375,1955870000,4151.490234375
"2016-02-19",4129.75,4175.080078125,4121.58984375,4164.08984375,1903770000,4164.08984375
"2016-02-22",4203.60009765625,4235.1201171875,4199.93017578125,4231.27001953125,1794020000,4231.27001953125
"2016-02-23",4209.31982421875,4217.990234375,4158.56005859375,4162.5400390625,1777750000,4162.5400390625
"2016-02-24",4116.02001953125,4205.97998046875,4088.1201171875,4200.66015625,1978180000,4200.66015625
"2016-02-25",4212.47998046875,4241.25,4173.25,4241.06005859375,1667840000,4241.06005859375
"2016-02-26",4273.58984375,4275.830078125,4227.2900390625,4235.6201171875,1814920000,4235.6201171875
"2016-02-29",4228.56982421875,4263.31005859375,4200.14990234375,4201.1201171875,2065260000,4201.1201171875
"2016-03-01",4238.080078125,4333.60986328125,4225.93017578125,4333.60986328125,2080150000,4333.60986328125
"2016-03-02",4328.72021484375,4335.43017578125,4301.08984375,4334.39013671875,1912510000,4334.39013671875
"2016-03-03",4330.39990234375,4331.490234375,4296.31982421875,4325.85986328125,1936290000,4325.85986328125
"2016-03-04",4334.02978515625,4356.33984375,4301.35009765625,4329,2171230000,4329
"2016-03-07",4303.81005859375,4330.27978515625,4271.56005859375,4303.330078125,2084390000,4303.330078125
"2016-03-08",4272.72021484375,4308.83984375,4258.81982421875,4265.509765625,1993060000,4265.509765625
"2016-03-09",4281.10009765625,4293.22998046875,4258.080078125,4293.22998046875,1789550000,4293.22998046875
"2016-03-10",4307.8701171875,4335.330078125,4232.080078125,4286.97021484375,1936470000,4286.97021484375
"2016-03-11",4337.1201171875,4361.830078125,4320.5498046875,4361.830078125,1801790000,4361.830078125
"2016-03-14",4347.93994140625,4378.35009765625,4347.5498046875,4367.330078125,1615100000,4367.330078125
"2016-03-15",4354.3798828125,4371.2900390625,4339.85986328125,4367.080078125,1692420000,4367.080078125
"2016-03-16",4359.669921875,4416.10986328125,4357.740234375,4404.2001953125,1781060000,4404.2001953125
"2016-03-17",4390.06005859375,4413.080078125,4376.8701171875,4400.259765625,1907190000,4400.259765625
"2016-03-18",4408.81982421875,4420.8798828125,4387.7998046875,4410.830078125,2829040000,4410.830078125
"2016-03-21",4403.08984375,4430.43994140625,4400.35009765625,4426.97998046875,1609230000,4426.97998046875
"2016-03-22",4403.47021484375,4450.759765625,4401.259765625,4437.6201171875,1596200000,4437.6201171875
"2016-03-23",4431.81982421875,4434.759765625,4394.9599609375,4402.56005859375,1732630000,4402.56005859375
"2016-03-24",4380.22998046875,4405.990234375,4374.7099609375,4405.52978515625,1590990000,4405.52978515625
"2016-03-28",4415.0400390625,4417.56982421875,4393.080078125,4398.06982421875,1.381e+09,4398.06982421875
"2016-03-29",4391.18994140625,4471.77001953125,4384.27001953125,4467.72021484375,1806490000,4467.72021484375
"2016-03-30",4494.7001953125,4518.18017578125,4481.83984375,4490.8798828125,1717820000,4490.8798828125
"2016-03-31",4491.009765625,4504.240234375,4478.1298828125,4483.66015625,1774270000,4483.66015625
"2016-04-01",4461.77001953125,4534.31982421875,4452.10986328125,4532.080078125,1812250000,4532.080078125
"2016-04-04",4526.39013671875,4533.43017578125,4503.64990234375,4511.7001953125,1705730000,4511.7001953125
"2016-04-05",4479.10986328125,4494.7099609375,4465.0400390625,4470.75,1726010000,4470.75
"2016-04-06",4476.35009765625,4544.58984375,4476.35009765625,4543.77978515625,1761770000,4543.77978515625
"2016-04-07",4519.02001953125,4525.68994140625,4459.72021484375,4475.2900390625,1908940000,4475.2900390625
"2016-04-08",4506.97021484375,4515.91015625,4459.56005859375,4474.93017578125,1588830000,4474.93017578125
"2016-04-11",4496.259765625,4516.10009765625,4458.47021484375,4458.7099609375,1545540000,4458.7099609375
"2016-04-12",4464.06982421875,4503.89013671875,4435.0498046875,4496.0400390625,1759280000,4496.0400390625
"2016-04-13",4526.919921875,4560.10986328125,4524.259765625,4554.72021484375,1936450000,4554.72021484375
"2016-04-14",4554.66015625,4569.72998046875,4541.66015625,4554.6298828125,1645810000,4554.6298828125
"2016-04-15",4550.31005859375,4558.919921875,4531,4543.16015625,1684790000,4543.16015625
"2016-04-18",4535.2099609375,4570.580078125,4531.10986328125,4569.31005859375,1672260000,4569.31005859375
"2016-04-19",4573.580078125,4574.3798828125,4515.97998046875,4537.08984375,1824250000,4537.08984375
"2016-04-20",4539.2001953125,4562.33984375,4523.89990234375,4540.43994140625,1781340000,4540.43994140625
"2016-04-21",4540.7099609375,4558.669921875,4522.85009765625,4540.7998046875,1758190000,4540.7998046875
"2016-04-22",4478.4501953125,4502.39013671875,4440.14013671875,4474.18994140625,2018930000,4474.18994140625
"2016-04-25",4459.669921875,4474.77001953125,4452.8701171875,4474.1298828125,1582270000,4474.1298828125
"2016-04-26",4480.60009765625,4490.06005859375,4439.3798828125,4452.97021484375,1825020000,4452.97021484375
"2016-04-27",4412.81982421875,4426.27978515625,4381.169921875,4416.6298828125,1938780000,4416.6298828125
"2016-04-28",4419.1201171875,4447.2001953125,4355.2998046875,4363.990234375,2161400000,4363.990234375
"2016-04-29",4367.58984375,4372.97021484375,4307.10009765625,4341.2998046875,2376460000,4341.2998046875
"2016-05-02",4350.830078125,4386.97998046875,4334.58984375,4381.2998046875,1880460000,4381.2998046875
"2016-05-03",4349.080078125,4368.759765625,4329.759765625,4341.39013671875,1984340000,4341.39013671875
"2016-05-04",4314.5,4328.22021484375,4301.06982421875,4312.009765625,1950800000,4312.009765625
"2016-05-05",4326.91015625,4333.1201171875,4299.60986328125,4309.47998046875,1888350000,4309.47998046875
"2016-05-06",4290.35986328125,4330.240234375,4282,4330.169921875,1860800000,4330.169921875
"2016-05-09",4331.66015625,4361.8701171875,4329.89990234375,4341.22998046875,1625100000,4341.22998046875
"2016-05-10",4360.72998046875,4404.08984375,4351.16015625,4402.0400390625,1760120000,4402.0400390625
"2016-05-11",4395.8798828125,4407.93017578125,4360.72998046875,4361.02978515625,1859110000,4361.02978515625
"2016-05-12",4376.08984375,4377.85986328125,4312.8798828125,4342.81005859375,1930450000,4342.81005859375
"2016-05-13",4337.830078125,4364.240234375,4318.7001953125,4326.52978515625,1698030000,4326.52978515625
"2016-05-16",4335.330078125,4395.7001953125,4329.89013671875,4380.47998046875,1741510000,4380.47998046875
"2016-05-17",4376.5498046875,4385.06005859375,4311.18017578125,4322.56005859375,1925230000,4322.56005859375
"2016-05-18",4314.33984375,4360.91015625,4305.72998046875,4338.22998046875,1934100000,4338.22998046875
"2016-05-19",4319.85986328125,4331.580078125,4284.3701171875,4315.580078125,1805890000,4315.580078125
"2016-05-20",4330.06982421875,4379.97998046875,4329.56982421875,4362.89990234375,1970520000,4362.89990234375
"2016-05-23",4364.72998046875,4382.39990234375,4353.35986328125,4355.10009765625,1865110000,4355.10009765625
"2016-05-24",4381.33984375,4449.2099609375,4380.4599609375,4444.2998046875,1942280000,4444.2998046875
"2016-05-25",4459.259765625,4488.52001953125,4453.0498046875,4476.43017578125,1784420000,4476.43017578125
"2016-05-26",4478.56982421875,4494.02978515625,4469.759765625,4487.9599609375,1606250000,4487.9599609375
"2016-05-27",4490.9599609375,4512.5400390625,4489.16015625,4512.5400390625,1505020000,4512.5400390625
"2016-05-31",4513.85009765625,4526.83984375,4497.64990234375,4523.89013671875,2285350000,4523.89013671875
"2016-06-01",4507.18017578125,4530.39013671875,4502.77978515625,4520.06982421875,1797090000,4520.06982421875
"2016-06-02",4510.81005859375,4531.35009765625,4488.080078125,4531.35009765625,1729050000,4531.35009765625
"2016-06-03",4520.97998046875,4523.35986328125,4480.7998046875,4509.7900390625,1697840000,4509.7900390625
"2016-06-06",4517.8798828125,4536.5498046875,4510.330078125,4523.6298828125,1663840000,4523.6298828125
"2016-06-07",4527.85986328125,4532.2998046875,4511.419921875,4513.08984375,1747760000,4513.08984375
"2016-06-08",4521.10009765625,4529.08984375,4505.39013671875,4520.6298828125,1692640000,4520.6298828125
"2016-06-09",4501.14990234375,4518.5,4494.759765625,4512.68994140625,1632340000,4512.68994140625
"2016-06-10",4473.080078125,4480.47998046875,4447.330078125,4461.0498046875,1822200000,4461.0498046875
"2016-06-13",4436.1201171875,4461.27001953125,4419.72998046875,4422.759765625,1888300000,4422.759765625
"2016-06-14",4413.7099609375,4439.72998046875,4392.43017578125,4424.91015625,1919710000,4424.91015625
"2016-06-15",4433.68017578125,4439.60986328125,4404.580078125,4409.509765625,1802200000,4409.509765625
"2016-06-16",4387.89990234375,4428.27001953125,4362.16015625,4424.22998046875,1851770000,4424.22998046875
"2016-06-17",4409.75,4409.75,4363.6298828125,4374.3798828125,2638220000,4374.3798828125
"2016-06-20",4424.10986328125,4444.06005859375,4397.35986328125,4400.16015625,1779560000,4400.16015625
"2016-06-21",4408.02978515625,4422.669921875,4398.64013671875,4413.39990234375,1698080000,4413.39990234375
"2016-06-22",4415.4599609375,4442.02001953125,4400.8798828125,4404.72998046875,1682220000,4404.72998046875
"2016-06-23",4437.60986328125,4467.47998046875,4420.16015625,4467.47998046875,1738570000,4467.47998046875
"2016-06-24",4294.7998046875,4373.14990234375,4274.5400390625,4285.7001953125,4411040000,4285.7001953125
"2016-06-27",4247.7099609375,4249,4179.740234375,4201.0498046875,2659650000,4201.0498046875
"2016-06-28",4245.31982421875,4291.43017578125,4245.2900390625,4290.47021484375,2074090000,4290.47021484375
"2016-06-29",4323.330078125,4373.9599609375,4322.35986328125,4364.740234375,2116550000,4364.740234375
"2016-06-30",4378.75,4417.9599609375,4359.56982421875,4417.7001953125,2171180000,4417.7001953125
"2016-07-01",4411.77001953125,4453.85986328125,4411.759765625,4437.4501953125,1745130000,4437.4501953125
"2016-07-05",4414.35009765625,4418.0400390625,4386.56005859375,4410.75,1690340000,4410.75
"2016-07-06",4388.43017578125,4447.22998046875,4375.72021484375,4444.7001953125,1876090000,4444.7001953125
"2016-07-07",4451.14990234375,4468.31005859375,4438.7998046875,4459.580078125,1672770000,4459.580078125
"2016-07-08",4484.919921875,4529.72021484375,4476.5,4528.35986328125,1947260000,4528.35986328125
"2016-07-11",4544.330078125,4569.97021484375,4544.330078125,4554.7099609375,1718450000,4554.7099609375
"2016-07-12",4579.85009765625,4588.240234375,4570.56005859375,4577.60986328125,1866280000,4577.60986328125
"2016-07-13",4589.1298828125,4589.9501953125,4565.7001953125,4565.77001953125,1650820000,4565.77001953125
"2016-07-14",4597.18994140625,4604.759765625,4585.7001953125,4596.490234375,1641170000,4596.490234375
"2016-07-15",4602,4607.18017578125,4579.830078125,4589.830078125,1610300000,4589.830078125
"2016-07-18",4595.06005859375,4627.56982421875,4591.830078125,4619.68017578125,1585570000,4619.68017578125
"2016-07-19",4601.68017578125,4617.47021484375,4595.3798828125,4603.27978515625,1694740000,4603.27978515625
"2016-07-20",4630.85009765625,4665.669921875,4623.93017578125,4657.2001953125,1877330000,4657.2001953125
"2016-07-21",4662.9501953125,4669.52978515625,4634.06982421875,4647.02001953125,1880310000,4647.02001953125
"2016-07-22",4650.97998046875,4670.5400390625,4635.22021484375,4666.06982421875,1.639e+09,4666.06982421875
"2016-07-25",4662.89990234375,4667.08984375,4650.5,4665.93017578125,1770620000,4665.93017578125
"2016-07-26",4664.10009765625,4687.89990234375,4648.919921875,4672.10986328125,2038060000,4672.10986328125
"2016-07-27",4711.10986328125,4716.06982421875,4685.10986328125,4702.8798828125,2122250000,4702.8798828125
"2016-07-28",4710.22998046875,4725.77978515625,4696.080078125,4721.41015625,1950910000,4721.41015625
"2016-07-29",4734.7001953125,4743.25,4715.77001953125,4730.22998046875,2072640000,4730.22998046875
"2016-08-01",4734.43994140625,4767.240234375,4728.72998046875,4756.0400390625,1866590000,4756.0400390625
"2016-08-02",4748.419921875,4752.2900390625,4689.5498046875,4719.2099609375,2142010000,4719.2099609375
"2016-08-03",4716.580078125,4734.330078125,4712.10009765625,4734.330078125,1909470000,4734.330078125
"2016-08-04",4731.5400390625,4749.08984375,4719.009765625,4743.81005859375,1.93e+09,4743.81005859375
"2016-08-05",4769.169921875,4799.85986328125,4763.580078125,4791.2099609375,2017720000,4791.2099609375
"2016-08-08",4791.10009765625,4794.14013671875,4770.22021484375,4784.740234375,1624450000,4784.740234375
"2016-08-09",4787.919921875,4811.02001953125,4786.3798828125,4795.75,1664320000,4795.75
"2016-08-10",4799.830078125,4799.8798828125,4771.97998046875,4783.39013671875,1651240000,4783.39013671875
"2016-08-11",4800.58984375,4813.35986328125,4790.64990234375,4803.31005859375,1511670000,4803.31005859375
"2016-08-12",4794.35009765625,4807.52978515625,4790.490234375,4807.080078125,1501620000,4807.080078125
"2016-08-15",4814.77001953125,4837.669921875,4812.4501953125,4827.1201171875,1533170000,4827.1201171875
"2016-08-16",4814.2099609375,4814.9599609375,4796.919921875,4797.18994140625,1698390000,4797.18994140625
"2016-08-17",4799.02978515625,4807.0498046875,4772.43017578125,4805.4501953125,1747890000,4805.4501953125
"2016-08-18",4802.330078125,4814.5400390625,4794.2900390625,4808.68017578125,1659080000,4808.68017578125
"2016-08-19",4800.2001953125,4816,4786.27001953125,4806.14013671875,1632740000,4806.14013671875
"2016-08-22",4797.9501953125,4817.35986328125,4791.06005859375,4808.56005859375,1560210000,4808.56005859375
"2016-08-23",4828.7900390625,4836.4501953125,4816.759765625,4818.47998046875,1547050000,4818.47998046875
"2016-08-24",4812.490234375,4821.2998046875,4770.72998046875,4783.490234375,1714780000,4783.490234375
"2016-08-25",4773.68017578125,4792.47021484375,4768,4775.43017578125,1511890000,4775.43017578125
"2016-08-26",4782.4599609375,4815.580078125,4758.10009765625,4783.68994140625,1591060000,4783.68994140625
"2016-08-29",4787.93017578125,4804.419921875,4784.6298828125,4791.08984375,1416640000,4791.08984375
"2016-08-30",4787.77001953125,4797.6201171875,4760.27978515625,4775.990234375,1561020000,4775.990234375
"2016-08-31",4770.22998046875,4775.18994140625,4751.68994140625,4771.0498046875,1761770000,4771.0498046875
"2016-09-01",4774.81005859375,4787.93994140625,4750.240234375,4783.93994140625,1592520000,4783.93994140625
"2016-09-02",4806.14013671875,4816.7001953125,4781.60986328125,4798.740234375,1474200000,4798.740234375
"2016-09-06",4806.66015625,4829.509765625,4797.33984375,4829.509765625,1777940000,4829.509765625
"2016-09-07",4829.91015625,4839.58984375,4813.990234375,4831.85986328125,1878460000,4831.85986328125
"2016-09-08",4816.47998046875,4816.47998046875,4791.22021484375,4804,1839790000,4804
"2016-09-09",4763.0400390625,4773.77001953125,4681.5400390625,4681.5400390625,2208690000,4681.5400390625
"2016-09-12",4656.58984375,4772.4501953125,4656.509765625,4764.64990234375,2007610000,4764.64990234375
"2016-09-13",4740,4756.2001953125,4701.7900390625,4722.85009765625,2071460000,4722.85009765625
"2016-09-14",4726.75,4770.39013671875,4726.75,4746.06005859375,1902680000,4746.06005859375
"2016-09-15",4749.7099609375,4826.02001953125,4748.669921875,4819.89990234375,1950940000,4819.89990234375
"2016-09-16",4811.7900390625,4821.85009765625,4794.2001953125,4818.0498046875,3013860000,4818.0498046875
"2016-09-19",4833.83984375,4843.759765625,4787.43994140625,4796.06982421875,1792650000,4796.06982421875
"2016-09-20",4813.77978515625,4824.2099609375,4797.77978515625,4805.22021484375,1697530000,4805.22021484375
"2016-09-21",4826.580078125,4858.56982421875,4797.89990234375,4853.75,2001890000,4853.75
"2016-09-22",4879.27978515625,4895.5,4876.3701171875,4891.35986328125,1914550000,4891.35986328125
"2016-09-23",4881.4501953125,4882.419921875,4853.41015625,4858.91015625,1762700000,4858.91015625
"2016-09-26",4830.169921875,4837.33984375,4812.31982421875,4817.169921875,1672190000,4817.169921875
"2016-09-27",4813.89013671875,4868.3798828125,4811.27978515625,4866.7099609375,1754700000,4866.7099609375
"2016-09-28",4871.83984375,4877.2998046875,4850.0400390625,4875.27001953125,1788240000,4875.27001953125
"2016-09-29",4868.4599609375,4875.52001953125,4819.02001953125,4838.2998046875,1946150000,4838.2998046875
"2016-09-30",4856.10009765625,4889.22998046875,4846.89990234375,4875.7001953125,2063260000,4875.7001953125
"2016-10-03",4864.6298828125,4872.14013671875,4848.2099609375,4866.6298828125,1606460000,4866.6298828125
"2016-10-04",4880.56982421875,4891.5,4841.72021484375,4859.47021484375,1711810000,4859.47021484375
"2016-10-05",4872.97998046875,4891.35009765625,4870.81005859375,4877.75,1755640000,4877.75
"2016-10-06",4871.9501953125,4883.97021484375,4851.52978515625,4873.919921875,1655480000,4873.919921875
"2016-10-07",4883.93994140625,4884.7001953125,4840.93017578125,4864.52001953125,1647330000,4864.52001953125
"2016-10-10",4887.72998046875,4904.72021484375,4885.58984375,4893.77001953125,1365600000,4893.77001953125
"2016-10-11",4890.169921875,4890.169921875,4804.240234375,4821.91015625,1822980000,4821.91015625
"2016-10-12",4824.27001953125,4836.5498046875,4806.330078125,4819.64013671875,1567930000,4819.64013671875
"2016-10-13",4785.58984375,4816.330078125,4760.06982421875,4803.10009765625,1737720000,4803.10009765625
"2016-10-14",4828.89990234375,4845.990234375,4806.72998046875,4808.47998046875,1593610000,4808.47998046875
"2016-10-17",4808.47021484375,4814.8798828125,4790.4501953125,4796.169921875,1427060000,4796.169921875
"2016-10-18",4849.91015625,4860.68017578125,4837.31005859375,4839.72021484375,1476970000,4839.72021484375
"2016-10-19",4833.81005859375,4845.06982421875,4830.68017578125,4836.60986328125,1548910000,4836.60986328125
"2016-10-20",4831.31005859375,4842.31982421875,4805.83984375,4832.7099609375,1745270000,4832.7099609375
"2016-10-21",4836.5400390625,4853.60986328125,4822.77978515625,4851.85986328125,1651490000,4851.85986328125
"2016-10-24",4884.16015625,4911.58984375,4880.77001953125,4909.97021484375,1533370000,4909.97021484375
"2016-10-25",4908.18017578125,4911.759765625,4885.89990234375,4891.4501953125,1580830000,4891.4501953125
"2016-10-26",4863.52001953125,4886.31982421875,4846.43994140625,4860.58984375,1732300000,4860.58984375
"2016-10-27",4883.06982421875,4885.830078125,4831.68994140625,4836.4501953125,1926820000,4836.4501953125
"2016-10-28",4820.5,4848.5498046875,4794.06982421875,4805.58984375,1911810000,4805.58984375
"2016-10-31",4821.31005859375,4823.919921875,4801.16015625,4801.27001953125,1709060000,4801.27001953125
"2016-11-01",4810.2998046875,4811.02001953125,4726.35009765625,4766.93994140625,1880920000,4766.93994140625
"2016-11-02",4764.830078125,4773.64990234375,4717.56005859375,4726.91015625,2124990000,4726.91015625
"2016-11-03",4718.52978515625,4732.2001953125,4673.0498046875,4679.10009765625,2113730000,4679.10009765625
"2016-11-04",4647.58984375,4697.93994140625,4647.58984375,4660.4599609375,2020130000,4660.4599609375
"2016-11-07",4737.97998046875,4777.06005859375,4731.7900390625,4773.72998046875,1916620000,4773.72998046875
"2016-11-08",4766.47998046875,4824.97021484375,4757.25,4804.919921875,1739440000,4804.919921875
"2016-11-09",4748.91015625,4832.9501953125,4747.35009765625,4825.18017578125,2827570000,4825.18017578125
"2016-11-10",4849.7099609375,4855.7900390625,4685.740234375,4747.02978515625,2986760000,4747.02978515625
"2016-11-11",4729.14013671875,4759.830078125,4711.9599609375,4751.9501953125,2290080000,4751.9501953125
"2016-11-14",4752.60986328125,4753.27001953125,4677.41015625,4702.0400390625,2371900000,4702.0400390625
"2016-11-15",4733.56982421875,4778.64990234375,4727.97998046875,4764.47021484375,2159180000,4764.47021484375
"2016-11-16",4745.02978515625,4794.56982421875,4742.9501953125,4792.27001953125,2066130000,4792.27001953125
"2016-11-17",4789.7900390625,4826.75,4781.72021484375,4826.58984375,2084710000,4826.58984375
"2016-11-18",4832.81005859375,4840.81005859375,4804.43994140625,4808.0400390625,1865770000,4808.0400390625
"2016-11-21",4822.02978515625,4862.22998046875,4819.56982421875,4859,1748170000,4859
"2016-11-22",4876.919921875,4884.6298828125,4861.080078125,4873.83984375,1890410000,4873.83984375
"2016-11-23",4856.72021484375,4859.669921875,4832.58984375,4853.85986328125,1617700000,4853.85986328125
"2016-11-25",4861.47021484375,4870.89990234375,4853.0400390625,4870.02001953125,768080000,4870.02001953125
"2016-11-28",4861.72998046875,4878.8701171875,4852.7099609375,4857.02001953125,1630150000,4857.02001953125
"2016-11-29",4859.85009765625,4896.56982421875,4848.89013671875,4873.2099609375,1791760000,4873.2099609375
"2016-11-30",4876.2998046875,4880.759765625,4810.81005859375,4810.81005859375,2056060000,4810.81005859375
"2016-12-01",4806.77001953125,4810.43994140625,4723.56982421875,4734.10009765625,2269790000,4734.10009765625
"2016-12-02",4734.3798828125,4759.02978515625,4721.41015625,4739.3701171875,1851030000,4739.3701171875
"2016-12-05",4762.33984375,4795.27978515625,4743.52978515625,4778.14013671875,1800570000,4778.14013671875
"2016-12-06",4786.06005859375,4796.580078125,4769.39013671875,4788.669921875,1977480000,4788.669921875
"2016-12-07",4778.85986328125,4854.31982421875,4765.43994140625,4851.93994140625,2125370000,4851.93994140625
"2016-12-08",4849.75,4869.56005859375,4843.0400390625,4859.18994140625,2236580000,4859.18994140625
"2016-12-09",4878.5400390625,4897.240234375,4877.18017578125,4895.89990234375,2042340000,4895.89990234375
"2016-12-12",4878.0400390625,4882.97998046875,4854.27001953125,4874.2998046875,1931840000,4874.2998046875
"2016-12-13",4893.64990234375,4960.47998046875,4890.14990234375,4935.83984375,2094860000,4935.83984375
"2016-12-14",4943.64013671875,4955.25,4910.759765625,4921.22021484375,1976570000,4921.22021484375
"2016-12-15",4925.64990234375,4959.89990234375,4919.81005859375,4933.41015625,2101320000,4933.41015625
"2016-12-16",4945.0400390625,4952.14013671875,4904.3798828125,4914.85986328125,3281480000,4914.85986328125
"2016-12-19",4919.16015625,4963,4911.75,4934.85009765625,1688680000,4934.85009765625
"2016-12-20",4948.33984375,4961.5498046875,4944.31982421875,4953.7998046875,1679630000,4953.7998046875
"2016-12-21",4952.06982421875,4957.4501953125,4938.240234375,4948.91015625,1496850000,4948.91015625
"2016-12-22",4948.35986328125,4948.35986328125,4917.330078125,4934.39013671875,1585470000,4934.39013671875
"2016-12-23",4927.52978515625,4940.0400390625,4922.9501953125,4940.02001953125,1144900000,4940.02001953125
"2016-12-27",4948.919921875,4992.080078125,4947.58984375,4965.81005859375,1219050000,4965.81005859375
"2016-12-28",4976.419921875,4978.43017578125,4922.08984375,4926.2900390625,1326660000,4926.2900390625
"2016-12-29",4923.93017578125,4933.7099609375,4903.27978515625,4918.27978515625,1266350000,4918.27978515625
"2016-12-30",4925.35986328125,4927.16015625,4853.93017578125,4863.6201171875,1551690000,4863.6201171875
"2017-01-03",4900.85009765625,4928.490234375,4884.52001953125,4911.330078125,1887670000,4911.330078125
"2017-01-04",4920.7900390625,4944.740234375,4919.7998046875,4937.2099609375,1885490000,4937.2099609375
"2017-01-05",4936.35009765625,4967.89990234375,4935.33984375,4964.9501953125,1799170000,4964.9501953125
"2017-01-06",4973.8701171875,5020.7001953125,4957.81982421875,5007.080078125,1711870000,5007.080078125
"2017-01-09",5013.81982421875,5033.31982421875,5009.4501953125,5024.89990234375,1887740000,5024.89990234375
"2017-01-10",5027.5,5049.830078125,5016.18994140625,5035.169921875,1798610000,5035.169921875
"2017-01-11",5033.8798828125,5050.2099609375,5012.64990234375,5050.2099609375,1960830000,5050.2099609375
"2017-01-12",5029.27978515625,5044.3701171875,4995.06982421875,5041.43017578125,1805840000,5041.43017578125
"2017-01-13",5047.56005859375,5066.9501953125,5045.919921875,5059.509765625,1611260000,5059.509765625
"2017-01-17",5043.06982421875,5053.2001953125,5029.60986328125,5044.64990234375,1759440000,5044.64990234375
"2017-01-18",5050.259765625,5058.2001953125,5039.18017578125,5055.85009765625,1686260000,5055.85009765625
"2017-01-19",5061.10009765625,5078.41015625,5041.2099609375,5051.169921875,1809900000,5051.169921875
"2017-01-20",5070.14990234375,5085.33984375,5050.02001953125,5063.2001953125,1750340000,5063.2001953125
"2017-01-23",5055.97021484375,5073.240234375,5035.490234375,5065.7001953125,1652370000,5065.7001953125
"2017-01-24",5079.60986328125,5108.22021484375,5068.3701171875,5101.06005859375,1808560000,5101.06005859375
"2017-01-25",5132.8701171875,5153.18017578125,5129,5151.47021484375,1964040000,5151.47021484375
"2017-01-26",5164.1201171875,5168.2001953125,5148.85009765625,5156.919921875,1837020000,5156.919921875
"2017-01-27",5169.490234375,5172.43017578125,5150.18017578125,5168.06005859375,1669190000,5168.06005859375
"2017-01-30",5146.41015625,5146.8798828125,5098.33984375,5129.330078125,1782380000,5129.330078125
"2017-01-31",5107.47021484375,5116.7998046875,5086.330078125,5116.77001953125,2047460000,5116.77001953125
"2017-02-01",5157.830078125,5162.4599609375,5128.89990234375,5152.68994140625,2239570000,5152.68994140625
"2017-02-02",5141.27001953125,5162.56005859375,5128.759765625,5147.7001953125,2077010000,5147.7001953125
"2017-02-03",5153.60986328125,5165.47021484375,5147.580078125,5161.60009765625,1792330000,5161.60009765625
"2017-02-06",5154.18017578125,5167.9599609375,5148.06005859375,5167.9599609375,1736140000,5167.9599609375
"2017-02-07",5178.85009765625,5196.27001953125,5174.33984375,5185.8798828125,1922030000,5185.8798828125
"2017-02-08",5176.5,5201.56982421875,5168.97998046875,5196.580078125,1947100000,5196.580078125
"2017-02-09",5200.169921875,5221.6201171875,5196.06982421875,5212.16015625,1948120000,5212.16015625
"2017-02-10",5219.81005859375,5234.27001953125,5212.83984375,5226.68994140625,1867270000,5226.68994140625
"2017-02-13",5242.490234375,5262.419921875,5241,5256.81982421875,1843480000,5256.81982421875
"2017-02-14",5251.35986328125,5271.10009765625,5238.68994140625,5271.06982421875,1952370000,5271.06982421875
"2017-02-15",5266.1201171875,5304.33984375,5264.43994140625,5302.39013671875,2094140000,5302.39013671875
"2017-02-16",5306.3798828125,5316.7900390625,5287.5400390625,5300.64013671875,1945600000,5300.64013671875
"2017-02-17",5295.490234375,5324.72021484375,5291.7001953125,5324.72021484375,1879030000,5324.72021484375
"2017-02-21",5334.56982421875,5353.16015625,5330.47021484375,5350.72998046875,1940110000,5350.72998046875
"2017-02-22",5345.18017578125,5354.72998046875,5335.7998046875,5352.1298828125,1874710000,5352.1298828125
"2017-02-23",5358.02978515625,5358.52978515625,5309.990234375,5332.3701171875,1881490000,5332.3701171875
"2017-02-24",5305.22998046875,5343.31005859375,5304.009765625,5343.31005859375,1684650000,5343.31005859375
"2017-02-27",5330.56005859375,5347.8798828125,5322.14013671875,5347.5498046875,1882610000,5347.5498046875
"2017-02-28",5344.18017578125,5347.47021484375,5316.7001953125,5330.31005859375,2303390000,5330.31005859375
"2017-03-01",5368.64990234375,5398.43017578125,5355.3798828125,5390.990234375,2220350000,5390.990234375
"2017-03-02",5386.33984375,5387.72998046875,5355.52978515625,5363.259765625,2043610000,5363.259765625
"2017-03-03",5355.2099609375,5373.47998046875,5344.47998046875,5373.47998046875,1853600000,5373.47998046875
"2017-03-06",5352.60986328125,5368.27001953125,5338.60986328125,5360.31005859375,1774040000,5360.31005859375
"2017-03-07",5348.2001953125,5373.259765625,5341.43017578125,5351.27978515625,1825510000,5351.27978515625
"2017-03-08",5351.35009765625,5375.77001953125,5348.72998046875,5359.81005859375,1813080000,5359.81005859375
"2017-03-09",5355.77978515625,5370.66015625,5336.080078125,5363.97998046875,1886780000,5363.97998046875
"2017-03-10",5390.4599609375,5394.66015625,5364.10009765625,5385.89990234375,1999440000,5385.89990234375
"2017-03-13",5387.72998046875,5396.39013671875,5382.02001953125,5394.56982421875,1812460000,5394.56982421875
"2017-03-14",5382.7900390625,5384.8798828125,5360.7001953125,5382.169921875,1664870000,5382.169921875
"2017-03-15",5392.47998046875,5426.83984375,5375.8798828125,5416.25,1955400000,5416.25
"2017-03-16",5421.4599609375,5423.66015625,5399.27001953125,5412.080078125,1770640000,5412.080078125
"2017-03-17",5413.47021484375,5423.27978515625,5406.81005859375,5408.759765625,3189970000,5408.759765625
"2017-03-20",5406.02001953125,5426.47021484375,5400.16015625,5413.31005859375,1736790000,5413.31005859375
"2017-03-21",5433.27978515625,5439.580078125,5328.7099609375,5332.52978515625,2199920000,5332.52978515625
"2017-03-22",5332.64013671875,5372.27001953125,5327.25,5367.5498046875,1860290000,5367.5498046875
"2017-03-23",5356.7099609375,5375.43017578125,5346.2998046875,5355.14013671875,1746990000,5355.14013671875
"2017-03-24",5376.740234375,5392.27978515625,5345.93994140625,5364,1855040000,5364
"2017-03-27",5320.9599609375,5383.22021484375,5316.02001953125,5374.27001953125,1673060000,5374.27001953125
"2017-03-28",5371.89990234375,5422.25,5363.2900390625,5407.2099609375,1823600000,5407.2099609375
"2017-03-29",5410.14013671875,5433.35986328125,5405.10009765625,5430.27001953125,1722190000,5430.27001953125
"2017-03-30",5430.31005859375,5446.509765625,5425.2998046875,5439.740234375,1732100000,5439.740234375
"2017-03-31",5430.990234375,5451.5,5427.5,5436.22998046875,1905150000,5436.22998046875
"2017-04-03",5440.2001953125,5453.43994140625,5403.31005859375,5432.2001953125,1852990000,5432.2001953125
"2017-04-04",5415.52978515625,5441.33984375,5415.2998046875,5440.41015625,1795260000,5440.41015625
"2017-04-05",5447.27001953125,5479.85986328125,5409.0400390625,5418.52001953125,2208600000,5418.52001953125
"2017-04-06",5423.64990234375,5435.06005859375,5407.8701171875,5420.8798828125,1849790000,5420.8798828125
"2017-04-07",5420.93994140625,5434.18017578125,5400.080078125,5418.3701171875,1703730000,5418.3701171875
"2017-04-10",5423.56982421875,5442.7099609375,5406.580078125,5421.68017578125,1633190000,5421.68017578125
"2017-04-11",5413.91015625,5422.7900390625,5359.14013671875,5398.39990234375,1830760000,5398.39990234375
"2017-04-12",5394.60986328125,5399.5498046875,5370.240234375,5377.02978515625,1666570000,5377.02978515625
"2017-04-13",5370.68994140625,5398.990234375,5353.58984375,5353.58984375,1587150000,5353.58984375
"2017-04-17",5369.2099609375,5399.2001953125,5367.58984375,5399.2001953125,1383550000,5399.2001953125
"2017-04-18",5383.740234375,5405.5400390625,5377.91015625,5391.66015625,1610230000,5391.66015625
"2017-04-19",5416.2998046875,5431,5392.27978515625,5399.64013671875,1754240000,5399.64013671875
"2017-04-20",5422.47021484375,5455.8798828125,5413.31982421875,5443.52978515625,1751490000,5443.52978515625
"2017-04-21",5447.27978515625,5450.81005859375,5430.22021484375,5442.0498046875,1736420000,5442.0498046875
"2017-04-24",5503.27001953125,5513.56982421875,5494.4599609375,5508.02978515625,1842880000,5508.02978515625
"2017-04-25",5523.47998046875,5557.93017578125,5521.52001953125,5548.18994140625,1898120000,5548.18994140625
"2017-04-26",5553.60009765625,5563.97021484375,5537.990234375,5541.08984375,1899570000,5541.08984375
"2017-04-27",5555.27001953125,5573.259765625,5551.5498046875,5571.27978515625,1883610000,5571.27978515625
"2017-04-28",5598.47021484375,5600,5575.2099609375,5583.52978515625,2005870000,5583.52978515625
"2017-05-01",5602.43994140625,5640.47998046875,5600.31005859375,5629.6298828125,1763100000,5629.6298828125
"2017-05-02",5642.41015625,5645.080078125,5625.490234375,5644.06982421875,2162610000,5644.06982421875
"2017-05-03",5624.8798828125,5629.77978515625,5608.16015625,5625.16015625,2152850000,5625.16015625
"2017-05-04",5623.56982421875,5633.490234375,5606.0498046875,5626.31982421875,2059820000,5626.31982421875
"2017-05-05",5640.77978515625,5646.08984375,5619.60009765625,5646.08984375,1903040000,5646.08984375
"2017-05-08",5649.18017578125,5659.06982421875,5638,5659.06982421875,1912030000,5659.06982421875
"2017-05-09",5667.97998046875,5691.2099609375,5664,5678.31005859375,2005820000,5678.31005859375
"2017-05-10",5681.330078125,5683.64013671875,5661.43994140625,5681.68017578125,2111850000,5681.68017578125
"2017-05-11",5662.58984375,5675.5,5637.39990234375,5674.22021484375,1952650000,5674.22021484375
"2017-05-12",5683.580078125,5687.419921875,5672.0400390625,5686.81005859375,1749010000,5686.81005859375
"2017-05-15",5687.97021484375,5706.60986328125,5683.10009765625,5704.47998046875,1865450000,5704.47998046875
"2017-05-16",5715.14990234375,5724.7099609375,5699.41015625,5724.43994140625,2006980000,5724.43994140625
"2017-05-17",5673.6201171875,5688.740234375,5578.16015625,5580.5498046875,2355460000,5580.5498046875
"2017-05-18",5569.81005859375,5645.080078125,5568.47021484375,5626.31005859375,2134610000,5626.31005859375
"2017-05-19",5640.7099609375,5673.6298828125,5640.68017578125,5651.56005859375,1908030000,5651.56005859375
"2017-05-22",5662.9501953125,5701.0498046875,5661.58984375,5699.39990234375,1728190000,5699.39990234375
"2017-05-23",5714.93994140625,5716.5498046875,5690.2001953125,5703.35009765625,1709140000,5703.35009765625
"2017-05-24",5720.830078125,5732.56982421875,5705.169921875,5730.2998046875,1672380000,5730.2998046875
"2017-05-25",5748.2900390625,5793.1298828125,5738.81982421875,5778.3701171875,1775750000,5778.3701171875
"2017-05-26",5782.169921875,5790.2001953125,5771.7099609375,5788.35986328125,1573200000,5788.35986328125
"2017-05-30",5785.3798828125,5799.990234375,5781.3701171875,5794.6298828125,1690930000,5794.6298828125
"2017-05-31",5812.97021484375,5813.259765625,5762.56005859375,5788.7998046875,2212130000,5788.7998046875
"2017-06-01",5804.169921875,5816.60009765625,5779.89013671875,5816.509765625,1.946e+09,5816.509765625
"2017-06-02",5834.41015625,5881.4599609375,5825.740234375,5881.4599609375,1825450000,5881.4599609375
"2017-06-05",5881.22021484375,5888.919921875,5871.08984375,5878.1201171875,1742160000,5878.1201171875
"2017-06-06",5869.47998046875,5890.8798828125,5848.31982421875,5856.77001953125,1893110000,5856.77001953125
"2017-06-07",5871.77001953125,5883.18994140625,5845.9599609375,5877.58984375,1827220000,5877.58984375
"2017-06-08",5894.75,5895.18017578125,5852.64990234375,5885.2998046875,2134350000,5885.2998046875
"2017-06-09",5891.669921875,5897.68994140625,5657.759765625,5741.93994140625,3154590000,5741.93994140625
"2017-06-12",5677.16015625,5716.2001953125,5633.33984375,5708.18017578125,2588860000,5708.18017578125
"2017-06-13",5740.2099609375,5760.5400390625,5709.169921875,5751.81982421875,2063930000,5751.81982421875
"2017-06-14",5774.1201171875,5774.2001953125,5682.35009765625,5727.06982421875,1949040000,5727.06982421875
"2017-06-15",5661.35986328125,5707.3701171875,5634.580078125,5700.89013671875,1870010000,5700.89013671875
"2017-06-16",5694.2099609375,5695.740234375,5656.6201171875,5681.47998046875,3.133e+09,5681.47998046875
"2017-06-19",5729.5400390625,5776.3701171875,5724.490234375,5772.22021484375,1989290000,5772.22021484375
"2017-06-20",5763,5772.169921875,5725.009765625,5726.31005859375,2580440000,5726.31005859375
"2017-06-21",5740.580078125,5784.919921875,5737.009765625,5782.39013671875,2408800000,5782.39013671875
"2017-06-22",5787.43994140625,5802.4599609375,5767.8701171875,5779.8701171875,2177430000,5779.8701171875
"2017-06-23",5775.02978515625,5810.31005859375,5759.7001953125,5803.10986328125,4164310000,5803.10986328125
"2017-06-26",5832.31005859375,5845.14990234375,5765.8701171875,5777.58984375,2155460000,5777.58984375
"2017-06-27",5752.72021484375,5761.0400390625,5671.60009765625,5671.60009765625,2189250000,5671.60009765625
"2017-06-28",5693.47998046875,5757.22998046875,5660.52978515625,5753.02978515625,2077390000,5753.02978515625
"2017-06-29",5723.31005859375,5723.66015625,5599.43994140625,5653.02001953125,2410510000,5653.02001953125
"2017-06-30",5676.39990234375,5681.89990234375,5637.740234375,5646.919921875,2011720000,5646.919921875
"2017-07-03",5680.35986328125,5684.97998046875,5592.52978515625,5596.9599609375,1091030000,5596.9599609375
"2017-07-05",5611,5663.60009765625,5593.66015625,5648.81982421875,1874040000,5648.81982421875
"2017-07-06",5606.419921875,5628.83984375,5579.64013671875,5597.89990234375,1993290000,5597.89990234375
"2017-07-07",5618.85009765625,5673.02001953125,5618.85009765625,5656.47021484375,1712490000,5656.47021484375
"2017-07-10",5662.7099609375,5708.6201171875,5650.259765625,5694.14990234375,1681270000,5694.14990234375
"2017-07-11",5687.02978515625,5717.91015625,5667.27001953125,5709.7998046875,1812560000,5709.7998046875
"2017-07-12",5757.2001953125,5785,5749.64990234375,5778.9501953125,1827740000,5778.9501953125
"2017-07-13",5785.31982421875,5806.18017578125,5776.6201171875,5793.35986328125,1806160000,5793.35986328125
"2017-07-14",5815.0400390625,5844.7998046875,5799.85009765625,5838.080078125,1615440000,5838.080078125
"2017-07-17",5845.81982421875,5860.64013671875,5830.25,5839.740234375,1563390000,5839.740234375
"2017-07-18",5832.919921875,5880.5498046875,5818.2001953125,5880.10009765625,1773220000,5880.10009765625
"2017-07-19",5898.39990234375,5922.3701171875,5895.5400390625,5916.16015625,1867470000,5916.16015625
"2017-07-20",5929.580078125,5932.60986328125,5896.60986328125,5921.22021484375,1.85e+09,5921.22021484375
"2017-07-21",5905.60009765625,5921.52978515625,5890.25,5921.52978515625,1807110000,5921.52978515625
"2017-07-24",5920.93017578125,5950.580078125,5912.740234375,5941.3701171875,1748140000,5941.3701171875
"2017-07-25",5927.10009765625,5945.06005859375,5916.2900390625,5930.64990234375,1930840000,5930.64990234375
"2017-07-26",5944.16015625,5954.3798828125,5939.169921875,5950.72998046875,1996680000,5950.72998046875
"2017-07-27",5994.02001953125,5995.77001953125,5847.0498046875,5917.02978515625,2501400000,5917.02978515625
"2017-07-28",5883.7001953125,5918.31005859375,5868.919921875,5908.919921875,1877100000,5908.919921875
"2017-07-31",5928.68017578125,5932.3701171875,5871.7900390625,5880.330078125,1898830000,5880.330078125
"2017-08-01",5900.64013671875,5905.2900390625,5880.4501953125,5895.169921875,1821780000,5895.169921875
"2017-08-02",5934.06982421875,5936.14990234375,5859.6201171875,5914.22998046875,2115870000,5914.22998046875
"2017-08-03",5915.72998046875,5917.47021484375,5879.72021484375,5891.2001953125,2124100000,5891.2001953125
"2017-08-04",5899.68994140625,5912.56005859375,5877.06005859375,5899.91015625,1908930000,5899.91015625
"2017-08-07",5909.4501953125,5936.7900390625,5903.75,5934.72998046875,1704010000,5934.72998046875
"2017-08-08",5922.64013671875,5972.93017578125,5910.5,5926.35009765625,1931490000,5926.35009765625
"2017-08-09",5879.5498046875,5920.9599609375,5866.169921875,5919.39013671875,2037810000,5919.39013671875
"2017-08-10",5880.14013671875,5887.27001953125,5783.35986328125,5788.18994140625,2214990000,5788.18994140625
"2017-08-11",5792.31982421875,5844.60986328125,5785.259765625,5831.52978515625,1799780000,5831.52978515625
"2017-08-14",5878.64013671875,5916.330078125,5878,5908.169921875,1702570000,5908.169921875
"2017-08-15",5917.2900390625,5919.75,5893.85009765625,5907.72998046875,1582560000,5907.72998046875
"2017-08-16",5920.68017578125,5944.97998046875,5899.56005859375,5917.419921875,1809070000,5917.419921875
"2017-08-17",5896.31982421875,5903.8701171875,5796.31982421875,5796.31982421875,2052940000,5796.31982421875
"2017-08-18",5803.89990234375,5831.080078125,5770.14013671875,5790.91015625,1968470000,5790.91015625
"2017-08-21",5791.0400390625,5804.2998046875,5750.5,5786.5400390625,1582990000,5786.5400390625
"2017-08-22",5817.2900390625,5879,5817.02001953125,5873.330078125,1599760000,5873.330078125
"2017-08-23",5842.16015625,5864.77978515625,5840.7099609375,5851.77978515625,1535320000,5851.77978515625
"2017-08-24",5863.990234375,5871.8701171875,5802.77001953125,5834.43994140625,1618660000,5834.43994140625
"2017-08-25",5854.31005859375,5870.47021484375,5815.60009765625,5822.52978515625,1445590000,5822.52978515625
"2017-08-28",5839.27001953125,5852.7998046875,5821.8701171875,5838.080078125,1565110000,5838.080078125
"2017-08-29",5785.2900390625,5871.7900390625,5785.22021484375,5862.14013671875,1639810000,5862.14013671875
"2017-08-30",5870.8798828125,5940.56982421875,5865.33984375,5932.89990234375,1717060000,5932.89990234375
"2017-08-31",5948.740234375,5995.4501953125,5945.9501953125,5988.60009765625,1889500000,5988.60009765625
"2017-09-01",6001.81982421875,6009.60986328125,5972.27001953125,5987.89990234375,1489120000,5987.89990234375
"2017-09-05",5966.64013671875,5980.91015625,5890.25,5932.72998046875,1889620000,5932.72998046875
"2017-09-06",5949.5400390625,5964.3798828125,5909.919921875,5951.1298828125,1902720000,5951.1298828125
"2017-09-07",5960.43994140625,5980.14990234375,5943.89013671875,5964.31005859375,2000910000,5964.31005859375
"2017-09-08",5957.18994140625,5958.81005859375,5907.9599609375,5913.3701171875,1786070000,5913.3701171875
"2017-09-11",5962.35009765625,5990.8701171875,5960.8701171875,5980.52978515625,1819310000,5980.52978515625
"2017-09-12",5998.75,6002.97021484375,5968.08984375,5995.64013671875,1747620000,5995.64013671875
"2017-09-13",5982.85009765625,6004.47021484375,5974.8798828125,6004.3798828125,1944630000,6004.3798828125
"2017-09-14",5981.85009765625,5997.22998046875,5965.06005859375,5968.81982421875,1817840000,5968.81982421875
"2017-09-15",5965.66015625,6009.4501953125,5957.85009765625,5988,2827910000,5988
"2017-09-18",5997.509765625,6012.9501953125,5963.169921875,5981.1201171875,1881900000,5981.1201171875
"2017-09-19",5991.93017578125,5998.240234375,5971.169921875,5991.080078125,1816080000,5991.080078125
"2017-09-20",5987.72021484375,5994.52978515625,5927.7001953125,5973.60986328125,2083580000,5973.60986328125
"2017-09-21",5965.60009765625,5965.60009765625,5915.740234375,5934.91015625,1779600000,5934.91015625
"2017-09-22",5912.2001953125,5937.58984375,5911.47998046875,5932.31982421875,1648690000,5932.31982421875
"2017-09-25",5904.06005859375,5908.56982421875,5839.89013671875,5867.35009765625,2061150000,5867.35009765625
"2017-09-26",5893.18017578125,5908.47021484375,5862.990234375,5881.33984375,1935990000,5881.33984375
"2017-09-27",5912.9599609375,5957.75,5900.35009765625,5937.7900390625,2068400000,5937.7900390625
"2017-09-28",5920.64990234375,5939.22021484375,5908.6201171875,5933.06982421875,1882790000,5933.06982421875
"2017-09-29",5941.77978515625,5980.22021484375,5930.81982421875,5979.2998046875,1970720000,5979.2998046875
"2017-10-02",5988.9599609375,6005.2001953125,5955.830078125,5981.919921875,1984400000,5981.919921875
"2017-10-03",5986.85009765625,5999.18994140625,5976.64990234375,5995.06005859375,1972760000,5995.06005859375
"2017-10-04",5983.31005859375,6009.81005859375,5976.1201171875,5998.83984375,1941470000,5998.83984375
"2017-10-05",6018.27001953125,6059.2099609375,6014.77001953125,6057.14013671875,1888970000,6057.14013671875
"2017-10-06",6037.43994140625,6064.669921875,6037.02001953125,6064.56982421875,1752170000,6064.56982421875
"2017-10-09",6071.9599609375,6078.81005859375,6051.330078125,6058.52978515625,1494160000,6058.52978515625
"2017-10-10",6078.27001953125,6084.14013671875,6036.72021484375,6063.52001953125,1802480000,6063.52001953125
"2017-10-11",6062.72998046875,6082.25,6052.43994140625,6081.25,1837860000,6081.25
"2017-10-12",6072.2099609375,6093.759765625,6063.47021484375,6069.990234375,2020330000,6069.990234375
"2017-10-13",6094.72021484375,6100.06005859375,6087.02978515625,6092.4501953125,1761700000,6092.4501953125
"2017-10-16",6108.66015625,6115.52978515625,6095.6298828125,6114.52978515625,1632240000,6114.52978515625
"2017-10-17",6111.31982421875,6122.81982421875,6103.66015625,6122.60986328125,1653160000,6122.60986328125
"2017-10-18",6128.91015625,6129.490234375,6106.85009765625,6114.35009765625,1738060000,6114.35009765625
"2017-10-19",6074.27978515625,6092.8701171875,6051.47021484375,6092.6201171875,1847020000,6092.6201171875
"2017-10-20",6114.4599609375,6122.56005859375,6102.16015625,6108.81982421875,1812220000,6108.81982421875
"2017-10-23",6122.240234375,6122.240234375,6061.080078125,6067.830078125,1813080000,6067.830078125
"2017-10-24",6078.02001953125,6090.89013671875,6057.68994140625,6080.22021484375,1852610000,6080.22021484375
"2017-10-25",6069.35009765625,6087.580078125,6011.240234375,6055.0400390625,2205790000,6055.0400390625
"2017-10-26",6056.0498046875,6066.60986328125,6035.9599609375,6037.8701171875,2125640000,6037.8701171875
"2017-10-27",6138.22998046875,6223.52001953125,6129.7998046875,6213.47021484375,2414520000,6213.47021484375
"2017-10-30",6209.7998046875,6250.85009765625,6202.52978515625,6227.58984375,2015920000,6227.58984375
"2017-10-31",6241.8798828125,6258.419921875,6229.14990234375,6248.56005859375,2054220000,6248.56005859375
"2017-11-01",6274.259765625,6276.669921875,6224.580078125,6248.64990234375,2074230000,6248.64990234375
"2017-11-02",6238.2900390625,6243.740234375,6194.580078125,6236.39013671875,2282300000,6236.39013671875
"2017-11-03",6266.18994140625,6297.6201171875,6237.64990234375,6295.580078125,2203880000,6295.580078125
"2017-11-06",6292.14990234375,6318.580078125,6291.83984375,6313.60986328125,2173120000,6313.60986328125
"2017-11-07",6314.68994140625,6328.580078125,6299.52978515625,6320.77978515625,2209280000,6320.77978515625
"2017-11-08",6319.02978515625,6346.97998046875,6308.6201171875,6345.81005859375,2121340000,6345.81005859375
"2017-11-09",6295.2900390625,6315.16015625,6248.2900390625,6312.2099609375,2243500000,6312.2099609375
"2017-11-10",6297.14990234375,6313.169921875,6284.22021484375,6309.06982421875,1979120000,6309.06982421875
"2017-11-13",6286.009765625,6325.18017578125,6285.97021484375,6316.18017578125,1976460000,6316.18017578125
"2017-11-14",6293.330078125,6300.4599609375,6263.77001953125,6293.64013671875,1988230000,6293.64013671875
"2017-11-15",6261.27001953125,6276.7998046875,6227.990234375,6258.35986328125,1923730000,6258.35986328125
"2017-11-16",6293.4599609375,6352.47021484375,6293.4599609375,6339.14013671875,2020380000,6339.14013671875
"2017-11-17",6343.64013671875,6345.56005859375,6308.47998046875,6314.509765625,2009220000,6314.509765625
"2017-11-20",6319.56982421875,6324.58984375,6301.8798828125,6308.60986328125,1811750000,6308.60986328125
"2017-11-21",6336.91015625,6380.06982421875,6336.259765625,6378.6298828125,1891960000,6378.6298828125
"2017-11-22",6384.1298828125,6391.16015625,6371.75,6386.1201171875,1589150000,6386.1201171875
"2017-11-24",6393.330078125,6410.77001953125,6389.39990234375,6409.2900390625,872110000,6409.2900390625
"2017-11-27",6409.52001953125,6420.2099609375,6392.009765625,6405.97021484375,1781550000,6405.97021484375
"2017-11-28",6419.47998046875,6426.0400390625,6385.31982421875,6422.56005859375,2003840000,6422.56005859375
"2017-11-29",6412.68994140625,6412.68994140625,6279.3701171875,6311.3798828125,2456990000,6311.3798828125
"2017-11-30",6337.33984375,6374.18994140625,6321.43017578125,6365.56005859375,2468530000,6365.56005859375
"2017-12-01",6325.60986328125,6365.2998046875,6244.83984375,6337.8701171875,2302140000,6337.8701171875
"2017-12-04",6380.68017578125,6380.77001953125,6256.81005859375,6263.7001953125,2427170000,6263.7001953125
"2017-12-05",6242.47021484375,6337.06005859375,6235.77001953125,6265.10986328125,2085760000,6265.10986328125
"2017-12-06",6243.72021484375,6304.10009765625,6234.22021484375,6293.0498046875,1901770000,6293.0498046875
"2017-12-07",6300.64013671875,6333.2900390625,6290.64990234375,6316.27978515625,1953740000,6316.27978515625
"2017-12-08",6364.60009765625,6377.5498046875,6335.22998046875,6344.56982421875,1825640000,6344.56982421875
"2017-12-11",6351.240234375,6394.43017578125,6347.91015625,6393.89013671875,1836780000,6393.89013671875
"2017-12-12",6389.47021484375,6403.5,6371.68994140625,6383.64990234375,1872810000,6383.64990234375
"2017-12-13",6405.41015625,6416.830078125,6388.41015625,6394.669921875,1931090000,6394.669921875
"2017-12-14",6407.259765625,6423.68017578125,6386.25,6389.91015625,1990090000,6389.91015625
"2017-12-15",6405.14990234375,6470.919921875,6405.02978515625,6466.31982421875,3529590000,6466.31982421875
"2017-12-18",6504.89013671875,6522.7001953125,6495.18017578125,6513.27001953125,2150580000,6513.27001953125
"2017-12-19",6505.35986328125,6510.8701171875,6462.7900390625,6480.669921875,2084190000,6480.669921875
"2017-12-20",6504.5498046875,6504.5498046875,6447.93017578125,6472.47998046875,1888140000,6472.47998046875
"2017-12-21",6481.080078125,6501.52001953125,6467.77978515625,6472.68994140625,1827410000,6472.68994140625
"2017-12-22",6462.5498046875,6467.830078125,6449,6465.169921875,1541880000,6465.169921875
"2017-12-26",6427.31982421875,6438.240234375,6407.990234375,6433.16015625,1.301e+09,6433.16015625
"2017-12-27",6437.06005859375,6448.93994140625,6425.919921875,6435.14990234375,1411010000,6435.14990234375
"2017-12-28",6449.52978515625,6452.06982421875,6432.68017578125,6441.419921875,1319870000,6441.419921875
"2017-12-29",6439.91015625,6442.52978515625,6396.419921875,6396.419921875,1575290000,6396.419921875
"2018-01-02",6431.58984375,6513.02001953125,6417.75,6511.33984375,1929700000,6511.33984375
"2018-01-03",6520.02978515625,6579.25,6519.259765625,6575.7998046875,2173130000,6575.7998046875
"2018-01-04",6595.75,6603.169921875,6576.919921875,6584.580078125,2103220000,6584.580078125
"2018-01-05",6613.1298828125,6654.97998046875,6605.02978515625,6653.2900390625,2.024e+09,6653.2900390625
"2018-01-08",6651.68017578125,6680.31982421875,6649.2001953125,6676.6298828125,2055010000,6676.6298828125
"2018-01-09",6692.8701171875,6696.1201171875,6658.27001953125,6677.93994140625,2155810000,6677.93994140625
"2018-01-10",6640.66015625,6663.509765625,6619.35009765625,6662.66015625,2132430000,6662.66015625
"2018-01-11",6675.68994140625,6708.490234375,6664.740234375,6708.490234375,2015170000,6708.490234375
"2018-01-12",6699.31982421875,6763.97998046875,6695.52001953125,6758.5400390625,1986600000,6758.5400390625
"2018-01-16",6807.85009765625,6835.7900390625,6719.10986328125,6737.14013671875,2399790000,6737.14013671875
"2018-01-17",6767.85009765625,6820.0400390625,6738.4501953125,6810.27978515625,2245910000,6810.27978515625
"2018-01-18",6804.58984375,6826.7900390625,6784.72021484375,6811.3798828125,2037410000,6811.3798828125
"2018-01-19",6829.0400390625,6843.240234375,6801.58984375,6834.330078125,2005470000,6834.330078125
"2018-01-22",6829.5498046875,6906.27978515625,6822.85009765625,6906.27978515625,2118310000,6906.27978515625
"2018-01-23",6928.27001953125,6969.39990234375,6926.3701171875,6963.4599609375,2135840000,6963.4599609375
"2018-01-24",6975.3798828125,6992.91015625,6880.68017578125,6919.35009765625,2287320000,6919.35009765625
"2018-01-25",6965.009765625,6967.60009765625,6894.83984375,6916.2998046875,2081380000,6916.2998046875
"2018-01-26",6956.66015625,7022.97021484375,6941.47998046875,7022.97021484375,2080700000,7022.97021484375
"2018-01-29",7000.68017578125,7020.64013671875,6974.7001953125,6988.31982421875,2114420000,6988.31982421875
"2018-01-30",6910.39013671875,6958.7900390625,6894.6298828125,6930.72998046875,2183420000,6930.72998046875
"2018-01-31",6972.81005859375,6983.60986328125,6915.47998046875,6949.990234375,2428990000,6949.990234375
"2018-02-01",6910.56982421875,6970.77001953125,6879.02001953125,6901.5,2311180000,6901.5
"2018-02-02",6866.3798828125,6889.06982421875,6756.5400390625,6760.2900390625,2607160000,6760.2900390625
"2018-02-05",6687.47021484375,6807.9599609375,6495.39013671875,6495.919921875,3143210000,6495.919921875
"2018-02-06",6378.60009765625,6673.41015625,6370.47998046875,6665.97998046875,3148270000,6665.97998046875
"2018-02-07",6632.97998046875,6716.25,6581.3798828125,6582.02001953125,2380020000,6582.02001953125
"2018-02-08",6595.81005859375,6606.0498046875,6304.18017578125,6306.10009765625,2730740000,6306.10009765625
"2018-02-09",6395.16015625,6453.43017578125,6164.43017578125,6412.68017578125,3165330000,6412.68017578125
"2018-02-12",6477.0400390625,6565.27978515625,6424.2998046875,6523.85009765625,2250650000,6523.85009765625
"2018-02-13",6482.77001953125,6567.6201171875,6478.41015625,6553.85986328125,1830320000,6553.85986328125
"2018-02-14",6523.259765625,6684.14990234375,6520.39013671875,6675.02978515625,2217630000,6675.02978515625
"2018-02-15",6734.33984375,6795.919921875,6665.919921875,6794.919921875,2124060000,6794.919921875
"2018-02-16",6778.27978515625,6840.60009765625,6758.509765625,6770.66015625,2037710000,6770.66015625
"2018-02-20",6742.14990234375,6838,6740.47998046875,6779.68994140625,1921870000,6779.68994140625
"2018-02-21",6808.60009765625,6879.47021484375,6759.22021484375,6759.259765625,1956120000,6759.259765625
"2018-02-22",6793.080078125,6826.009765625,6744.0498046875,6761.85009765625,1927580000,6761.85009765625
"2018-02-23",6816.43017578125,6897.52978515625,6789.02978515625,6896.60009765625,1887540000,6896.60009765625
"2018-02-26",6933.81982421875,6989.35986328125,6927.4599609375,6989.10009765625,1876560000,6989.10009765625
"2018-02-27",6984.830078125,7003.1298828125,6900.35009765625,6900.35009765625,2162250000,6900.35009765625
"2018-02-28",6945.2001953125,6964.16015625,6854.419921875,6854.419921875,2384940000,6854.419921875
"2018-03-01",6862.93994140625,6892.3798828125,6687.43994140625,6750.5400390625,2499010000,6750.5400390625
"2018-03-02",6661.91015625,6820.3701171875,6645.02978515625,6811.0400390625,2291480000,6811.0400390625
"2018-03-05",6777.6298828125,6901.6298828125,6753.830078125,6881.27978515625,2076870000,6881.27978515625
"2018-03-06",6919.7900390625,6937.02978515625,6872.06005859375,6913.02001953125,2132920000,6913.02001953125
"2018-03-07",6855.56982421875,6935.47998046875,6850.91015625,6929.39013671875,2198610000,6929.39013671875
"2018-03-08",6955.85009765625,6971,6931.35009765625,6966.43017578125,2277740000,6966.43017578125
"2018-03-09",7014.83984375,7101.31005859375,7007.2998046875,7101.18017578125,2310050000,7101.18017578125
"2018-03-12",7122.47021484375,7156.25,7108.0400390625,7131.1201171875,2314480000,7131.1201171875
"2018-03-13",7172.25,7186.08984375,7025.830078125,7046.509765625,2459220000,7046.509765625
"2018-03-14",7077.85009765625,7084.06982421875,7012.56982421875,7040.97998046875,2112950000,7040.97998046875
"2018-03-15",7050.66015625,7075.5498046875,7010.009765625,7030.97021484375,2008290000,7030.97021484375
"2018-03-16",7058.1201171875,7061.669921875,7011.68994140625,7019.9501953125,3089970000,7019.9501953125
"2018-03-19",6945.97021484375,6949.02001953125,6806.16015625,6864.8798828125,2352810000,6864.8798828125
"2018-03-20",6871.08984375,6902.22998046875,6845.85009765625,6885.919921875,1.976e+09,6885.919921875
"2018-03-21",6863.2900390625,6930.7001953125,6828.8798828125,6853.4501953125,1999230000,6853.4501953125
"2018-03-22",6763.93994140625,6809.93994140625,6679.35009765625,6682.259765625,2370970000,6682.259765625
"2018-03-23",6683.18994140625,6708.580078125,6507.83984375,6508.08984375,2455760000,6508.08984375
"2018-03-26",6644.39990234375,6760.64990234375,6538.7900390625,6753.830078125,2341370000,6753.830078125
"2018-03-27",6791.39013671875,6793.5,6479.56005859375,6529.83984375,2347480000,6529.83984375
"2018-03-28",6488.02001953125,6559.8798828125,6410.0400390625,6460.81005859375,2551950000,6460.81005859375
"2018-03-29",6493.509765625,6640.759765625,6435.669921875,6581.1298828125,2593390000,6581.1298828125
"2018-04-02",6528.22998046875,6560.9599609375,6322.60009765625,6390.83984375,2402670000,6390.83984375
"2018-04-03",6448.0498046875,6485.27001953125,6343.89990234375,6458.830078125,2330900000,6458.830078125
"2018-04-04",6326.5400390625,6578.56005859375,6326.5400390625,6560.06005859375,2261580000,6560.06005859375
"2018-04-05",6619.22021484375,6632.2099609375,6550.27978515625,6594.83984375,2153030000,6594.83984375
"2018-04-06",6514.47998046875,6587.35986328125,6402.02978515625,6433.2099609375,2359780000,6433.2099609375
"2018-04-09",6488.47998046875,6604.259765625,6466.0400390625,6472.33984375,2089220000,6472.33984375
"2018-04-10",6585.52978515625,6639.97021484375,6534.89013671875,6615.8701171875,2252020000,6615.8701171875
"2018-04-11",6578.83984375,6650.2900390625,6574.8798828125,6583.43994140625,1882090000,6583.43994140625
"2018-04-12",6627.31982421875,6682.68994140625,6618.81005859375,6656.259765625,2027080000,6656.259765625
"2018-04-13",6696.02001953125,6703.31005859375,6598.33984375,6628.33984375,1768160000,6628.33984375
"2018-04-16",6675.919921875,6699.759765625,6633.080078125,6675.18017578125,1800450000,6675.18017578125
"2018-04-17",6738.64990234375,6834.31005859375,6729.7900390625,6816.3701171875,1935380000,6816.3701171875
"2018-04-18",6824.580078125,6856.9599609375,6788.31982421875,6833.2099609375,1908700000,6833.2099609375
"2018-04-19",6793.080078125,6815.0400390625,6749.06982421875,6774.89013671875,1982090000,6774.89013671875
"2018-04-20",6754.68017578125,6757.68017578125,6642.830078125,6667.75,1935160000,6667.75
"2018-04-23",6699.16015625,6721.64990234375,6613.5498046875,6648.7998046875,1744480000,6648.7998046875
"2018-04-24",6680.8798828125,6688.89013671875,6464.740234375,6509.0498046875,2154270000,6509.0498046875
"2018-04-25",6514.330078125,6540.759765625,6426.56982421875,6513.93994140625,2055840000,6513.93994140625
"2018-04-26",6606.60986328125,6673.64990234375,6579.1201171875,6649.64990234375,2141220000,6649.64990234375
"2018-04-27",6748.58984375,6750.77978515625,6619.259765625,6656.35009765625,2050350000,6656.35009765625
"2018-04-30",6669.43994140625,6712.5,6593.60009765625,6605.56982421875,1998570000,6605.56982421875
"2018-05-01",6592.93017578125,6685.41015625,6578.259765625,6681.9599609375,1932660000,6681.9599609375
"2018-05-02",6694.52001953125,6715.9599609375,6637.9599609375,6644.47998046875,2157860000,6644.47998046875
"2018-05-03",6608.7001953125,6667.2900390625,6539.8701171875,6643.47998046875,2355780000,6643.47998046875
"2018-05-04",6618.7001953125,6783.35986328125,6612.39013671875,6769.1201171875,2040520000,6769.1201171875
"2018-05-07",6803.4501953125,6846.4599609375,6796.0498046875,6821.8701171875,1950650000,6821.8701171875
"2018-05-08",6813.91015625,6830.8701171875,6770.2998046875,6815.47998046875,2070970000,6815.47998046875
"2018-05-09",6830.5498046875,6895.93017578125,6807.39990234375,6893.2099609375,2250260000,6893.2099609375
"2018-05-10",6909.18017578125,6966.93017578125,6906.77001953125,6963.5498046875,2250450000,6963.5498046875
"2018-05-11",6948.8701171875,6969.2998046875,6923.60986328125,6952.56005859375,2085350000,6952.56005859375
"2018-05-14",6977.35009765625,7008.259765625,6954.64013671875,6964.3701171875,2085850000,6964.3701171875
"2018-05-15",6909.31982421875,6912.0400390625,6852.72998046875,6888.5400390625,2120380000,6888.5400390625
"2018-05-16",6892.89013671875,6944.5400390625,6891.64990234375,6929.97021484375,2103060000,6929.97021484375
"2018-05-17",6905.75,6952.97998046875,6869.39013671875,6901.6298828125,1958970000,6901.6298828125
"2018-05-18",6876.64990234375,6897.91015625,6857.580078125,6866.25,1982190000,6866.25
"2018-05-21",6920.31982421875,6948.27001953125,6876.35009765625,6905.52978515625,1997220000,6905.52978515625
"2018-05-22",6934.7001953125,6947.43017578125,6883.75,6893.6201171875,1927420000,6893.6201171875
"2018-05-23",6847.27001953125,6954.7001953125,6846.93994140625,6953.6298828125,1997090000,6953.6298828125
"2018-05-24",6951.52001953125,6963.68017578125,6882.56982421875,6949.7001953125,2035460000,6949.7001953125
"2018-05-25",6951.47021484375,6982.52001953125,6941.85009765625,6960.919921875,1771950000,6960.919921875
"2018-05-29",6928.5,6964.64990234375,6887.1201171875,6926.5400390625,2095380000,6926.5400390625
"2018-05-30",6955.58984375,6987.6298828125,6938.02001953125,6976.3701171875,2058300000,6976.3701171875
"2018-05-31",6969.93017578125,7016.419921875,6955.990234375,6967.72998046875,2533360000,6967.72998046875
"2018-06-01",7010.080078125,7084.83984375,7008.02001953125,7083.93017578125,2212330000,7083.93017578125
"2018-06-04",7099.5,7146.77001953125,7099.08984375,7143.56982421875,2152170000,7143.56982421875
"2018-06-05",7162.41015625,7179.81982421875,7137.1298828125,7166.75,2063270000,7166.75
"2018-06-06",7180.240234375,7212.4501953125,7140.919921875,7210.080078125,2198100000,7210.080078125
"2018-06-07",7212.43017578125,7212.43017578125,7115.85986328125,7152.830078125,2339720000,7152.830078125
"2018-06-08",7121.759765625,7161.919921875,7100.72998046875,7152.6201171875,1949810000,7152.6201171875
"2018-06-11",7149.64990234375,7187.4501953125,7146.08984375,7168.47998046875,1959360000,7168.47998046875
"2018-06-12",7181.669921875,7214.490234375,7173.759765625,7209.18017578125,2019890000,7209.18017578125
"2018-06-13",7219.580078125,7261.169921875,7193.02001953125,7205.259765625,2197830000,7205.259765625
"2018-06-14",7233.7001953125,7291.31005859375,7233.7001953125,7279.58984375,2193630000,7279.58984375
"2018-06-15",7245.16015625,7268.83984375,7220.97021484375,7255.759765625,3049870000,7255.759765625
"2018-06-18",7201.18017578125,7256.43017578125,7186.16015625,7251.41015625,2102660000,7251.41015625
"2018-06-19",7158.7998046875,7229.990234375,7138.02001953125,7228.0400390625,2283340000,7228.0400390625
"2018-06-20",7264.85009765625,7309.990234375,7256.8701171875,7280.7001953125,2316420000,7280.7001953125
"2018-06-21",7304.0498046875,7308.259765625,7203.93017578125,7217.490234375,2349640000,7217.490234375
"2018-06-22",7239.72021484375,7239.75,7177.4599609375,7197.509765625,3956300000,7197.509765625
"2018-06-25",7131.0498046875,7144.2900390625,6976.9599609375,7038.169921875,2423190000,7038.169921875
"2018-06-26",7061.22998046875,7108.4501953125,7040.06005859375,7068.2001953125,2068870000,7068.2001953125
"2018-06-27",7096.60009765625,7128.77001953125,6968.2998046875,6969.669921875,2319650000,6969.669921875
"2018-06-28",6963.3701171875,7055.25,6950.22998046875,7031.60009765625,2208870000,7031.60009765625
"2018-06-29",7071.490234375,7101.830078125,7031.39990234375,7040.7998046875,2208820000,7040.7998046875
"2018-07-02",6979.5400390625,7099.27001953125,6969.16015625,7097.81982421875,1777880000,7097.81982421875
"2018-07-03",7121.7099609375,7122.4501953125,7009.509765625,7014.5498046875,1171420000,7014.5498046875
"2018-07-05",7064,7105.5400390625,7025.25,7101.0498046875,1754690000,7101.0498046875
"2018-07-06",7114.169921875,7217,7106.10009765625,7207.330078125,1718600000,7207.330078125
"2018-07-09",7251.18017578125,7277.580078125,7221.31982421875,7276,1844440000,7276
"2018-07-10",7287.0498046875,7297.7900390625,7257.490234375,7282.60009765625,1735230000,7282.60009765625
"2018-07-11",7221.66015625,7271.1201171875,7220.22998046875,7243.97998046875,1768480000,7243.97998046875
"2018-07-12",7276.3798828125,7368.72021484375,7274.16015625,7366.25,1930830000,7366.25
"2018-07-13",7372.27978515625,7387.740234375,7348.9599609375,7375.81982421875,1727500000,7375.81982421875
"2018-07-16",7381.02978515625,7390.64013671875,7346.33984375,7357.89990234375,1739360000,7357.89990234375
"2018-07-17",7291.47998046875,7418.43017578125,7288.2998046875,7403.89013671875,1752210000,7403.89013671875
"2018-07-18",7407.25,7411.25,7368.35986328125,7390.1298828125,1881110000,7390.1298828125
"2018-07-19",7364.66015625,7388.990234375,7344.330078125,7352.35986328125,1886300000,7352.35986328125
"2018-07-20",7379.1298828125,7398.58984375,7343.3701171875,7350.22998046875,1796530000,7350.22998046875
"2018-07-23",7335.419921875,7376.81982421875,7301.33984375,7371.77978515625,1668270000,7371.77978515625
"2018-07-24",7455.509765625,7475.990234375,7375.740234375,7406.25,2021890000,7406.25
"2018-07-25",7406.10009765625,7511.39013671875,7405.64013671875,7508.58984375,1943820000,7508.58984375
"2018-07-26",7404.56005859375,7430.1201171875,7385.72021484375,7400.75,2289370000,7400.75
"2018-07-27",7443.240234375,7443.240234375,7255.31982421875,7296.77978515625,2193410000,7296.77978515625
"2018-07-30",7292.72021484375,7299.080078125,7158.77978515625,7193.10009765625,2154140000,7193.10009765625
"2018-07-31",7219.669921875,7272.9599609375,7179.41015625,7231.97998046875,2208610000,7231.97998046875
"2018-08-01",7269.2001953125,7294.7998046875,7234.64013671875,7272.89013671875,2228950000,7272.89013671875
"2018-08-02",7221.35009765625,7380.56005859375,7221.35009765625,7372.14990234375,2115490000,7372.14990234375
"2018-08-03",7389.35986328125,7395.490234375,7356.330078125,7395.490234375,2035870000,7395.490234375
"2018-08-06",7390.81982421875,7439.5498046875,7381.580078125,7438.990234375,2245300000,7438.990234375
"2018-08-07",7459.31982421875,7478.9599609375,7443.8798828125,7462.64990234375,2206400000,7462.64990234375
"2018-08-08",7454.419921875,7486.2099609375,7435.77001953125,7469.5498046875,2098100000,7469.5498046875
"2018-08-09",7467.509765625,7498.3701171875,7458.56982421875,7466.9599609375,2048170000,7466.9599609375
"2018-08-10",7409.0498046875,7436.68994140625,7382.830078125,7408.2998046875,2107530000,7408.2998046875
"2018-08-13",7420.18017578125,7468.81982421875,7398.52978515625,7401.169921875,1934100000,7401.169921875
"2018-08-14",7430.4501953125,7455.419921875,7390,7447.169921875,1938840000,7447.169921875
"2018-08-15",7385.669921875,7409.47998046875,7308.52001953125,7354.66015625,2294100000,7354.66015625
"2018-08-16",7409.60986328125,7422.830078125,7361.8798828125,7374.2900390625,1991410000,7374.2900390625
"2018-08-17",7352.6298828125,7394.93994140625,7312.64990234375,7377.5400390625,1850770000,7377.5400390625
"2018-08-20",7393.580078125,7395.75,7343.47021484375,7371.419921875,1709500000,7371.419921875
"2018-08-21",7393.4599609375,7441.419921875,7388.3701171875,7397.22998046875,1788860000,7397.22998046875
"2018-08-22",7379.83984375,7434.47998046875,7374.68994140625,7424.60009765625,1669240000,7424.60009765625
"2018-08-23",7420.31005859375,7465.8701171875,7405.39990234375,7413.83984375,1888600000,7413.83984375
"2018-08-24",7443.7099609375,7489.5400390625,7442.990234375,7485.39990234375,1892990000,7485.39990234375
"2018-08-27",7527.3701171875,7560.759765625,7512.02001953125,7559.1298828125,2333790000,7559.1298828125
"2018-08-28",7580.85009765625,7588.72021484375,7556.7099609375,7570.25,1980270000,7570.25
"2018-08-29",7585.1298828125,7661.9501953125,7583.52001953125,7660.18017578125,1909880000,7660.18017578125
"2018-08-30",7645.10986328125,7691.10009765625,7619.72998046875,7642.669921875,2022720000,7642.669921875
"2018-08-31",7634.43994140625,7676.4599609375,7628.5400390625,7654.5498046875,1906900000,7654.5498046875
"2018-09-04",7629.33984375,7643.4501953125,7581.35009765625,7622.31982421875,2238710000,7622.31982421875
"2018-09-05",7600.9501953125,7607.18017578125,7498.3798828125,7523.259765625,2602810000,7523.259765625
"2018-09-06",7527.22021484375,7532.2998046875,7405.31982421875,7453.169921875,2375380000,7453.169921875
"2018-09-07",7402.18994140625,7489.39990234375,7400.990234375,7430.259765625,2158930000,7430.259765625
"2018-09-10",7466.759765625,7473.75,7410.740234375,7447.68017578125,2055430000,7447.68017578125
"2018-09-11",7415.08984375,7519.4501953125,7401.72021484375,7507.8701171875,2345080000,7507.8701171875
"2018-09-12",7493.3798828125,7501.240234375,7422.91015625,7488.06005859375,2372320000,7488.06005859375
"2018-09-13",7535.22998046875,7578.759765625,7531.66015625,7561.68994140625,2332930000,7561.68994140625
"2018-09-14",7575.3798828125,7581.2998046875,7515.0400390625,7545.5,2069380000,7545.5
"2018-09-17",7522.58984375,7533.919921875,7427.7900390625,7434.72998046875,2303600000,7434.72998046875
"2018-09-18",7440.85986328125,7531.2001953125,7436.52978515625,7494.39990234375,2328260000,7494.39990234375
"2018-09-19",7498.240234375,7513.33984375,7441.56005859375,7490.31982421875,2167720000,7490.31982421875
"2018-09-20",7534.02001953125,7582.43017578125,7523.8701171875,7569.02978515625,2306580000,7569.02978515625
"2018-09-21",7587.39013671875,7603.85986328125,7522.1201171875,7531.06982421875,3729890000,7531.06982421875
"2018-09-24",7477.4501953125,7554.9501953125,7447.22998046875,7548.75,2433260000,7548.75
"2018-09-25",7552.02001953125,7568.169921875,7525.18994140625,7563.18994140625,2328660000,7563.18994140625
"2018-09-26",7563.9599609375,7637.6201171875,7553.259765625,7563.08984375,2342370000,7563.08984375
"2018-09-27",7600.35009765625,7657.7998046875,7596.9599609375,7629.56982421875,2073930000,7629.56982421875
"2018-09-28",7612.64990234375,7649.2998046875,7598.68994140625,7627.64990234375,2342120000,7627.64990234375
"2018-10-01",7673,7700.56005859375,7627.47021484375,7645.4501953125,2299520000,7645.4501953125
"2018-10-02",7632.3701171875,7685.35986328125,7610.25,7628.27978515625,2416800000,7628.27978515625
"2018-10-03",7663.08984375,7676.89990234375,7625.60009765625,7637.43017578125,3095630000,7637.43017578125
"2018-10-04",7603.009765625,7608.240234375,7436.259765625,7490,3302690000,7490
"2018-10-05",7482.0400390625,7510.4501953125,7327.43994140625,7399.009765625,2699370000,7399.009765625
"2018-10-08",7356.5400390625,7415.5400390625,7267.02001953125,7352.81982421875,2259300000,7352.81982421875
"2018-10-09",7352.43994140625,7430.35986328125,7339.85986328125,7371.6201171875,2466440000,7371.6201171875
"2018-10-10",7319.81005859375,7329.240234375,7042.06005859375,7044.5,3111680000,7044.5
"2018-10-11",7013.47998046875,7120.10009765625,6892.89013671875,6964.02978515625,3154520000,6964.02978515625
"2018-10-12",7150.2099609375,7179.0400390625,7019.89013671875,7157.2099609375,2674210000,7157.2099609375
"2018-10-15",7129.31005859375,7144.16015625,7047.47021484375,7068.669921875,2.167e+09,7068.669921875
"2018-10-16",7141.669921875,7291.259765625,7133.2900390625,7276.43017578125,2639760000,7276.43017578125
"2018-10-17",7310,7311.85009765625,7205.759765625,7278.6298828125,2385070000,7278.6298828125
"2018-10-18",7250.919921875,7251.5400390625,7081.89013671875,7116.08984375,2567980000,7116.08984375
"2018-10-19",7169.4501953125,7227.9599609375,7080.740234375,7107.22998046875,2547790000,7107.22998046875
"2018-10-22",7146.02978515625,7193.72021484375,7088.89990234375,7141.2099609375,2301010000,7141.2099609375
"2018-10-23",7002.68994140625,7149.1298828125,6933.56005859375,7118.669921875,2752010000,7118.669921875
"2018-10-24",7101.85009765625,7117.33984375,6777.47021484375,6789.14990234375,2959560000,6789.14990234375
"2018-10-25",6891.27001953125,7063.919921875,6866.75,7016.39013671875,2788090000,7016.39013671875
"2018-10-26",6804.68994140625,6976.93994140625,6743.77978515625,6852.39990234375,2971530000,6852.39990234375
"2018-10-29",6954.68994140625,6973.18994140625,6574.75,6713.89990234375,2711900000,6713.89990234375
"2018-10-30",6673.83984375,6816.27001953125,6652.52978515625,6810.1201171875,2699220000,6810.1201171875
"2018-10-31",6933.10986328125,7030.509765625,6924.08984375,6967.10009765625,2918880000,6967.10009765625
"2018-11-01",6980.7900390625,7071.83984375,6932.2099609375,7069.169921875,2728760000,7069.169921875
"2018-11-02",7042.2998046875,7085.27001953125,6909.06982421875,6965.2900390625,2899670000,6965.2900390625
"2018-11-05",6946.14990234375,6952.93017578125,6859.7998046875,6937.08984375,2186310000,6937.08984375
"2018-11-06",6939.1298828125,7024.77978515625,6928,6988.85009765625,2300920000,6988.85009765625
"2018-11-07",7068.5,7205.9599609375,7057.7099609375,7203.1298828125,2687410000,7203.1298828125
"2018-11-08",7176.18994140625,7192.31982421875,7125.14013671875,7158.58984375,2475160000,7158.58984375
"2018-11-09",7095.4501953125,7104.39013671875,6982.89013671875,7039.14990234375,2426750000,7039.14990234375
"2018-11-12",6990.3701171875,6998.7998046875,6819.3798828125,6829.10009765625,2305340000,6829.10009765625
"2018-11-13",6858.58984375,6951.43994140625,6811.68017578125,6830.91015625,2361240000,6830.91015625
"2018-11-14",6896.2001953125,6916.10009765625,6736.18017578125,6769.8701171875,2566210000,6769.8701171875
"2018-11-15",6750.6298828125,6908.830078125,6702.419921875,6890.4501953125,2523500000,6890.4501953125
"2018-11-16",6823.02978515625,6898.1298828125,6797.43017578125,6867.02001953125,2466980000,6867.02001953125
"2018-11-19",6832.25,6841.43994140625,6623.3701171875,6642.919921875,2381430000,6642.919921875
"2018-11-20",6475.68017578125,6614.009765625,6442.35986328125,6526.9599609375,2672250000,6526.9599609375
"2018-11-21",6608.1201171875,6639.3701171875,6566.31005859375,6575.66015625,1867840000,6575.66015625
"2018-11-23",6525.02001953125,6591.56005859375,6524.5498046875,6527.35009765625,958950000,6527.35009765625
"2018-11-26",6616.7900390625,6679.91015625,6590.89013671875,6678.33984375,2036910000,6678.33984375
"2018-11-27",6639.39013671875,6715.41015625,6609.080078125,6701.0400390625,2076790000,6701.0400390625
"2018-11-28",6756.1298828125,6914.7900390625,6713.2900390625,6913.330078125,2413120000,6913.330078125
"2018-11-29",6890.83984375,6938.02001953125,6839.4501953125,6892.39990234375,2018190000,6892.39990234375
"2018-11-30",6902.240234375,6951.1298828125,6872.2900390625,6949.009765625,2547970000,6949.009765625
"2018-12-03",7106.83984375,7107,7013.2001953125,7062.1298828125,2643150000,7062.1298828125
"2018-12-04",7026.81005859375,7045.68017578125,6785.85009765625,6795.2099609375,2655720000,6795.2099609375
"2018-12-06",6652.1298828125,6840.5,6630.81982421875,6838.85009765625,2857650000,6838.85009765625
"2018-12-07",6806.6298828125,6849.3798828125,6594.5400390625,6613.27978515625,2504680000,6613.27978515625
"2018-12-10",6603.35986328125,6710.39013671875,6534.330078125,6682.740234375,2380270000,6682.740234375
"2018-12-11",6782.41015625,6788.47021484375,6650.830078125,6704.240234375,2286810000,6704.240234375
"2018-12-12",6800.5498046875,6867.66015625,6761.77978515625,6763.9599609375,2427080000,6763.9599609375
"2018-12-13",6805.7001953125,6833.77978515625,6724.0400390625,6767.97021484375,2162210000,6767.97021484375
"2018-12-14",6679.91015625,6710.41015625,6585.31005859375,6594.9599609375,2218330000,6594.9599609375
"2018-12-17",6571,6621.6298828125,6399.5498046875,6448.39013671875,2697400000,6448.39013671875
"2018-12-18",6503.1201171875,6551.0400390625,6434.60009765625,6491.52001953125,2623270000,6491.52001953125
"2018-12-19",6480.31005859375,6575.39013671875,6284.72021484375,6342.97021484375,2919140000,6342.97021484375
"2018-12-20",6312.72021484375,6380.97021484375,6161.85009765625,6243.18994140625,3282440000,6243.18994140625
"2018-12-21",6293.0498046875,6308.31005859375,6013.97998046875,6046.56005859375,4571670000,6046.56005859375
"2018-12-24",5994.080078125,6075.169921875,5895.1201171875,5899.35009765625,1647440000,5899.35009765625
"2018-12-26",5969.080078125,6263.81982421875,5921.85986328125,6262.77001953125,2572890000,6262.77001953125
"2018-12-27",6168.60009765625,6291.990234375,6043.4501953125,6288.2998046875,2449110000,6288.2998046875
"2018-12-28",6326.6201171875,6388.35986328125,6233.68994140625,6285.27001953125,2216250000,6285.27001953125
"2018-12-31",6354.85009765625,6365.39013671875,6273.93994140625,6329.97021484375,2109320000,6329.97021484375
"2019-01-02",6198.68017578125,6394.740234375,6198.68017578125,6360.8701171875,2261800000,6360.8701171875
"2019-01-03",6274.759765625,6292.68017578125,6139.39990234375,6147.1298828125,2631550000,6147.1298828125
"2019-01-04",6250.0498046875,6445.2001953125,6234.58984375,6422.669921875,2596150000,6422.669921875
"2019-01-07",6434.5498046875,6521.43994140625,6412.97998046875,6488.25,2523450000,6488.25
"2019-01-08",6555.91015625,6574.72998046875,6457,6551.85009765625,2407340000,6551.85009765625
"2019-01-09",6576.5400390625,6631.06005859375,6549.43994140625,6600.68994140625,2434500000,6600.68994140625
"2019-01-10",6551.0498046875,6625.10986328125,6517.5400390625,6620.93994140625,2190110000,6620.93994140625
"2019-01-11",6579.89013671875,6604.56005859375,6562.0400390625,6601.39990234375,2074310000,6601.39990234375
"2019-01-14",6536.3701171875,6566.8701171875,6512.64013671875,6541.0400390625,1960780000,6541.0400390625
"2019-01-15",6571.14990234375,6674.52978515625,6567.31982421875,6669.64013671875,2066090000,6669.64013671875
"2019-01-16",6677.3798828125,6720.41015625,6665.0498046875,6668.56005859375,2163730000,6668.56005859375
"2019-01-17",6646.18994140625,6747.27978515625,6637.10009765625,6718.4501953125,2149280000,6718.4501953125
"2019-01-18",6771.52001953125,6816.22998046875,6727.93994140625,6784.60986328125,2459920000,6784.60986328125
"2019-01-22",6736.64990234375,6738.56982421875,6603.56005859375,6646.81005859375,2397660000,6646.81005859375
"2019-01-23",6689.080078125,6712.85986328125,6584.5,6658.759765625,2288090000,6658.759765625
"2019-01-24",6680.33984375,6710.72998046875,6656.52001953125,6702.5498046875,2419110000,6702.5498046875
"2019-01-25",6755.669921875,6800.97021484375,6733.31982421875,6787.3701171875,2446550000,6787.3701171875
"2019-01-28",6691.83984375,6697.52978515625,6644.31005859375,6697.08984375,2448790000,6697.08984375
"2019-01-29",6695.7099609375,6701.47021484375,6613.419921875,6632.7900390625,2106370000,6632.7900390625
"2019-01-30",6708.56005859375,6826.919921875,6688.330078125,6807.91015625,2569410000,6807.91015625
"2019-01-31",6840.93017578125,6936.33984375,6837.919921875,6906.83984375,2947490000,6906.83984375
"2019-02-01",6872.72998046875,6921.9501953125,6857.31005859375,6875.52001953125,2398800000,6875.52001953125
"2019-02-04",6876.56005859375,6960.97021484375,6872.60009765625,6959.9599609375,2106030000,6959.9599609375
"2019-02-05",6969.3701171875,7029.77001953125,6967.93994140625,7023.52001953125,2284960000,7023.52001953125
"2019-02-06",7023.89013671875,7034.93994140625,6969.830078125,6997.6201171875,2179400000,6997.6201171875
"2019-02-07",6934.330078125,6954.77001953125,6854.35009765625,6904.97998046875,2310700000,6904.97998046875
"2019-02-08",6843.330078125,6914.56005859375,6836.7001953125,6913.1298828125,2102520000,6913.1298828125
"2019-02-11",6941.259765625,6958.330078125,6893.7998046875,6909.18017578125,1908490000,6909.18017578125
"2019-02-12",6960.5498046875,7021.759765625,6948.330078125,7014.669921875,2140130000,7014.669921875
"2019-02-13",7038.31982421875,7062.580078125,7009.72998046875,7015.8798828125,2103840000,7015.8798828125
"2019-02-14",6986.509765625,7047.8798828125,6969.68994140625,7022.419921875,2117500000,7022.419921875
"2019-02-15",7066.3798828125,7073.990234375,7022.2998046875,7055.18017578125,2263640000,7055.18017578125
"2019-02-19",7033.3701171875,7089.10009765625,7032.77978515625,7066.60986328125,2124140000,7066.60986328125
"2019-02-20",7070.240234375,7096.14990234375,7027.3701171875,7062.33984375,2202670000,7062.33984375
"2019-02-21",7047.080078125,7063.06982421875,7001.7998046875,7035.16015625,2144680000,7035.16015625
"2019-02-22",7055.2001953125,7094.2900390625,7050.009765625,7090.6298828125,2428560000,7090.6298828125
"2019-02-25",7144.33984375,7161.72998046875,7111.77978515625,7115.43017578125,2399410000,7115.43017578125
"2019-02-26",7098.97021484375,7144.64990234375,7087.14013671875,7123.22021484375,2305760000,7123.22021484375
"2019-02-27",7095.75,7125.77978515625,7045.41015625,7117,2430790000,7117
"2019-02-28",7093.2001953125,7125.919921875,7081.919921875,7097.52978515625,2676790000,7097.52978515625
"2019-03-01",7152.080078125,7159.9599609375,7101.06982421875,7151.56982421875,2490920000,7151.56982421875
"2019-03-04",7193.8798828125,7205.93994140625,7073.39990234375,7150.830078125,2582090000,7150.830078125
"2019-03-05",7156.66015625,7178.2998046875,7120.68994140625,7156.7900390625,2166670000,7156.7900390625
"2019-03-06",7156.240234375,7162.240234375,7104.5498046875,7112.47021484375,2256550000,7112.47021484375
"2019-03-07",7089.6298828125,7097.91015625,7001.81005859375,7026.8798828125,2462690000,7026.8798828125
"2019-03-08",6940.89990234375,7018.919921875,6940.72021484375,7015.68994140625,2260950000,7015.68994140625
"2019-03-11",7050.0498046875,7166.93017578125,7049.56005859375,7164.02001953125,2248460000,7164.02001953125
"2019-03-12",7176.22998046875,7219.41015625,7166.9501953125,7201.27978515625,2171620000,7201.27978515625
"2019-03-13",7231.0498046875,7292.85986328125,7229.8798828125,7256.97998046875,2379260000,7256.97998046875
"2019-03-14",7257.31005859375,7267.93994140625,7240.9599609375,7243.009765625,2198900000,7243.009765625
"2019-03-15",7274.14013671875,7331.2998046875,7265.6298828125,7306.990234375,3451860000,7306.990234375
"2019-03-18",7311.6298828125,7348.68994140625,7293.85009765625,7326.27978515625,2302140000,7326.27978515625
"2019-03-19",7357.580078125,7390.2900390625,7321.93017578125,7349.27978515625,2457920000,7349.27978515625
"2019-03-20",7348.990234375,7422.75,7318.419921875,7380.75,2464230000,7380.75
"2019-03-21",7356.93994140625,7505.41015625,7356.93994140625,7493.27001953125,2502810000,7493.27001953125
"2019-03-22",7458.43994140625,7482.35009765625,7323.52001953125,7326.06005859375,2504740000,7326.06005859375
"2019-03-25",7299.93017578125,7342.509765625,7265.27978515625,7316.9599609375,2162490000,7316.9599609375
"2019-03-26",7378.22998046875,7417.259765625,7314.3798828125,7351.14990234375,2080350000,7351.14990234375
"2019-03-27",7364.47021484375,7376.990234375,7252.06005859375,7308.18994140625,2244070000,7308.18994140625
"2019-03-28",7325.06005859375,7346.0400390625,7277.68994140625,7320.47021484375,1922150000,7320.47021484375
"2019-03-29",7377.77001953125,7381.68994140625,7333.169921875,7378.77001953125,2311790000,7378.77001953125
"2019-04-01",7450.81005859375,7481.83984375,7422.43994140625,7478.419921875,2230050000,7478.419921875
"2019-04-02",7473.509765625,7507.0498046875,7461.509765625,7499.64013671875,2123250000,7499.64013671875
"2019-04-03",7538.169921875,7589.68994140625,7520.39990234375,7544.97021484375,2509630000,7544.97021484375
"2019-04-04",7542.16015625,7571.1298828125,7496.2998046875,7540.56982421875,2152640000,7540.56982421875
"2019-04-05",7564.27001953125,7581.89990234375,7554.91015625,7578.83984375,2157050000,7578.83984375
"2019-04-08",7565.06005859375,7602.080078125,7536.419921875,7599.740234375,2075550000,7599.740234375
"2019-04-09",7571.8798828125,7596.75,7555.6201171875,7568.490234375,2078800000,7568.490234375
"2019-04-10",7581.39013671875,7613.41015625,7573.27978515625,7611.490234375,2012290000,7611.490234375
"2019-04-11",7621.39990234375,7621.39990234375,7580.7099609375,7594.89013671875,1969480000,7594.89013671875
"2019-04-12",7624.14990234375,7630.52001953125,7596.56005859375,7628.14990234375,1968900000,7628.14990234375
"2019-04-15",7630.60009765625,7636.7998046875,7578.5400390625,7629.1201171875,1827710000,7629.1201171875
"2019-04-16",7651.18994140625,7670.39990234375,7631.64013671875,7654.72998046875,2102740000,7654.72998046875
"2019-04-17",7705.31982421875,7715.06982421875,7659.85009765625,7680.72021484375,2317330000,7680.72021484375
"2019-04-18",7688.93017578125,7694.18017578125,7647.39990234375,7689.72021484375,2124630000,7689.72021484375
"2019-04-22",7658.3701171875,7715.330078125,7653.89013671875,7713.490234375,1790990000,7713.490234375
"2019-04-23",7724.169921875,7819.33984375,7719.08984375,7810.7099609375,2099410000,7810.7099609375
"2019-04-24",7813.02001953125,7827.0498046875,7783.58984375,7784.41015625,2043310000,7784.41015625
"2019-04-25",7850.7099609375,7851.97021484375,7778.22998046875,7816.919921875,2073370000,7816.919921875
"2019-04-26",7791.14990234375,7826.89013671875,7742.60009765625,7826.68017578125,1982560000,7826.68017578125
"2019-04-29",7825.64013671875,7851.85009765625,7812.97021484375,7839.0400390625,1781860000,7839.0400390625
"2019-04-30",7769.2998046875,7792.31982421875,7726.06982421875,7781.4599609375,2131850000,7781.4599609375
"2019-05-01",7828.14013671875,7851.02978515625,7749.740234375,7751.85009765625,2273540000,7751.85009765625
"2019-05-02",7751.64013671875,7791.509765625,7672.5400390625,7724.06005859375,2211530000,7724.06005859375
"2019-05-03",7784.2900390625,7847.52001953125,7772.43994140625,7845.72998046875,2081080000,7845.72998046875
"2019-05-06",7662.919921875,7804.5400390625,7662.919921875,7794.08984375,1979650000,7794.08984375
"2019-05-07",7713.490234375,7743.06005859375,7572.60986328125,7640.14990234375,2397600000,7640.14990234375
"2019-05-08",7623.31982421875,7678.81982421875,7593.75,7617.5498046875,2214680000,7617.5498046875
"2019-05-09",7525.81005859375,7605.02978515625,7472.7099609375,7582.75,2549500000,7582.75
"2019-05-10",7556.0400390625,7623.009765625,7426.75,7586.52978515625,2421470000,7586.52978515625
"2019-05-13",7385.5498046875,7433.919921875,7303.64013671875,7324.1298828125,2484820000,7324.1298828125
"2019-05-14",7366.64013671875,7449.02978515625,7337.93994140625,7401.8798828125,2103140000,7401.8798828125
"2019-05-15",7354.81982421875,7524.22021484375,7353.89990234375,7503.25,2014080000,7503.25
"2019-05-16",7509.91015625,7627.02978515625,7502.759765625,7580.14013671875,2168720000,7580.14013671875
"2019-05-17",7513.14990234375,7605.669921875,7496.919921875,7503.68017578125,2176380000,7503.68017578125
"2019-05-20",7391.72998046875,7424.58984375,7351.919921875,7376.7001953125,2130700000,7376.7001953125
"2019-05-21",7442.31005859375,7472.7099609375,7417.06982421875,7451.02001953125,2000130000,7451.02001953125
"2019-05-22",7413.83984375,7458.10986328125,7410.7099609375,7420.66015625,1884660000,7420.66015625
"2019-05-23",7331.669921875,7337.47021484375,7261.4599609375,7307.93017578125,2270530000,7307.93017578125
"2019-05-24",7353.97021484375,7371.2998046875,7294.10009765625,7300.9599609375,1685230000,7300.9599609375
"2019-05-28",7321.27001953125,7362.2900390625,7274.7001953125,7278.3798828125,2378470000,7278.3798828125
"2019-05-29",7222.5498046875,7254.2001953125,7176.669921875,7216.85986328125,2282120000,7216.85986328125
"2019-05-30",7234.830078125,7262.77001953125,7204.419921875,7245.39990234375,1875180000,7245.39990234375
"2019-05-31",7148.7099609375,7183.22998046875,7125.97021484375,7127.9599609375,2239420000,7127.9599609375
"2019-06-03",7110.33984375,7126.43017578125,6936.68017578125,6978.02001953125,2580670000,6978.02001953125
"2019-06-04",7056.18017578125,7169.7900390625,7023.08984375,7166.75,2374130000,7166.75
"2019-06-05",7230.81005859375,7235.22998046875,7146.43017578125,7220.89990234375,2139290000,7220.89990234375
"2019-06-06",7229.85986328125,7293.22021484375,7201.58984375,7275.93017578125,2093470000,7275.93017578125
"2019-06-07",7315.330078125,7445.990234375,7309.009765625,7417.2900390625,2074120000,7417.2900390625
"2019-06-10",7472.60009765625,7573,7468.169921875,7501.93017578125,2042340000,7501.93017578125
"2019-06-11",7584.75,7595.56982421875,7489.990234375,7513.85009765625,2121150000,7513.85009765625
"2019-06-12",7493.5498046875,7507.52001953125,7459.2001953125,7472.2900390625,1978930000,7472.2900390625
"2019-06-13",7500.85009765625,7530.91015625,7487.08984375,7510.68017578125,1848360000,7510.68017578125
"2019-06-14",7476.47021484375,7500.740234375,7454.8701171875,7479.10986328125,1808370000,7479.10986328125
"2019-06-17",7500.27978515625,7546.990234375,7492.169921875,7526.52001953125,1950550000,7526.52001953125
"2019-06-18",7606.60986328125,7689.080078125,7595.58984375,7635.39990234375,2250550000,7635.39990234375
"2019-06-19",7652.52001953125,7681.56005859375,7606.27978515625,7667.740234375,2027520000,7667.740234375
"2019-06-20",7770.169921875,7770.60986328125,7681.43017578125,7738.0498046875,2108250000,7738.0498046875
"2019-06-21",7719.419921875,7772.52978515625,7708.25,7728.77978515625,2909540000,7728.77978515625
"2019-06-24",7737,7746.68017578125,7720.77978515625,7723.02001953125,2073470000,7723.02001953125
"2019-06-25",7720.91015625,7723.0400390625,7584.169921875,7591.5400390625,2132550000,7591.5400390625
"2019-06-26",7642.919921875,7688.64013671875,7616.91015625,7627.0498046875,2122730000,7627.0498046875
"2019-06-27",7656.68017578125,7672.97998046875,7636.72021484375,7657.0498046875,2083920000,7657.0498046875
"2019-06-28",7674.52001953125,7682.259765625,7639.4501953125,7671.080078125,4101490000,7671.080078125
"2019-07-01",7816.56005859375,7820.81005859375,7735.669921875,7768.14013671875,2219030000,7768.14013671875
"2019-07-02",7763.02978515625,7800.47021484375,7746.009765625,7799.81982421875,1956590000,7799.81982421875
"2019-07-03",7819.06005859375,7857.68994140625,7811.2900390625,7857.68994140625,1548240000,7857.68994140625
"2019-07-05",7806.06982421875,7854.7099609375,7774.58984375,7841.2998046875,1690700000,7841.2998046875
"2019-07-08",7790.4599609375,7841.2998046875,7756.10986328125,7785.7900390625,1957160000,7785.7900390625
"2019-07-09",7748.2900390625,7833.93017578125,7748.22998046875,7826.85986328125,1871430000,7826.85986328125
"2019-07-10",7869.72998046875,7923.93017578125,7858.68017578125,7903.39990234375,2066640000,7903.39990234375
"2019-07-11",7918.64990234375,7934.60009765625,7873.16015625,7896.77978515625,1970690000,7896.77978515625
"2019-07-12",7908.580078125,7944.080078125,7900.39013671875,7943.240234375,1835960000,7943.240234375
"2019-07-15",7961.06982421875,7969.7900390625,7940.4501953125,7966.93017578125,1790770000,7966.93017578125
"2019-07-16",7958.43994140625,7965.759765625,7904.9501953125,7927.080078125,1947010000,7927.080078125
"2019-07-17",7927.91015625,7941.10009765625,7887.97998046875,7888.759765625,1887120000,7888.759765625
"2019-07-18",7850.1201171875,7912.330078125,7827.490234375,7904.1298828125,2063790000,7904.1298828125
"2019-07-19",7944.85986328125,7950.22021484375,7832.39013671875,7834.89990234375,1893050000,7834.89990234375
"2019-07-22",7862.3798828125,7918.47021484375,7862.27001953125,7905.1201171875,1860440000,7905.1201171875
"2019-07-23",7946.0498046875,7955.08984375,7895.0498046875,7954.56005859375,1845050000,7954.56005859375
"2019-07-24",7928.77978515625,8010.830078125,7926.990234375,8010.60986328125,1953670000,8010.60986328125
"2019-07-25",7979.14013671875,7983.9599609375,7921.2099609375,7929.8701171875,2058090000,7929.8701171875
"2019-07-26",7992.1298828125,8027.18017578125,7986.72021484375,8016.9501953125,1975110000,8016.9501953125
"2019-07-29",8010.0498046875,8010.0498046875,7939.97998046875,7989.080078125,1882980000,7989.080078125
"2019-07-30",7927.56005859375,7983.10986328125,7923.4501953125,7952.47021484375,1893610000,7952.47021484375
"2019-07-31",7972.759765625,7979.2001953125,7774.93017578125,7848.77978515625,2679230000,7848.77978515625
"2019-08-01",7866.60009765625,8000.93994140625,7769.02001953125,7801.14990234375,2815420000,7801.14990234375
"2019-08-02",7740.91015625,7755.08984375,7645.18017578125,7692.7998046875,2262550000,7692.7998046875
"2019-08-05",7510.02001953125,7528.89990234375,7356.27001953125,7415.68994140625,2661780000,7415.68994140625
"2019-08-06",7492.02001953125,7541.740234375,7432.31005859375,7521.31982421875,2217620000,7521.31982421875
"2019-08-07",7436.14013671875,7569.89990234375,7386.39013671875,7551.89990234375,2470170000,7551.89990234375
"2019-08-08",7608.02978515625,7726.4599609375,7576.81982421875,7724.830078125,2442950000,7724.830078125
"2019-08-09",7684.56005859375,7709.509765625,7591.14013671875,7646.27001953125,2221180000,7646.27001953125
"2019-08-12",7597.18994140625,7623.43994140625,7528.9501953125,7561.68017578125,2068920000,7561.68017578125
"2019-08-13",7553.43017578125,7778.33984375,7553.330078125,7728.14990234375,2353570000,7728.14990234375
"2019-08-14",7594.64013671875,7621.7001953125,7480.580078125,7490.1298828125,2543670000,7490.1298828125
"2019-08-15",7503.14013671875,7523.5,7429.35986328125,7484.89013671875,2190810000,7484.89013671875
"2019-08-16",7548.89990234375,7622.72998046875,7548.89990234375,7604.10986328125,2018710000,7604.10986328125
"2019-08-19",7715.41015625,7740.740234375,7604.10986328125,7719.31982421875,1946440000,7719.31982421875
"2019-08-20",7708.31005859375,7731.31005859375,7664.2099609375,7664.47021484375,1750730000,7664.47021484375
"2019-08-21",7731.75,7754.66015625,7706.56982421875,7733.22021484375,1721410000,7733.22021484375
"2019-08-22",7750.97998046875,7764.7900390625,7649.27978515625,7707.43017578125,1780760000,7707.43017578125
"2019-08-23",7658.47998046875,7722.43017578125,7442.93017578125,7464.990234375,2214370000,7464.990234375
"2019-08-26",7540.68994140625,7577.77001953125,7506.169921875,7575.02001953125,1691990000,7575.02001953125
"2019-08-27",7630.4599609375,7640.68017578125,7531.9599609375,7566.02978515625,1914930000,7566.02978515625
"2019-08-28",7536.7001953125,7598.14990234375,7500.22021484375,7587.89990234375,1663450000,7587.89990234375
"2019-08-29",7678.68994140625,7723.93994140625,7654.31005859375,7702.31005859375,1703760000,7702.31005859375
"2019-08-30",7743.22998046875,7747.080078125,7642.89990234375,7691,1668110000,7691
"2019-09-03",7634.02978515625,7670.169921875,7584.81982421875,7609.509765625,1938780000,7609.509765625
"2019-09-04",7683.77978515625,7724.91015625,7663.64013671875,7719.25,1893740000,7719.25
"2019-09-05",7803.4501953125,7879.97021484375,7803.4501953125,7862.5400390625,2108700000,7862.5400390625
"2019-09-06",7868.8701171875,7874.990234375,7835.89013671875,7852.5400390625,1878730000,7852.5400390625
"2019-09-09",7876.39990234375,7877.41015625,7795.85986328125,7832.39990234375,2186660000,7832.39990234375
"2019-09-10",7793.27978515625,7817.580078125,7743.60986328125,7814.740234375,2366080000,7814.740234375
"2019-09-11",7820.7099609375,7888.33984375,7812.06982421875,7887.580078125,2322610000,7887.580078125
"2019-09-12",7931.9599609375,7975.330078125,7907.330078125,7917.33984375,2228100000,7917.33984375
"2019-09-13",7903.72998046875,7923.41015625,7879.58984375,7892.9501953125,1984570000,7892.9501953125
"2019-09-16",7833.72998046875,7868.740234375,7831.759765625,7852.41015625,1876540000,7852.41015625
"2019-09-17",7849.8798828125,7891.2099609375,7840.990234375,7888.7900390625,1857350000,7888.7900390625
"2019-09-18",7877.580078125,7891.169921875,7791.580078125,7888.56005859375,2045590000,7888.56005859375
"2019-09-19",7904.39013671875,7950.2099609375,7888.31005859375,7901.7900390625,1818430000,7901.7900390625
"2019-09-20",7901.4599609375,7920.52978515625,7794.27001953125,7823.5498046875,3363230000,7823.5498046875
"2019-09-23",7815.22998046875,7842.97998046875,7790.2900390625,7818.60986328125,1781750000,7818.60986328125
"2019-09-24",7855.97021484375,7873.25,7684.7998046875,7710.0400390625,2310940000,7710.0400390625
"2019-09-25",7706.5,7822.43017578125,7647.6298828125,7803.5400390625,2022080000,7803.5400390625
"2019-09-26",7794.27978515625,7798.1201171875,7718.68994140625,7771.990234375,1886310000,7771.990234375
"2019-09-27",7786.02978515625,7790.7998046875,7626.81982421875,7681.580078125,2041250000,7681.580078125
"2019-09-30",7705.97021484375,7761.83984375,7693.490234375,7749.4501953125,1809050000,7749.4501953125
"2019-10-01",7782.81982421875,7821.72021484375,7675.419921875,7684.14013671875,2250500000,7684.14013671875
"2019-10-02",7627.58984375,7631.33984375,7513.68994140625,7550.7900390625,2503630000,7550.7900390625
"2019-10-03",7557.18994140625,7640.419921875,7463.56982421875,7638.39013671875,2157220000,7638.39013671875
"2019-10-04",7677.330078125,7759.35986328125,7670.919921875,7754.10009765625,1.748e+09,7754.10009765625
"2019-10-07",7725.68017578125,7784.7900390625,7712.68017578125,7725.1298828125,1759580000,7725.1298828125
"2019-10-08",7671.3798828125,7707.169921875,7603.759765625,7604.27001953125,1943700000,7604.27001953125
"2019-10-09",7678.66015625,7717.93994140625,7655.47998046875,7690.52978515625,1563500000,7690.52978515625
"2019-10-10",7688.419921875,7772.68017578125,7682.60986328125,7740.35986328125,1793470000,7740.35986328125
"2019-10-11",7835.93017578125,7904.0498046875,7831.10986328125,7843.8798828125,2184790000,7843.8798828125
"2019-10-14",7834.740234375,7865.669921875,7827.16015625,7842.330078125,1423700000,7842.330078125
"2019-10-15",7867.9599609375,7960.14013671875,7863.64990234375,7942.85009765625,1841660000,7942.85009765625
"2019-10-16",7911.990234375,7941.759765625,7898.31005859375,7920.2099609375,1900010000,7920.2099609375
"2019-10-17",7976.64013671875,7981.14013671875,7914.93994140625,7942.14013671875,1864020000,7942.14013671875
"2019-10-18",7938.2998046875,7946.81005859375,7829.75,7868.490234375,2020020000,7868.490234375
"2019-10-21",7911.580078125,7941.47998046875,7887.740234375,7940.330078125,1756640000,7940.330078125
"2019-10-22",7968.25,7977.009765625,7871.97998046875,7874.6201171875,1850870000,7874.6201171875
"2019-10-23",7858.47998046875,7890.2099609375,7845.08984375,7889.47021484375,1822180000,7889.47021484375
"2019-10-24",7956.22998046875,7969.66015625,7912.72021484375,7966.72021484375,1893620000,7966.72021484375
"2019-10-25",7926.60009765625,8033.2900390625,7926.60009765625,8029.22021484375,1911580000,8029.22021484375
"2019-10-28",8071.39013671875,8119.72998046875,8070.89990234375,8110.669921875,1959920000,8110.669921875
"2019-10-29",8101.5498046875,8108.60986328125,8045.64013671875,8047.509765625,1842720000,8047.509765625
"2019-10-30",8056.89990234375,8096.330078125,8017.919921875,8083.10986328125,1936060000,8083.10986328125
"2019-10-31",8100.6201171875,8110.43994140625,8041.64990234375,8083.830078125,2276140000,8083.830078125
"2019-11-01",8121.9501953125,8161.97998046875,8111.72998046875,8161.169921875,2071350000,8161.169921875
"2019-11-04",8218.9296875,8228.330078125,8197.3203125,8210.66015625,2166830000,8210.66015625
"2019-11-05",8225.349609375,8229.08984375,8191.0498046875,8210.1796875,2327420000,8210.1796875
"2019-11-06",8204.33984375,8204.33984375,8157.35986328125,8196.0302734375,2342570000,8196.0302734375
"2019-11-07",8237.6796875,8271.8203125,8198.91015625,8219.650390625,2403680000,8219.650390625
"2019-11-08",8208.3701171875,8256.2900390625,8186.31005859375,8255.8896484375,1982140000,8255.8896484375
"2019-11-11",8212.3701171875,8245.8896484375,8202.3603515625,8241.91015625,1719300000,8241.91015625
"2019-11-12",8249.6201171875,8293.1796875,8238.330078125,8263.7900390625,2001440000,8263.7900390625
"2019-11-13",8235.6796875,8274.6103515625,8233.3798828125,8259.8095703125,2180010000,8259.8095703125
"2019-11-14",8238.849609375,8264.9404296875,8212.58984375,8257.830078125,2113840000,8257.830078125
"2019-11-15",8303.83984375,8315.900390625,8284.2001953125,8315.51953125,2199480000,8315.51953125
"2019-11-18",8303.2197265625,8340.41015625,8274.6796875,8328.48046875,2053260000,8328.48046875
"2019-11-19",8357.4296875,8357.7998046875,8308.2802734375,8338.740234375,2094030000,8338.740234375
"2019-11-20",8315.5498046875,8339.259765625,8226.25,8283.75,2608780000,8283.75
"2019-11-21",8273.9501953125,8282.330078125,8242.2197265625,8265.6201171875,2073720000,8265.6201171875
"2019-11-22",8287.25,8292.1103515625,8229.490234375,8272.0498046875,1885730000,8272.0498046875
"2019-11-25",8309.5498046875,8372.8203125,8309.5498046875,8371.9296875,2262750000,8371.9296875
"2019-11-26",8374.259765625,8398.0400390625,8364.1103515625,8385.75,2439370000,8385.75
"2019-11-27",8407.23046875,8445.6103515625,8399.6298828125,8444.7099609375,1748520000,8444.7099609375
"2019-11-29",8422.01953125,8435.9599609375,8402.1298828125,8403.6796875,1099090000,8403.6796875
"2019-12-02",8409.8701171875,8409.8701171875,8274.6103515625,8309.259765625,2240300000,8309.259765625
"2019-12-03",8201.6298828125,8258.400390625,8167.35986328125,8254.740234375,2318760000,8254.740234375
"2019-12-04",8291.8603515625,8316.4599609375,8285.8798828125,8296.5302734375,2158870000,8296.5302734375
"2019-12-05",8321.1904296875,8321.1904296875,8272.830078125,8308.400390625,2133380000,8308.400390625
"2019-12-06",8370.23046875,8405.849609375,8365.25,8397.3701171875,2057020000,8397.3701171875
"2019-12-09",8388.75,8425.76953125,8359.8701171875,8362.740234375,2123870000,8362.740234375
"2019-12-10",8364.5498046875,8392.8896484375,8339.3701171875,8354.2900390625,2058760000,8354.2900390625
"2019-12-11",8371.650390625,8408.080078125,8361.3701171875,8402.6103515625,1982080000,8402.6103515625
"2019-12-12",8391.919921875,8493.1103515625,8380.08984375,8466.8896484375,2396400000,8466.8896484375
"2019-12-13",8461.419921875,8517.51953125,8441.8896484375,8487.7099609375,2219630000,8487.7099609375
"2019-12-16",8544.26953125,8584.7802734375,8542.419921875,8570.330078125,2368050000,8570.330078125
"2019-12-17",8586.330078125,8592.4501953125,8564.150390625,8575.7001953125,2382450000,8575.7001953125
"2019-12-18",8587.2001953125,8608.099609375,8578.5595703125,8580.6201171875,2742330000,8580.6201171875
"2019-12-19",8592.6796875,8642.740234375,8592.6796875,8641.2900390625,2446890000,8641.2900390625
"2019-12-20",8666.5703125,8687.66015625,8656.48046875,8678.490234375,3830200000,8678.490234375
"2019-12-23",8703.0595703125,8710.900390625,8690.150390625,8696.009765625,2028670000,8696.009765625
"2019-12-24",8705.2998046875,8708.2197265625,8684.1201171875,8699.509765625,1014530000,8699.509765625
"2019-12-26",8717.9501953125,8778.330078125,8716.0302734375,8778.3095703125,1639960000,8778.3095703125
"2019-12-27",8805.8603515625,8811.099609375,8749.8603515625,8770.98046875,1833740000,8770.98046875
"2019-12-30",8766.3896484375,8768.2998046875,8671.919921875,8709.73046875,2051320000,8709.73046875
"2019-12-31",8681.330078125,8735.4296875,8674.3798828125,8733.0703125,2186830000,8733.0703125
"2020-01-02",8802.2197265625,8873.6298828125,8786.900390625,8872.2197265625,2862700000,8872.2197265625
"2020-01-03",8755.169921875,8843.650390625,8755.169921875,8793.900390625,2586520000,8793.900390625
"2020-01-06",8713.8896484375,8849.98046875,8713.8896484375,8848.51953125,2810450000,8848.51953125
"2020-01-07",8857.1396484375,8872.4697265625,8821.6796875,8846.4501953125,2381740000,8846.4501953125
"2020-01-08",8845.4501953125,8953.5498046875,8834.9404296875,8912.3701171875,2472620000,8912.3701171875
"2020-01-09",8990.0400390625,9004.5498046875,8938.5302734375,8989.6298828125,2540960000,8989.6298828125
"2020-01-10",9021.8798828125,9024.8701171875,8951.830078125,8966.6396484375,2382900000,8966.6396484375
"2020-01-13",9007.9404296875,9071.5302734375,8991.349609375,9070.650390625,2536820000,9070.650390625
"2020-01-14",9068.01953125,9080.16015625,9020.919921875,9033.419921875,2553160000,9033.419921875
"2020-01-15",9039.3095703125,9078.8701171875,9008.9501953125,9035.669921875,2443220000,9035.669921875
"2020-01-16",9088.080078125,9126.0703125,9066.3095703125,9125,2312110000,9125
"2020-01-17",9159.48046875,9176.4697265625,9118.98046875,9173.73046875,2542540000,9173.73046875
"2020-01-21",9145.6396484375,9187.419921875,9141.7802734375,9166.6298828125,2686610000,9166.6298828125
"2020-01-22",9212.349609375,9242.48046875,9179.26953125,9188.580078125,2454580000,9188.580078125
"2020-01-23",9186.1396484375,9221.1298828125,9145.23046875,9216.98046875,2465850000,9216.98046875
"2020-01-24",9266.349609375,9272.3701171875,9101.4404296875,9141.4697265625,2622970000,9141.4697265625
"2020-01-27",8913.16015625,9001.4404296875,8910.9697265625,8952.1796875,2593910000,8952.1796875
"2020-01-28",9013.23046875,9111.3203125,8994.2802734375,9090.9296875,2169020000,9090.9296875
"2020-01-29",9141.51953125,9153.080078125,9067.2900390625,9101.6103515625,2234620000,9101.6103515625
"2020-01-30",9038.919921875,9140.6904296875,9019.7197265625,9136.08984375,2345370000,9136.08984375
"2020-01-31",9169.91015625,9170.2197265625,8961.58984375,8991.509765625,2696090000,8991.509765625
"2020-02-03",9033.51953125,9148.5,9031.0703125,9126.23046875,2427320000,9126.23046875
"2020-02-04",9256.9404296875,9352.9599609375,9224.8603515625,9334.0595703125,2447340000,9334.0595703125
"2020-02-05",9441.33984375,9442.75,9311.8798828125,9367.48046875,2470240000,9367.48046875
"2020-02-06",9395.6904296875,9448.7197265625,9357.8603515625,9445.919921875,2313860000,9445.919921875
"2020-02-07",9397.76953125,9453.240234375,9376.91015625,9401.099609375,2243720000,9401.099609375
"2020-02-10",9373.2001953125,9517.740234375,9373.2001953125,9516.83984375,2187520000,9516.83984375
"2020-02-11",9567.8095703125,9600.0498046875,9493.6298828125,9517.8603515625,2450070000,9517.8603515625
"2020-02-12",9569.8203125,9615.91015625,9552.0302734375,9613.2001953125,2366510000,9613.2001953125
"2020-02-13",9540.669921875,9636.41015625,9532.740234375,9595.7001953125,2254870000,9595.7001953125
"2020-02-14",9613.8798828125,9634.75,9583.080078125,9623.580078125,2226720000,9623.580078125
"2020-02-18",9567.2802734375,9647.7197265625,9567.2802734375,9629.7998046875,2279420000,9629.7998046875
"2020-02-19",9683.9404296875,9736.5703125,9676.0703125,9718.73046875,2470860000,9718.73046875
"2020-02-20",9696.66015625,9714.23046875,9513.23046875,9627.830078125,2745730000,9627.830078125
"2020-02-21",9582.5400390625,9594,9406.3798828125,9446.6904296875,2750160000,9446.6904296875
"2020-02-24",9055.2998046875,9194.91015625,9028.8701171875,9079.6298828125,3188590000,9079.6298828125
"2020-02-25",9167.330078125,9183.7802734375,8807.1103515625,8834.8701171875,3595520000,8834.8701171875
"2020-02-26",8883.009765625,9032.8798828125,8813.919921875,8873.759765625,3587950000,8873.759765625
"2020-02-27",8632.5400390625,8786.6796875,8430.5302734375,8436.669921875,4559900000,8436.669921875
"2020-02-28",8133.85009765625,8490.4697265625,8133.85009765625,8461.830078125,5320020000,8461.830078125
"2020-03-02",8569.91015625,8879.3896484375,8446.5,8877.98046875,4249020000,8877.98046875
"2020-03-03",8892.6796875,9000.4599609375,8516.580078125,8594.490234375,4336700000,8594.490234375
"2020-03-04",8745.6396484375,8952.1103515625,8669.759765625,8949.2802734375,3634760000,8949.2802734375
"2020-03-05",8713.1904296875,8864.1904296875,8613.91015625,8671.66015625,3763860000,8671.66015625
"2020-03-06",8395.9501953125,8571.8798828125,8319.900390625,8530.33984375,4292730000,8530.33984375
"2020-03-09",7912.14013671875,8241.76953125,7912.14013671875,7948.02978515625,4554110000,7948.02978515625
"2020-03-10",8213.9697265625,8376.4404296875,7942.1298828125,8372.26953125,4447260000,8372.26953125
"2020-03-11",8166.259765625,8224.73046875,7900.990234375,8006.1201171875,4302610000,8006.1201171875
"2020-03-12",7452.759765625,7808.31005859375,7255.6201171875,7263.64990234375,5099350000,7263.64990234375
"2020-03-13",7683.0400390625,7998.509765625,7301.8798828125,7995.259765625,4701070000,7995.259765625
"2020-03-16",7502.259765625,7563.4501953125,6993.60986328125,7020.3798828125,4618120000,7020.3798828125
"2020-03-17",7198.52978515625,7550.1298828125,6959.14990234375,7473.9501953125,4920210000,7473.9501953125
"2020-03-18",7023.85986328125,7336.8798828125,6837.52978515625,7175.18017578125,4.935e+09,7175.18017578125
"2020-03-19",7190.2099609375,7514.14013671875,7037.47021484375,7288.52001953125,4778490000,7288.52001953125
"2020-03-20",7391.22021484375,7487.830078125,6969.77001953125,6994.2900390625,5260300000,6994.2900390625
"2020-03-23",6952.7099609375,7145.2900390625,6771.91015625,7006.919921875,4348410000,7006.919921875
"2020-03-24",7349,7555.91015625,7304.39013671875,7553.830078125,4441080000,7553.830078125
"2020-03-25",7543.9599609375,7777.60986328125,7390.41015625,7469.6201171875,4683630000,7469.6201171875
"2020-03-26",7549.830078125,7913.10986328125,7549.830078125,7897.1298828125,4014670000,7897.1298828125
"2020-03-27",7657.43994140625,7817.740234375,7580.22021484375,7588.3701171875,3989120000,7588.3701171875
"2020-03-30",7678.830078125,7902.08984375,7651.43017578125,7889.009765625,3870770000,7889.009765625
"2020-03-31",7855.740234375,8011.60009765625,7765.4599609375,7813.5,4078960000,7813.5
"2020-04-01",7582.77978515625,7701.68017578125,7423.97021484375,7486.2900390625,3700040000,7486.2900390625
"2020-04-02",7445.8798828125,7641.8701171875,7432.27978515625,7635.66015625,3622170000,7635.66015625
"2020-04-03",7631.56982421875,7673.490234375,7439.77978515625,7528.10986328125,3294260000,7528.10986328125
"2020-04-06",7819.06005859375,8110.66015625,7763.08984375,8081.66015625,3849130000,8081.66015625
"2020-04-07",8287.48046875,8305.58984375,8043.06982421875,8049.31005859375,4085960000,8049.31005859375
"2020-04-08",8134.2998046875,8254.41015625,8058.41015625,8229.5400390625,3487440000,8229.5400390625
"2020-04-09",8284.3095703125,8334.23046875,8167.93017578125,8238.5302734375,4145460000,8238.5302734375
"2020-04-13",8209.6796875,8338.150390625,8158.580078125,8332.740234375,3184660000,8332.740234375
"2020-04-14",8489.26953125,8708.5498046875,8470.740234375,8692.16015625,3767410000,8692.16015625
"2020-04-15",8548.4697265625,8666.240234375,8500.5595703125,8591.9599609375,3347920000,8591.9599609375
"2020-04-16",8689.08984375,8793.349609375,8605.509765625,8757.830078125,4057800000,8757.830078125
"2020-04-17",8876.66015625,8879.240234375,8704.3798828125,8832.41015625,4348310000,8832.41015625
"2020-04-20",8742.5400390625,8855.1796875,8725.330078125,8726.509765625,3827370000,8726.509765625
"2020-04-21",8639.740234375,8663.08984375,8359.83984375,8403,3788180000,8403
"2020-04-22",8575.5703125,8708.48046875,8550.6103515625,8664.6396484375,3041520000,8664.6396484375
"2020-04-23",8693.73046875,8796.490234375,8624.6298828125,8641.5,3759890000,8641.5
"2020-04-24",8666.5703125,8791.3603515625,8599.990234375,8786.599609375,3696020000,8786.599609375
"2020-04-27",8865.580078125,8887.6201171875,8803.8896484375,8837.66015625,3694980000,8837.66015625
"2020-04-28",8913.2802734375,8918.3798828125,8668.669921875,8677.599609375,3730350000,8677.599609375
"2020-04-29",8871.0400390625,9025.8203125,8832,8982.759765625,4407140000,8982.759765625
"2020-04-30",9005.240234375,9023.0302734375,8920.419921875,9000.509765625,4335660000,9000.509765625
"2020-05-01",8791.8798828125,8887.580078125,8688.580078125,8718.1796875,3741300000,8718.1796875
"2020-05-04",8683.9404296875,8840.330078125,8665.400390625,8834.1103515625,3443140000,8834.1103515625
"2020-05-05",8922.3896484375,9031,8900.5703125,8930.6201171875,3933550000,8930.6201171875
"2020-05-06",8997.01953125,9065.580078125,8950.8896484375,8984.8603515625,3656750000,8984.8603515625
"2020-05-07",9104.669921875,9136.1796875,9045.23046875,9101.8798828125,3787220000,9101.8798828125
"2020-05-08",9165.7001953125,9224.490234375,9126.9697265625,9220.349609375,3813630000,9220.349609375
"2020-05-11",9155.2099609375,9346.26953125,9155.2099609375,9298.919921875,3925450000,9298.919921875
"2020-05-12",9326.0595703125,9354.4501953125,9109.08984375,9112.4501953125,4336510000,9112.4501953125
"2020-05-13",9123.6904296875,9209.490234375,8890.16015625,9000.080078125,4273210000,9000.080078125
"2020-05-14",8946.4501953125,9097.75,8860.76953125,9094.419921875,3965970000,9094.419921875
"2020-05-15",8976.2900390625,9157.4599609375,8958.080078125,9152.6396484375,4240690000,9152.6396484375
"2020-05-18",9281.3603515625,9367.5400390625,9248.7802734375,9331.9296875,4341820000,9331.9296875
"2020-05-19",9326.2802734375,9422.900390625,9296.25,9298.5400390625,4193550000,9298.5400390625
"2020-05-20",9415.25,9498.2802734375,9412.830078125,9485.01953125,4315500000,9485.01953125
"2020-05-21",9487.6298828125,9515.0498046875,9361.830078125,9377.990234375,3745270000,9377.990234375
"2020-05-22",9363.669921875,9421.9296875,9325.0703125,9413.990234375,3668070000,9413.990234375
"2020-05-26",9570.5302734375,9570.5302734375,9379.900390625,9389.98046875,4448950000,9389.98046875
"2020-05-27",9366.6298828125,9445.0595703125,9182.4501953125,9442.0498046875,4489110000,9442.0498046875
"2020-05-28",9404.830078125,9568.8896484375,9391.83984375,9416.7099609375,4113660000,9416.7099609375
"2020-05-29",9440.6396484375,9573.5498046875,9379.9296875,9555.5302734375,4742290000,9555.5302734375
"2020-06-01",9526.4296875,9609.3798828125,9515.33984375,9598.8896484375,3847770000,9598.8896484375
"2020-06-02",9603.1796875,9660.080078125,9511.8798828125,9657.3095703125,3990080000,9657.3095703125
"2020-06-03",9689.7197265625,9729.6904296875,9648.9296875,9704.6904296875,4679030000,9704.6904296875
"2020-06-04",9672.169921875,9741.9697265625,9577.7099609375,9629.66015625,6141320000,9629.66015625
"2020-06-05",9673.08984375,9846.6298828125,9659.4501953125,9824.3896484375,6607730000,9824.3896484375
"2020-06-08",9805.6904296875,9904.51953125,9753.8701171875,9901.51953125,6197330000,9901.51953125
"2020-06-09",9861.1796875,10006.900390625,9859,9967.169921875,5319450000,9967.169921875
"2020-06-10",10037.98046875,10155.2001953125,10022.4404296875,10094.259765625,5170860000,10094.259765625
"2020-06-11",9907.5595703125,9978.1904296875,9586.25,9588.48046875,5300850000,9588.48046875
"2020-06-12",9785.580078125,9849.009765625,9499.08984375,9663.7802734375,4388990000,9663.7802734375
"2020-06-15",9517.1396484375,9809.41015625,9489.580078125,9776.8896484375,4476010000,9776.8896484375
"2020-06-16",9983.650390625,10010.8896484375,9801.4501953125,9949.3701171875,4669320000,9949.3701171875
"2020-06-17",9998.8603515625,10058.650390625,9952.5,9982.48046875,4279700000,9982.48046875
"2020-06-18",9972.349609375,10018.5595703125,9942.1103515625,10012.0498046875,4335320000,10012.0498046875
"2020-06-19",10104.6298828125,10121.669921875,9937.8095703125,10008.6396484375,6093830000,10008.6396484375
"2020-06-22",10009,10134.6396484375,9989.490234375,10130.330078125,4506960000,10130.330078125
"2020-06-23",10192.419921875,10306.900390625,10172.0703125,10209.8203125,5755170000,10209.8203125
"2020-06-24",10183.76953125,10232.419921875,9943.240234375,10002.7001953125,5589130000,10002.7001953125
"2020-06-25",10003.5,10110.2900390625,9901.2099609375,10101.830078125,4779640000,10101.830078125
"2020-06-26",10087.080078125,10093.98046875,9837.740234375,9849.3603515625,7309380000,9849.3603515625
"2020-06-29",9850.5498046875,9965.080078125,9742.8896484375,9961.16015625,4336290000,9961.16015625
"2020-06-30",9970.2099609375,10185.349609375,9956.830078125,10156.849609375,4510190000,10156.849609375
"2020-07-01",10160.41015625,10321.76953125,10142.75,10279.25,4624430000,10279.25
"2020-07-02",10386.3798828125,10432.5498046875,10328.7802734375,10341.8896484375,4038920000,10341.8896484375
"2020-07-06",10487.7001953125,10625.099609375,10485.8203125,10604.0595703125,4570260000,10604.0595703125
"2020-07-07",10595.9404296875,10704.9296875,10516.6298828125,10524.009765625,4337130000,10524.009765625
"2020-07-08",10594.41015625,10669.1298828125,10528.8203125,10666.7001953125,4030210000,10666.7001953125
"2020-07-09",10745.8701171875,10785.9599609375,10574.9697265625,10754.58984375,4013180000,10754.58984375
"2020-07-10",10751.76953125,10842.7802734375,10639.48046875,10836.330078125,3537510000,10836.330078125
"2020-07-13",10951.5400390625,11069.259765625,10574.5595703125,10602.2099609375,4851880000,10602.2099609375
"2020-07-14",10502.849609375,10701.8798828125,10370.7900390625,10689.51953125,4461770000,10689.51953125
"2020-07-15",10752.1103515625,10780.400390625,10570.9599609375,10701.6796875,4647070000,10701.6796875
"2020-07-16",10589.8603515625,10658.900390625,10495.08984375,10626.4599609375,4277760000,10626.4599609375
"2020-07-17",10651.599609375,10680.7001953125,10558.7802734375,10645.2197265625,4361480000,10645.2197265625
"2020-07-20",10672.9599609375,10971.51953125,10621.900390625,10952.080078125,4314630000,10952.080078125
"2020-07-21",11015.5400390625,11017.4296875,10800.8701171875,10833.0703125,5350750000,10833.0703125
"2020-07-22",10850.919921875,10910.240234375,10776.240234375,10870.75,4128960000,10870.75
"2020-07-23",10853.16015625,10885.3798828125,10531.2197265625,10580.58984375,4501540000,10580.58984375
"2020-07-24",10389.5400390625,10543.419921875,10313.9404296875,10483.1298828125,4233390000,10483.1298828125
"2020-07-27",10547.1103515625,10689.5498046875,10527.6396484375,10674.3798828125,4244570000,10674.3798828125
"2020-07-28",10644.33984375,10662.1904296875,10527.4296875,10532.5,3894660000,10532.5
"2020-07-29",10602.400390625,10694.8798828125,10587.2001953125,10662.98046875,4009640000,10662.98046875
"2020-07-30",10578.6298828125,10737.0302734375,10531.7900390625,10715.509765625,4185810000,10715.509765625
"2020-07-31",10886.3603515625,10908.33984375,10707.400390625,10905.8798828125,4438730000,10905.8798828125
"2020-08-03",11018.01953125,11085.5,10997.669921875,11055.080078125,4203890000,11055.080078125
"2020-08-04",11048.5,11097.849609375,11002.5498046875,11096.5400390625,4016520000,11096.5400390625
"2020-08-05",11107.240234375,11141.6904296875,11077.7001953125,11125.4404296875,4160740000,11125.4404296875
"2020-08-06",11116.490234375,11282.240234375,11090.5,11267.080078125,4.12e+09,11267.080078125
"2020-08-07",11235.240234375,11276.2998046875,11044.599609375,11139.3896484375,4263930000,11139.3896484375
"2020-08-10",11153.509765625,11159.3798828125,10941.8701171875,11085.169921875,4048420000,11085.169921875
"2020-08-11",11039.6796875,11090.919921875,10855.0595703125,10876.080078125,4331770000,10876.080078125
"2020-08-12",10972.0703125,11190.259765625,10970.8701171875,11157.7197265625,3745230000,11157.7197265625
"2020-08-13",11174.6396484375,11271.2197265625,11139.6396484375,11178.3701171875,3480470000,11178.3701171875
"2020-08-14",11187.8203125,11213.26953125,11106.9296875,11164.4501953125,3514260000,11164.4501953125
"2020-08-17",11231.9697265625,11306.4697265625,11228.1396484375,11288.5703125,3214870000,11288.5703125
"2020-08-18",11339.759765625,11421.099609375,11279.080078125,11399.0302734375,3228590000,11399.0302734375
"2020-08-19",11397.23046875,11440.2197265625,11303.400390625,11318.6396484375,3496480000,11318.6396484375
"2020-08-20",11277.0498046875,11497.1796875,11268.4599609375,11477.0498046875,4215130000,11477.0498046875
"2020-08-21",11476.849609375,11574.7900390625,11461.5302734375,11555.16015625,3929290000,11555.16015625
"2020-08-24",11703.33984375,11728.08984375,11535.5498046875,11626.169921875,3907310000,11626.169921875
"2020-08-25",11610.580078125,11723.9501953125,11580.8896484375,11721.8095703125,3475280000,11721.8095703125
"2020-08-26",11779.349609375,11979.650390625,11768,11971.9404296875,3471520000,11971.9404296875
"2020-08-27",11997.8896484375,12047.990234375,11842.83984375,11926.16015625,3547400000,11926.16015625
"2020-08-28",11992.6796875,12018.1396484375,11928.6904296875,11995.849609375,3012980000,11995.849609375
"2020-08-31",12017.4599609375,12167.4599609375,12000.1103515625,12110.7001953125,3612050000,12110.7001953125
"2020-09-01",12203.3603515625,12300.4404296875,12132.7802734375,12292.8603515625,3511060000,12292.8603515625
"2020-09-02",12417.4501953125,12439.48046875,12176.1796875,12420.5400390625,3982360000,12420.5400390625
"2020-09-03",12195.75,12235,11662.1103515625,11771.3701171875,4465010000,11771.3701171875
"2020-09-04",11686.240234375,11846.1796875,11145.990234375,11622.1298828125,4284440000,11622.1298828125
"2020-09-08",11143.91015625,11400.4599609375,11055.16015625,11068.259765625,3905420000,11068.259765625
"2020-09-09",11308.25,11480.3701171875,11197.1298828125,11395.849609375,3550660000,11395.849609375
"2020-09-10",11501.4296875,11566.33984375,11095.9404296875,11154.1201171875,3840010000,11154.1201171875
"2020-09-11",11251.1904296875,11280.41015625,10945.2197265625,11087.400390625,3630250000,11087.400390625
"2020-09-14",11250.7998046875,11363.25,11192.8203125,11277.759765625,3737610000,11277.759765625
"2020-09-15",11432.9404296875,11495.400390625,11367.2001953125,11438.8701171875,3786110000,11438.8701171875
"2020-09-16",11467.900390625,11486.08984375,11242.9599609375,11247.599609375,3678020000,11247.599609375
"2020-09-17",10965.740234375,11160.0400390625,10936.7998046875,11080.9501953125,3740110000,11080.9501953125
"2020-09-18",11147.7998046875,11153.9697265625,10769.400390625,10936.98046875,5759090000,10936.98046875
"2020-09-21",10768.009765625,10984.759765625,10677.849609375,10980.2197265625,3900970000,10980.2197265625
"2020-09-22",11082.08984375,11207.080078125,10943.259765625,11186.3701171875,3515440000,11186.3701171875
"2020-09-23",11167.2197265625,11179.58984375,10806.0498046875,10833.330078125,4097320000,10833.330078125
"2020-09-24",10746.349609375,11026.4296875,10728.41015625,10896.4697265625,4086360000,10896.4697265625
"2020-09-25",10910.5,11177.73046875,10851.6796875,11151.1298828125,3785270000,11151.1298828125
"2020-09-28",11332.3203125,11369.400390625,11243.240234375,11364.4501953125,3591740000,11364.4501953125
"2020-09-29",11354.7001953125,11396.2197265625,11305.7900390625,11322.9501953125,3389040000,11322.9501953125
"2020-09-30",11328.5498046875,11535.009765625,11328.5498046875,11418.0595703125,4260630000,11418.0595703125
"2020-10-01",11554.9599609375,11606.73046875,11488.599609375,11583.2001953125,4005900000,11583.2001953125
"2020-10-02",11328.849609375,11479.080078125,11225.169921875,11255.6904296875,3731510000,11255.6904296875
"2020-10-05",11345.240234375,11512.0595703125,11336.0703125,11509.0595703125,3623920000,11509.0595703125
"2020-10-06",11476.6796875,11536.419921875,11256.259765625,11291.26953125,4390960000,11291.26953125
"2020-10-07",11412.650390625,11519.5498046875,11382.48046875,11503.1904296875,3910770000,11503.1904296875
"2020-10-08",11576.4404296875,11582.7802734375,11510.240234375,11550.9404296875,3507570000,11550.9404296875
"2020-10-09",11615.5703125,11727.599609375,11600.8603515625,11725.849609375,3504230000,11725.849609375
"2020-10-12",11900.1201171875,12204.75,11880.23046875,12088.1103515625,3885030000,12088.1103515625
"2020-10-13",12131.0703125,12187.7802734375,12032.75,12083.169921875,3634130000,12083.169921875
"2020-10-14",12105.099609375,12159.2099609375,11913.5703125,11985.3603515625,3410410000,11985.3603515625
"2020-10-15",11767.26953125,11928.6298828125,11765.490234375,11898.5703125,3325270000,11898.5703125
"2020-10-16",11952.1201171875,12034.1298828125,11824.1396484375,11852.169921875,3166980000,11852.169921875
"2020-10-19",11913.009765625,11962.4697265625,11606.48046875,11634.349609375,3477410000,11634.349609375
"2020-10-20",11679.080078125,11801.400390625,11613.759765625,11677.83984375,3510040000,11677.83984375
"2020-10-21",11686.1904296875,11789.4599609375,11646.48046875,11665.3701171875,3467310000,11665.3701171875
"2020-10-22",11712.6396484375,11739.2197265625,11529.73046875,11662.91015625,3434040000,11662.91015625
"2020-10-23",11680.73046875,11693.009765625,11569.08984375,11692.5703125,3145570000,11692.5703125
"2020-10-26",11584.169921875,11708.080078125,11360.73046875,11504.51953125,3205100000,11504.51953125
"2020-10-27",11560.8603515625,11633.490234375,11503.099609375,11598.9501953125,3104770000,11598.9501953125
"2020-10-28",11400.48046875,11426.099609375,11136.099609375,11142.759765625,3930690000,11142.759765625
"2020-10-29",11214.330078125,11467.3701171875,11187.080078125,11350.740234375,3244190000,11350.740234375
"2020-10-30",11265.7001953125,11293.759765625,10960.01953125,11052.9501953125,3671600000,11052.9501953125
"2020-11-02",11152.48046875,11222.51953125,10957.1103515625,11084.759765625,3.209e+09,11084.759765625
"2020-11-03",11155.849609375,11356.080078125,11115.5498046875,11279.91015625,3216580000,11279.91015625
"2020-11-04",11627.759765625,11846.4599609375,11564.91015625,11777.01953125,3620760000,11777.01953125
"2020-11-05",12021.76953125,12117.0400390625,11977.0703125,12078.0703125,3848160000,12078.0703125
"2020-11-06",12044.2900390625,12116.91015625,11895.5,12091.349609375,4183220000,12091.349609375
"2020-11-09",12194.7099609375,12268.66015625,11818.240234375,11830.3896484375,5863900000,11830.3896484375
"2020-11-10",11704.4599609375,11761.9501953125,11512.4599609375,11624.2900390625,4736560000,11624.2900390625
"2020-11-11",11734.8095703125,11904.1298828125,11714.3203125,11892.9296875,3854680000,11892.9296875
"2020-11-12",11924.150390625,11976.8896484375,11786.08984375,11827.1396484375,3886670000,11827.1396484375
"2020-11-13",11910.6201171875,11957.08984375,11808.9501953125,11937.83984375,3654230000,11937.83984375
"2020-11-16",11925.3603515625,12035.5,11891.849609375,12013.3798828125,4172570000,12013.3798828125
"2020-11-17",12030.26953125,12047.1298828125,11964.2001953125,11977.490234375,4145030000,11977.490234375
"2020-11-18",11963.3603515625,12027.150390625,11892.5400390625,11894.7099609375,4731420000,11894.7099609375
"2020-11-19",11863.1201171875,12000.2900390625,11842.66015625,11985.4296875,5385190000,11985.4296875
"2020-11-20",11976,12017.419921875,11903.5703125,11906.4404296875,5350970000,11906.4404296875
"2020-11-23",11959.8896484375,12001.830078125,11817.5302734375,11905.9404296875,5473250000,11905.9404296875
"2020-11-24",11952.7001953125,12094.16015625,11878.3095703125,12079.8095703125,6339580000,12079.8095703125
"2020-11-25",12112.1103515625,12174.990234375,12081.509765625,12152.2197265625,4448640000,12152.2197265625
"2020-11-27",12220.3701171875,12306.7099609375,12214.4501953125,12258.2099609375,3401830000,12258.2099609375
"2020-11-30",12278.7802734375,12299.6103515625,12090.9296875,12268.3203125,7760390000,12268.3203125
"2020-12-01",12387.6201171875,12510.01953125,12338.3603515625,12455.330078125,6512420000,12455.330078125
"2020-12-02",12390.580078125,12472.25,12318.26953125,12456.41015625,5194960000,12456.41015625
"2020-12-03",12469.16015625,12538.919921875,12445.3603515625,12467.1298828125,5209980000,12467.1298828125
"2020-12-04",12479.91015625,12531.2099609375,12450.509765625,12528.48046875,5086900000,12528.48046875
"2020-12-07",12523.5703125,12610,12523.1201171875,12596.4697265625,4771820000,12596.4697265625
"2020-12-08",12574.83984375,12651.349609375,12504.9697265625,12635.7197265625,4809480000,12635.7197265625
"2020-12-09",12626.9697265625,12643.240234375,12311.2998046875,12364.6396484375,5168450000,12364.6396484375
"2020-12-10",12268.4697265625,12447.849609375,12226.1298828125,12401.740234375,4518580000,12401.740234375
"2020-12-11",12327.0703125,12378.6103515625,12236.7998046875,12375.41015625,4292680000,12375.41015625
"2020-12-14",12427.8603515625,12544.3095703125,12426.25,12462.2099609375,4491930000,12462.2099609375
"2020-12-15",12565.2802734375,12596.83984375,12467.5703125,12595.919921875,4423650000,12595.919921875
"2020-12-16",12607.8701171875,12698.1103515625,12568.7099609375,12668.16015625,4592700000,12668.16015625
"2020-12-17",12741.6396484375,12760.9697265625,12685.98046875,12752.0595703125,5029830000,12752.0595703125
"2020-12-18",12786.919921875,12793.4697265625,12611.2197265625,12738.1796875,7125800000,12738.1796875
"2020-12-21",12575.599609375,12706.4404296875,12474.0302734375,12690.259765625,5192860000,12690.259765625
"2020-12-22",12715.48046875,12761.23046875,12606.419921875,12717.5595703125,5811850000,12717.5595703125
"2020-12-23",12733.75,12737.58984375,12649.599609375,12653.1396484375,7100250000,12653.1396484375
"2020-12-24",12668.2001953125,12732.5498046875,12665.7998046875,12711.009765625,3305960000,12711.009765625
"2020-12-28",12813.9697265625,12861.91015625,12747.0498046875,12838.8603515625,5109140000,12838.8603515625
"2020-12-29",12909.8603515625,12925.5302734375,12816.58984375,12843.490234375,4726920000,12843.490234375
"2020-12-30",12900.0302734375,12917.4501953125,12828.7900390625,12845.3603515625,5343010000,12845.3603515625
"2020-12-31",12852.9599609375,12904.08984375,12804.75,12888.2802734375,4815840000,12888.2802734375
"2021-01-04",12950.2197265625,12950.2197265625,12537.419921875,12694.66015625,6636170000,12694.66015625
"2021-01-05",12663.1298828125,12809.669921875,12663.1298828125,12802.3798828125,6971860000,12802.3798828125
"2021-01-06",12601.259765625,12803.2900390625,12569.419921875,12623.349609375,7689880000,12623.349609375
"2021-01-07",12745.41015625,12966.6796875,12744.8203125,12939.5703125,6841480000,12939.5703125
"2021-01-08",13037.240234375,13113.08984375,12939.73046875,13105.2001953125,7289390000,13105.2001953125
"2021-01-11",12961.5,13023.2099609375,12883.58984375,12902.490234375,6960470000,12902.490234375
"2021-01-12",12916.099609375,12957.4296875,12783.7099609375,12892.08984375,7264070000,12892.08984375
"2021-01-13",12911.8701171875,13008.849609375,12878.01953125,12973.6298828125,7104810000,12973.6298828125
"2021-01-14",13010.9404296875,13037.0498046875,12886.16015625,12898.6904296875,6734100000,12898.6904296875
"2021-01-15",12898.08984375,12941.2900390625,12758.099609375,12803.9296875,6458360000,12803.9296875
"2021-01-19",12921.6103515625,13012.08984375,12861.2998046875,12996.5400390625,6297860000,12996.5400390625
"2021-01-20",13155.1201171875,13332.259765625,13138.2998046875,13296.4501953125,6820990000,13296.4501953125
"2021-01-21",13356.7001953125,13433.6904296875,13297.7900390625,13404.990234375,7258640000,13404.990234375
"2021-01-22",13356.1796875,13404.76953125,13336.900390625,13366.400390625,5972750000,13366.400390625
"2021-01-25",13515.6298828125,13563.7001953125,13205.58984375,13483.2900390625,7193710000,13483.2900390625
"2021-01-26",13507.4697265625,13536.2998046875,13440.3203125,13490.1904296875,6849600000,13490.1904296875
"2021-01-27",13371.16015625,13393.509765625,13034.1396484375,13112.650390625,11621190000,13112.650390625
"2021-01-28",13163.3203125,13401.849609375,13150.099609375,13201.5302734375,9959270000,13201.5302734375
"2021-01-29",13124.7001953125,13167.8701171875,12845.4296875,12925.3798828125,7872250000,12925.3798828125
"2021-02-01",13067.650390625,13280.2197265625,12983.099609375,13248.900390625,7092520000,13248.900390625
"2021-02-02",13371.3701171875,13501.23046875,13363.759765625,13456.1201171875,7325270000,13456.1201171875
"2021-02-03",13555.0302734375,13561.4501953125,13400.080078125,13402.3701171875,7546940000,13402.3701171875
"2021-02-04",13454.849609375,13563.1298828125,13406.4404296875,13560.8896484375,7295370000,13560.8896484375
"2021-02-05",13592.76953125,13642.9599609375,13527.8095703125,13603.9599609375,6792910000,13603.9599609375
"2021-02-08",13672.330078125,13698.41015625,13607.9599609375,13695.01953125,8564530000,13695.01953125
"2021-02-09",13667.1396484375,13741.7900390625,13664.7001953125,13687.080078125,8766770000,13687.080078125
"2021-02-10",13751.419921875,13770.91015625,13531.9296875,13655.26953125,10785930000,13655.26953125
"2021-02-11",13723.6298828125,13747.2001953125,13637.1904296875,13734.349609375,10916780000,13734.349609375
"2021-02-12",13695.900390625,13816.25,13656.7802734375,13807.7001953125,7416940000,13807.7001953125
"2021-02-16",13841.0302734375,13879.76953125,13726.7802734375,13773.76953125,7722100000,13773.76953125
"2021-02-17",13636.150390625,13713.1396484375,13552.66015625,13699.7099609375,7280500000,13699.7099609375
"2021-02-18",13556.009765625,13669.9404296875,13477.169921875,13637.509765625,6499420000,13637.509765625
"2021-02-19",13686.23046875,13701.6904296875,13545.4501953125,13580.7802734375,6737820000,13580.7802734375
"2021-02-22",13414.0400390625,13447.3701171875,13220.76953125,13223.740234375,6483740000,13223.740234375
"2021-02-23",12982.3603515625,13259.849609375,12758.1201171875,13194.7099609375,7516510000,13194.7099609375
"2021-02-24",13095.8603515625,13312.4296875,12971.8203125,13302.1904296875,5886230000,13302.1904296875
"2021-02-25",13197.75,13294.5595703125,12773.759765625,12828.3095703125,6390380000,12828.3095703125
"2021-02-26",12958.9599609375,13090.3603515625,12764.33984375,12909.4404296875,5906110000,12909.4404296875
"2021-03-01",13106.01953125,13293.7802734375,13051.7001953125,13282.9501953125,5079530000,13282.9501953125
"2021-03-02",13297.759765625,13301.6201171875,13052.1201171875,13059.9501953125,4948140000,13059.9501953125
"2021-03-03",13020.099609375,13057.2900390625,12679.8896484375,12683.330078125,5529980000,12683.330078125
"2021-03-04",12655.919921875,12799.080078125,12314.16015625,12464,7864380000,12464
"2021-03-05",12594.16015625,12700.9599609375,12208.3896484375,12668.509765625,7725200000,12668.509765625
"2021-03-08",12629.5595703125,12718.580078125,12287.5703125,12299.080078125,6010230000,12299.080078125
"2021-03-09",12635.4501953125,12868.51953125,12592.830078125,12794.490234375,6345560000,12794.490234375
"2021-03-10",12950.25,12979.3798828125,12726.849609375,12752.0703125,6023880000,12752.0703125
"2021-03-11",12960.5302734375,13117.8603515625,12920.009765625,13052.900390625,6008850000,13052.900390625
"2021-03-12",12873.3896484375,12943.580078125,12778.1298828125,12937.2900390625,5497210000,12937.2900390625
"2021-03-15",12936.1298828125,13085.009765625,12885.6396484375,13082.5400390625,5972370000,13082.5400390625
"2021-03-16",13156.650390625,13297.48046875,13091.7802734375,13152.2802734375,5493890000,13152.2802734375
"2021-03-17",13024.830078125,13280.2900390625,12950.080078125,13202.3798828125,5536110000,13202.3798828125
"2021-03-18",13006.2900390625,13040.3603515625,12781.5302734375,12789.1396484375,5739720000,12789.1396484375
"2021-03-19",12792.669921875,12906.01953125,12704.0703125,12866.990234375,7630590000,12866.990234375
"2021-03-22",12943.1396484375,13167.4599609375,12943.1396484375,13086.509765625,5321760000,13086.509765625
"2021-03-23",13127.169921875,13180.66015625,12993.5,13017.7900390625,5675010000,13017.7900390625
"2021-03-24",13072.8203125,13077.490234375,12797.849609375,12798.8798828125,6248650000,12798.8798828125
"2021-03-25",12707.580078125,12845.66015625,12627.9296875,12780.509765625,5634290000,12780.509765625
"2021-03-26",12777.26953125,12992.2998046875,12721.66015625,12979.1201171875,5224360000,12979.1201171875
"2021-03-29",12950.509765625,13013.4697265625,12836.599609375,12965.740234375,4965090000,12965.740234375
"2021-03-30",12904.009765625,12929.4599609375,12798.0302734375,12896.5302734375,4721950000,12896.5302734375
"2021-03-31",12970.330078125,13167.0595703125,12966.650390625,13091.4404296875,5004720000,13091.4404296875
"2021-04-01",13268.8798828125,13333.41015625,13255.8203125,13329.51953125,4576480000,13329.51953125
"2021-04-05",13434.0400390625,13623.599609375,13420.8095703125,13598.16015625,4.459e+09,13598.16015625
"2021-04-06",13567.2001953125,13660.2900390625,13551.599609375,13578.4599609375,4073710000,13578.4599609375
"2021-04-07",13553.900390625,13648.7998046875,13532.6298828125,13616.7001953125,4098740000,13616.7001953125
"2021-04-08",13730.73046875,13763.1796875,13703.509765625,13758.509765625,4153600000,13758.509765625
"2021-04-09",13709.669921875,13849.3095703125,13674.919921875,13845.0595703125,3926110000,13845.0595703125
"2021-04-12",13792.740234375,13839.3896484375,13747.6298828125,13819.349609375,4250900000,13819.349609375
"2021-04-13",13874.580078125,14002.5302734375,13874.580078125,13986.490234375,4219360000,13986.490234375
"2021-04-14",13988.8603515625,13990.5400390625,13782.1796875,13803.91015625,4120770000,13803.91015625
"2021-04-15",13934.8701171875,14040.1103515625,13931.009765625,14026.1904296875,4406880000,14026.1904296875
"2021-04-16",14035.9599609375,14050.3798828125,13966.5400390625,14041.91015625,4427780000,14041.91015625
"2021-04-19",13970.830078125,14025.6396484375,13835.75,13907.669921875,4379610000,13907.669921875
"2021-04-20",13891.9599609375,13934.8896484375,13730.58984375,13809.2998046875,4245120000,13809.2998046875
"2021-04-21",13768.919921875,13939.7001953125,13717.4404296875,13935.150390625,3999620000,13935.150390625
"2021-04-22",13920.8798828125,13954.0302734375,13716.759765625,13762.3603515625,4420820000,13762.3603515625
"2021-04-23",13794.490234375,13989.4296875,13789.4501953125,13941.4404296875,4355100000,13941.4404296875
"2021-04-26",13954.9404296875,14039.400390625,13919.9296875,14026.16015625,4506210000,14026.16015625
"2021-04-27",14048.1298828125,14048.33984375,13931.1796875,13960.2802734375,4691460000,13960.2802734375
"2021-04-28",13953.6103515625,13992.080078125,13895.150390625,13901.6201171875,4559710000,13901.6201171875
"2021-04-29",14063.9404296875,14073.48046875,13836.099609375,13970.2001953125,4928030000,13970.2001953125
"2021-04-30",13857.7900390625,13969.2099609375,13838.8203125,13860.759765625,4792460000,13860.759765625
"2021-05-03",13923.0400390625,13955,13784.66015625,13799.7197265625,4761430000,13799.7197265625
"2021-05-04",13680.6298828125,13705.3798828125,13396.1103515625,13544.669921875,5879730000,13544.669921875
"2021-05-05",13649.1201171875,13676.8603515625,13478.580078125,13503.3701171875,4535690000,13503.3701171875
"2021-05-06",13490.9404296875,13617.33984375,13403.4599609375,13613.73046875,5021400000,13613.73046875
"2021-05-07",13715.5595703125,13814.650390625,13669.7802734375,13719.6298828125,4391100000,13719.6298828125
"2021-05-10",13647.73046875,13648.490234375,13358.6201171875,13359.080078125,4818670000,13359.080078125
"2021-05-11",13102.6396484375,13381.66015625,13094.759765625,13351.26953125,4738390000,13351.26953125
"2021-05-12",13155.0703125,13236.8896484375,12967.1796875,13001.6298828125,4752930000,13001.6298828125
"2021-05-13",13133.73046875,13226.6396484375,13006.76953125,13109.150390625,4698110000,13109.150390625
"2021-05-14",13238.990234375,13430,13220.1904296875,13393.1201171875,4022610000,13393.1201171875
"2021-05-17",13329.8603515625,13350.1396484375,13196.5703125,13312.91015625,3997780000,13312.91015625
"2021-05-18",13352.259765625,13400.51953125,13212.849609375,13217.6796875,4301300000,13217.6796875
"2021-05-19",12998.5302734375,13243.98046875,12994.349609375,13237.91015625,4333520000,13237.91015625
"2021-05-20",13294.58984375,13526.009765625,13293.099609375,13494.08984375,3990760000,13494.08984375
"2021-05-21",13573.2197265625,13573.83984375,13401.5302734375,13411.740234375,3733940000,13411.740234375
"2021-05-24",13504.3896484375,13687.6103515625,13500.1201171875,13641.75,3509470000,13641.75
"2021-05-25",13701.2998046875,13734.41015625,13614.5400390625,13657.73046875,4128990000,13657.73046875
"2021-05-26",13687.7099609375,13726.0595703125,13661.0595703125,13702.740234375,4264500000,13702.740234375
"2021-05-27",13686.8603515625,13724.759765625,13652.1298828125,13657.849609375,5087180000,13657.849609375
"2021-05-28",13717,13765.7998046875,13684.830078125,13686.509765625,4447940000,13686.509765625
"2021-06-01",13764.26953125,13773.4501953125,13602.1201171875,13654.58984375,4186280000,13654.58984375
"2021-06-02",13655.7099609375,13712.6796875,13610.16015625,13675.7900390625,5097630000,13675.7900390625
"2021-06-03",13568.91015625,13608.5400390625,13469.849609375,13529.6796875,5396250000,13529.6796875
"2021-06-04",13619.7900390625,13784.76953125,13613.580078125,13770.76953125,4360710000,13770.76953125
"2021-06-07",13744.150390625,13808.419921875,13710.1103515625,13802.8896484375,4639210000,13802.8896484375
"2021-06-08",13873.4599609375,13913.400390625,13746.419921875,13810.8603515625,5958410000,13810.8603515625
"2021-06-09",13865.509765625,13900.7099609375,13811.0498046875,13814.9404296875,5640490000,13814.9404296875
"2021-06-10",13834.259765625,13962.98046875,13817.830078125,13960.349609375,4919880000,13960.349609375
"2021-06-11",13959.4697265625,13998.650390625,13934,13998.2998046875,4157580000,13998.2998046875
"2021-06-14",14002.1396484375,14129.330078125,13963.9404296875,14128.2001953125,4415160000,14128.2001953125
"2021-06-15",14120.8095703125,14126.259765625,14008.9296875,14030.41015625,4554580000,14030.41015625
"2021-06-16",14053.1201171875,14100.1103515625,13843.599609375,13983.009765625,4683030000,13983.009765625
"2021-06-17",13946.7001953125,14205.4296875,13946.51953125,14163.8095703125,4558280000,14163.8095703125
"2021-06-18",14125.1201171875,14140.6201171875,14024.599609375,14049.580078125,6126070000,14049.580078125
"2021-06-21",14055.0400390625,14150.91015625,13967.8896484375,14137.23046875,4562010000,14137.23046875
"2021-06-22",14140.2998046875,14288.490234375,14128.009765625,14270.419921875,4433140000,14270.419921875
"2021-06-23",14275.08984375,14324.740234375,14247.580078125,14274.240234375,4417470000,14274.240234375
"2021-06-24",14358.2998046875,14429.1396484375,14337.650390625,14365.9599609375,4324620000,14365.9599609375
"2021-06-25",14396.6298828125,14401.7099609375,14324.259765625,14345.1796875,7468090000,14345.1796875
"2021-06-28",14401.6298828125,14530.0703125,14400.58984375,14524.98046875,4.283e+09,14524.98046875
"2021-06-29",14523.6298828125,14575.1904296875,14481.849609375,14572.75,4901300000,14572.75
"2021-06-30",14560.0703125,14582.2998046875,14530.8701171875,14554.7998046875,5293810000,14554.7998046875
"2021-07-01",14530.6298828125,14576.6396484375,14483.419921875,14560.0498046875,4410470000,14560.0498046875
"2021-07-02",14633.509765625,14738.1396484375,14626.8203125,14727.6298828125,3751420000,14727.6298828125
"2021-07-06",14755.150390625,14797.4501953125,14635.3095703125,14786.3603515625,4489540000,14786.3603515625
"2021-07-07",14889.759765625,14891.1904296875,14735.75,14810.5400390625,4605630000,14810.5400390625
"2021-07-08",14577.669921875,14763.669921875,14551.759765625,14722.1396484375,4575010000,14722.1396484375
"2021-07-09",14709.3203125,14838.7197265625,14685.5400390625,14826.08984375,3826500000,14826.08984375
"2021-07-12",14878.7099609375,14899.4599609375,14813.7900390625,14877.8896484375,3897090000,14877.8896484375
"2021-07-13",14871.0400390625,15002.2802734375,14843.7998046875,14874.5400390625,4583460000,14874.5400390625
"2021-07-14",14984.8603515625,15001.1298828125,14871.73046875,14900.4404296875,4496220000,14900.4404296875
"2021-07-15",14903.490234375,14907.509765625,14717.5498046875,14794.6904296875,4512550000,14794.6904296875
"2021-07-16",14842.080078125,14875.9697265625,14667.099609375,14681.3798828125,4069530000,14681.3798828125
"2021-07-19",14517.9599609375,14578.9599609375,14455.0703125,14549.08984375,4537130000,14549.08984375
"2021-07-20",14601.33984375,14790.599609375,14530.7802734375,14728.2099609375,4652450000,14728.2099609375
"2021-07-21",14723.669921875,14843.169921875,14710.1103515625,14842.6298828125,4098520000,14842.6298828125
"2021-07-22",14865.4697265625,14941.3798828125,14865.4697265625,14940.169921875,3597540000,14940.169921875
"2021-07-23",15004.4296875,15125.83984375,14948.0400390625,15111.7900390625,3997250000,15111.7900390625
"2021-07-26",15088.2802734375,15142.349609375,15048.23046875,15125.9501953125,4437090000,15125.9501953125
"2021-07-27",15103.009765625,15107.740234375,14787.7998046875,14956.9697265625,4329230000,14956.9697265625
"2021-07-28",15005.169921875,15078.849609375,14913.5498046875,15018.099609375,4268210000,15018.099609375
"2021-07-29",15015.2998046875,15091.9599609375,15004.419921875,15048.3603515625,3928640000,15048.3603515625
"2021-07-30",14882.3896484375,14990.8603515625,14882.3896484375,14959.900390625,3645050000,14959.900390625
"2021-08-02",15046.099609375,15059.8896484375,14945.1298828125,14963.6201171875,3746130000,14963.6201171875
"2021-08-03",14997.2001953125,15063.66015625,14864.5302734375,15061.419921875,4141370000,15061.419921875
"2021-08-04",15059.16015625,15117.3798828125,15017.1396484375,15083.3896484375,4337330000,15083.3896484375
"2021-08-05",15105.400390625,15184.26953125,15083.83984375,15181.6396484375,4107300000,15181.6396484375
"2021-08-06",15125.740234375,15162.33984375,15063.01953125,15109.3603515625,4173090000,15109.3603515625
"2021-08-09",15136.1396484375,15154.6796875,15081.75,15133.1103515625,4111640000,15133.1103515625
"2021-08-10",15157.3701171875,15169.4501953125,15010.16015625,15053.580078125,3991770000,15053.580078125
"2021-08-11",15101.8203125,15127.7802734375,14972.599609375,15027.759765625,4002340000,15027.759765625
"2021-08-12",15012.599609375,15097.91015625,14956.25,15088.98046875,4.049e+09,15088.98046875
"2021-08-13",15101.83984375,15150.48046875,15079.2998046875,15136.6796875,4061070000,15136.6796875
"2021-08-16",15090.0498046875,15142.0302734375,14931.150390625,15140.76953125,3973920000,15140.76953125
"2021-08-17",15018.9404296875,15062.7001953125,14906.2197265625,15002.830078125,4168880000,15002.830078125
"2021-08-18",14975.01953125,15039.900390625,14846.509765625,14857.919921875,3841840000,14857.919921875
"2021-08-19",14773.1904296875,15000.1904296875,14773.1904296875,14933.9404296875,4191490000,14933.9404296875
"2021-08-20",14974.0595703125,15103.9404296875,14968.8701171875,15092.5703125,3886340000,15092.5703125
"2021-08-23",15140.1396484375,15341.4697265625,15140.1396484375,15312.8203125,3906780000,15312.8203125
"2021-08-24",15338.919921875,15384.419921875,15319.5498046875,15357.6796875,3809750000,15357.6796875
"2021-08-25",15384.830078125,15404.3603515625,15341.919921875,15368.919921875,3654150000,15368.919921875
"2021-08-26",15348.98046875,15369.2802734375,15265.23046875,15278.51953125,3630900000,15278.51953125
"2021-08-27",15305.75,15447.0302734375,15292.740234375,15432.9501953125,4048610000,15432.9501953125
"2021-08-30",15460.9296875,15620.6201171875,15459.740234375,15605.08984375,4061760000,15605.08984375
"2021-08-31",15601.33984375,15604.4501953125,15522.7802734375,15582.509765625,4188020000,15582.509765625
"2021-09-01",15637.1298828125,15696.419921875,15603.669921875,15611.5703125,4271690000,15611.5703125
"2021-09-02",15656.2802734375,15681.759765625,15554.2900390625,15604.25,4050510000,15604.25
"2021-09-03",15578.9599609375,15668.1201171875,15554.9697265625,15652.8603515625,3706990000,15652.8603515625
"2021-09-07",15662.2998046875,15701.400390625,15610.23046875,15675.759765625,4014250000,15675.759765625
"2021-09-08",15669.009765625,15669.009765625,15528.4501953125,15620.849609375,4131560000,15620.849609375
"2021-09-09",15639.4404296875,15675.4599609375,15556.740234375,15561.0498046875,4031140000,15561.0498046875
"2021-09-10",15648.0498046875,15673.5,15433.4296875,15440.75,4587150000,15440.75
"2021-09-13",15545.66015625,15562.2802734375,15351.7001953125,15434.5,4723370000,15434.5
"2021-09-14",15505.7802734375,15525.9697265625,15352.0595703125,15382.900390625,4593140000,15382.900390625
"2021-09-15",15419.9501953125,15518.9501953125,15316.400390625,15503.5302734375,4465140000,15503.5302734375
"2021-09-16",15452.669921875,15539.1396484375,15370.8798828125,15515.91015625,3701500000,15515.91015625
"2021-09-17",15481.4296875,15485.2099609375,15291.0400390625,15333.4697265625,6709540000,15333.4697265625
"2021-09-20",15068.650390625,15157.259765625,14821.0302734375,15012.1904296875,4879490000,15012.1904296875
"2021-09-21",15096.9697265625,15139.900390625,14986.98046875,15027.76953125,4083010000,15027.76953125
"2021-09-22",15073.9599609375,15230.33984375,15029.900390625,15176.509765625,4252490000,15176.509765625
"2021-09-23",15231.2001953125,15356.919921875,15199.4296875,15316.580078125,4196130000,15316.580078125
"2021-09-24",15222.9697265625,15345.5400390625,15209.16015625,15329.6796875,3992150000,15329.6796875
"2021-09-27",15205.23046875,15240.580078125,15106.4501953125,15204.8203125,4650790000,15204.8203125
"2021-09-28",15001.98046875,15040.5703125,14758.98046875,14770.2998046875,4989510000,14770.2998046875
"2021-09-29",14835.509765625,14914.919921875,14727.41015625,14752.8896484375,5294600000,14752.8896484375
"2021-09-30",14830.2998046875,14888.2197265625,14684.5498046875,14689.6201171875,5950950000,14689.6201171875
"2021-10-01",14731.3798828125,14830.83984375,14555.1201171875,14791.8701171875,4710720000,14791.8701171875
"2021-10-04",14713.599609375,14727.599609375,14384.9296875,14472.1201171875,4557110000,14472.1201171875
"2021-10-05",14533.4296875,14763.6396484375,14520.23046875,14674.150390625,4176390000,14674.150390625
"2021-10-06",14529.8896484375,14775.6396484375,14499.48046875,14766.75,4465910000,14766.75
"2021-10-07",14899.0703125,15010.3203125,14878.2197265625,14897.1298828125,3984180000,14897.1298828125
"2021-10-08",14942.3603515625,14948.349609375,14805.5,14820.75,3571380000,14820.75
"2021-10-11",14765.6904296875,14907.5703125,14709.0498046875,14713.73046875,3539540000,14713.73046875
"2021-10-12",14772.2900390625,14784.7802734375,14636.330078125,14662.1103515625,4063830000,14662.1103515625
"2021-10-13",14751.7998046875,14800.830078125,14676.580078125,14774.599609375,4053580000,14774.599609375
"2021-10-14",14925.580078125,15059.8896484375,14901.58984375,15052.419921875,4262400000,15052.419921875
"2021-10-15",15106.9697265625,15150.1396484375,15064.58984375,15146.919921875,4494440000,15146.919921875
"2021-10-18",15091.580078125,15307.509765625,15074.7099609375,15300.8896484375,4167740000,15300.8896484375
"2021-10-19",15349.4501953125,15414.9697265625,15320.6201171875,15410.7197265625,4483400000,15410.7197265625
"2021-10-20",15448,15457.1103515625,15333.4296875,15388.7099609375,4117050000,15388.7099609375
"2021-10-21",15365.8095703125,15497.580078125,15350.5,15489.58984375,4961860000,15489.58984375
"2021-10-22",15422.0703125,15474.2802734375,15291.9501953125,15355.0703125,5775770000,15355.0703125
"2021-10-25",15417.25,15555.650390625,15338.490234375,15514.1904296875,5750200000,15514.1904296875
"2021-10-26",15615.3603515625,15710.7900390625,15518.58984375,15559.490234375,7173230000,15559.490234375
"2021-10-27",15603.16015625,15729.75,15578.6796875,15598.3896484375,6130110000,15598.3896484375
"2021-10-28",15674.3896484375,15784,15650.009765625,15778.16015625,5714890000,15778.16015625
"2021-10-29",15638.740234375,15856.900390625,15638.740234375,15850.4697265625,5338290000,15850.4697265625
"2021-11-01",15879.6103515625,15910.349609375,15785.3095703125,15905.2802734375,5273950000,15905.2802734375
"2021-11-02",15885.33984375,15988.330078125,15877.26953125,15972.490234375,5129370000,15972.490234375
"2021-11-03",16000.599609375,16157.599609375,15950.58984375,16144.5,5325110000,16144.5
"2021-11-04",16193.2197265625,16387.94921875,16169.5595703125,16346.240234375,5297250000,16346.240234375
"2021-11-05",16397.58984375,16454.48046875,16302.0595703125,16359.3798828125,5566400000,16359.3798828125
"2021-11-08",16351.490234375,16401.9296875,16314,16336.0302734375,5723650000,16336.0302734375
"2021-11-09",16389.990234375,16401.890625,16168.6298828125,16219.9404296875,5574660000,16219.9404296875
"2021-11-10",16087.01953125,16224.509765625,15905.2802734375,15985.5703125,5369110000,15985.5703125
"2021-11-11",16114.0498046875,16116.25,16019.3896484375,16032.4697265625,4570460000,16032.4697265625
"2021-11-12",16078.1298828125,16218.5498046875,16012.7802734375,16199.8896484375,5446540000,16199.8896484375
"2021-11-15",16227.009765625,16256.73046875,16096.3701171875,16189.1201171875,5020180000,16189.1201171875
"2021-11-16",16170.2900390625,16329.5,16156.6904296875,16309.76953125,5533020000,16309.76953125
"2021-11-17",16329.0703125,16398.94921875,16276.76953125,16308.0703125,5049320000,16308.0703125
"2021-11-18",16398.759765625,16501.919921875,16309.509765625,16482.970703125,5391360000,16482.970703125
"2021-11-19",16558.560546875,16625.859375,16523.830078125,16573.33984375,4875310000,16573.33984375
"2021-11-22",16644.76953125,16764.859375,16374.7802734375,16380.98046875,5567830000,16380.98046875
"2021-11-23",16330.1796875,16417.5,16121.7001953125,16306.7197265625,5434380000,16306.7197265625
"2021-11-24",16202.259765625,16370.5595703125,16106.01953125,16367.8095703125,4197090000,16367.8095703125
"2021-11-26",16237.41015625,16302.580078125,15988.9501953125,16025.580078125,3502170000,16025.580078125
"2021-11-29",16263.4296875,16437.16015625,16214.5595703125,16399.240234375,4836230000,16399.240234375
"2021-11-30",16333.9501953125,16454.560546875,16073.759765625,16135.919921875,6631470000,16135.919921875
"2021-12-01",16347.9599609375,16427.189453125,15864,15877.7197265625,6320260000,15877.7197265625
"2021-12-02",15791.2998046875,16066.3203125,15770.919921875,15990.759765625,5418340000,15990.759765625
"2021-12-03",16039.41015625,16089.6103515625,15543.3095703125,15712.0400390625,5900290000,15712.0400390625
"2021-12-06",15744.91015625,15898.58984375,15557.7802734375,15846.16015625,5115230000,15846.16015625
"2021-12-07",16139.5595703125,16343.669921875,16128.4404296875,16325.66015625,5116490000,16325.66015625
"2021-12-08",16313.8798828125,16401.099609375,16250.3896484375,16394.33984375,4615390000,16394.33984375
"2021-12-09",16337.8095703125,16413.279296875,16141.3896484375,16149.5703125,4515600000,16149.5703125
"2021-12-10",16278.2998046875,16339.1201171875,16139,16331.98046875,4426210000,16331.98046875
"2021-12-13",16317.900390625,16332.6298828125,16075.5400390625,16082.5498046875,4573920000,16082.5498046875
"2021-12-14",15877.650390625,15995.2099609375,15742.7998046875,15914.900390625,4865990000,15914.900390625
"2021-12-15",15908.4501953125,16301.26953125,15746.9404296875,16289.58984375,5343920000,16289.58984375
"2021-12-16",16335.0302734375,16340.5302734375,15802.6298828125,15863.9404296875,4906480000,15863.9404296875
"2021-12-17",15714.5400390625,15960.25,15664.099609375,15801.4599609375,7668770000,15801.4599609375
"2021-12-20",15566.830078125,15662.6103515625,15508.740234375,15627.6396484375,4602640000,15627.6396484375
"2021-12-21",15794.3798828125,15997.6103515625,15617.48046875,15986.2802734375,4581720000,15986.2802734375
"2021-12-22",15963.5400390625,16186.25,15947.5595703125,16180.1396484375,4107900000,16180.1396484375
"2021-12-23",16203.759765625,16360.75,16188.0302734375,16308.2099609375,3935010000,16308.2099609375
"2021-12-27",16361.0703125,16567.640625,16361.0703125,16567.5,3743920000,16567.5
"2021-12-28",16602.919921875,16607.189453125,16458.490234375,16488.66015625,3648500000,16488.66015625
"2021-12-29",16510.630859375,16548.919921875,16396.16015625,16491.009765625,3714380000,16491.009765625
"2021-12-30",16485.400390625,16569.619140625,16415.119140625,16429.099609375,3750920000,16429.099609375
"2021-12-31",16411.259765625,16464.619140625,16317.259765625,16320.080078125,3392580000,16320.080078125
"2022-01-03",16395.509765625,16504.140625,16306.6396484375,16501.76953125,4429960000,16501.76953125
"2022-01-04",16513.869140625,16513.869140625,16151.900390625,16279.73046875,5131110000,16279.73046875
"2022-01-05",16190.5498046875,16249.23046875,15763.83984375,15771.7802734375,5031850000,15771.7802734375
"2022-01-06",15675.2197265625,15900.599609375,15608.5703125,15765.3603515625,4790820000,15765.3603515625
"2022-01-07",15774.1298828125,15835,15526.7998046875,15592.1904296875,4238070000,15592.1904296875
"2022-01-10",15383.1796875,15627.919921875,15165.5302734375,15614.4296875,5317180000,15614.4296875
"2022-01-11",15582.7197265625,15848.5595703125,15496.91015625,15844.1201171875,4390710000,15844.1201171875
"2022-01-12",15955.48046875,16017.3896484375,15815.9501953125,15905.099609375,4338530000,15905.099609375
"2022-01-13",15970.08984375,15990.3798828125,15468.08984375,15495.6201171875,4302020000,15495.6201171875
"2022-01-14",15396.4697265625,15617.1796875,15396.4697265625,15611.58984375,4374020000,15611.58984375
"2022-01-18",15378.0595703125,15446.2998046875,15182.9599609375,15210.759765625,5060790000,15210.759765625
"2022-01-19",15287.25,15382,15038.4404296875,15047.83984375,4665340000,15047.83984375
"2022-01-20",15176.3798828125,15347.6201171875,14832.6904296875,14846.4599609375,5102050000,14846.4599609375
"2022-01-21",14728.66015625,14868.4501953125,14432.6396484375,14438.400390625,5870830000,14438.400390625
"2022-01-24",14160.91015625,14532.5703125,13724.849609375,14509.580078125,6998770000,14509.580078125
"2022-01-25",14237.599609375,14410.4296875,14033.8095703125,14149.1201171875,5019380000,14149.1201171875
"2022-01-26",14492.51953125,14646.5400390625,14006.400390625,14172.759765625,5771140000,14172.759765625
"2022-01-27",14346.4599609375,14419.4501953125,13972.8798828125,14003.1103515625,5177380000,14003.1103515625
"2022-01-28",14091.3095703125,14457.7802734375,13880.48046875,14454.6103515625,4971930000,14454.6103515625
"2022-01-31",14505.0703125,14934.51953125,14442.8798828125,14930.0498046875,5124940000,14930.0498046875
"2022-02-01",14966.599609375,15034.419921875,14749.490234375,15019.6796875,4671850000,15019.6796875
"2022-02-02",15173.0302734375,15196.400390625,14960.849609375,15139.740234375,4673140000,15139.740234375
"2022-02-03",14693.849609375,14856.509765625,14471.2001953125,14501.1103515625,4326300000,14501.1103515625
"2022-02-04",14566.2802734375,14832.0498046875,14452.2802734375,14694.349609375,4121340000,14694.349609375
"2022-02-07",14716.4296875,14813.8603515625,14524.6298828125,14571.25,4268730000,14571.25
"2022-02-08",14533.25,14785.2197265625,14485.7802734375,14747.0302734375,4293770000,14747.0302734375
"2022-02-09",14930.990234375,15057.900390625,14870.3603515625,15056.9599609375,4729730000,15056.9599609375
"2022-02-10",14770.6796875,15037.259765625,14636.6201171875,14705.6396484375,5212510000,14705.6396484375
"2022-02-11",14739.4599609375,14769.6396484375,14194.5400390625,14253.83984375,5237320000,14253.83984375
"2022-02-14",14233.400390625,14400.7802734375,14119.73046875,14268.58984375,4347350000,14268.58984375
"2022-02-15",14482.1103515625,14624.5302734375,14444.4599609375,14620.8203125,4416840000,14620.8203125
"2022-02-16",14514.83984375,14647.7900390625,14399.2900390625,14603.6396484375,4238560000,14603.6396484375
"2022-02-17",14485.080078125,14497.4599609375,14155.4296875,14171.740234375,4278370000,14171.740234375
"2022-02-18",14207.5498046875,14225.7197265625,13918.759765625,14009.5400390625,4501940000,14009.5400390625
"2022-02-22",13892.8095703125,14109.259765625,13720.919921875,13870.5302734375,4849170000,13870.5302734375
"2022-02-23",14016.9404296875,14035.9296875,13502.580078125,13509.4296875,4639330000,13509.4296875
"2022-02-24",13065.4404296875,13989.099609375,13065.4404296875,13974.669921875,6180200000,13974.669921875
"2022-02-25",13973.900390625,14193,13850.2900390625,14189.16015625,4628720000,14189.16015625
"2022-02-28",14058.6103515625,14296.599609375,14009.3603515625,14237.8095703125,5928130000,14237.8095703125
"2022-03-01",14197.66015625,14271.580078125,13906.919921875,14005.990234375,6131350000,14005.990234375
"2022-03-02",14075.1103515625,14292.7197265625,13962.6904296875,14243.6904296875,5246390000,14243.6904296875
"2022-03-03",14339.7001953125,14342.5595703125,13965.1103515625,14035.2099609375,5092580000,14035.2099609375
"2022-03-04",13957.599609375,13992.9697265625,13738.6103515625,13837.830078125,5343900000,13837.830078125
"2022-03-07",13853.5302734375,13879.099609375,13314.4404296875,13319.3798828125,6195370000,13319.3798828125
"2022-03-08",13275.23046875,13663.26953125,13129.400390625,13267.6103515625,6683960000,13267.6103515625
"2022-03-09",13610.48046875,13793.1103515625,13504.48046875,13742.2001953125,5396550000,13742.2001953125
"2022-03-10",13577.83984375,13633.6904296875,13399.4599609375,13591,5071250000,13591
"2022-03-11",13701.7998046875,13714.4404296875,13285.1904296875,13301.830078125,5288210000,13301.830078125
"2022-03-14",13248.08984375,13386.669921875,13020.400390625,13046.6396484375,5876710000,13046.6396484375
"2022-03-15",13174.9697265625,13488.1796875,13092.4501953125,13458.5595703125,5440100000,13458.5595703125
"2022-03-16",13633.1201171875,13960.25,13475.08984375,13956.7900390625,6552210000,13956.7900390625
"2022-03-17",13878.990234375,14125.669921875,13827.33984375,14118.599609375,5612090000,14118.599609375
"2022-03-18",14061.2900390625,14427.4697265625,14014.4296875,14420.080078125,8149290000,14420.080078125
"2022-03-21",14377.150390625,14470.6796875,14190.5302734375,14376.08984375,5673940000,14376.08984375
"2022-03-22",14396.0302734375,14688.9697265625,14385.5498046875,14654.330078125,5445100000,14654.330078125
"2022-03-23",14525.2197265625,14681.330078125,14446.0400390625,14447.5498046875,5024230000,14447.5498046875
"2022-03-24",14529.7197265625,14767.73046875,14440.669921875,14765.6904296875,5149520000,14765.6904296875
"2022-03-25",14766.900390625,14805.8798828125,14577.58984375,14754.3095703125,5585100000,14754.3095703125
"2022-03-28",14763.16015625,14989.080078125,14705.919921875,14987.400390625,5129500000,14987.400390625
"2022-03-29",15142.9296875,15265.419921875,15039.6103515625,15239.3203125,6060890000,15239.3203125
"2022-03-30",15177.150390625,15229.009765625,15010.33984375,15071.5498046875,5479200000,15071.5498046875
"2022-03-31",15074.23046875,15088.3798828125,14835.16015625,14838.490234375,5453890000,14838.490234375
"2022-04-01",14886.91015625,14925.9296875,14723.830078125,14861.2099609375,5002790000,14861.2099609375
"2022-04-04",14903.3798828125,15161.8896484375,14884.5703125,15159.580078125,4630100000,15159.580078125
"2022-04-05",15109.26953125,15120.669921875,14782.5703125,14820.6396484375,4727710000,14820.6396484375
"2022-04-06",14600.2998046875,14639.349609375,14395.400390625,14498.8896484375,5360420000,14498.8896484375
"2022-04-07",14469.5,14624.240234375,14315.6904296875,14531.8095703125,4856090000,14531.8095703125
"2022-04-08",14450.5302734375,14490.1904296875,14307.6796875,14327.259765625,4574080000,14327.259765625
"2022-04-11",14149.599609375,14187.669921875,13979.1396484375,13990.2099609375,4946680000,13990.2099609375
"2022-04-12",14175.66015625,14264.740234375,13882.75,13940.240234375,4991720000,13940.240234375
"2022-04-13",13939.6103515625,14258.8095703125,13919.48046875,14217.2900390625,4909720000,14217.2900390625
"2022-04-14",14225.4697265625,14235.3896484375,13884.8203125,13893.2099609375,4642240000,13893.2099609375
"2022-04-18",13859.4697265625,13997.9296875,13788.9599609375,13910.759765625,4365230000,13910.759765625
"2022-04-19",13882.75,14236.509765625,13844.740234375,14210.259765625,4562840000,14210.259765625
"2022-04-20",14246.2001953125,14263.6103515625,13962.8603515625,13998.5302734375,4678930000,13998.5302734375
"2022-04-21",14174.919921875,14277.2099609375,13682.6796875,13720.4501953125,5233110000,13720.4501953125
"2022-04-22",13714.6298828125,13769.400390625,13342.7900390625,13356.8701171875,4475090000,13356.8701171875
"2022-04-25",13275.41015625,13541.76953125,13239.73046875,13533.2197265625,4845160000,13533.2197265625
"2022-04-26",13447.66015625,13447.66015625,13009.650390625,13009.7099609375,5168160000,13009.7099609375
"2022-04-27",13009.400390625,13241.9404296875,12936.41015625,13003.3603515625,4810720000,13003.3603515625
"2022-04-28",13254.9599609375,13542.5595703125,13038.169921875,13456.0595703125,5067150000,13456.0595703125
"2022-04-29",13274.9404296875,13428.5302734375,12835.48046875,12854.7998046875,4733070000,12854.7998046875
"2022-05-02",12864.830078125,13083.5703125,12716.6298828125,13075.849609375,4918240000,13075.849609375
"2022-05-03",13045.349609375,13178.740234375,12982.7001953125,13089.900390625,4547280000,13089.900390625
"2022-05-04",13110.2998046875,13556.669921875,12887.5302734375,13535.7099609375,5498050000,13535.7099609375
"2022-05-05",13344.7900390625,13344.7900390625,12710.58984375,12850.5498046875,5308920000,12850.5498046875
"2022-05-06",12776.8603515625,12926.580078125,12522.76953125,12693.5302734375,5324480000,12693.5302734375
"2022-05-09",12465.91015625,12542.3203125,12136.1904296875,12187.7197265625,5939140000,12187.7197265625
"2022-05-10",12496.83984375,12537.8896484375,12173.4697265625,12345.8603515625,6218260000,12345.8603515625
"2022-05-11",12240.2099609375,12470.8896484375,11939.08984375,11967.5595703125,6152370000,11967.5595703125
"2022-05-12",11790.1298828125,12128.73046875,11692.1201171875,11945.5,6679470000,11945.5
"2022-05-13",12125.9296875,12429.2802734375,12069.1298828125,12387.400390625,5894020000,12387.400390625
"2022-05-16",12297.0703125,12395.509765625,12196.2099609375,12243.580078125,4930250000,12243.580078125
"2022-05-17",12496.6298828125,12572.990234375,12333.990234375,12564.099609375,5093960000,12564.099609375
"2022-05-18",12352.919921875,12389.9599609375,11887,11928.3095703125,5064120000,11928.3095703125
"2022-05-19",11872.5595703125,12066.849609375,11795.7900390625,11875.6298828125,5154410000,11875.6298828125
"2022-05-20",12037.0302734375,12044.7001953125,11492.2900390625,11835.6201171875,5434370000,11835.6201171875
"2022-05-23",11867.080078125,12047.8095703125,11785.759765625,12034.2802734375,4552200000,12034.2802734375
"2022-05-24",11807.7802734375,11842.8095703125,11576.1103515625,11769.83984375,4724430000,11769.83984375
"2022-05-25",11732.4501953125,12028.8896484375,11714.26953125,11943.9296875,4519690000,11943.9296875
"2022-05-26",11906.830078125,12337.73046875,11901.8701171875,12276.7900390625,4672620000,12276.7900390625
"2022-05-27",12421.7998046875,12682.580078125,12405.2900390625,12681.419921875,4793900000,12681.419921875
"2022-05-31",12688.9501953125,12762.83984375,12482.3203125,12642.099609375,6045500000,12642.099609375
"2022-06-01",12750.3095703125,12820.4697265625,12457.91015625,12548.3603515625,4719900000,12548.3603515625
"2022-06-02",12498.6298828125,12897.6298828125,12447.76953125,12892.8896484375,4445840000,12892.8896484375
"2022-06-03",12650.3798828125,12724.8095703125,12505.759765625,12548.0302734375,4130040000,12548.0302734375
"2022-06-06",12745.8896484375,12804.4599609375,12534.580078125,12599.6298828125,4647010000,12599.6298828125
"2022-06-07",12456.490234375,12737.2998046875,12413.5595703125,12711.6796875,4411240000,12711.6796875
"2022-06-08",12682.8095703125,12776.650390625,12578.5498046875,12615.1298828125,4708980000,12615.1298828125
"2022-06-09",12543.3701171875,12666.41015625,12265.8603515625,12269.7802734375,5408460000,12269.7802734375
"2022-06-10",12052.58984375,12082.6904296875,11825.349609375,11832.8203125,5152020000,11832.8203125
"2022-06-13",11472.1904296875,11568.650390625,11254.1904296875,11288.3203125,5937320000,11288.3203125
"2022-06-14",11385.1796875,11418.2197265625,11205.919921875,11311.6904296875,4819890000,11311.6904296875
"2022-06-15",11468.1298828125,11751.2900390625,11346.5400390625,11593.76953125,5368500000,11593.76953125
"2022-06-16",11286.8701171875,11311.0498046875,11037.2099609375,11127.5703125,5696630000,11127.5703125
"2022-06-17",11172.650390625,11357.9697265625,11089.9296875,11265.990234375,7452830000,11265.990234375
"2022-06-21",11446.98046875,11638.4697265625,11446.98046875,11546.759765625,5226260000,11546.759765625
"2022-06-22",11427.740234375,11708.080078125,11423.2001953125,11527.7099609375,5238180000,11527.7099609375
"2022-06-23",11622.08984375,11729.6201171875,11515.48046875,11697.6796875,5258200000,11697.6796875
"2022-06-24",11826.9501953125,12112.8203125,11812.1796875,12105.849609375,9468130000,12105.849609375
"2022-06-27",12157.9296875,12175.98046875,11965.669921875,12008.240234375,5047860000,12008.240234375
"2022-06-28",12021.33984375,12133.8701171875,11633.1298828125,11637.76953125,5433220000,11637.76953125
"2022-06-29",11619.009765625,11710.2099609375,11537.7197265625,11658.259765625,5650860000,11658.259765625
"2022-06-30",11532.3203125,11650.9599609375,11322.8603515625,11503.7197265625,5654520000,11503.7197265625
"2022-07-01",11472.6298828125,11592.849609375,11378.6298828125,11585.6796875,4865730000,11585.6796875
"2022-07-05",11419.33984375,11781.740234375,11366.0703125,11779.900390625,5053570000,11779.900390625
"2022-07-06",11807.080078125,11941.3095703125,11727.3603515625,11852.58984375,4851170000,11852.58984375
"2022-07-07",11913.73046875,12137.7099609375,11897.509765625,12109.0498046875,4685050000,12109.0498046875
"2022-07-08",11977.9501953125,12179.3203125,11956.0302734375,12125.6904296875,4526570000,12125.6904296875
"2022-07-11",12008.759765625,12026.0595703125,11830.8896484375,11860.2802734375,4362910000,11860.2802734375
"2022-07-12",11926.83984375,11990.4404296875,11684.01953125,11744.990234375,4317860000,11744.990234375
"2022-07-13",11523.91015625,11819.6904296875,11498.9599609375,11728.5302734375,4433060000,11728.5302734375
"2022-07-14",11637.1796875,11801.1103515625,11488.26953125,11768.400390625,4481070000,11768.400390625
"2022-07-15",11896.150390625,11987.51953125,11828.1298828125,11983.6201171875,4369060000,11983.6201171875
"2022-07-18",12089.6796875,12156.08984375,11836.51953125,11877.5,5057920000,11877.5
"2022-07-19",12046.6904296875,12258.3701171875,11967.919921875,12249.419921875,5302740000,12249.419921875
"2022-07-20",12269.0703125,12488.3896484375,12232.2001953125,12439.6796875,5467080000,12439.6796875
"2022-07-21",12466.1298828125,12620.5,12351.419921875,12619.41015625,4680930000,12619.41015625
"2022-07-22",12575.759765625,12662.8603515625,12322.8203125,12396.4697265625,4721880000,12396.4697265625
"2022-07-25",12391.2099609375,12415.58984375,12244.400390625,12328.41015625,4346520000,12328.41015625
"2022-07-26",12248.2099609375,12259.009765625,12051.2099609375,12086.900390625,4349760000,12086.900390625
"2022-07-27",12299.33984375,12660.76953125,12256.9404296875,12601.4697265625,4588480000,12601.4697265625
"2022-07-28",12580.6103515625,12741.830078125,12433.5498046875,12717.8701171875,4924950000,12717.8701171875
"2022-07-29",12784.2001953125,12986.6396484375,12726.25,12947.9697265625,4907410000,12947.9697265625
"2022-08-01",12877.0400390625,13084.6103515625,12833.16015625,12940.7802734375,4396390000,12940.7802734375
"2022-08-02",12853.0400390625,13073.26953125,12809.009765625,12901.599609375,4792140000,12901.599609375
"2022-08-03",12983.580078125,13289.1904296875,12974.849609375,13253.259765625,5667990000,13253.259765625
"2022-08-04",13253.76953125,13326.7197265625,13170.4404296875,13311.0400390625,5451470000,13311.0400390625
"2022-08-05",13107.4501953125,13286.01953125,13070.3603515625,13207.6904296875,4911300000,13207.6904296875
"2022-08-08",13227.08984375,13394.5400390625,13103.7998046875,13159.16015625,5238600000,13159.16015625
"2022-08-09",13064.240234375,13095.7001953125,12945.599609375,13008.169921875,5307340000,13008.169921875
"2022-08-10",13330.66015625,13386.849609375,13220.0498046875,13378.3203125,5196210000,13378.3203125
"2022-08-11",13471.0302734375,13555.3798828125,13271.349609375,13291.990234375,5815960000,13291.990234375
"2022-08-12",13384.650390625,13565.8701171875,13341.650390625,13565.8701171875,4782610000,13565.8701171875
"2022-08-15",13529.66015625,13685.650390625,13524.5302734375,13667.1796875,4476040000,13667.1796875
"2022-08-16",13617.66015625,13720.91015625,13508.4697265625,13635.2099609375,5028410000,13635.2099609375
"2022-08-17",13499.240234375,13591.580078125,13389.8203125,13470.8603515625,5229520000,13470.8603515625
"2022-08-18",13474.240234375,13553.2802734375,13405.740234375,13505.990234375,4724350000,13505.990234375
"2022-08-19",13370.25,13402.6103515625,13210.8203125,13242.900390625,4628170000,13242.900390625
"2022-08-22",13056.3896484375,13073.0703125,12859.8203125,12890.5400390625,4270980000,12890.5400390625
"2022-08-23",12885.2802734375,13000.7099609375,12852.7001953125,12881.7900390625,3836180000,12881.7900390625
"2022-08-24",12876.23046875,12995.1396484375,12843.580078125,12917.8603515625,3917170000,12917.8603515625
"2022-08-25",12984.740234375,13146.83984375,12951.6103515625,13143.580078125,4323470000,13143.580078125
"2022-08-26",13129.91015625,13175.25,12603.41015625,12605.169921875,4.53e+09,12605.169921875
"2022-08-29",12488.4599609375,12594.33984375,12440.400390625,12484.3203125,4209850000,12484.3203125
"2022-08-30",12562.400390625,12572.8798828125,12240.8203125,12342.7001953125,4681520000,12342.7001953125
"2022-08-31",12448.0703125,12502.150390625,12268.080078125,12272.0302734375,4952010000,12272.0302734375
"2022-09-01",12158.8798828125,12290.330078125,12012.98046875,12274.6201171875,4792890000,12274.6201171875
"2022-09-02",12392.4599609375,12451.2802734375,12035.5302734375,12098.4404296875,4257410000,12098.4404296875
"2022-09-06",12106.5703125,12152.419921875,11928.8095703125,12011.3095703125,4622940000,12011.3095703125
"2022-09-07",12038.1796875,12298.1201171875,12026.98046875,12259.3896484375,4445640000,12259.3896484375
"2022-09-08",12139.5703125,12374.1298828125,12120.259765625,12321.1904296875,4329910000,12321.1904296875
"2022-09-09",12424.150390625,12610.4296875,12424.150390625,12588.2900390625,4401590000,12588.2900390625
"2022-09-12",12649.23046875,12752.830078125,12639.759765625,12739.7197265625,4146680000,12739.7197265625
"2022-09-13",12364.830078125,12420.009765625,12004.419921875,12033.6201171875,5188380000,12033.6201171875
"2022-09-14",12092.0302734375,12170.25,12016.4296875,12134.400390625,4861530000,12134.400390625
"2022-09-15",12034.4296875,12153.33984375,11867.8798828125,11927.490234375,4805910000,11927.490234375
"2022-09-16",11775.9404296875,11875.08984375,11710.259765625,11861.3798828125,7451840000,11861.3798828125
"2022-09-19",11753.599609375,11956.7900390625,11752.4296875,11953.26953125,4168670000,11953.26953125
"2022-09-20",11855.83984375,11951.1298828125,11761.6904296875,11851.5400390625,4028100000,11851.5400390625
"2022-09-21",11892.7197265625,12062.51953125,11636.25,11637.7900390625,4.471e+09,11637.7900390625
"2022-09-22",11574.3203125,11617.990234375,11448.8603515625,11501.650390625,4916470000,11501.650390625
"2022-09-23",11398.75,11402.41015625,11169.66015625,11311.240234375,5134350000,11311.240234375
"2022-09-26",11283.1396484375,11473.3603515625,11235.740234375,11254.1103515625,4697730000,11254.1103515625
"2022-09-27",11411.33984375,11502.3798828125,11175.2900390625,11271.75,4445050000,11271.75
"2022-09-28",11258.740234375,11546.8701171875,11210.8095703125,11493.830078125,4556100000,11493.830078125
"2022-09-29",11334.5703125,11339.91015625,11038.9404296875,11164.7802734375,4516630000,11164.7802734375
"2022-09-30",11123.1103515625,11296.16015625,10966.9501953125,10971.2197265625,4649710000,10971.2197265625
"2022-10-03",11059.169921875,11296.4296875,10985.009765625,11229.73046875,4415440000,11229.73046875
"2022-10-04",11477.849609375,11609.25,11462.3701171875,11582.5400390625,5004780000,11582.5400390625
"2022-10-05",11429.4697265625,11647.6201171875,11312.51953125,11573.1796875,4091860000,11573.1796875
"2022-10-06",11556.400390625,11660.5498046875,11472.830078125,11485.5,4423320000,11485.5
"2022-10-07",11272.4599609375,11293.650390625,10991.66015625,11039.4697265625,4634190000,11039.4697265625
"2022-10-10",11048.509765625,11063.2099609375,10824.25,10926.9697265625,3989640000,10926.9697265625
"2022-10-11",10865.3203125,10981.91015625,10716.330078125,10791.349609375,4738840000,10791.349609375
"2022-10-12",10810.2998046875,10886.490234375,10754.849609375,10785.6201171875,4091030000,10785.6201171875
"2022-10-13",10481.580078125,11087.66015625,10440.6396484375,11033.580078125,5300080000,11033.580078125
"2022-10-14",11130.080078125,11152.8896484375,10677.48046875,10692.0595703125,4.393e+09,10692.0595703125
"2022-10-17",10967.25,11090.8701171875,10959.740234375,11062.5302734375,4439190000,11062.5302734375
"2022-10-18",11368.759765625,11374.3798828125,11035.7998046875,11147.740234375,5047360000,11147.740234375
"2022-10-19",11081.8203125,11231.4599609375,11008.1103515625,11103.3798828125,4955090000,11103.3798828125
"2022-10-20",11081.2197265625,11279.8095703125,11001.2802734375,11046.7099609375,4628010000,11046.7099609375
"2022-10-21",10998.169921875,11327.76953125,10962.009765625,11310.330078125,4706440000,11310.330078125
"2022-10-24",11321.1103515625,11468.1796875,11166.490234375,11430.259765625,4808710000,11430.259765625
"2022-10-25",11482.8701171875,11681.849609375,11480.41015625,11669.990234375,5141760000,11669.990234375
"2022-10-26",11409.7900390625,11657.0595703125,11388.33984375,11405.900390625,5224440000,11405.900390625
"2022-10-27",11387.7099609375,11417.0400390625,11179.900390625,11191.6298828125,4773520000,11191.6298828125
"2022-10-28",11176.990234375,11563.16015625,11176.990234375,11546.2099609375,4731940000,11546.2099609375
"2022-10-31",11465.2099609375,11482.990234375,11331.259765625,11405.5703125,4753740000,11405.5703125
"2022-11-01",11571.5302734375,11574.3896484375,11278.2802734375,11288.9501953125,4677520000,11288.9501953125
"2022-11-02",11300.26953125,11410.91015625,10903.48046875,10906.33984375,5436420000,10906.33984375
"2022-11-03",10769.4296875,10852.1796875,10680.830078125,10690.599609375,5102190000,10690.599609375
"2022-11-04",10911.98046875,10934.6201171875,10632.3896484375,10857.0302734375,5453750000,10857.0302734375
"2022-11-07",10900.830078125,11001.16015625,10817.58984375,10977,4456690000,10977
"2022-11-08",11039.580078125,11191.900390625,10897.5302734375,11059.5,5134500000,11059.5
"2022-11-09",10971.4296875,11012.66015625,10790.349609375,10797.5498046875,4977460000,10797.5498046875
"2022-11-10",11350.419921875,11612.2001953125,11235.740234375,11605.9599609375,6.433e+09,11605.9599609375
"2022-11-11",11604.3603515625,11840.0703125,11535.5595703125,11817.009765625,5867750000,11817.009765625
"2022-11-14",11728.1103515625,11863.8203125,11669.099609375,11700.9404296875,5004060000,11700.9404296875
"2022-11-15",12006.4501953125,12024.9501953125,11735.400390625,11871.150390625,5617310000,11871.150390625
"2022-11-16",11767.419921875,11796.990234375,11673.1396484375,11699.08984375,4585190000,11699.08984375
"2022-11-17",11521.6396484375,11737.6103515625,11519.3798828125,11676.8603515625,4354360000,11676.8603515625
"2022-11-18",11791.849609375,11794.6796875,11579.6396484375,11677.01953125,4175420000,11677.01953125
"2022-11-21",11623.349609375,11664.9404296875,11524.4404296875,11553.4501953125,3977130000,11553.4501953125
"2022-11-22",11590.830078125,11731.759765625,11503.33984375,11724.83984375,4186360000,11724.83984375
"2022-11-23",11725.080078125,11866.419921875,11722.009765625,11838.7197265625,4431530000,11838.7197265625
"2022-11-25",11777.330078125,11803.91015625,11748.7900390625,11756.0302734375,2184080000,11756.0302734375
"2022-11-28",11684.0703125,11764.830078125,11555.259765625,11587.75,4271360000,11587.75
"2022-11-29",11590.2998046875,11613.330078125,11450.33984375,11503.4501953125,4592830000,11503.4501953125
"2022-11-30",11505.740234375,12031.33984375,11481.8896484375,12030.0595703125,6653460000,12030.0595703125
"2022-12-01",12030.240234375,12115.33984375,11928.66015625,12041.8896484375,5158120000,12041.8896484375
"2022-12-02",11845.5302734375,12027.6201171875,11825.5302734375,11994.259765625,4523010000,11994.259765625
"2022-12-05",11899.5400390625,11957.3603515625,11732.150390625,11786.7998046875,4510030000,11786.7998046875
"2022-12-06",11775.2001953125,11790.9296875,11488.599609375,11549.6904296875,4713330000,11549.6904296875
"2022-12-07",11490.990234375,11577.6904296875,11431.9599609375,11497.3896484375,4343860000,11497.3896484375
"2022-12-08",11543.6796875,11672.1396484375,11470.6796875,11637.5,4281800000,11637.5
"2022-12-09",11594.3798828125,11707.08984375,11550.3095703125,11563.330078125,4337440000,11563.330078125
"2022-12-12",11572.259765625,11707.7099609375,11529.41015625,11706.4404296875,4829990000,11706.4404296875
"2022-12-13",12141.240234375,12166.41015625,11724.900390625,11834.2099609375,6126890000,11834.2099609375
"2022-12-14",11824.5400390625,11941.2802734375,11617.41015625,11740.919921875,5485150000,11740.919921875
"2022-12-15",11573.3798828125,11591.330078125,11300.349609375,11345.2197265625,5536070000,11345.2197265625
"2022-12-16",11313.6396484375,11383.3896484375,11175.5400390625,11243.7197265625,7968170000,11243.7197265625
"2022-12-19",11243,11251.5703125,11029.76953125,11084.58984375,4631820000,11084.58984375
"2022-12-20",11023.4697265625,11143.6201171875,10967.0703125,11072.419921875,4707190000,11072.419921875
"2022-12-21",11110.650390625,11285.7802734375,11083.3603515625,11235.8798828125,4401420000,11235.8798828125
"2022-12-22",11099.3603515625,11114.23046875,10784.01953125,10956.1396484375,5125070000,10956.1396484375
"2022-12-23",10911.0400390625,11007.08984375,10830.900390625,10985.4501953125,3544680000,10985.4501953125
"2022-12-27",10944.2998046875,10957.4404296875,10807.6103515625,10822.509765625,3827290000,10822.509765625
"2022-12-28",10807.1201171875,10898.6396484375,10671.1904296875,10679.33984375,3842970000,10679.33984375
"2022-12-29",10800.7998046875,10981.0595703125,10776.6201171875,10951.0498046875,4154100000,10951.0498046875
"2022-12-30",10835.58984375,10942.900390625,10778.6396484375,10939.759765625,3959030000,10939.759765625
"2023-01-03",11038.419921875,11093.099609375,10770.9296875,10862.6396484375,4780650000,10862.6396484375
"2023-01-04",10949.33984375,10981.4599609375,10785.5302734375,10914.7998046875,5085380000,10914.7998046875
"2023-01-05",10837.25,10842.330078125,10728.259765625,10741.2197265625,4764270000,10741.2197265625
"2023-01-06",10807.4599609375,11082.58984375,10696.419921875,11040.349609375,5199780000,11040.349609375
"2023-01-09",11133.0703125,11304.83984375,11085.3203125,11108.4501953125,5132190000,11108.4501953125
"2023-01-10",11069.0498046875,11207.5595703125,11050.6796875,11205.7802734375,4710680000,11205.7802734375
"2023-01-11",11259.16015625,11403.8896484375,11220.75,11402.51953125,5284390000,11402.51953125
"2023-01-12",11441.4501953125,11500.8603515625,11246.01953125,11459.6103515625,5681240000,11459.6103515625
"2023-01-13",11362.1298828125,11547.9599609375,11347.599609375,11541.48046875,5077990000,11541.48046875
"2023-01-17",11531.5400390625,11615.9501953125,11484.01953125,11557.1904296875,5138410000,11557.1904296875
"2023-01-18",11636.6103515625,11690.26953125,11403.3095703125,11410.2900390625,5288630000,11410.2900390625
"2023-01-19",11345.1904296875,11388.4599609375,11251.9404296875,11295.669921875,4660800000,11295.669921875
"2023-01-20",11363.849609375,11623.2001953125,11329.5400390625,11619.0302734375,5980110000,11619.0302734375
"2023-01-23",11652,11918.8603515625,11617.830078125,11872.5400390625,5997810000,11872.5400390625
"2023-01-24",11802.9501953125,11889.3701171875,11780.0703125,11846.6396484375,5670860000,11846.6396484375
"2023-01-25",11636.009765625,11841.8095703125,11550.0703125,11814.6904296875,5485570000,11814.6904296875
"2023-01-26",11972.5703125,12055.8095703125,11853.3701171875,12051.48046875,5732890000,12051.48046875
"2023-01-27",12000.2099609375,12248.150390625,11999.8701171875,12166.599609375,6243800000,12166.599609375
"2023-01-30",12047.16015625,12087.6796875,11906.1103515625,11912.3896484375,5122320000,11912.3896484375
"2023-01-31",11915.9404296875,12104.1298828125,11915.9404296875,12101.9296875,5695150000,12101.9296875
"2023-02-01",12087.919921875,12458.8701171875,12010.73046875,12363.099609375,6336040000,12363.099609375
"2023-02-02",12655.1796875,12880.98046875,12600.759765625,12803.1396484375,7038210000,12803.1396484375
"2023-02-03",12520.9501953125,12828.7099609375,12520.9501953125,12573.3603515625,5954490000,12573.3603515625
"2023-02-06",12468.7998046875,12558.8701171875,12411.8798828125,12464.509765625,5538350000,12464.509765625
"2023-02-07",12474.9501953125,12771.58984375,12419.7099609375,12728.26953125,5720240000,12728.26953125
"2023-02-08",12680.0302734375,12709.4501953125,12471.1201171875,12495.3798828125,5052870000,12495.3798828125
"2023-02-09",12677.5400390625,12679.5400390625,12327.4404296875,12381.169921875,5536290000,12381.169921875
"2023-02-10",12306.58984375,12375.7197265625,12204.2099609375,12304.919921875,4885030000,12304.919921875
"2023-02-13",12356.5,12522.7802734375,12313.4501953125,12502.3095703125,4752880000,12502.3095703125
"2023-02-14",12413.099609375,12627.400390625,12356.3203125,12590.8896484375,5032430000,12590.8896484375
"2023-02-15",12531.599609375,12689.33984375,12486.419921875,12687.8896484375,5056640000,12687.8896484375
"2023-02-16",12495.0703125,12653.400390625,12440,12442.48046875,5159410000,12442.48046875
"2023-02-17",12352.2998046875,12385.51953125,12233.7900390625,12358.1796875,4925230000,12358.1796875
"2023-02-21",12205.2099609375,12257.0595703125,12058.23046875,12060.2998046875,5002540000,12060.2998046875
"2023-02-22",12085.669921875,12156.2099609375,12006.0400390625,12066.26953125,4671270000,12066.26953125
"2023-02-23",12224.4404296875,12227.400390625,12003.3095703125,12180.1396484375,4714580000,12180.1396484375
"2023-02-24",11979.7998046875,12018.3203125,11900.83984375,11969.650390625,4432650000,11969.650390625
"2023-02-27",12106.7900390625,12159.6396484375,12034.6103515625,12057.7900390625,4.494e+09,12057.7900390625
"2023-02-28",12041.75,12146.51953125,12021.3203125,12042.1201171875,5340950000,12042.1201171875
"2023-03-01",12026.7197265625,12054.48046875,11906.580078125,11938.5703125,4927530000,11938.5703125
"2023-03-02",11830.08984375,12074.58984375,11830.08984375,12044.8701171875,5313760000,12044.8701171875
"2023-03-03",12110.7099609375,12300.4599609375,12095.240234375,12290.8095703125,5102210000,12290.8095703125
"2023-03-06",12344.650390625,12466.8798828125,12297.5703125,12302.48046875,4982880000,12302.48046875
"2023-03-07",12303.1904296875,12344.0400390625,12130.009765625,12152.169921875,5422820000,12152.169921875
"2023-03-08",12181.0595703125,12237.7197265625,12102.2802734375,12215.330078125,5085970000,12215.330078125
"2023-03-09",12230.83984375,12340.4501953125,11970.33984375,11995.8798828125,5061790000,11995.8798828125
"2023-03-10",12001.7001953125,12069.6201171875,11789.8603515625,11830.2802734375,6193500000,11830.2802734375
"2023-03-13",11752.099609375,12073.9599609375,11695.41015625,11923.169921875,6201490000,11923.169921875
"2023-03-14",12078.4599609375,12217.8701171875,12035.2197265625,12199.7900390625,5533120000,12199.7900390625
"2023-03-15",12083.240234375,12269.4501953125,12026.1796875,12251.3203125,5912430000,12251.3203125
"2023-03-16",12211.8701171875,12595.6904296875,12190.650390625,12581.3896484375,5498920000,12581.3896484375
"2023-03-17",12570.16015625,12674.33984375,12444.080078125,12519.8798828125,7903090000,12519.8798828125
"2023-03-20",12487.7900390625,12578.349609375,12407.8203125,12562.6103515625,4970630000,12562.6103515625
"2023-03-21",12643.349609375,12762.4501953125,12582.759765625,12741.4404296875,4829870000,12741.4404296875
"2023-03-22",12742.41015625,12943.6201171875,12563.7802734375,12567.150390625,4981590000,12567.150390625
"2023-03-23",12735.599609375,12900.099609375,12611.669921875,12729.23046875,4917460000,12729.23046875
"2023-03-24",12700.509765625,12770.2802734375,12608.150390625,12767.0498046875,4363650000,12767.0498046875
"2023-03-27",12797.900390625,12839.419921875,12647.9404296875,12673.0703125,4330320000,12673.0703125
"2023-03-28",12654.91015625,12654.91015625,12517.8701171875,12610.5703125,4036910000,12610.5703125
"2023-03-29",12768.1396484375,12867.3203125,12734.6796875,12846.0302734375,4493540000,12846.0302734375
"2023-03-30",12934.990234375,12987.9697265625,12894.1396484375,12963.1396484375,4738880000,12963.1396484375
"2023-03-31",12968.9599609375,13188.830078125,12968,13181.349609375,5521150000,13181.349609375
"2023-04-03",13084.099609375,13157.4697265625,13036.5498046875,13148.349609375,4816440000,13148.349609375
"2023-04-04",13165.3203125,13204.080078125,13049.98046875,13100.080078125,4298760000,13100.080078125
"2023-04-05",13056.7900390625,13065.2802734375,12894.4404296875,12967.2001953125,4378590000,12967.2001953125
"2023-04-06",12892.900390625,13078.099609375,12846.0302734375,13062.599609375,3862800000,13062.599609375
"2023-04-10",12936.51953125,13051.849609375,12861.51953125,13051.23046875,4334070000,13051.23046875
"2023-04-11",13040.490234375,13049.5595703125,12947.66015625,12964.150390625,4676960000,12964.150390625
"2023-04-12",13043.9697265625,13071.98046875,12833.3095703125,12848.349609375,4909770000,12848.349609375
"2023-04-13",12922.900390625,13124.41015625,12920.01953125,13109.3896484375,4942990000,13109.3896484375
"2023-04-14",13044.6904296875,13152.2802734375,12962.509765625,13079.51953125,4655740000,13079.51953125
"2023-04-17",13053.259765625,13105.6796875,12981.259765625,13087.7099609375,4823180000,13087.7099609375
"2023-04-18",13180.3095703125,13196.1796875,13044.2099609375,13091.7900390625,4851810000,13091.7900390625
"2023-04-19",12992.509765625,13128.25,12988.2001953125,13088.7099609375,4972700000,13088.7099609375
"2023-04-20",12962.2900390625,13107.919921875,12933.7998046875,12985.98046875,4590530000,12985.98046875
"2023-04-21",12970.3203125,13030.849609375,12899.6396484375,13000.76953125,4868050000,13000.76953125
"2023-04-24",12981.7099609375,13044.2197265625,12883.76953125,12969.759765625,4854050000,12969.759765625
"2023-04-25",12905.08984375,12933.2802734375,12724.240234375,12725.1103515625,4806020000,12725.1103515625
"2023-04-26",12866.6396484375,12929.6201171875,12783.419921875,12806.48046875,5281970000,12806.48046875
"2023-04-27",12963.2099609375,13175.6201171875,12938.5,13160.0302734375,5253710000,13160.0302734375
"2023-04-28",13139.349609375,13247.3896484375,13096.9404296875,13245.990234375,5331380000,13245.990234375
"2023-05-01",13229.1103515625,13287.4697265625,13186.400390625,13231.4697265625,5168430000,13231.4697265625
"2023-05-02",13225.48046875,13241.5302734375,13046.7900390625,13113.66015625,5501410000,13113.66015625
"2023-05-03",13123.099609375,13231.7099609375,13026.0400390625,13030.2099609375,5782160000,13030.2099609375
"2023-05-04",13014.0703125,13064.01953125,12938.4501953125,12982.48046875,4745780000,12982.48046875
"2023-05-05",13070.7001953125,13291.1103515625,13059.91015625,13259.1298828125,4574790000,13259.1298828125
"2023-05-08",13247.08984375,13302.4296875,13193.080078125,13291.6396484375,4216360000,13291.6396484375
"2023-05-09",13228.6396484375,13254.8095703125,13193.8798828125,13201.1103515625,4126780000,13201.1103515625
"2023-05-10",13308.41015625,13384.419921875,13204.7900390625,13347.830078125,4948260000,13347.830078125
"2023-05-11",13376.849609375,13411.7001953125,13306.080078125,13389.7802734375,4489490000,13389.7802734375
"2023-05-12",13407.01953125,13427.419921875,13256.5595703125,13340.1796875,4.17e+09,13340.1796875
"2023-05-15",13352.259765625,13419.8095703125,13297.849609375,13413.509765625,3979290000,13413.509765625
"2023-05-16",13385.3701171875,13498.4404296875,13384.76953125,13426.009765625,4067510000,13426.009765625
"2023-05-17",13474.51953125,13608.330078125,13419.349609375,13589.259765625,4501820000,13589.259765625
"2023-05-18",13608.9501953125,13844.759765625,13606.8095703125,13834.6201171875,4532890000,13834.6201171875
"2023-05-19",13842.6904296875,13874.419921875,13763.900390625,13803.490234375,3935780000,13803.490234375
"2023-05-22",13805.330078125,13893.7099609375,13792.9697265625,13849.740234375,4278920000,13849.740234375
"2023-05-23",13773.6796875,13827.099609375,13662.91015625,13672.5400390625,4347440000,13672.5400390625
"2023-05-24",13589.01953125,13655.73046875,13520.919921875,13604.48046875,4088270000,13604.48046875
"2023-05-25",13920.8896484375,13986.8701171875,13812.1796875,13938.5302734375,4651640000,13938.5302734375
"2023-05-26",13990.5498046875,14329.490234375,13982.16015625,14298.41015625,4434070000,14298.41015625
"2023-05-30",14465.58984375,14520.169921875,14301.080078125,14354.990234375,4843470000,14354.990234375
"2023-05-31",14293.5595703125,14375.3798828125,14216.16015625,14254.08984375,5905760000,14254.08984375
"2023-06-01",14269.08984375,14493.3095703125,14219.9404296875,14441.509765625,4610310000,14441.509765625
"2023-06-02",14517.080078125,14595.8095703125,14442.150390625,14546.6396484375,4426760000,14546.6396484375
"2023-06-05",14550.1298828125,14662.9501953125,14516.8798828125,14556.5,4344280000,14556.5
"2023-06-06",14526.099609375,14593.5,14476.990234375,14558.08984375,4810910000,14558.08984375
"2023-06-07",14573.26953125,14647.91015625,14283.8798828125,14303.2900390625,5270600000,14303.2900390625
"2023-06-08",14319.240234375,14503.3095703125,14314.6904296875,14484.5400390625,4280160000,14484.5400390625
"2023-06-09",14574.240234375,14672.849609375,14487.48046875,14528.3603515625,4412710000,14528.3603515625
"2023-06-12",14617.349609375,14789.599609375,14571.3603515625,14784.2998046875,4722680000,14784.2998046875
"2023-06-13",14911.259765625,14931.830078125,14770.1396484375,14900.849609375,5522100000,14900.849609375
"2023-06-14",14894.099609375,15017.099609375,14784.6201171875,15005.6904296875,5772550000,15005.6904296875
"2023-06-15",14949.7001953125,15246.6201171875,14930.1201171875,15185.48046875,5667520000,15185.48046875
"2023-06-16",15272.650390625,15284.650390625,15073.4501953125,15083.919921875,8076530000,15083.919921875
"2023-06-20",15036.48046875,15127.419921875,14946.7197265625,15070.150390625,5237710000,15070.150390625
"2023-06-21",15019.009765625,15038.900390625,14826.01953125,14867.4501953125,5194640000,14867.4501953125
"2023-06-22",14797.8896484375,15044.2197265625,14794.9501953125,15042.3203125,4499550000,15042.3203125
"2023-06-23",14879.23046875,14983.73046875,14821.8095703125,14891.48046875,7734500000,14891.48046875
"2023-06-26",14866.66015625,14982.8203125,14687.01953125,14689.01953125,4430600000,14689.01953125
"2023-06-27",14751.5703125,14972.3095703125,14726.75,14945.91015625,5053660000,14945.91015625
"2023-06-28",14876.25,15051.080078125,14865.8095703125,14964.5703125,4533270000,14964.5703125
"2023-06-29",14965.5498046875,14986.8896484375,14876.9404296875,14939.9501953125,4388140000,14939.9501953125
"2023-06-30",15085.240234375,15213.75,15081.5703125,15179.2099609375,4661120000,15179.2099609375
"2023-07-03",15190.5400390625,15232.9599609375,15153.599609375,15208.6904296875,2902300000,15208.6904296875
"2023-07-05",15165.3603515625,15275.1796875,15162.66015625,15203.7802734375,5339340000,15203.7802734375
"2023-07-06",15054.099609375,15106.4501953125,14969.1396484375,15089.4501953125,6113080000,15089.4501953125
"2023-07-07",15070.5,15210.6298828125,15032.5595703125,15036.849609375,5098120000,15036.849609375
"2023-07-10",15031.9501953125,15066.4404296875,14924.6396484375,15045.6396484375,5275390000,15045.6396484375
"2023-07-11",15068.1298828125,15135.2900390625,14974.16015625,15119.0595703125,4840950000,15119.0595703125
"2023-07-12",15279.349609375,15364.08984375,15209.7099609375,15307.23046875,5230620000,15307.23046875
"2023-07-13",15432.48046875,15602.740234375,15420.7099609375,15571.98046875,5183560000,15571.98046875
"2023-07-14",15610,15720.0595703125,15531,15565.599609375,5366890000,15565.599609375
"2023-07-17",15608.2802734375,15745.669921875,15576.509765625,15713.2802734375,4593160000,15713.2802734375
"2023-07-18",15671.7197265625,15895.6796875,15607.7099609375,15841.349609375,4824070000,15841.349609375
"2023-07-19",15888.16015625,15932.0498046875,15781.9599609375,15826.349609375,5112420000,15826.349609375
"2023-07-20",15717.669921875,15771.83984375,15429.8701171875,15466.08984375,5128020000,15466.08984375
"2023-07-21",15554.9501953125,15600.5400390625,15410.5703125,15425.669921875,5254180000,15425.669921875
"2023-07-24",15475.150390625,15504.669921875,15374.66015625,15448.01953125,4083070000,15448.01953125
"2023-07-25",15483.0595703125,15622.6904296875,15482.0400390625,15561.419921875,3812470000,15561.419921875
"2023-07-26",15514.0400390625,15571.16015625,15411.91015625,15499.259765625,4.322e+09,15499.259765625
"2023-07-27",15734.0302734375,15795.509765625,15416.0498046875,15464.9296875,5115840000,15464.9296875
"2023-07-28",15630.169921875,15788.48046875,15617.75,15750.9296875,4453520000,15750.9296875
"2023-07-31",15774.2998046875,15803.5498046875,15702.740234375,15757,4934440000,15757
"2023-08-01",15696.98046875,15748.4296875,15636.5703125,15718.009765625,4633770000,15718.009765625
"2023-08-02",15561.150390625,15561.3603515625,15321.4404296875,15370.740234375,5481960000,15370.740234375
"2023-08-03",15287.76953125,15436.58984375,15270.7197265625,15353.5400390625,6036970000,15353.5400390625
"2023-08-04",15420.740234375,15523.3095703125,15258.6904296875,15274.919921875,5349450000,15274.919921875
"2023-08-07",15355.6201171875,15410.849609375,15258.919921875,15407.849609375,4892330000,15407.849609375
"2023-08-08",15279.41015625,15295.7998046875,15148.25,15273.0498046875,5284550000,15273.0498046875
"2023-08-09",15286.990234375,15288.759765625,15077.91015625,15101.7099609375,5591360000,15101.7099609375
"2023-08-10",15217.2900390625,15366.2900390625,15072.490234375,15128.83984375,5299080000,15128.83984375
"2023-08-11",15010.51953125,15102.5302734375,14973.669921875,15028.0703125,4638880000,15028.0703125
"2023-08-14",14988.419921875,15206.259765625,14972.009765625,15205.58984375,4272020000,15205.58984375
"2023-08-15",15172.080078125,15192.8798828125,15014.3603515625,15037.650390625,4473320000,15037.650390625
"2023-08-16",15021.6298828125,15077.0498046875,14874.01953125,14876.4697265625,6243760000,14876.4697265625
"2023-08-17",14943.33984375,14949.580078125,14698.2900390625,14715.8095703125,5280180000,14715.8095703125
"2023-08-18",14589.7099609375,14744.5703125,14557.830078125,14694.83984375,4801910000,14694.83984375
"2023-08-21",14762.009765625,14958.8701171875,14739.3701171875,14936.6904296875,4363070000,14936.6904296875
"2023-08-22",15035.0703125,15037.7900390625,14883.98046875,14908.9599609375,4282430000,14908.9599609375
"2023-08-23",14947.580078125,15188.8603515625,14947.580078125,15148.0595703125,4127850000,15148.0595703125
"2023-08-24",15278.9296875,15279.240234375,14814.830078125,14816.4404296875,4383820000,14816.4404296875
"2023-08-25",14858.9296875,15001.2900390625,14715.3603515625,14941.830078125,3970060000,14941.830078125
"2023-08-28",15035.48046875,15086.23046875,14948.919921875,15052.4599609375,3666680000,15052.4599609375
"2023-08-29",15043.01953125,15391.5595703125,15034.5400390625,15376.5498046875,4748180000,15376.5498046875
"2023-08-30",15386.669921875,15484.830078125,15341.9404296875,15462.4296875,4364600000,15462.4296875
"2023-08-31",15475.4296875,15575.009765625,15466.41015625,15501.0703125,4568610000,15501.0703125
"2023-09-01",15600.9501953125,15618.849609375,15429.3603515625,15490.8603515625,4033960000,15490.8603515625
"2023-09-05",15460.51953125,15556.849609375,15419.9599609375,15508.240234375,4379790000,15508.240234375
"2023-09-06",15467.3203125,15487,15289.48046875,15371.4404296875,4215320000,15371.4404296875
"2023-09-07",15174.2197265625,15288.2001953125,15138.73046875,15258.51953125,4320830000,15258.51953125
"2023-09-08",15265.5703125,15374.2197265625,15244.0595703125,15280.23046875,4160360000,15280.23046875
"2023-09-11",15409.76953125,15482.83984375,15328.349609375,15461.8701171875,4538870000,15461.8701171875
"2023-09-12",15390.58984375,15447.849609375,15278.8798828125,15289.740234375,4595490000,15289.740234375
"2023-09-13",15293.26953125,15414.6103515625,15256.599609375,15348.5302734375,4840310000,15348.5302734375
"2023-09-14",15433.009765625,15512.8203125,15337.1796875,15473.8896484375,4649010000,15473.8896484375
"2023-09-15",15425.9501953125,15435.4501953125,15173.7099609375,15202.400390625,8162210000,15202.400390625
"2023-09-18",15161.169921875,15268.9599609375,15155.4599609375,15225.3701171875,4855880000,15225.3701171875
"2023-09-19",15152.5302734375,15219.919921875,15069.41015625,15191.23046875,4453460000,15191.23046875
"2023-09-20",15225.33984375,15245.1904296875,14967.599609375,14969.919921875,4782440000,14969.919921875
"2023-09-21",14813.490234375,14849.25,14691.6904296875,14694.240234375,5014890000,14694.240234375
"2023-09-22",14756.6201171875,14855.919921875,14686.83984375,14701.099609375,4302700000,14701.099609375
"2023-09-25",14662.6904296875,14771.1201171875,14615.4501953125,14768.900390625,4100290000,14768.900390625
"2023-09-26",14668.4501953125,14678.48046875,14505.6796875,14545.830078125,4693540000,14545.830078125
"2023-09-27",14600.1396484375,14657.2099609375,14432.599609375,14580.16015625,4841410000,14580.16015625
"2023-09-28",14530.9599609375,14787.580078125,14510.169921875,14702.76953125,4648390000,14702.76953125
"2023-09-29",14853.349609375,14901.849609375,14664.7802734375,14715.240234375,5138500000,14715.240234375
"2023-10-02",14717.900390625,14892.1796875,14701.51953125,14837.5703125,4554700000,14837.5703125
"2023-10-03",14744.0498046875,14819.8701171875,14504.1396484375,14565.6201171875,4684310000,14565.6201171875
"2023-10-04",14613.23046875,14803.0400390625,14592.5595703125,14776.25,4308070000,14776.25
"2023-10-05",14769.5498046875,14784.6904296875,14584.3896484375,14723.2197265625,4167470000,14723.2197265625
"2023-10-06",14622.23046875,15021.3798828125,14575.9501953125,14973.240234375,4309420000,14973.240234375
"2023-10-09",14871.5703125,15070.6396484375,14816.3203125,15047.150390625,3835930000,15047.150390625
"2023-10-10",15074.0400390625,15241.9404296875,15050.5400390625,15131.51953125,4301350000,15131.51953125
"2023-10-11",15194.5302734375,15248.2197265625,15119.6201171875,15241.1201171875,4160440000,15241.1201171875
"2023-10-12",15264.1103515625,15333.98046875,15090.6904296875,15184.099609375,4858620000,15184.099609375
"2023-10-13",15225.73046875,15232.3701171875,14943.419921875,14995.1201171875,4251550000,14995.1201171875
"2023-10-16",15054.48046875,15209.5,15047.26953125,15172.73046875,4308690000,15172.73046875
"2023-10-17",15009.259765625,15187.0595703125,14932.76953125,15122.009765625,4417640000,15122.009765625
"2023-10-18",15022.2802734375,15103.8701171875,14865.8095703125,14909.259765625,4617140000,14909.259765625
"2023-10-19",14981.1298828125,15023.91015625,14749.2998046875,14783.1298828125,5014790000,14783.1298828125
"2023-10-20",14752.58984375,14781.2197265625,14552.1201171875,14560.8798828125,4622840000,14560.8798828125
"2023-10-23",14514.1103515625,14746.3701171875,14419.0595703125,14604.849609375,4669060000,14604.849609375
"2023-10-24",14678.41015625,14774.16015625,14610.330078125,14745.8603515625,4604720000,14745.8603515625
"2023-10-25",14642.080078125,14643.6904296875,14362.240234375,14381.6396484375,4599850000,14381.6396484375
"2023-10-26",14314.009765625,14372.509765625,14058.330078125,14109.5703125,4894900000,14109.5703125
"2023-10-27",14245.75,14321.0400390625,14130.3701171875,14180.419921875,4172100000,14180.419921875
"2023-10-30",14283.98046875,14388.2001953125,14225.8603515625,14335.509765625,4149320000,14335.509765625
"2023-10-31",14340.8603515625,14420.4404296875,14232.400390625,14409.7802734375,4315630000,14409.7802734375
"2023-11-01",14453.6796875,14677.8603515625,14441.8896484375,14664.91015625,4545120000,14664.91015625
"2023-11-02",14856.9501953125,14930.759765625,14792.8095703125,14919.5498046875,4962950000,14919.5498046875
"2023-11-03",14985.1201171875,15149.7802734375,14965.2900390625,15099.490234375,4918750000,15099.490234375
"2023-11-06",15137.16015625,15180.1904296875,15064.91015625,15154.9296875,4345850000,15154.9296875
"2023-11-07",15201.76953125,15335.4404296875,15153.3095703125,15296.01953125,4354460000,15296.01953125
"2023-11-08",15313.900390625,15343.1904296875,15220.8798828125,15313.240234375,4685550000,15313.240234375
"2023-11-09",15351.1201171875,15382.1103515625,15171.3203125,15187.900390625,5313970000,15187.900390625
"2023-11-10",15252.3603515625,15535.2001953125,15237.169921875,15529.1201171875,4722140000,15529.1201171875
"2023-11-13",15469.2099609375,15524.66015625,15404.7099609375,15482.7900390625,4349590000,15482.7900390625
"2023-11-14",15744.3603515625,15850.33984375,15726.1201171875,15812.4697265625,5332490000,15812.4697265625
"2023-11-15",15881.7197265625,15904.6298828125,15765.3095703125,15817.1796875,5063830000,15817.1796875
"2023-11-16",15765.2001953125,15842.6298828125,15738.2197265625,15833.169921875,4545180000,15833.169921875
"2023-11-17",15803.98046875,15876.8701171875,15766.9404296875,15837.990234375,4408640000,15837.990234375
"2023-11-20",15845.2001953125,16056.759765625,15844.830078125,16027.0595703125,4561810000,16027.0595703125
"2023-11-21",15951.5498046875,15968.08984375,15866.8203125,15933.6201171875,4128600000,15933.6201171875
"2023-11-22",16025.740234375,16119.3095703125,15964.0400390625,16001.3896484375,3855240000,16001.3896484375
"2023-11-24",15974.849609375,16007.4296875,15940.6201171875,15982.009765625,2541840000,15982.009765625
"2023-11-27",15969.7197265625,16045.2998046875,15932.1904296875,15961.98046875,4205880000,15961.98046875
"2023-11-28",15940.2900390625,16031.51953125,15921.0703125,16010.4296875,4474400000,16010.4296875
"2023-11-29",16111.3603515625,16166.509765625,15976.6904296875,15987.599609375,4890220000,15987.599609375
"2023-11-30",15987.66015625,16013.48046875,15825.669921875,15947.8701171875,5678070000,15947.8701171875
"2023-12-01",15892.58984375,16013.75,15834.9296875,15997.580078125,5.607e+09,15997.580078125
"2023-12-04",15837.1201171875,15852.4501953125,15695.580078125,15839.669921875,6270020000,15839.669921875
"2023-12-05",15763.650390625,15931.83984375,15760.58984375,15877.7099609375,6179120000,15877.7099609375
"2023-12-06",15990.2001953125,15990.9404296875,15776.9501953125,15788.0498046875,5167030000,15788.0498046875
"2023-12-07",15888.23046875,16042.509765625,15875.48046875,16022.490234375,5694310000,16022.490234375
"2023-12-08",15952.849609375,16100.8603515625,15937.580078125,16084.6904296875,5430840000,16084.6904296875
"2023-12-11",16069.6201171875,16232.259765625,16061.8701171875,16221.73046875,5607820000,16221.73046875
"2023-12-12",16209.6103515625,16354.25,16175.4599609375,16354.25,4950100000,16354.25
"2023-12-13",16392.1796875,16581.0390625,16357.2099609375,16562.369140625,6732040000,16562.369140625
"2023-12-14",16603.5390625,16660.7109375,16419.259765625,16537.830078125,8033170000,16537.830078125
"2023-12-15",16587,16669.76953125,16557.009765625,16623.44921875,8377630000,16623.44921875
"2023-12-18",16631.109375,16764.3203125,16629.2890625,16729.80078125,5866080000,16729.80078125
"2023-12-19",16734.25,16813.009765625,16733.380859375,16811.849609375,5757180000,16811.849609375
"2023-12-20",16763.640625,16860.6796875,16552.060546875,16554.16015625,6294700000,16554.16015625
"2023-12-21",16719.609375,16768.01953125,16621.51953125,16757.41015625,5465640000,16757.41015625
"2023-12-22",16799.01953125,16839.25,16703.5703125,16777.400390625,4796600000,16777.400390625
"2023-12-26",16816.779296875,16907.509765625,16813.5703125,16878.4609375,6120600000,16878.4609375
"2023-12-27",16896.140625,16922.009765625,16859.55078125,16906.80078125,7480170000,16906.80078125
"2023-12-28",16963.51953125,16969.169921875,16891.3203125,16898.470703125,5090570000,16898.470703125
"2023-12-29",16902.439453125,16919.509765625,16757.890625,16825.9296875,5441060000,16825.9296875
"2024-01-02",16667.30078125,16686.599609375,16453.150390625,16543.939453125,5791170000,16543.939453125
"2024-01-03",16413.259765625,16471.080078125,16352.1396484375,16368.490234375,5449950000,16368.490234375
"2024-01-04",16290.7802734375,16419.439453125,16276.4296875,16282.009765625,5289220000,16282.009765625
"2024-01-05",16281.740234375,16415.390625,16249.1904296875,16305.98046875,5232820000,16305.98046875
"2024-01-08",16354.2197265625,16655.23046875,16349.3896484375,16649.869140625,6337770000,16649.869140625
"2024-01-09",16531.9609375,16710.880859375,16513.73046875,16678.69921875,5068410000,16678.69921875
"2024-01-10",16702.55078125,16827.369140625,16654.740234375,16793.05078125,4404590000,16793.05078125
"2024-01-11",16852.189453125,16898.16015625,16618.859375,16820.900390625,5044690000,16820.900390625
"2024-01-12",16855,16900.369140625,16776.919921875,16832.919921875,4958940000,16832.919921875
"2024-01-16",16775.099609375,16895.330078125,16726.58984375,16830.7109375,6386180000,16830.7109375
"2024-01-17",16705.509765625,16749.109375,16561.490234375,16736.279296875,5181740000,16736.279296875
"2024-01-18",16894.330078125,16996.98046875,16818.130859375,16982.2890625,5587440000,16982.2890625
"2024-01-19",17060.140625,17317.2109375,17041.849609375,17314,5604950000,17314
"2024-01-22",17403.619140625,17450.30078125,17309.869140625,17330.380859375,5456240000,17330.380859375
"2024-01-23",17346.94921875,17410.859375,17286.01953125,17404.2109375,5207680000,17404.2109375
"2024-01-24",17562.3203125,17665.259765625,17481.970703125,17499.30078125,4983210000,17499.30078125
"2024-01-25",17589.26953125,17631.33984375,17430.369140625,17516.990234375,5281570000,17516.990234375
"2024-01-26",17432.869140625,17514.759765625,17395.5390625,17421.009765625,4510530000,17421.009765625
"2024-01-29",17438.029296875,17603.94921875,17414.619140625,17596.26953125,4979310000,17596.26953125
"2024-01-30",17556.490234375,17578.4609375,17443.76953125,17476.7109375,4719240000,17476.7109375
"2024-01-31",17269.98046875,17375.3203125,17128.740234375,17137.240234375,5875610000,17137.240234375
"2024-02-01",17216.990234375,17356.759765625,17175.830078125,17344.7109375,5046920000,17344.7109375
"2024-02-02",17415.939453125,17682.2890625,17378.369140625,17642.73046875,4800690000,17642.73046875
"2024-02-05",17634.689453125,17655.76953125,17469.619140625,17613.0390625,4831020000,17613.0390625
"2024-02-06",17664.439453125,17680.619140625,17475.4296875,17572.73046875,4759640000,17572.73046875
"2024-02-07",17674.58984375,17784.169921875,17637.73046875,17755.0703125,4567580000,17755.0703125
"2024-02-08",17757.599609375,17814.119140625,17728.55078125,17783.169921875,5675850000,17783.169921875
"2024-02-09",17820.98046875,17987.900390625,17798.810546875,17962.41015625,5797260000,17962.41015625
"2024-02-12",17942.279296875,18041.44921875,17859.66015625,17882.66015625,5458490000,17882.66015625
"2024-02-13",17519.80078125,17717.669921875,17478.23046875,17600.419921875,5599860000,17600.419921875
"2024-02-14",17728.900390625,17815.1796875,17619.919921875,17807.630859375,5092660000,17807.630859375
"2024-02-15",17815.3203125,17864.58984375,17722.310546875,17845.720703125,6049100000,17845.720703125
"2024-02-16",17853.58984375,17864.16015625,17663.400390625,17685.98046875,5223800000,17685.98046875
"2024-02-20",17591.169921875,17657.080078125,17399.41015625,17546.099609375,5595700000,17546.099609375
"2024-02-21",17412.7890625,17482.130859375,17319.439453125,17478.91015625,4845740000,17478.91015625
"2024-02-22",17857.759765625,18034.80078125,17808.259765625,18004.69921875,5653930000,18004.69921875
"2024-02-23",18052.58984375,18091.619140625,17902.779296875,17937.609375,5077910000,17937.609375
"2024-02-26",17970.2109375,18014.109375,17926.66015625,17933.330078125,5417630000,17933.330078125
"2024-02-27",17962.580078125,17987.5390625,17871.060546875,17971.05078125,5423020000,17971.05078125
"2024-02-28",17895.029296875,17931.009765625,17840.359375,17874.5,5581690000,17874.5
"2024-02-29",17991.669921875,18068.51953125,17866.259765625,18043.849609375,6265340000,18043.849609375
"2024-03-01",18069.2890625,18333.259765625,18064.439453125,18302.91015625,5457910000,18302.91015625
"2024-03-04",18290.099609375,18313.4296875,18218.25,18226.48046875,5725470000,18226.48046875
"2024-03-05",18088.7109375,18097.5,17804.5,17897.869140625,6356800000,17897.869140625
"2024-03-06",18083.509765625,18142.880859375,17941.640625,18017.5703125,5511370000,18017.5703125
"2024-03-07",18161.73046875,18337.94921875,18101.4296875,18297.990234375,5072790000,18297.990234375
"2024-03-08",18312.7890625,18416.73046875,17995.380859375,18018.44921875,5411790000,18018.44921875
"2024-03-11",17959.6796875,18003.05078125,17873.330078125,17951.689453125,4917620000,17951.689453125
"2024-03-12",18063.01953125,18228.369140625,17919.330078125,18219.109375,5100330000,18219.109375
"2024-03-13",18151.759765625,18163.740234375,18030.400390625,18068.470703125,4.839e+09,18068.470703125
"2024-03-14",18114.689453125,18142.900390625,17913.630859375,18014.810546875,5450980000,18014.810546875
"2024-03-15",17926.919921875,17930.470703125,17764.990234375,17808.25,8261950000,17808.25
"2024-03-18",18024.240234375,18124.3203125,17973.08984375,17985.009765625,5025040000,17985.009765625
"2024-03-19",17902.51953125,18039.8203125,17809.150390625,18032.19921875,4758740000,18032.19921875
"2024-03-20",18067.69921875,18249.119140625,18003.240234375,18240.109375,5298380000,18240.109375
"2024-03-21",18438.240234375,18464.69921875,18317.099609375,18320.380859375,5134740000,18320.380859375
"2024-03-22",18293.150390625,18386.25,18267.490234375,18339.439453125,4339930000,18339.439453125
"2024-03-25",18215.5390625,18337.349609375,18189.279296875,18277.060546875,4636940000,18277.060546875
"2024-03-26",18329.2890625,18378.69921875,18207.880859375,18210.5390625,5144260000,18210.5390625
"2024-03-27",18338.189453125,18344.08984375,18168.19921875,18280.83984375,4768930000,18280.83984375
"2024-03-28",18263.41015625,18308.3203125,18231.380859375,18254.689453125,5174450000,18254.689453125
"2024-04-01",18280.8203125,18391.580078125,18211.279296875,18293.19921875,4798390000,18293.19921875
"2024-04-02",18076.4296875,18135.5703125,18002.26953125,18121.779296875,4710280000,18121.779296875
"2024-04-03",18054.439453125,18238.669921875,18045.419921875,18160.189453125,5151500000,18160.189453125
"2024-04-04",18331.01953125,18362.2890625,17875.75,17878.779296875,5368700000,17878.779296875
"2024-04-05",17940.279296875,18202.9609375,17912.859375,18108.4609375,4578130000,18108.4609375
"2024-04-08",18130.439453125,18178.66015625,18050.689453125,18100.189453125,4386700000,18100.189453125
"2024-04-09",18188.869140625,18210.01953125,17973.0703125,18169.900390625,4869190000,18169.900390625
"2024-04-10",17957.9609375,18040.830078125,17932.419921875,18011.66015625,5308250000,18011.66015625
"2024-04-11",18085.109375,18337.150390625,17998.25,18307.98046875,4714750000,18307.98046875
"2024-04-12",18117.669921875,18166.490234375,17952.08984375,18003.490234375,4552740000,18003.490234375
"2024-04-15",18143.25,18152.080078125,17676.349609375,17706.830078125,4910550000,17706.830078125
"2024-04-16",17691.44921875,17817.73046875,17660.890625,17713.66015625,5001860000,17713.66015625
"2024-04-17",17785.8203125,17788.5390625,17459.5703125,17493.619140625,4991470000,17493.619140625
"2024-04-18",17514.76953125,17590.810546875,17376.490234375,17394.310546875,4932540000,17394.310546875
"2024-04-19",17334.7109375,17362.279296875,16973.939453125,17037.650390625,5316010000,17037.650390625
"2024-04-22",17161.109375,17305.150390625,17010.25,17210.890625,4616730000,17210.890625
"2024-04-23",17297.240234375,17513.310546875,17277.25,17471.470703125,4951670000,17471.470703125
"2024-04-24",17613.66015625,17653.66015625,17435.330078125,17526.80078125,4735870000,17526.80078125
"2024-04-25",17205.279296875,17474.4609375,17172.419921875,17430.5,4743640000,17430.5
"2024-04-26",17566.220703125,17772.779296875,17533.080078125,17718.30078125,4694400000,17718.30078125
"2024-04-29",17801.140625,17820,17671.029296875,17782.720703125,4972520000,17782.720703125
"2024-04-30",17720.349609375,17768.869140625,17440.689453125,17440.689453125,5229400000,17440.689453125
"2024-05-01",17382.779296875,17667.859375,17284.369140625,17318.55078125,5277790000,17318.55078125
"2024-05-02",17474.919921875,17575.80078125,17290.640625,17541.5390625,4901610000,17541.5390625
"2024-05-03",17848.66015625,17926.98046875,17784.779296875,17890.80078125,4887310000,17890.80078125
"2024-05-06",17950.98046875,18094.4609375,17937.279296875,18093.5703125,4460130000,18093.5703125
"2024-05-07",18106.330078125,18156.3203125,18061.609375,18091.44921875,5041870000,18091.44921875
"2024-05-08",17987.69921875,18135.33984375,17987.69921875,18085.009765625,4530190000,18085.009765625
"2024-05-09",18095.80078125,18138.01953125,18012.619140625,18113.4609375,4505120000,18113.4609375
"2024-05-10",18171.150390625,18247.609375,18099.73046875,18161.1796875,4402110000,18161.1796875
"2024-05-13",18228.400390625,18233.5,18147.5703125,18198.609375,4452750000,18198.609375
"2024-05-14",18187.509765625,18339.580078125,18175.30078125,18322.76953125,7270240000,18322.76953125
"2024-05-15",18412.810546875,18607.529296875,18359.3203125,18596.650390625,8538990000,18596.650390625
"2024-05-16",18589.98046875,18669.5,18553.30078125,18557.9609375,11932600000,18557.9609375
"2024-05-17",18571.8203125,18590.369140625,18462.25,18546.23046875,9587280000,18546.23046875
"2024-05-20",18559.220703125,18703.830078125,18549.83984375,18674.189453125,6861320000,18674.189453125
"2024-05-21",18603.990234375,18721.1796875,18589.91015625,18713.80078125,6245090000,18713.80078125
"2024-05-22",18733.5390625,18756.689453125,18606.16015625,18705.19921875,7277340000,18705.19921875
"2024-05-23",18907.140625,18907.5390625,18554.890625,18623.390625,7752800000,18623.390625
"2024-05-24",18669.359375,18851.990234375,18664.7890625,18808.349609375,5836040000,18808.349609375
"2024-05-28",18855.150390625,18875.19921875,18755.939453125,18869.439453125,6293380000,18869.439453125
"2024-05-29",18708.0703125,18814.8203125,18706.619140625,18736.75,6652480000,18736.75
"2024-05-30",18683.25,18705.259765625,18487.759765625,18538.66015625,6659290000,18538.66015625
"2024-05-31",18550.80078125,18574.560546875,18189.779296875,18536.650390625,6674090000,18536.650390625
"2024-06-03",18666.720703125,18707.220703125,18392.5703125,18600.970703125,5422040000,18600.970703125
"2024-06-04",18598,18697.94921875,18521.849609375,18654.83984375,4917350000,18654.83984375
"2024-06-05",18791.279296875,19035.869140625,18768.25,19035.05078125,5.325e+09,19035.05078125
"2024-06-06",19053.009765625,19071.7890625,18978.859375,19021.189453125,4960580000,19021.189453125
"2024-06-07",18992.580078125,19113.880859375,18958.6796875,19000.94921875,4755650000,19000.94921875
"2024-06-10",18945.310546875,19089.830078125,18940.7109375,19074.669921875,5207110000,19074.669921875
"2024-06-11",19031.400390625,19212.630859375,18966.560546875,19210.1796875,5009220000,19210.1796875
"2024-06-12",19358.259765625,19556.900390625,19347.279296875,19465.1796875,5560630000,19465.1796875
"2024-06-13",19609.05078125,19639.44921875,19473.7109375,19576.919921875,4916020000,19576.919921875
"2024-06-14",19557.220703125,19664.58984375,19534.619140625,19659.80078125,4973820000,19659.80078125
"2024-06-17",19681.859375,19977.83984375,19623.7109375,19902.75,6061200000,19902.75
"2024-06-18",19904.4296875,19940.5,19837.859375,19908.859375,5796180000,19908.859375
"2024-06-20",19962.970703125,19979.9296875,19685.029296875,19752.30078125,6289300000,19752.30078125
"2024-06-21",19722.369140625,19801.970703125,19643.51953125,19700.4296875,8589160000,19700.4296875
"2024-06-24",19648.23046875,19723.19921875,19472.529296875,19474.619140625,5503210000,19474.619140625
"2024-06-25",19555.83984375,19712.419921875,19523.509765625,19701.130859375,4848280000,19701.130859375
"2024-06-26",19671.0703125,19763.55078125,19654.1796875,19751.05078125,5294310000,19751.05078125
"2024-06-27",19740.51953125,19850.810546875,19701.33984375,19789.029296875,5382060000,19789.029296875
"2024-06-28",19817,20017.7109375,19665.849609375,19682.869140625,8960940000,19682.869140625
"2024-07-01",19720.109375,19827.75,19577.5390625,19812.220703125,5189990000,19812.220703125
"2024-07-02",19746.220703125,20014.919921875,19741.810546875,20011.890625,4526550000,20011.890625
"2024-07-03",19995.279296875,20186.630859375,19995.279296875,20186.630859375,3713960000,20186.630859375
"2024-07-05",20224.130859375,20407,20201.5,20391.970703125,4.851e+09,20391.970703125
"2024-07-08",20393.890625,20455.380859375,20363.369140625,20439.5390625,5286260000,20439.5390625
"2024-07-09",20504.169921875,20543.900390625,20395.5703125,20453.01953125,4839140000,20453.01953125
"2024-07-10",20533.26953125,20690.970703125,20479.939453125,20675.380859375,5228240000,20675.380859375
"2024-07-11",20661.41015625,20672.099609375,20165,20211.359375,6366620000,20211.359375
"2024-07-12",20226.23046875,20526.080078125,20217.990234375,20331.490234375,5845930000,20331.490234375
"2024-07-15",20401.01953125,20585.169921875,20304.529296875,20386.880859375,5450350000,20386.880859375
"2024-07-16",20441.529296875,20477,20266.509765625,20398.619140625,5812930000,20398.619140625
"2024-07-17",20041.310546875,20080.26953125,19793.75,19799.140625,6007280000,19799.140625
"2024-07-18",19936.240234375,19947.98046875,19575.7890625,19705.08984375,5977260000,19705.08984375
"2024-07-19",19687.80078125,19784.48046875,19479.380859375,19522.619140625,4992930000,19522.619140625
"2024-07-22",19751.01953125,19861.720703125,19638.369140625,19822.869140625,5093620000,19822.869140625
"2024-07-23",19783.330078125,19904.599609375,19736.220703125,19754.33984375,4.938e+09,19754.33984375
"2024-07-24",19475.66015625,19482.55078125,19005.470703125,19032.390625,6735560000,19032.390625
"2024-07-25",19041.150390625,19227.19921875,18721.7109375,18830.580078125,6114350000,18830.580078125
"2024-07-26",18990.19921875,19142.6796875,18899.310546875,19023.66015625,5281560000,19023.66015625
"2024-07-29",19122.4296875,19224.58984375,18974.509765625,19059.490234375,4897230000,19059.490234375
"2024-07-30",19129.560546875,19165.419921875,18667.220703125,18796.26953125,5564310000,18796.26953125
"2024-07-31",19222.849609375,19426.619140625,19162.91015625,19362.4296875,6292560000,19362.4296875
"2024-08-01",19375.970703125,19538.970703125,18737.08984375,18890.390625,6664550000,18890.390625
"2024-08-02",18494.240234375,18628.779296875,18263.5,18440.849609375,6313870000,18440.849609375
"2024-08-05",17444.400390625,18169.490234375,17435.390625,17895.16015625,6852190000,17895.16015625
"2024-08-06",17961.44921875,18368.6796875,17858.8203125,18077.919921875,5908930000,18077.919921875
"2024-08-07",18345.44921875,18445.75,17851.080078125,17867.369140625,5913620000,17867.369140625
"2024-08-08",18102.05078125,18445.41015625,17965.0703125,18413.8203125,5815880000,18413.8203125
"2024-08-09",18373.890625,18567.630859375,18313.779296875,18513.099609375,5783410000,18513.099609375
"2024-08-12",18548.23046875,18665.75,18433.609375,18542.029296875,4890850000,18542.029296875
"2024-08-13",18724.83984375,19013.009765625,18723.740234375,19006.4296875,5469160000,19006.4296875
"2024-08-14",19043.759765625,19103,18837.099609375,19022.6796875,4985480000,19022.6796875
"2024-08-15",19251.859375,19502.919921875,19239.939453125,19490.150390625,5478170000,19490.150390625
"2024-08-16",19393.73046875,19561.240234375,19376.720703125,19508.51953125,5138150000,19508.51953125
"2024-08-19",19521.9296875,19767.4296875,19445.099609375,19766.490234375,5564300000,19766.490234375
"2024-08-20",19736.349609375,19835.380859375,19652.1796875,19719.8203125,5305260000,19719.8203125
"2024-08-21",19758.470703125,19885.33984375,19690.640625,19824.83984375,4765150000,19824.83984375
"2024-08-22",19911.279296875,19938.890625,19459.859375,19491.83984375,5065360000,19491.83984375
"2024-08-23",19669.779296875,19818.400390625,19526.630859375,19720.869140625,5380810000,19720.869140625
"2024-08-26",19679.240234375,19726.900390625,19437.33984375,19516.439453125,5110940000,19516.439453125
"2024-08-27",19450.5703125,19617.919921875,19369.529296875,19581.51953125,4362380000,19581.51953125
"2024-08-28",19567.44921875,19587.0390625,19221.48046875,19350.779296875,5211920000,19350.779296875
"2024-08-29",19425.279296875,19622.73046875,19281.650390625,19325.44921875,5727780000,19325.44921875
"2024-08-30",19506.26953125,19582.169921875,19326.619140625,19574.640625,5531150000,19574.640625
"2024-09-03",19438.109375,19438.109375,18869.80078125,18958.740234375,5813970000,18958.740234375
"2024-09-04",18832.640625,19070.8203125,18808.759765625,18921.400390625,5011820000,18921.400390625
"2024-09-05",18864.419921875,19102.359375,18806.830078125,18930.330078125,4983030000,18930.330078125
"2024-09-06",18903.029296875,18930.76953125,18400.970703125,18421.310546875,5549030000,18421.310546875
"2024-09-09",18579.80078125,18693.859375,18469.400390625,18660.779296875,5132150000,18660.779296875
"2024-09-10",18722.150390625,18845.740234375,18570.669921875,18829.140625,4963740000,18829.140625
"2024-09-11",18866,19266.390625,18531.580078125,19237.30078125,6086930000,19237.30078125
"2024-09-12",19236.419921875,19456.41015625,19166.80078125,19423.0703125,4983120000,19423.0703125
"2024-09-13",19396.099609375,19556.80078125,19384.689453125,19514.58984375,4802880000,19514.58984375
"2024-09-16",19412.7890625,19446.060546875,19294.1796875,19423.060546875,4675530000,19423.060546875
"2024-09-17",19539.75,19596.33984375,19337.119140625,19432.400390625,4959520000,19432.400390625
"2024-09-18",19478.509765625,19643.509765625,19330.810546875,19344.490234375,5611630000,19344.490234375
"2024-09-19",19798.7109375,19951.7890625,19723.939453125,19839.830078125,5574650000,19839.830078125
"2024-09-20",19816.2890625,19845.69921875,19632.73046875,19791.490234375,9914480000,19791.490234375
"2024-09-23",19848.7109375,19892.779296875,19797.8203125,19852.19921875,5237310000,19852.19921875
"2024-09-24",19917.560546875,19984.470703125,19739.669921875,19944.83984375,5347580000,19944.83984375
"2024-09-25",19922.279296875,20043.4296875,19921.220703125,19972.609375,4858060000,19972.609375
"2024-09-26",20273.30078125,20273.30078125,19966.990234375,20115.5390625,5669210000,20115.5390625
"2024-09-27",20147.279296875,20152.529296875,19964.130859375,20008.619140625,5367890000,20008.619140625
"2024-09-30",19959.259765625,20072.4296875,19852.849609375,20060.689453125,5846150000,20060.689453125
"2024-10-01",20046.060546875,20056.19921875,19622.2890625,19773.30078125,5879980000,19773.30078125
"2024-10-02",19725.94921875,19876.69921875,19630.91015625,19802.58984375,5489040000,19802.58984375
"2024-10-03",19712.330078125,19902.69921875,19688.220703125,19793.33984375,5208990000,19793.33984375
"2024-10-04",20025.16015625,20045.689453125,19829.490234375,20035.01953125,5136070000,20035.01953125
"2024-10-07",19954.66015625,19990.119140625,19763.0390625,19800.740234375,5240320000,19800.740234375
"2024-10-08",19902.2109375,20132.669921875,19881.080078125,20107.779296875,5566510000,20107.779296875
"2024-10-09",20097.560546875,20284.419921875,20047.859375,20268.859375,5228670000,20268.859375
"2024-10-10",20165.25,20314.240234375,20117.19921875,20241.759765625,5855390000,20241.759765625
"2024-10-11",20154.83984375,20313.19921875,20142.1796875,20271.970703125,5140440000,20271.970703125
"2024-10-14",20366.060546875,20493.900390625,20355.060546875,20439.05078125,4894710000,20439.05078125
"2024-10-15",20442.76953125,20484.310546875,20083.560546875,20159.830078125,6522700000,20159.830078125
"2024-10-16",20172.869140625,20200.58984375,20036.73046875,20174.05078125,5257570000,20174.05078125
"2024-10-17",20375.2890625,20377.650390625,20186.4296875,20190.419921875,5806860000,20190.419921875
"2024-10-18",20288.48046875,20360.2890625,20273.55078125,20324.0390625,5090190000,20324.0390625
"2024-10-21",20280.490234375,20386.6796875,20193.029296875,20361.470703125,6092180000,20361.470703125
"2024-10-22",20256.970703125,20437.9296875,20218.849609375,20390.4609375,6407180000,20390.4609375
"2024-10-23",20303.55078125,20312.779296875,19934.919921875,20066.9609375,6245610000,20066.9609375
"2024-10-24",20197.619140625,20256.380859375,20116.880859375,20232.869140625,5761280000,20232.869140625
"2024-10-25",20354.91015625,20552.8203125,20322.25,20352.01953125,6100040000,20352.01953125
"2024-10-28",20455.009765625,20470.4296875,20344.8203125,20351.0703125,5641660000,20351.0703125
"2024-10-29",20369.080078125,20600.099609375,20294.580078125,20550.650390625,6881170000,20550.650390625
"2024-10-30",20510.919921875,20559.51953125,20378.75,20387.69921875,6514690000,20387.69921875
"2024-10-31",20227.189453125,20227.189453125,19880.259765625,19890.419921875,6411940000,19890.419921875
"2024-11-01",19955.830078125,20162.5390625,19950.990234375,20033.140625,5896470000,20033.140625
"2024-11-04",20011.55078125,20106.990234375,19898.5703125,19963.599609375,5762320000,19963.599609375
"2024-11-05",20042.9296875,20249.2109375,20042.9296875,20227.4609375,7060340000,20227.4609375
"2024-11-06",20571.2890625,20807.029296875,20526.640625,20781.330078125,8138050000,20781.330078125
"2024-11-07",20896.41015625,21132.80078125,20896.41015625,21101.5703125,9232670000,21101.5703125
"2024-11-08",21083.580078125,21155,21050.3203125,21117.1796875,7316010000,21117.1796875
"2024-11-11",21171.240234375,21182.029296875,20993.48046875,21106.58984375,8087930000,21106.58984375
"2024-11-12",21105.490234375,21144.669921875,20946.740234375,21070.7890625,7816410000,21070.7890625
"2024-11-13",21049.66015625,21154.939453125,20955.240234375,21036.16015625,9623670000,21036.16015625
"2024-11-14",21052.0703125,21067.66015625,20864.01953125,20896.669921875,8680480000,20896.669921875
"2024-11-15",20679.98046875,20684.560546875,20315.080078125,20394.130859375,8002270000,20394.130859375
"2024-11-18",20450.2109375,20622.279296875,20401.259765625,20539.189453125,8455360000,20539.189453125
"2024-11-19",20435.6796875,20696.470703125,20423.30078125,20684.58984375,7246610000,20684.58984375
"2024-11-20",20660.83984375,20676.5703125,20402.5390625,20667.099609375,7121670000,20667.099609375
"2024-11-21",20775.26953125,20814.9296875,20436.80078125,20740.779296875,7492540000,20740.779296875
"2024-11-22",20737.490234375,20797.240234375,20655.720703125,20776.23046875,6575820000,20776.23046875
"2024-11-25",20918.759765625,20998.490234375,20712.380859375,20804.890625,7932980000,20804.890625
"2024-11-26",20871.55078125,20944.900390625,20832.400390625,20922.900390625,6411770000,20922.900390625
"2024-11-27",20852.4296875,20853.080078125,20615.419921875,20744.490234375,5619090000,20744.490234375
"2024-11-29",20771.01953125,20956.310546875,20751.9609375,20930.369140625,4042550000,20930.369140625
"2024-12-02",20971.759765625,21201.029296875,20971.759765625,21164.599609375,6370530000,21164.599609375
"2024-12-03",21106.509765625,21235.7890625,21081.810546875,21229.3203125,6005160000,21229.3203125
"2024-12-04",21361.810546875,21498.439453125,21340.83984375,21492.359375,7870030000,21492.359375
"2024-12-05",21488.51953125,21517.490234375,21411.529296875,21425.220703125,7229510000,21425.220703125
"2024-12-06",21458.580078125,21626.310546875,21449.619140625,21622.25,6787610000,21622.25
"2024-12-09",21573.759765625,21609.990234375,21400.76953125,21440.8203125,7884620000,21440.8203125
"2024-12-10",21492.509765625,21567.01953125,21313.26953125,21368.1796875,6843850000,21368.1796875
"2024-12-11",21540.380859375,21784.7109375,21533.890625,21763.98046875,6639720000,21763.98046875
"2024-12-12",21652.849609375,21715.830078125,21596.669921875,21615.26953125,7047550000,21615.26953125
"2024-12-13",21789.650390625,21886.740234375,21646.08984375,21780.25,6028250000,21780.25
"2024-12-16",21891.359375,22133.220703125,21879.740234375,22096.66015625,8855040000,22096.66015625
"2024-12-17",22003.640625,22062,21921.2109375,22001.080078125,9534350000,22001.080078125
"2024-12-18",21979.529296875,22038.080078125,21146.830078125,21209.3203125,9996120000,21209.3203125
"2024-12-19",21358.7890625,21413.740234375,21093.4609375,21110.509765625,8029590000,21110.509765625
"2024-12-20",20939.640625,21540.3203125,20913.720703125,21289.150390625,10962450000,21289.150390625
"2024-12-23",21364.259765625,21510.08984375,21224.26953125,21503.169921875,6820720000,21503.169921875
"2024-12-24",21564.369140625,21797.650390625,21558.970703125,21797.650390625,4739190000,21797.650390625
"2024-12-26",21733.98046875,21837.69921875,21645.619140625,21768.310546875,6467910000,21768.310546875
"2024-12-27",21633.099609375,21642.259765625,21292.189453125,21473.01953125,7765120000,21473.01953125
"2024-12-30",21189.099609375,21346.060546875,21046.630859375,21197.08984375,8384090000,21197.08984375
"2024-12-31",21256.01953125,21276.140625,20979.51953125,21012.169921875,8873030000,21012.169921875
"2025-01-02",21120.05078125,21236.58984375,20800.5,20975.619140625,8737550000,20975.619140625
"2025-01-03",21096.7890625,21359.630859375,21075.890625,21326.16015625,8214050000,21326.16015625
"2025-01-06",21551.1796875,21703.490234375,21462.51953125,21559.5,9586840000,21559.5
"2025-01-07",21619.890625,21621.25,21101.08984375,21173.0390625,13371130000,21173.0390625
"2025-01-08",21156.759765625,21242.609375,20992.080078125,21180.970703125,8851720000,21180.970703125
"2025-01-10",21012.2890625,21015.509765625,20718.779296875,20847.580078125,8608880000,20847.580078125
"2025-01-13",20593.650390625,20797.099609375,20538.330078125,20784.720703125,7830760000,20784.720703125
"2025-01-14",20896.359375,20969.51953125,20622.720703125,20757.41015625,7168110000,20757.41015625
"2025-01-15",21067.810546875,21286.009765625,21024.26953125,21237.849609375,7260250000,21237.849609375
"2025-01-16",21324.98046875,21330.58984375,21087.849609375,21091.25,7085990000,21091.25
"2025-01-17",21461.900390625,21515.759765625,21334.630859375,21441.16015625,7996360000,21441.16015625
"2025-01-21",21557.8203125,21620.23046875,21379.060546875,21566.509765625,8015780000,21566.509765625
"2025-01-22",21756.23046875,21943.0390625,21756.23046875,21853,7219060000,21853
"2025-01-23",21737.240234375,21900.9296875,21722.0390625,21900.9296875,6837700000,21900.9296875
"2025-01-24",21915.48046875,21945.48046875,21709.060546875,21774.009765625,7708150000,21774.009765625
"2025-01-27",21000.169921875,21292.5390625,20974.900390625,21127.279296875,8870200000,21127.279296875
"2025-01-28",21186.080078125,21500.73046875,21043.130859375,21463.0390625,7121740000,21463.0390625
"2025-01-29",21473.009765625,21477.880859375,21251.80078125,21411.4609375,6497710000,21411.4609375
"2025-01-30",21519.810546875,21623.44921875,21308.689453125,21508.119140625,6679500000,21508.119140625
"2025-01-31",21661.560546875,21846.009765625,21425.7890625,21478.05078125,7947370000,21478.05078125
"2025-02-03",21084.640625,21406.580078125,21004.349609375,21297.580078125,8272460000,21297.580078125
"2025-02-04",21319.580078125,21582.400390625,21308.240234375,21566.919921875,6477050000,21566.919921875
"2025-02-05",21453.869140625,21662.98046875,21408.640625,21658.16015625,6712220000,21658.16015625
"2025-02-06",21674.169921875,21776.080078125,21618.25,21774.0703125,6642100000,21774.0703125
"2025-02-07",21776.279296875,21869.3203125,21465.4609375,21491.310546875,7748940000,21491.310546875
"2025-02-10",21670.060546875,21793.130859375,21645.169921875,21756.73046875,9535440000,21756.73046875
"2025-02-11",21629.109375,21776.25,21625.509765625,21693.51953125,9269380000,21693.51953125
"2025-02-12",21475.41015625,21745.66015625,21454.189453125,21719.259765625,7946550000,21719.259765625
"2025-02-13",21786.16015625,22038.150390625,21758.0390625,22030.7109375,8414510000,22030.7109375
"2025-02-14",22038.609375,22139.4296875,22010.349609375,22114.689453125,7995720000,22114.689453125
"2025-02-18",22176.009765625,22191.369140625,22029.580078125,22164.609375,8683170000,22164.609375
"2025-02-19",22121.73046875,22222.609375,22045.75,22175.599609375,8171530000,22175.599609375
"2025-02-20",22132.7109375,22148.439453125,21878.75,22068.060546875,7329270000,22068.060546875
"2025-02-21",22110.5390625,22115.2109375,21597.16015625,21614.080078125,8461020000,21614.080078125
"2025-02-24",21669.359375,21727.580078125,21341.9609375,21352.080078125,7414760000,21352.080078125
"2025-02-25",21318.76953125,21326.810546875,20930.580078125,21087.25,7991440000,21087.25
"2025-02-26",21170.509765625,21350.51953125,21012.619140625,21132.919921875,7034450000,21132.919921875
"2025-02-27",21281.359375,21323.91015625,20540.6796875,20550.94921875,7700290000,20550.94921875
"2025-02-28",20518.650390625,20900.76953125,20407.44921875,20884.41015625,8247520000,20884.41015625
"2025-03-03",20989.580078125,21073.80078125,20279.5,20425.580078125,8170140000,20425.580078125
"2025-03-04",20281.880859375,20688.4609375,20034.6796875,20352.529296875,8469180000,20352.529296875
"2025-03-05",20363.220703125,20688.720703125,20182.5703125,20628.4609375,7048430000,20628.4609375
"2025-03-06",20231.740234375,20473.41015625,19968.560546875,20052.630859375,7686200000,20052.630859375
"2025-03-07",20015.619140625,20253.220703125,19736.810546875,20201.369140625,8135420000,20201.369140625
"2025-03-10",19826.9609375,19867.080078125,19243.310546875,19430.94921875,8636040000,19430.94921875
"2025-03-11",19405.51953125,19659.4296875,19180.560546875,19376.9609375,9177320000,19376.9609375
"2025-03-12",19663.390625,19756.08984375,19375.25,19596.01953125,7746430000,19596.01953125
"2025-03-13",19534.369140625,19558.560546875,19152.5703125,19225.48046875,7147050000,19225.48046875
"2025-03-14",19458.890625,19729.2109375,19436.0390625,19704.640625,7093850000,19704.640625
"2025-03-17",19670.689453125,19943.810546875,19622.470703125,19812.240234375,6306340000,19812.240234375
"2025-03-18",19657.099609375,19676.05078125,19397.080078125,19483.359375,6450530000,19483.359375
"2025-03-19",19576.3203125,19921.619140625,19497.7890625,19736.66015625,6302310000,19736.66015625
"2025-03-20",19558.279296875,19888.849609375,19549.310546875,19677.609375,6098330000,19677.609375
"2025-03-21",19466.439453125,19767.98046875,19409.1796875,19753.970703125,8837930000,19753.970703125
"2025-03-24",20041.2109375,20208.83984375,20024.970703125,20180.44921875,6787790000,20180.44921875
"2025-03-25",20196.5,20292.189453125,20164.0703125,20287.830078125,6475790000,20287.830078125
"2025-03-26",20239.0390625,20270.189453125,19848.490234375,19916.990234375,9091510000,19916.990234375
"2025-03-27",19814.609375,20003.359375,19740.220703125,19798.619140625,8002470000,19798.619140625
"2025-03-28",19718.4609375,19752.44921875,19241.5390625,19281.400390625,7015410000,19281.400390625
"2025-03-31",18998.5390625,19316.060546875,18799.19921875,19278.44921875,8122180000,19278.44921875
"2025-04-01",19192.76953125,19468.619140625,19095.169921875,19436.419921875,7756540000,19436.419921875
"2025-04-02",19182.390625,19707.33984375,19157.19921875,19581.779296875,9126630000,19581.779296875
"2025-04-03",18774.150390625,18902.0703125,18502.970703125,18521.470703125,9461330000,18521.470703125
"2025-04-04",18022.16015625,18089.25,17387.830078125,17397.69921875,11038180000,17397.69921875
"2025-04-07",16771.76953125,18191.5,16542.19921875,17430.6796875,12483580000,17430.6796875
"2025-04-08",18034.4609375,18207.009765625,16850.1796875,17090.400390625,10496650000,17090.400390625
"2025-04-09",17116.529296875,19234.01953125,17082.359375,19145.060546875,13479740000,19145.060546875
"2025-04-10",18626.109375,18710.580078125,17794.5,18343.5703125,11861670000,18343.5703125
"2025-04-11",18309.2890625,18728.94921875,18153.3203125,18690.05078125,9444890000,18690.05078125
"2025-04-14",19095.490234375,19115.150390625,18614.759765625,18796.01953125,9667260000,18796.01953125
"2025-04-15",18831.98046875,19004.169921875,18754.869140625,18830.23046875,7483050000,18830.23046875
"2025-04-16",18475.759765625,18597.3203125,17995.9609375,18257.640625,7909190000,18257.640625
"2025-04-17",18369.900390625,18401.05078125,18144.4609375,18258.08984375,7046290000,18258.08984375
"2025-04-21",18023.009765625,18043.080078125,17592.919921875,17808.30078125,6678730000,17808.30078125
"2025-04-22",18033.900390625,18396.390625,17993.240234375,18276.41015625,6981900000,18276.41015625
"2025-04-23",18870.630859375,19043.009765625,18618.890625,18693.259765625,8564870000,18693.259765625
"2025-04-24",18756.529296875,19224.80078125,18744.470703125,19214.400390625,7607400000,19214.400390625
"2025-04-25",19209.720703125,19447.560546875,19133.23046875,19432.560546875,7412930000,19432.560546875
"2025-04-28",19432.720703125,19519.330078125,19162.4609375,19427.2890625,10313290000,19427.2890625
"2025-04-29",19315.94921875,19582.76953125,19304.830078125,19544.94921875,13001930000,19544.94921875
"2025-04-30",19168.08984375,19612.759765625,19011.98046875,19571.01953125,8595330000,19571.01953125
"2025-05-01",19866.830078125,20024.48046875,19763.140625,19786.7109375,8409690000,19786.7109375
"2025-05-02",19986.609375,20176.599609375,19936.669921875,20102.609375,8180190000,20102.609375
"2025-05-05",19928.8203125,20100.609375,19899.279296875,19967.939453125,7075320000,19967.939453125
"2025-05-06",19709.640625,19927.23046875,19659.3203125,19791.349609375,6958220000,19791.349609375
"2025-05-07",19804.5,19960.859375,19605.0703125,19867.970703125,7977870000,19867.970703125
"2025-05-08",20067.4296875,20249.759765625,19907.669921875,20063.560546875,8500390000,20063.560546875
"2025-05-09",20170.369140625,20203.580078125,19984.529296875,20061.44921875,8835140000,20061.44921875
"2025-05-12",20818.779296875,20870.119140625,20613.26953125,20868.150390625,10717670000,20868.150390625
"2025-05-13",20906.919921875,21259.390625,20891.1796875,21197.69921875,9242230000,21197.69921875
"2025-05-14",21254.470703125,21336.48046875,21199.849609375,21319.2109375,11744820000,21319.2109375
"2025-05-15",21206.73046875,21443.880859375,21168.169921875,21335.8203125,10546350000,21335.8203125
"2025-05-16",21375.630859375,21428.7890625,21246.419921875,21427.939453125,10509820000,21427.939453125
"2025-05-19",21138.130859375,21464.560546875,21138.130859375,21447.05078125,13080030000,21447.05078125
"2025-05-20",21347.630859375,21399.990234375,21226.66015625,21367.369140625,9047100000,21367.369140625
"2025-05-21",21217.310546875,21482.98046875,21002.099609375,21080.359375,11112460000,21080.359375
"2025-05-22",21097.4609375,21263.1796875,21046.220703125,21112.470703125,8289710000,21112.470703125
"2025-05-23",20806.369140625,21025.580078125,20777.970703125,20915.66015625,8730370000,20915.66015625
"2025-05-27",21201.44921875,21429.3203125,21145.130859375,21414.990234375,8927760000,21414.990234375
"2025-05-28",21451.689453125,21508.080078125,21296.509765625,21318.169921875,8087530000,21318.169921875
"2025-05-29",21611.5390625,21611.5390625,21260.73046875,21363.94921875,11016850000,21363.94921875
"2025-05-30",21330.849609375,21386.2890625,21032.560546875,21340.990234375,9042260000,21340.990234375
"2025-06-02",21270.5703125,21500.359375,21199.369140625,21491.75,7779940000,21491.75
"2025-06-03",21529.98046875,21715.9609375,21474.509765625,21662.580078125,7990230000,21662.580078125
"2025-06-04",21689.01953125,21761.369140625,21607.330078125,21721.919921875,7695660000,21721.919921875
"2025-06-05",21782.33984375,21891.890625,21472.76953125,21547.4296875,8782360000,21547.4296875
"2025-06-06",21777.5,21836.5703125,21696.689453125,21761.7890625,7291590000,21761.7890625
"2025-06-09",21779.1796875,21855.150390625,21729.30078125,21797.869140625,9538700000,21797.869140625
"2025-06-10",21819.7890625,21961.419921875,21727.33984375,21941.919921875,11221560000,21941.919921875
"2025-06-11",21994.16015625,22041.830078125,21775.26953125,21860.80078125,10214190000,21860.80078125
"2025-06-12",21826.7890625,21952,21807,21913.3203125,16308730000,21913.3203125
"2025-06-13",21675.939453125,21838.470703125,21591.109375,21631.0390625,9001850000,21631.0390625
"2025-06-16",21783.080078125,21979.76953125,21783.080078125,21937.5703125,9619130000,21937.5703125
"2025-06-17",21858.890625,21896.419921875,21680.1796875,21719.080078125,8519930000,21719.080078125
"2025-06-18",21745.5,21863,21660.51953125,21719.689453125,7818790000,21719.689453125
"2025-06-20",21834.490234375,21902.990234375,21552.810546875,21626.390625,9969140000,21626.390625
"2025-06-23",21632.779296875,21871.869140625,21532.3203125,21856.330078125,9.088e+09,21856.330078125
"2025-06-24",22053.330078125,22220.640625,22045.630859375,22190.51953125,8330090000,22190.51953125
"2025-06-25",22279.689453125,22329.23046875,22175.080078125,22237.740234375,8256120000,22237.740234375
"2025-06-26",22328.240234375,22466.990234375,22255.26953125,22447.2890625,8383380000,22447.2890625
"2025-06-27",22484.869140625,22603.220703125,22382.7890625,22534.19921875,10951070000,22534.19921875
"2025-06-30",22632.919921875,22721.5,22565.109375,22679.009765625,8220420000,22679.009765625
"2025-07-01",22594.48046875,22631.259765625,22388.08984375,22478.130859375,8631710000,22478.130859375
"2025-07-02",22451.810546875,22644.720703125,22448.0703125,22641.890625,8378750000,22641.890625
"2025-07-03",22751.640625,22896.009765625,22736.080078125,22866.970703125,6177910000,22866.970703125
"2025-07-07",22754.380859375,22776.2109375,22587.470703125,22685.5703125,8345710000,22685.5703125
"2025-07-08",22735.259765625,22761.80078125,22652.439453125,22702.25,8437480000,22702.25
"2025-07-09",22800.359375,22915.330078125,22733.650390625,22864.91015625,9978310000,22864.91015625
"2025-07-10",22890.4296875,22907.0390625,22716.41015625,22829.259765625,9781380000,22829.259765625
"2025-07-11",22757.990234375,22837.380859375,22692.80078125,22780.599609375,8135800000,22780.599609375
"2025-07-14",22780.189453125,22886.939453125,22675.279296875,22855.630859375,8010060000,22855.630859375
"2025-07-15",23036.859375,23051.869140625,22876.470703125,22884.58984375,8399060000,22884.58984375
"2025-07-16",22895.30078125,22928.55078125,22669.369140625,22907.970703125,9056640000,22907.970703125
"2025-07-17",22931.01953125,23104.720703125,22905.509765625,23081.05078125,9994550000,23081.05078125
"2025-07-18",23135.08984375,23153.2109375,23018.359375,23065.470703125,9354580000,23065.470703125
"2025-07-21",23124.970703125,23264.44921875,23122.9296875,23180.060546875,12046970000,23180.060546875
"2025-07-22",23182.01953125,23186.359375,22953.849609375,23063.580078125,10583710000,23063.580078125
"2025-07-23",23100.25,23168.490234375,23000.4609375,23162.41015625,10972770000,23162.41015625
"2025-07-24",23228.7890625,23268.490234375,23150.26953125,23219.869140625,12741070000,23219.869140625
"2025-07-25",23204.66015625,23326.30078125,23193.990234375,23272.25,11028310000,23272.25
"2025-07-28",23343.130859375,23386.759765625,23299.810546875,23356.26953125,10612580000,23356.26953125
"2025-07-29",23477.83984375,23510.919921875,23283.400390625,23308.30078125,10040610000,23308.30078125
"2025-07-30",23337.330078125,23447.150390625,23226.919921875,23345.41015625,9311770000,23345.41015625
"2025-07-31",23589.369140625,23589.369140625,23176.119140625,23218.119140625,9917220000,23218.119140625
"2025-08-01",22941.060546875,22972.470703125,22673.880859375,22763.310546875,9667420000,22763.310546875
"2025-08-04",22986.76953125,23191.0390625,22973.599609375,23188.609375,7355970000,23188.609375
"2025-08-05",23235.310546875,23286.05078125,23008.140625,23018.560546875,7982940000,23018.560546875
"2025-08-06",23070.94921875,23330.490234375,23042.26953125,23315.0390625,8580020000,23315.0390625
"2025-08-07",23483.419921875,23560.73046875,23225.720703125,23389.529296875,8979190000,23389.529296875
"2025-08-08",23458.130859375,23619.240234375,23437.609375,23611.26953125,8669200000,23611.26953125
"2025-08-11",23629.01953125,23698,23484.25,23526.630859375,9099730000,23526.630859375
"2025-08-12",23651.609375,23849.5,23524.279296875,23839.19921875,8382820000,23839.19921875
"2025-08-13",23935.060546875,23969.279296875,23789.119140625,23849.0390625,8763080000,23849.0390625
"2025-08-14",23775.009765625,23908.259765625,23748.98046875,23832.439453125,9110860000,23832.439453125
"2025-08-15",23809,23813.990234375,23651.2109375,23712.0703125,8158830000,23712.0703125
"2025-08-18",23692.130859375,23733.5,23637.41015625,23713.759765625,8260970000,23713.759765625
"2025-08-19",23689.01953125,23695.640625,23346.33984375,23384.76953125,8461660000,23384.76953125
"2025-08-20",23343.41015625,23343.41015625,22959.69921875,23249.5703125,7810310000,23249.5703125
"2025-08-21",23182.759765625,23264.26953125,23046.390625,23142.580078125,6530580000,23142.580078125
"2025-08-22",23184.990234375,23575.359375,23140.0390625,23498.119140625,9401300000,23498.119140625
"2025-08-25",23454.279296875,23546.44921875,23382.189453125,23425.609375,8443200000,23425.609375
"2025-08-26",23420.849609375,23532.509765625,23369.0390625,23525.2890625,9087930000,23525.2890625
"2025-08-27",23499.669921875,23591.05078125,23434.310546875,23565.849609375,8040510000,23565.849609375
"2025-08-28",23601.349609375,23741.23046875,23514.69921875,23703.44921875,7807080000,23703.44921875
"2025-08-29",23607.5390625,23607.5390625,23353.9609375,23415.419921875,7715430000,23415.419921875
"2025-09-02",23020.470703125,23242.279296875,22977.880859375,23231.109375,8183410000,23231.109375
"2025-09-03",23388.279296875,23478.009765625,23279.119140625,23414.83984375,7488290000,23414.83984375
"2025-09-04",23442.189453125,23639.0390625,23371.330078125,23633.009765625,7282150000,23633.009765625
"2025-09-05",23841.98046875,23860.25,23475.330078125,23652.439453125,8413730000,23652.439453125
"2025-09-08",23759.619140625,23851.810546875,23725.0390625,23762.30078125,8435850000,23762.30078125
"2025-09-09",23824.330078125,23852.419921875,23698,23839.80078125,7877410000,23839.80078125
"2025-09-10",23931.3203125,23958.5390625,23760.099609375,23849.26953125,9090550000,23849.26953125
"2025-09-11",23956.5703125,24016.529296875,23883.009765625,23992.560546875,10025020000,23992.560546875
"2025-09-12",24030.76953125,24137.060546875,23983.630859375,24092.189453125,9023140000,24092.189453125
"2025-09-15",24178.599609375,24297.33984375,24173.140625,24293.779296875,8904030000,24293.779296875
"2025-09-16",24342.75,24343.349609375,24244.2109375,24274.25,8592240000,24274.25
"2025-09-17",24286.4296875,24292.060546875,23999.75,24223.689453125,9325980000,24223.689453125
"2025-09-18",24421.2109375,24554.51953125,24347.5390625,24454.890625,10478450000,24454.890625
"2025-09-19",24528.439453125,24641.9296875,24469.279296875,24626.25,14632360000,24626.25
"2025-09-22",24588.1796875,24781.73046875,24578.08984375,24761.0703125,9736270000,24761.0703125
"2025-09-23",24752.740234375,24764.30078125,24536.5,24580.169921875,9822620000,24580.169921875
"2025-09-24",24648.970703125,24650.419921875,24388.58984375,24503.5703125,9184030000,24503.5703125
"2025-09-25",24321.73046875,24460.66015625,24186.369140625,24397.310546875,9960330000,24397.310546875
"2025-09-26",24410.94921875,24510.369140625,24297.69921875,24503.849609375,8488400000,24503.849609375
"2025-09-29",24629.01953125,24741.76953125,24560.220703125,24611.349609375,9046720000,24611.349609375
