Date	P	D	E	CPI	Datef	GS10	RealP	RealD	Rtotr	RealE	RealTRE	PE10
1881.01	6.19	0.27	0.49	9.42	1881.04	3.70	213.36	9.13	394.72	16.74	30.98	18.47
1881.02	6.17	0.27	0.48	9.51	1881.12	3.69	210.54	9.21	390.93	16.44	30.52	18.15
1881.03	6.24	0.28	0.48	9.51	1881.21	3.69	212.93	9.38	396.82	16.29	30.37	18.27
1881.04	6.22	0.28	0.47	9.61	1881.29	3.68	210.15	9.46	393.11	15.99	29.91	17.95
1881.05	6.50	0.29	0.47	9.51	1881.37	3.67	221.80	9.73	416.42	16.01	30.06	18.87
1881.06	6.58	0.29	0.47	9.51	1881.46	3.67	224.53	9.90	423.10	15.87	29.90	19.03
1881.07	6.35	0.30	0.46	9.61	1881.54	3.66	214.54	9.97	405.83	15.57	29.45	18.12
1881.08	6.20	0.30	0.46	9.80	1881.62	3.65	205.40	9.94	390.12	15.13	28.74	17.29
1881.09	6.25	0.31	0.45	10.18	1881.71	3.65	199.32	9.73	380.10	14.43	27.52	16.72
1881.10	6.15	0.31	0.45	10.28	1881.79	3.64	194.32	9.79	372.11	14.16	27.12	16.26
1881.11	6.19	0.32	0.44	10.18	1881.87	3.63	197.41	10.05	379.64	14.17	27.24	16.48
1881.12	6.01	0.32	0.44	10.18	1881.96	3.63	191.67	10.21	370.23	14.03	27.11	15.96
1882.01	5.92	0.32	0.44	10.18	1882.04	3.62	188.80	10.21	366.33	14.01	27.18	15.68
1882.02	5.79	0.32	0.44	10.28	1882.12	3.62	182.94	10.11	356.60	13.85	26.99	15.15
1882.03	5.78	0.32	0.44	10.28	1882.21	3.62	182.62	10.11	357.63	13.82	27.07	15.09
1882.04	5.78	0.32	0.44	10.37	1882.29	3.62	180.95	10.02	355.98	13.67	26.90	14.92
1882.05	5.71	0.32	0.44	10.47	1882.37	3.62	177.13	9.93	350.10	13.52	26.72	14.57
1882.06	5.68	0.32	0.44	10.56	1882.46	3.62	174.61	9.84	346.75	13.37	26.56	14.33
1882.07	6.00	0.32	0.43	10.47	1882.54	3.63	186.13	9.93	371.25	13.47	26.87	15.24
1882.08	6.18	0.32	0.43	10.56	1882.62	3.63	189.99	9.84	380.58	13.32	26.68	15.53
1882.09	6.24	0.32	0.43	10.28	1882.71	3.63	197.16	10.11	396.64	13.67	27.49	16.08
1882.10	6.07	0.32	0.43	10.18	1882.79	3.63	193.58	10.21	391.15	13.77	27.82	15.76
1882.11	5.81	0.32	0.43	10.09	1882.87	3.63	187.04	10.30	379.66	13.87	28.15	15.19
1882.12	5.84	0.32	0.43	9.99	1882.96	3.63	189.79	10.40	387.01	13.97	28.50	15.38
1883.01	5.81	0.32	0.43	9.99	1883.04	3.63	188.82	10.43	386.80	13.89	28.46	15.27
1883.02	5.68	0.32	0.43	10.09	1883.12	3.63	182.85	10.36	376.35	13.68	28.16	14.76
1883.03	5.75	0.32	0.42	9.99	1883.21	3.63	186.87	10.48	386.41	13.73	28.39	15.05
1883.04	5.87	0.32	0.42	9.90	1883.29	3.63	192.60	10.61	400.09	13.78	28.63	15.48
1883.05	5.77	0.32	0.42	9.80	1883.37	3.63	191.16	10.74	398.96	13.83	28.87	15.34
1883.06	5.82	0.33	0.42	9.51	1883.46	3.63	198.60	11.09	416.41	14.16	29.69	15.90
1883.07	5.73	0.33	0.41	9.32	1883.54	3.63	199.52	11.34	420.33	14.36	30.26	15.95
1883.08	5.47	0.33	0.41	9.32	1883.62	3.62	190.47	11.38	403.25	14.28	30.23	15.20
1883.09	5.53	0.33	0.41	9.23	1883.71	3.62	194.54	11.52	413.91	14.34	30.50	15.49
1883.10	5.38	0.33	0.41	9.23	1883.79	3.62	189.26	11.55	404.73	14.25	30.47	15.05
1883.11	5.46	0.33	0.40	9.13	1883.87	3.62	194.08	11.70	417.11	14.31	30.75	15.41
1883.12	5.34	0.33	0.40	9.23	1883.96	3.62	187.86	11.61	405.82	14.07	30.40	14.90
1884.01	5.18	0.33	0.39	9.23	1884.04	3.62	182.23	11.55	395.74	13.81	29.99	14.43
1884.02	5.32	0.33	0.39	9.23	1884.12	3.61	187.15	11.49	408.51	13.54	29.56	14.81
1884.03	5.30	0.33	0.38	9.23	1884.21	3.60	186.45	11.43	409.06	13.28	29.14	14.74
1884.04	5.06	0.32	0.37	9.04	1884.29	3.60	181.75	11.61	400.88	13.29	29.31	14.35
1884.05	4.65	0.32	0.36	8.85	1884.37	3.59	170.62	11.80	378.49	13.30	29.51	13.47
1884.06	4.46	0.32	0.36	8.85	1884.46	3.58	163.65	11.74	365.19	13.03	29.07	12.91
1884.07	4.46	0.32	0.35	8.75	1884.54	3.57	165.43	11.81	371.36	12.89	28.93	13.04
1884.08	4.74	0.32	0.34	8.75	1884.62	3.56	175.81	11.75	396.87	12.61	28.47	13.86
1884.09	4.59	0.32	0.33	8.66	1884.71	3.55	172.12	11.81	390.76	12.47	28.31	13.57
1884.10	4.44	0.31	0.33	8.56	1884.79	3.55	168.34	11.88	384.43	12.32	28.14	13.27
1884.11	4.35	0.31	0.32	8.37	1884.87	3.54	168.68	12.09	387.50	12.31	28.28	13.30
1884.12	4.34	0.31	0.31	8.28	1884.96	3.53	170.23	12.16	393.38	12.16	28.10	13.43
1885.01	4.24	0.30	0.31	8.28	1885.04	3.52	166.30	11.93	386.61	12.03	27.97	13.13
1885.02	4.37	0.30	0.30	8.37	1885.12	3.51	169.45	11.57	396.18	11.76	27.50	13.38
1885.03	4.38	0.29	0.30	8.18	1885.21	3.50	173.79	11.61	408.58	11.90	27.99	13.73
1885.04	4.37	0.29	0.30	8.28	1885.29	3.48	171.40	11.25	405.17	11.64	27.51	13.55
1885.05	4.32	0.28	0.29	8.09	1885.37	3.47	173.43	11.27	412.18	11.77	27.98	13.71
1885.06	4.30	0.28	0.29	7.90	1885.46	3.46	176.79	11.31	422.39	11.92	28.49	13.98
1885.07	4.46	0.27	0.29	7.99	1885.54	3.45	181.18	10.94	435.07	11.65	27.97	14.33
1885.08	4.71	0.26	0.28	7.99	1885.62	3.43	191.34	10.70	461.60	11.51	27.76	15.13
1885.09	4.65	0.26	0.28	7.90	1885.71	3.42	191.17	10.59	463.34	11.51	27.90	15.12
1885.10	4.92	0.25	0.28	7.90	1885.79	3.41	202.28	10.35	492.33	11.38	27.69	15.99
1885.11	5.24	0.25	0.27	7.99	1885.87	3.40	212.87	9.99	520.14	11.10	27.13	16.82
1885.12	5.20	0.24	0.27	8.18	1885.96	3.38	206.33	9.52	506.10	10.71	26.28	16.30
1886.01	5.20	0.24	0.28	7.99	1886.04	3.37	211.24	9.68	520.13	11.17	27.51	16.69
1886.02	5.30	0.24	0.28	7.99	1886.12	3.38	215.30	9.62	532.11	11.37	28.11	17.01
1886.03	5.19	0.24	0.29	7.90	1886.21	3.40	213.38	9.66	529.33	11.72	29.07	16.84
1886.04	5.12	0.23	0.29	7.80	1886.29	3.41	213.06	9.71	530.57	12.07	30.05	16.80
1886.05	5.02	0.23	0.30	7.61	1886.37	3.42	214.13	9.88	535.26	12.58	31.45	16.86
1886.06	5.25	0.23	0.30	7.52	1886.46	3.43	226.77	9.93	568.94	12.96	32.51	17.83
1886.07	5.33	0.23	0.31	7.61	1886.54	3.45	227.35	9.74	572.43	13.01	32.76	17.85
1886.08	5.37	0.23	0.31	7.71	1886.62	3.46	226.23	9.55	571.61	13.06	33.00	17.72
1886.09	5.51	0.23	0.32	7.71	1886.71	3.47	232.13	9.48	588.50	13.27	33.64	18.15
1886.10	5.65	0.22	0.32	7.71	1886.79	3.48	238.02	9.41	605.44	13.48	34.29	18.56
1886.11	5.79	0.22	0.33	7.71	1886.87	3.50	243.92	9.34	622.43	13.69	34.94	18.97
1886.12	5.64	0.22	0.33	7.80	1886.96	3.51	234.70	9.16	600.85	13.73	35.16	18.19
1887.01	5.58	0.22	0.33	7.99	1887.04	3.52	226.68	9.04	582.24	13.51	34.69	17.51
1887.02	5.54	0.23	0.34	8.09	1887.12	3.53	222.41	9.03	573.19	13.45	34.66	17.13
1887.03	5.67	0.23	0.34	8.09	1887.21	3.55	227.63	9.13	588.61	13.55	35.04	17.47
1887.04	5.80	0.23	0.34	8.09	1887.29	3.56	232.84	9.23	604.09	13.65	35.41	17.82
1887.05	5.90	0.23	0.34	8.09	1887.37	3.57	236.86	9.33	616.52	13.75	35.79	18.08
1887.06	5.73	0.24	0.35	7.99	1887.46	3.58	232.77	9.55	607.96	14.02	36.60	17.71
1887.07	5.59	0.24	0.35	7.90	1887.54	3.60	229.82	9.76	602.38	14.29	37.45	17.43
1887.08	5.45	0.24	0.35	7.99	1887.62	3.61	221.40	9.75	582.43	14.22	37.40	16.74
1887.09	5.38	0.24	0.35	7.90	1887.71	3.62	221.19	9.97	584.06	14.49	38.27	16.68
1887.10	5.20	0.25	0.36	7.99	1887.79	3.63	211.24	9.95	559.99	14.42	38.23	15.88
1887.11	5.30	0.25	0.36	8.09	1887.87	3.65	212.77	9.94	566.24	14.35	38.19	15.95
1887.12	5.27	0.25	0.36	8.28	1887.96	3.66	206.70	9.81	552.26	14.12	37.73	15.46
1888.01	5.31	0.25	0.35	8.37	1888.04	3.67	205.90	9.63	552.27	13.64	36.58	15.36
1888.02	5.28	0.25	0.34	8.28	1888.12	3.65	207.10	9.68	557.63	13.47	36.26	15.42
1888.03	5.08	0.25	0.34	8.28	1888.21	3.63	199.25	9.61	538.66	13.14	35.52	14.81
1888.04	5.10	0.24	0.33	8.18	1888.29	3.62	202.36	9.65	549.25	12.96	35.18	15.02
1888.05	5.17	0.24	0.32	8.09	1888.37	3.60	207.55	9.70	565.53	12.78	34.82	15.39
1888.06	5.01	0.24	0.31	7.99	1888.46	3.58	203.52	9.75	556.77	12.59	34.45	15.08
1888.07	5.14	0.24	0.30	8.09	1888.54	3.56	206.35	9.57	566.68	12.11	33.26	15.28
1888.08	5.25	0.24	0.29	8.09	1888.62	3.54	210.76	9.50	580.98	11.77	32.46	15.60
1888.09	5.38	0.24	0.29	8.09	1888.71	3.52	215.98	9.43	597.53	11.44	31.65	15.99
1888.10	5.35	0.23	0.28	8.18	1888.79	3.51	212.28	9.26	589.43	10.98	30.48	15.72
1888.11	5.24	0.23	0.27	8.28	1888.87	3.49	205.53	9.09	572.77	10.52	29.33	15.22
1888.12	5.14	0.23	0.26	8.28	1888.96	3.47	201.60	9.02	563.94	10.20	28.53	14.95
1889.01	5.24	0.23	0.26	7.99	1889.04	3.45	212.87	9.31	597.61	10.70	30.03	15.80
1889.02	5.30	0.23	0.27	7.90	1889.12	3.45	217.90	9.39	613.93	10.96	30.89	16.19
1889.03	5.19	0.23	0.27	7.80	1889.21	3.45	215.98	9.47	610.74	11.24	31.77	16.07
1889.04	5.18	0.23	0.27	7.80	1889.29	3.44	215.56	9.43	611.79	11.37	32.28	16.05
1889.05	5.32	0.23	0.28	7.61	1889.37	3.44	226.92	9.63	646.31	11.80	33.62	16.92
1889.06	5.41	0.23	0.28	7.61	1889.46	3.44	230.76	9.60	659.52	11.94	34.13	17.22
1889.07	5.30	0.22	0.28	7.61	1889.54	3.44	226.07	9.56	648.39	12.08	34.66	16.89
1889.08	5.37	0.22	0.29	7.61	1889.62	3.43	229.06	9.52	659.23	12.23	35.20	17.13
1889.09	5.50	0.22	0.29	7.71	1889.71	3.43	231.70	9.37	669.10	12.22	35.28	17.35
1889.10	5.40	0.22	0.29	7.71	1889.79	3.43	227.49	9.34	659.19	12.36	35.80	17.05
1889.11	5.35	0.22	0.30	7.71	1889.87	3.43	225.38	9.30	655.33	12.50	36.34	16.91
1889.12	5.32	0.22	0.30	7.80	1889.96	3.42	221.39	9.16	645.92	12.48	36.42	16.61
1890.01	5.38	0.22	0.30	7.61	1890.04	3.42	229.48	9.38	671.82	12.76	37.36	17.22
1890.02	5.32	0.22	0.30	7.61	1890.12	3.44	226.92	9.38	666.62	12.72	37.38	17.03
1890.03	5.28	0.22	0.30	7.61	1890.21	3.45	225.22	9.38	663.90	12.69	37.41	16.90
1890.04	5.39	0.22	0.30	7.61	1890.29	3.47	229.91	9.38	680.04	12.66	37.43	17.26
1890.05	5.62	0.22	0.30	7.71	1890.37	3.49	236.76	9.27	702.59	12.46	36.98	17.79
1890.06	5.58	0.22	0.30	7.71	1890.46	3.50	235.07	9.27	699.88	12.43	37.00	17.68
1890.07	5.54	0.22	0.29	7.71	1890.54	3.52	233.39	9.27	697.16	12.39	37.02	17.59
1890.08	5.41	0.22	0.29	7.99	1890.62	3.54	219.77	8.94	658.71	11.91	35.71	16.60
1890.09	5.32	0.22	0.29	8.09	1890.71	3.55	213.57	8.83	642.34	11.74	35.32	16.17
1890.10	5.08	0.22	0.29	8.09	1890.79	3.57	203.94	8.83	615.58	11.71	35.35	15.48
1890.11	4.71	0.22	0.29	7.90	1890.87	3.59	193.64	9.04	586.77	11.96	36.23	14.75
1890.12	4.60	0.22	0.29	7.90	1890.96	3.60	189.12	9.04	575.35	11.92	36.27	14.44
1891.01	4.84	0.22	0.29	7.80	1891.04	3.62	201.41	9.16	615.07	12.24	37.39	15.43
1891.02	4.90	0.22	0.30	7.90	1891.12	3.62	201.45	9.04	617.49	12.26	37.59	15.48
1891.03	4.81	0.22	0.30	7.99	1891.21	3.62	195.40	8.94	601.22	12.29	37.81	15.05
1891.04	4.97	0.22	0.31	8.09	1891.29	3.62	199.52	8.83	616.18	12.31	38.02	15.41
1891.05	4.95	0.22	0.31	7.99	1891.37	3.61	201.09	8.94	623.30	12.63	39.14	15.57
1891.06	4.85	0.22	0.32	7.80	1891.46	3.61	201.83	9.16	627.97	13.11	40.79	15.66
1891.07	4.77	0.22	0.32	7.71	1891.54	3.61	200.95	9.27	627.64	13.45	42.00	15.62
1891.08	4.93	0.22	0.32	7.71	1891.62	3.61	207.69	9.27	651.10	13.62	42.70	16.16
1891.09	5.33	0.22	0.33	7.61	1891.71	3.61	227.35	9.38	715.18	13.97	43.94	17.71
1891.10	5.33	0.22	0.33	7.61	1891.79	3.61	227.35	9.38	717.64	14.15	44.66	17.72
1891.11	5.25	0.22	0.34	7.52	1891.87	3.60	226.77	9.50	718.32	14.50	45.95	17.67
1891.12	5.41	0.22	0.34	7.52	1891.96	3.60	233.68	9.50	742.72	14.69	46.68	18.21
1892.01	5.51	0.22	0.34	7.33	1892.04	3.60	244.18	9.82	778.70	15.18	48.40	19.02
1892.02	5.52	0.22	0.35	7.33	1892.12	3.61	244.63	9.90	782.74	15.29	48.92	19.04
1892.03	5.58	0.23	0.35	7.14	1892.21	3.63	253.88	10.24	815.08	15.81	50.76	19.74
1892.04	5.57	0.23	0.35	7.04	1892.29	3.64	256.85	10.45	827.41	16.14	51.99	19.94
1892.05	5.57	0.23	0.35	7.04	1892.37	3.65	256.85	10.53	830.24	16.25	52.54	19.91
1892.06	5.54	0.23	0.36	7.04	1892.46	3.66	255.47	10.61	828.62	16.37	53.10	19.77
1892.07	5.54	0.23	0.36	7.23	1892.54	3.68	248.74	10.40	809.63	16.05	52.25	19.21
1892.08	5.62	0.23	0.36	7.33	1892.62	3.69	249.06	10.34	813.46	15.95	52.11	19.20
1892.09	5.48	0.24	0.36	7.33	1892.71	3.70	242.85	10.41	796.03	16.06	52.66	18.69
1892.10	5.59	0.24	0.37	7.33	1892.79	3.71	247.73	10.49	814.87	16.18	53.21	19.04
1892.11	5.57	0.24	0.37	7.52	1892.87	3.73	240.59	10.29	794.22	15.87	52.40	18.46
1892.12	5.51	0.24	0.37	7.61	1892.96	3.74	235.03	10.24	778.66	15.78	52.29	18.01
1893.01	5.61	0.24	0.36	7.90	1893.04	3.75	230.64	9.90	766.87	14.83	49.32	17.66
1893.02	5.51	0.24	0.35	7.99	1893.12	3.75	223.84	9.82	746.96	14.29	47.68	17.13
1893.03	5.31	0.24	0.34	7.80	1893.21	3.74	220.97	10.09	740.21	14.25	47.74	16.90
1893.04	5.31	0.24	0.33	7.71	1893.29	3.74	223.70	10.25	752.21	14.04	47.21	17.10
1893.05	4.84	0.24	0.32	7.61	1893.37	3.73	206.45	10.42	697.12	13.83	46.70	15.78
1893.06	4.61	0.25	0.32	7.42	1893.46	3.73	201.68	10.72	684.03	13.78	46.74	15.42
1893.07	4.18	0.25	0.31	7.23	1893.54	3.73	187.68	11.04	639.67	13.73	46.80	14.35
1893.08	4.08	0.25	0.30	6.95	1893.62	3.72	190.72	11.53	653.30	13.87	47.51	14.59
1893.09	4.37	0.25	0.29	7.23	1893.71	3.72	196.21	11.11	675.28	12.91	44.43	15.01
1893.10	4.50	0.25	0.28	7.33	1893.79	3.71	199.42	11.00	689.50	12.33	42.64	15.27
1893.11	4.57	0.25	0.27	7.14	1893.87	3.71	207.93	11.34	722.16	12.25	42.54	15.94
1893.12	4.41	0.25	0.26	7.04	1893.96	3.70	203.36	11.53	709.63	11.99	41.84	15.61
1894.01	4.32	0.25	0.25	6.85	1894.04	3.70	204.74	11.69	717.86	11.93	41.83	15.74
1894.02	4.38	0.24	0.24	6.76	1894.12	3.68	210.51	11.69	741.50	11.69	41.19	16.20
1894.03	4.51	0.24	0.24	6.57	1894.21	3.66	223.04	11.87	789.12	11.62	41.12	17.19
1894.04	4.57	0.24	0.23	6.57	1894.29	3.64	226.01	11.71	803.07	11.21	39.84	17.43
1894.05	4.40	0.23	0.22	6.57	1894.37	3.62	217.60	11.54	776.61	10.80	38.53	16.81
1894.06	4.34	0.23	0.21	6.57	1894.46	3.60	214.63	11.37	769.41	10.39	37.23	16.61
1894.07	4.25	0.23	0.20	6.57	1894.54	3.58	210.18	11.21	756.80	9.97	35.92	16.29
1894.08	4.41	0.22	0.19	6.76	1894.62	3.56	211.95	10.73	766.39	9.29	33.59	16.46
1894.09	4.48	0.22	0.19	6.85	1894.71	3.54	212.33	10.43	770.89	8.77	31.83	16.52
1894.10	4.34	0.22	0.18	6.66	1894.79	3.52	211.57	10.56	771.33	8.61	31.40	16.50
1894.11	4.34	0.21	0.17	6.66	1894.87	3.50	211.57	10.40	774.49	8.20	30.03	16.54
1894.12	4.30	0.21	0.16	6.57	1894.96	3.48	212.65	10.39	781.64	7.91	29.08	16.67
1895.01	4.25	0.21	0.17	6.57	1895.04	3.46	210.18	10.30	775.70	8.28	30.57	16.52
1895.02	4.19	0.21	0.18	6.57	1895.12	3.47	207.21	10.22	767.90	8.65	32.07	16.33
1895.03	4.19	0.21	0.18	6.57	1895.21	3.48	207.21	10.14	771.03	9.03	33.58	16.36
1895.04	4.37	0.20	0.19	6.85	1895.29	3.50	207.11	9.64	773.63	9.00	33.64	16.39
1895.05	4.61	0.20	0.20	6.95	1895.37	3.51	215.49	9.43	807.88	9.23	34.61	17.08
1895.06	4.70	0.20	0.21	7.04	1895.46	3.52	216.73	9.22	815.40	9.45	35.57	17.21
1895.07	4.72	0.20	0.21	6.95	1895.54	3.53	220.64	9.27	832.99	9.93	37.50	17.55
1895.08	4.79	0.20	0.22	6.85	1895.62	3.54	227.02	9.32	860.02	10.43	39.50	18.07
1895.09	4.82	0.20	0.23	6.85	1895.71	3.55	228.44	9.24	868.32	10.78	40.98	18.20
1895.10	4.75	0.19	0.24	6.85	1895.79	3.57	225.12	9.16	858.61	11.14	42.48	17.94
1895.11	4.59	0.19	0.24	6.85	1895.87	3.58	217.54	9.09	832.58	11.49	43.99	17.34
1895.12	4.32	0.19	0.25	6.76	1895.96	3.59	207.63	9.13	797.55	12.02	46.15	16.55
1896.01	4.27	0.19	0.25	6.66	1896.04	3.60	208.15	9.22	802.54	12.03	46.37	16.58
1896.02	4.45	0.19	0.24	6.57	1896.12	3.58	220.07	9.31	851.48	12.03	46.55	17.52
1896.03	4.38	0.19	0.24	6.57	1896.21	3.57	216.61	9.27	841.08	11.87	46.09	17.23
1896.04	4.42	0.19	0.24	6.47	1896.29	3.55	221.80	9.37	864.27	11.88	46.28	17.64
1896.05	4.40	0.19	0.23	6.37	1896.37	3.53	224.10	9.46	876.28	11.88	46.46	17.83
1896.06	4.32	0.19	0.23	6.28	1896.46	3.52	223.36	9.56	876.49	11.89	46.67	17.78
1896.07	4.04	0.18	0.23	6.28	1896.54	3.50	208.88	9.52	822.80	11.72	46.17	16.64
1896.08	3.81	0.18	0.22	6.28	1896.62	3.48	196.99	9.48	779.07	11.55	45.66	15.70
1896.09	4.01	0.18	0.22	6.28	1896.71	3.47	207.33	9.44	823.07	11.37	45.16	16.54
1896.10	4.10	0.18	0.22	6.47	1896.79	3.45	205.75	9.12	819.81	10.87	43.33	16.44
1896.11	4.38	0.18	0.21	6.66	1896.87	3.43	213.52	8.81	853.70	10.40	41.57	17.09
1896.12	4.22	0.18	0.21	6.66	1896.96	3.42	205.72	8.77	825.44	10.24	41.08	16.50
1897.01	4.22	0.18	0.22	6.47	1897.04	3.40	211.77	9.03	852.74	10.95	44.11	17.03
1897.02	4.18	0.18	0.23	6.47	1897.12	3.40	209.76	9.03	847.69	11.38	45.97	16.89
1897.03	4.19	0.18	0.24	6.47	1897.21	3.39	210.26	9.03	852.76	11.79	47.83	16.96
1897.04	4.06	0.18	0.24	6.37	1897.29	3.39	206.78	9.17	841.73	12.39	50.44	16.70
1897.05	4.08	0.18	0.25	6.28	1897.37	3.38	210.95	9.31	861.85	13.01	53.17	17.05
1897.06	4.27	0.18	0.26	6.28	1897.46	3.38	220.77	9.31	905.15	13.44	55.11	17.85
1897.07	4.46	0.18	0.27	6.28	1897.54	3.38	230.59	9.31	948.61	13.87	57.07	18.65
1897.08	4.75	0.18	0.28	6.57	1897.62	3.37	234.91	8.90	969.42	13.68	56.47	19.01
1897.09	4.98	0.18	0.29	6.76	1897.71	3.37	239.35	8.65	990.70	13.70	56.70	19.37
1897.10	4.82	0.18	0.29	6.66	1897.79	3.36	234.97	8.77	975.60	14.30	59.37	19.03
1897.11	4.65	0.18	0.30	6.66	1897.87	3.36	226.68	8.77	944.22	14.71	61.26	18.36
1897.12	4.75	0.18	0.31	6.66	1897.96	3.35	231.55	8.77	967.58	15.11	63.15	18.75
1898.01	4.88	0.18	0.31	6.66	1898.04	3.35	237.89	8.86	997.14	15.27	64.02	19.25
1898.02	4.87	0.18	0.32	6.76	1898.12	3.33	234.06	8.81	984.16	15.22	64.00	18.92
1898.03	4.65	0.19	0.32	6.76	1898.21	3.31	223.49	8.89	942.82	15.38	64.88	18.04
1898.04	4.57	0.19	0.32	6.76	1898.29	3.29	219.64	8.97	929.75	15.54	65.77	17.71
1898.05	4.87	0.19	0.33	7.23	1898.37	3.27	218.66	8.45	928.58	14.67	62.29	17.60
1898.06	5.06	0.19	0.33	6.76	1898.46	3.25	243.19	9.13	1035.99	15.86	67.56	19.54
1898.07	5.08	0.19	0.33	6.66	1898.54	3.23	247.64	9.35	1058.26	16.25	69.43	19.86
1898.08	5.27	0.19	0.34	6.66	1898.62	3.20	256.90	9.42	1101.19	16.41	70.36	20.54
1898.09	5.26	0.20	0.34	6.66	1898.71	3.18	256.42	9.51	1102.50	16.57	71.26	20.44
1898.10	5.15	0.20	0.34	6.66	1898.79	3.16	251.05	9.59	1082.88	16.74	72.18	19.95
1898.11	5.32	0.20	0.35	6.66	1898.87	3.14	259.34	9.67	1122.10	16.90	73.13	20.53
1898.12	5.65	0.20	0.35	6.76	1898.96	3.12	271.55	9.61	1178.38	16.82	73.00	21.40
1899.01	6.08	0.20	0.36	6.76	1899.04	3.10	292.21	9.65	1271.56	17.34	75.46	22.93
1899.02	6.31	0.20	0.37	6.95	1899.12	3.10	294.96	9.43	1286.92	17.38	75.81	23.05
1899.03	6.40	0.20	0.38	6.95	1899.21	3.11	299.17	9.47	1308.72	17.88	78.22	23.28
1899.04	6.48	0.20	0.39	7.04	1899.29	3.11	298.81	9.37	1310.59	18.14	79.55	23.15
1899.05	6.21	0.20	0.40	7.04	1899.37	3.12	286.36	9.42	1259.42	18.64	81.97	22.09
1899.06	6.07	0.21	0.42	7.14	1899.46	3.12	276.17	9.33	1218.04	18.88	83.28	21.21
1899.07	6.28	0.21	0.43	7.23	1899.54	3.13	281.97	9.24	1246.99	19.12	84.55	21.56
1899.08	6.44	0.21	0.44	7.33	1899.62	3.13	285.40	9.16	1265.53	19.35	85.82	21.73
1899.09	6.37	0.21	0.45	7.61	1899.71	3.13	271.71	8.85	1208.10	19.09	84.87	20.59
1899.10	6.34	0.21	0.46	7.71	1899.79	3.14	267.09	8.78	1190.82	19.31	86.08	20.15
1899.11	6.46	0.21	0.47	7.80	1899.87	3.14	268.83	8.71	1201.80	19.53	87.29	20.20
1899.12	6.02	0.21	0.48	7.90	1899.96	3.15	247.50	8.63	1109.66	19.73	88.48	18.51
1900.01	6.10	0.22	0.48	7.90	1900.04	3.15	250.79	8.94	1127.75	19.73	88.74	18.67
1900.02	6.21	0.23	0.48	7.99	1900.12	3.15	252.27	9.14	1137.84	19.50	87.95	18.70
1900.03	6.26	0.23	0.48	7.99	1900.21	3.14	254.30	9.44	1150.56	19.50	88.22	18.78
1900.04	6.34	0.24	0.48	7.99	1900.29	3.14	257.55	9.75	1168.94	19.50	88.50	18.94
1900.05	6.04	0.25	0.48	7.80	1900.37	3.13	251.35	10.30	1144.68	19.97	90.97	18.40
1900.06	5.86	0.26	0.48	7.71	1900.46	3.13	246.87	10.74	1128.36	20.22	92.43	17.99
1900.07	5.86	0.26	0.48	7.80	1900.54	3.13	243.86	10.92	1118.76	19.97	91.64	17.69
1900.08	5.94	0.27	0.48	7.71	1900.62	3.12	250.24	11.37	1152.38	20.22	93.12	18.07
1900.09	5.80	0.28	0.48	7.80	1900.71	3.12	241.36	11.55	1115.93	19.97	92.35	17.34
1900.10	6.01	0.29	0.48	7.71	1900.79	3.11	253.19	12.01	1175.23	20.22	93.86	18.10
1900.11	6.48	0.29	0.48	7.71	1900.87	3.11	272.99	12.32	1271.91	20.22	94.22	19.42
1900.12	6.87	0.30	0.48	7.61	1900.96	3.10	293.04	12.80	1370.28	20.47	95.74	20.74
1901.01	7.07	0.30	0.48	7.71	1901.04	3.10	297.85	12.71	1397.71	20.29	95.23	20.98
1901.02	7.25	0.30	0.48	7.61	1901.12	3.11	309.25	12.94	1456.27	20.61	97.08	21.68
1901.03	7.51	0.31	0.49	7.61	1901.21	3.11	320.34	13.01	1513.61	20.69	97.75	22.35
1901.04	8.14	0.31	0.49	7.52	1901.29	3.12	351.60	13.25	1666.56	21.02	99.65	24.41
1901.05	7.73	0.31	0.49	7.52	1901.37	3.13	333.89	13.32	1587.88	21.09	100.31	23.06
1901.06	8.50	0.31	0.49	7.52	1901.46	3.13	367.15	13.39	1751.36	21.17	100.96	25.24
1901.07	7.93	0.31	0.49	7.61	1901.54	3.14	338.25	13.30	1618.78	20.97	100.37	23.14
1901.08	8.04	0.31	0.49	7.71	1901.62	3.15	338.71	13.20	1626.23	20.78	99.78	23.08
1901.09	8.00	0.32	0.50	7.80	1901.71	3.15	332.91	13.11	1603.65	20.60	99.23	22.59
1901.10	7.91	0.32	0.50	7.80	1901.79	3.16	329.17	13.18	1590.90	20.67	99.90	22.25
1901.11	8.08	0.32	0.50	7.90	1901.87	3.17	332.19	13.09	1610.78	20.49	99.34	22.38
1901.12	7.95	0.32	0.50	7.99	1901.96	3.17	322.96	13.00	1571.25	20.31	98.82	21.68
1902.01	8.12	0.32	0.51	7.90	1902.04	3.18	333.84	13.19	1629.53	21.00	102.51	22.34
1902.02	8.19	0.32	0.52	7.90	1902.12	3.19	336.71	13.23	1648.96	21.45	105.04	22.46
1902.03	8.20	0.32	0.53	7.90	1902.21	3.20	337.13	13.26	1656.39	21.89	107.56	22.41
1902.04	8.48	0.32	0.54	7.99	1902.29	3.21	344.49	13.13	1697.93	22.07	108.78	22.82
1902.05	8.46	0.32	0.55	8.09	1902.37	3.22	339.63	13.02	1679.34	22.25	110.01	22.43
1902.06	8.41	0.33	0.57	8.18	1902.46	3.23	333.70	12.90	1655.32	22.42	111.21	21.96
1902.07	8.60	0.33	0.58	8.18	1902.54	3.24	341.24	12.93	1698.06	22.85	113.69	22.39
1902.08	8.83	0.33	0.59	8.09	1902.62	3.25	354.48	13.12	1769.43	23.55	117.57	23.17
1902.09	8.85	0.33	0.60	8.18	1902.71	3.26	351.16	12.99	1758.22	23.71	118.70	22.86
1902.10	8.57	0.33	0.61	8.75	1902.79	3.27	317.87	12.18	1596.63	22.56	113.33	20.60
1902.11	8.24	0.33	0.62	8.47	1902.87	3.28	315.93	12.62	1592.19	23.74	119.65	20.41
1902.12	8.05	0.33	0.63	8.56	1902.96	3.29	305.22	12.51	1543.44	23.89	120.79	19.63
1903.01	8.46	0.33	0.62	8.66	1903.04	3.30	317.24	12.44	1609.47	23.31	118.27	20.32
1903.02	8.41	0.33	0.61	8.66	1903.12	3.31	315.36	12.50	1605.24	23.00	117.06	20.11
1903.03	8.08	0.34	0.61	8.37	1903.21	3.32	313.32	12.99	1600.33	23.46	119.83	19.88
1903.04	7.75	0.34	0.60	8.37	1903.29	3.33	300.52	13.06	1540.53	23.14	118.61	18.98
1903.05	7.60	0.34	0.59	8.18	1903.37	3.33	301.56	13.42	1551.59	23.34	120.11	18.95
1903.06	7.18	0.34	0.58	8.18	1903.46	3.34	284.89	13.49	1471.63	23.01	118.88	17.82
1903.07	6.85	0.34	0.57	8.18	1903.54	3.35	271.80	13.56	1409.83	22.68	117.66	16.92
1903.08	6.63	0.34	0.56	8.18	1903.62	3.36	263.07	13.62	1370.43	22.35	116.44	16.30
1903.09	6.47	0.35	0.56	8.28	1903.71	3.37	253.77	13.53	1327.86	21.77	113.90	15.65
1903.10	6.26	0.35	0.55	8.18	1903.79	3.38	248.39	13.76	1305.70	21.69	114.03	15.25
1903.11	6.28	0.35	0.54	8.09	1903.87	3.38	252.11	13.98	1331.41	21.61	114.12	15.41
1903.12	6.57	0.35	0.53	8.09	1903.96	3.39	263.76	14.05	1399.07	21.28	112.86	16.04
1904.01	6.68	0.35	0.53	8.28	1904.04	3.40	262.01	13.60	1395.81	20.66	110.06	15.86
1904.02	6.50	0.34	0.52	8.47	1904.12	3.41	249.22	13.16	1333.52	20.06	107.36	15.02
1904.03	6.48	0.34	0.52	8.37	1904.21	3.41	251.27	13.18	1350.40	20.16	108.37	15.08
1904.04	6.64	0.34	0.52	8.28	1904.29	3.42	260.44	13.21	1405.56	20.27	109.38	15.57
1904.05	6.50	0.33	0.51	8.09	1904.37	3.43	260.95	13.38	1414.32	20.61	111.69	15.53
1904.06	6.51	0.33	0.51	8.09	1904.46	3.43	261.35	13.25	1422.48	20.47	111.44	15.47
1904.07	6.78	0.33	0.51	8.09	1904.54	3.44	272.19	13.12	1487.43	20.34	111.16	16.04
1904.08	7.01	0.32	0.50	8.18	1904.62	3.45	278.15	12.83	1525.85	19.97	109.55	16.30
1904.09	7.32	0.32	0.50	8.28	1904.71	3.45	287.11	12.55	1580.74	19.61	107.97	16.74
1904.10	7.75	0.32	0.50	8.28	1904.79	3.46	303.98	12.42	1679.30	19.48	107.63	17.63
1904.11	8.17	0.31	0.49	8.47	1904.87	3.47	313.25	12.01	1736.06	18.91	104.82	18.08
1904.12	8.25	0.31	0.49	8.47	1904.96	3.47	316.32	11.89	1758.55	18.79	104.45	18.16
1905.01	8.43	0.31	0.51	8.47	1905.04	3.48	323.22	11.95	1802.46	19.36	107.98	18.46
1905.02	8.80	0.31	0.52	8.47	1905.12	3.48	337.40	12.01	1887.15	19.94	111.51	19.17
1905.03	9.05	0.32	0.54	8.37	1905.21	3.47	350.93	12.21	1968.50	20.75	116.37	19.83
1905.04	8.94	0.32	0.55	8.37	1905.29	3.47	346.66	12.28	1950.31	21.33	119.99	19.48
1905.05	8.50	0.32	0.57	8.28	1905.37	3.46	333.39	12.48	1881.49	22.16	125.06	18.63
1905.06	8.60	0.32	0.58	8.28	1905.46	3.46	337.31	12.55	1909.53	22.75	128.78	18.74
1905.07	8.87	0.32	0.60	8.28	1905.54	3.46	347.90	12.62	1975.44	23.34	132.51	19.21
1905.08	9.20	0.32	0.61	8.37	1905.62	3.45	356.75	12.54	2031.57	23.65	134.70	19.57
1905.09	9.23	0.33	0.63	8.28	1905.71	3.45	362.02	12.75	2067.68	24.51	140.01	19.74
1905.10	9.36	0.33	0.64	8.28	1905.79	3.44	367.12	12.81	2102.90	25.10	143.79	19.90
1905.11	9.31	0.33	0.66	8.37	1905.87	3.44	361.01	12.73	2073.97	25.40	145.91	19.44
1905.12	9.54	0.33	0.67	8.47	1905.96	3.43	365.78	12.65	2107.40	25.69	148.00	19.58
1906.01	9.87	0.34	0.68	8.47	1906.04	3.43	378.43	12.88	2186.48	25.98	150.09	20.13
1906.02	9.80	0.34	0.69	8.47	1906.12	3.45	375.75	13.10	2177.28	26.26	152.19	19.87
1906.03	9.56	0.35	0.69	8.47	1906.21	3.47	366.54	13.32	2130.39	26.55	154.32	19.26
1906.04	9.43	0.35	0.70	8.47	1906.29	3.49	361.56	13.55	2107.99	26.84	156.48	18.88
1906.05	9.18	0.36	0.71	8.56	1906.37	3.51	348.06	13.62	2035.91	26.83	156.91	18.05
1906.06	9.30	0.37	0.72	8.56	1906.46	3.53	352.61	13.84	2069.27	27.11	159.09	18.17
1906.07	9.06	0.37	0.72	8.28	1906.54	3.55	355.36	14.54	2092.49	28.34	166.87	18.20
1906.08	9.73	0.38	0.73	8.47	1906.62	3.57	373.06	14.44	2203.83	27.99	165.34	18.97
1906.09	10.03	0.38	0.74	8.56	1906.71	3.59	380.29	14.50	2253.67	27.96	165.71	19.20
1906.10	9.73	0.39	0.75	8.75	1906.79	3.61	360.89	14.40	2145.84	27.63	164.30	18.10
1906.11	9.93	0.39	0.75	8.85	1906.87	3.63	364.35	14.46	2173.58	27.61	164.72	18.14
1906.12	9.84	0.40	0.76	8.94	1906.96	3.65	357.21	14.52	2138.18	27.59	165.14	17.66
1907.01	9.56	0.40	0.75	8.85	1907.04	3.67	350.78	14.80	2107.06	27.58	165.68	17.22
1907.02	9.26	0.41	0.74	9.04	1907.12	3.69	332.62	14.61	2005.28	26.70	160.96	16.22
1907.03	8.35	0.41	0.74	8.94	1907.21	3.70	303.12	14.88	1834.93	26.68	161.52	14.69
1907.04	8.39	0.41	0.73	8.94	1907.29	3.72	304.57	15.00	1851.29	26.38	160.35	14.67
1907.05	8.10	0.42	0.72	9.13	1907.37	3.74	287.92	14.81	1757.56	25.53	155.86	13.79
1907.06	7.84	0.42	0.71	9.23	1907.46	3.75	275.80	14.78	1691.14	24.98	153.15	13.14
1907.07	8.14	0.42	0.70	9.23	1907.54	3.77	286.36	14.89	1763.46	24.69	152.02	13.59
1907.08	7.53	0.43	0.69	9.23	1907.62	3.79	264.90	15.01	1639.01	24.39	150.91	12.51
1907.09	7.45	0.43	0.69	9.23	1907.71	3.80	262.09	15.13	1629.40	24.10	149.82	12.33
1907.10	6.64	0.43	0.68	9.32	1907.79	3.82	231.21	15.09	1445.23	23.56	147.29	10.83
1907.11	6.25	0.44	0.67	8.94	1907.87	3.84	226.89	15.85	1426.49	24.26	152.53	10.59
1907.12	6.57	0.44	0.66	8.75	1907.96	3.85	243.69	16.32	1540.67	24.48	154.77	11.33
1908.01	6.85	0.44	0.65	8.66	1908.04	3.87	256.86	16.38	1632.62	24.50	155.71	11.90
1908.02	6.60	0.43	0.65	8.56	1908.12	3.86	250.24	16.43	1599.21	24.52	156.70	11.55
1908.03	6.87	0.43	0.64	8.56	1908.21	3.85	260.48	16.30	1673.32	24.27	155.88	11.98
1908.04	7.24	0.43	0.63	8.66	1908.29	3.84	271.49	16.00	1752.62	23.75	153.31	12.45
1908.05	7.63	0.42	0.63	8.66	1908.37	3.83	286.11	15.87	1855.57	23.50	152.41	13.08
1908.06	7.64	0.42	0.62	8.66	1908.46	3.82	286.49	15.75	1866.52	23.25	151.47	13.05
1908.07	7.92	0.42	0.61	8.75	1908.54	3.82	293.76	15.46	1922.28	22.75	148.86	13.35
1908.08	8.26	0.41	0.61	8.75	1908.62	3.81	306.37	15.33	2013.16	22.50	147.87	13.88
1908.09	8.17	0.41	0.60	8.75	1908.71	3.80	303.03	15.21	1999.55	22.25	146.85	13.70
1908.10	8.27	0.41	0.59	8.85	1908.79	3.79	303.45	14.92	2010.48	21.77	144.23	13.69
1908.11	8.83	0.40	0.59	8.94	1908.87	3.78	320.55	14.64	2131.86	21.30	141.65	14.44
1908.12	9.03	0.40	0.58	9.04	1908.96	3.77	324.35	14.37	2165.16	20.83	139.07	14.58
1909.01	9.06	0.40	0.60	8.94	1909.04	3.76	328.89	14.64	2203.61	21.60	144.72	14.76
1909.02	8.80	0.41	0.61	9.04	1909.12	3.77	316.09	14.61	2125.99	21.91	147.37	14.17
1909.03	8.92	0.41	0.63	9.04	1909.21	3.79	320.40	14.73	2163.24	22.45	151.57	14.34
1909.04	9.32	0.41	0.64	9.23	1909.29	3.80	327.87	14.54	2221.83	22.51	152.57	14.65
1909.05	9.63	0.42	0.66	9.32	1909.37	3.81	335.32	14.51	2280.50	22.81	155.11	14.95
1909.06	9.80	0.42	0.67	9.42	1909.46	3.82	337.79	14.48	2305.51	23.09	157.62	15.04
1909.07	9.94	0.42	0.69	9.42	1909.54	3.84	342.62	14.59	2346.75	23.61	161.72	15.23
1909.08	10.18	0.43	0.70	9.51	1909.62	3.85	347.38	14.56	2387.68	23.89	164.18	15.42
1909.09	10.19	0.43	0.72	9.61	1909.71	3.86	344.28	14.53	2374.70	24.16	166.63	15.25
1909.10	10.23	0.43	0.73	9.80	1909.79	3.87	338.92	14.36	2345.97	24.18	167.41	14.99
1909.11	10.18	0.44	0.75	9.90	1909.87	3.89	334.02	14.33	2320.32	24.44	169.81	14.75
1909.12	10.30	0.44	0.76	9.99	1909.96	3.90	334.74	14.30	2333.59	24.70	172.19	14.75
1910.01	10.08	0.44	0.76	9.90	1910.04	3.91	330.74	14.52	2314.14	24.85	173.90	14.55
1910.02	9.72	0.45	0.76	9.90	1910.12	3.92	318.92	14.60	2240.01	24.77	173.99	14.00
1910.03	9.96	0.45	0.75	10.09	1910.21	3.92	320.63	14.41	2260.45	24.22	170.78	14.05
1910.04	9.72	0.45	0.75	10.18	1910.29	3.93	309.98	14.35	2193.79	23.92	169.27	13.56
1910.05	9.56	0.45	0.75	9.99	1910.37	3.93	310.69	14.71	2207.44	24.29	172.60	13.57
1910.06	9.10	0.46	0.75	9.90	1910.46	3.94	298.58	14.93	2130.27	24.44	174.40	13.02
1910.07	8.64	0.46	0.74	9.90	1910.54	3.95	283.49	15.01	2031.51	24.36	174.58	12.34
1910.08	8.85	0.46	0.74	9.80	1910.62	3.95	293.20	15.24	2110.20	24.52	176.45	12.75
1910.09	8.91	0.46	0.74	9.70	1910.71	3.96	298.08	15.47	2154.62	24.67	178.34	12.94
1910.10	9.32	0.47	0.74	9.42	1910.79	3.96	321.25	16.03	2331.71	25.33	183.88	13.92
1910.11	9.31	0.47	0.73	9.23	1910.87	3.97	327.52	16.45	2387.19	25.77	187.82	14.16
1910.12	9.05	0.47	0.73	9.23	1910.96	3.97	318.37	16.53	2330.56	25.68	187.99	13.74
1911.01	9.27	0.47	0.72	9.23	1911.04	3.98	326.11	16.53	2397.31	25.27	185.76	14.05
1911.02	9.43	0.47	0.71	8.94	1911.12	3.98	342.33	17.06	2526.96	25.65	189.37	14.72
1911.03	9.32	0.47	0.70	9.04	1911.21	3.99	334.77	16.88	2481.57	24.96	185.05	14.37
1911.04	9.28	0.47	0.68	8.75	1911.29	3.99	344.20	17.43	2562.26	25.34	188.66	14.75
1911.05	9.48	0.47	0.67	8.75	1911.37	3.99	351.62	17.43	2628.29	24.91	186.23	15.05
1911.06	9.67	0.47	0.66	8.75	1911.46	3.99	358.67	17.43	2691.83	24.48	183.72	15.33
1911.07	9.63	0.47	0.65	8.85	1911.54	4.00	353.35	17.25	2662.67	23.79	179.25	15.08
1911.08	9.17	0.47	0.64	9.13	1911.62	4.00	325.95	16.71	2466.73	22.63	171.27	13.90
1911.09	8.67	0.47	0.63	9.23	1911.71	4.00	305.00	16.53	2318.63	21.99	167.14	13.00
1911.10	8.72	0.47	0.61	9.23	1911.79	4.00	306.76	16.53	2342.47	21.58	164.75	13.07
1911.11	9.07	0.47	0.60	9.13	1911.87	4.01	322.40	16.71	2472.49	21.39	164.02	13.73
1911.12	9.11	0.47	0.59	9.04	1911.96	4.01	327.23	16.88	2520.33	21.19	163.23	13.93
1912.01	9.12	0.47	0.60	9.13	1912.04	4.01	324.17	16.73	2507.55	21.30	164.75	13.79
1912.02	9.04	0.47	0.61	9.23	1912.12	4.05	318.02	16.59	2470.64	21.40	166.25	13.53
1912.03	9.30	0.47	0.62	9.42	1912.21	4.08	320.56	16.29	2500.88	21.28	166.05	13.64
1912.04	9.59	0.47	0.63	9.70	1912.29	4.12	320.83	15.83	2513.32	20.97	164.24	13.65
1912.05	9.58	0.47	0.64	9.70	1912.37	4.16	320.50	15.86	2521.05	21.27	167.32	13.65
1912.06	9.58	0.48	0.65	9.61	1912.46	4.19	323.67	16.05	2556.54	21.79	172.13	13.79
1912.07	9.59	0.48	0.65	9.61	1912.54	4.23	324.01	16.08	2569.79	22.10	175.30	13.80
1912.08	9.81	0.48	0.66	9.70	1912.62	4.27	328.19	15.95	2613.51	22.19	176.71	13.98
1912.09	9.86	0.48	0.67	9.80	1912.71	4.30	326.66	15.82	2611.82	22.28	178.14	13.93
1912.10	9.84	0.48	0.68	9.80	1912.79	4.34	326.00	15.85	2617.08	22.58	181.31	13.91
1912.11	9.73	0.48	0.69	9.80	1912.87	4.38	322.35	15.88	2598.44	22.89	184.48	13.75
1912.12	9.38	0.48	0.70	9.70	1912.96	4.41	313.80	16.06	2540.32	23.42	189.58	13.39
1913.01	9.30	0.48	0.69	9.80	1913.04	4.45	308.11	15.90	2504.93	23.00	186.98	13.15
1913.02	8.97	0.48	0.69	9.80	1913.12	4.43	297.17	15.90	2426.82	22.80	186.22	12.68
1913.03	8.80	0.48	0.68	9.80	1913.21	4.40	291.54	15.90	2391.64	22.61	185.49	12.44
1913.04	8.79	0.48	0.68	9.80	1913.29	4.38	291.21	15.90	2399.80	22.42	184.75	12.43
1913.05	8.55	0.48	0.67	9.70	1913.37	4.35	286.18	16.07	2369.37	22.45	185.89	12.22
1913.06	8.12	0.48	0.67	9.80	1913.46	4.33	269.01	15.90	2238.22	22.03	183.30	11.49
1913.07	8.23	0.48	0.66	9.90	1913.54	4.31	269.90	15.74	2256.54	21.62	180.74	11.53
1913.08	8.45	0.48	0.65	9.90	1913.62	4.28	277.12	15.74	2327.83	21.43	179.97	11.85
1913.09	8.53	0.48	0.65	10.00	1913.71	4.26	276.95	15.58	2337.28	21.02	177.42	11.84
1913.10	8.26	0.48	0.64	10.00	1913.79	4.23	268.18	15.58	2274.26	20.83	176.68	11.47
1913.11	8.05	0.48	0.64	10.10	1913.87	4.21	258.77	15.43	2205.40	20.44	174.19	11.07
1913.12	8.04	0.48	0.63	10.00	1913.96	4.18	261.04	15.58	2235.75	20.45	175.19	11.17
1914.01	8.37	0.48	0.62	10.00	1914.04	4.16	271.75	15.42	2338.52	20.16	173.45	11.64
1914.02	8.48	0.47	0.61	9.90	1914.12	4.17	278.10	15.41	2404.24	20.06	173.43	11.91
1914.03	8.32	0.47	0.60	9.90	1914.21	4.17	272.86	15.25	2369.87	19.76	171.62	11.69
1914.04	8.12	0.46	0.59	9.80	1914.29	4.18	269.01	15.24	2347.53	19.66	171.53	11.52
1914.05	8.17	0.46	0.58	9.90	1914.37	4.19	267.94	14.92	2348.98	19.16	167.96	11.48
1914.06	8.13	0.45	0.58	9.90	1914.46	4.19	266.62	14.76	2348.26	18.86	166.08	11.43
1914.07	7.68	0.45	0.57	10.00	1914.54	4.20	249.35	14.45	2206.70	18.37	162.57	10.69
1914.08	7.68	0.44	0.56	10.20	1914.62	4.21	244.46	14.01	2173.76	17.72	157.57	10.49
1914.09	7.68	0.44	0.55	10.20	1914.71	4.21	244.46	13.85	2184.02	17.43	155.70	10.50
1914.10	7.68	0.43	0.54	10.10	1914.79	4.22	246.88	13.82	2215.94	17.30	155.32	10.61
1914.11	7.68	0.43	0.53	10.20	1914.87	4.23	244.46	13.53	2204.33	16.84	151.89	10.52
1914.12	7.35	0.42	0.52	10.10	1914.96	4.23	236.27	13.50	2140.65	16.72	151.45	10.17
1915.01	7.48	0.42	0.55	10.10	1915.04	4.24	240.45	13.53	2188.72	17.68	160.94	10.36
1915.02	7.38	0.42	0.58	10.00	1915.12	4.22	239.61	13.69	2191.44	18.83	172.23	10.33
1915.03	7.57	0.42	0.61	9.90	1915.21	4.21	248.26	13.86	2281.13	20.01	183.82	10.71
1915.04	8.14	0.42	0.64	10.00	1915.29	4.19	264.28	13.74	2438.88	20.78	191.76	11.40
1915.05	7.95	0.42	0.67	10.10	1915.37	4.18	255.56	13.64	2368.86	21.54	199.64	11.03
1915.06	8.04	0.43	0.70	10.10	1915.46	4.16	258.45	13.66	2406.23	22.50	209.50	11.15
1915.07	8.01	0.43	0.73	10.10	1915.54	4.15	257.49	13.69	2407.87	23.47	219.44	11.11
1915.08	8.35	0.43	0.76	10.10	1915.62	4.13	268.42	13.72	2520.77	24.43	229.44	11.58
1915.09	8.66	0.43	0.79	10.10	1915.71	4.11	278.38	13.74	2625.11	25.40	239.47	12.01
1915.10	9.14	0.43	0.82	10.20	1915.79	4.10	290.93	13.63	2754.16	26.10	247.09	12.55
1915.11	9.46	0.43	0.85	10.30	1915.87	4.08	298.19	13.53	2833.58	26.79	254.60	12.86
1915.12	9.48	0.43	0.88	10.30	1915.96	4.07	298.82	13.55	2850.31	27.74	264.59	12.88
1916.01	9.33	0.44	0.93	10.40	1916.04	4.05	291.27	13.76	2789.17	29.16	279.28	12.54
1916.02	9.20	0.45	0.99	10.40	1916.12	4.07	287.21	14.10	2761.56	30.85	296.66	12.35
1916.03	9.17	0.46	1.04	10.50	1916.21	4.08	283.55	14.30	2737.80	32.22	311.10	12.18
1916.04	9.07	0.47	1.10	10.60	1916.29	4.10	277.81	14.50	2694.06	33.60	325.84	11.91
1916.05	9.27	0.48	1.15	10.70	1916.37	4.11	281.28	14.69	2739.61	34.92	340.16	12.03
1916.06	9.36	0.50	1.21	10.80	1916.46	4.13	281.38	14.88	2752.67	36.22	354.38	12.00
1916.07	9.23	0.51	1.26	10.80	1916.54	4.14	277.47	15.21	2726.84	37.85	371.95	11.79
1916.08	9.30	0.52	1.31	10.90	1916.62	4.16	277.01	15.39	2734.91	39.11	386.12	11.73
1916.09	9.68	0.53	1.37	11.10	1916.71	4.17	283.14	15.43	2808.07	40.01	396.84	11.94
1916.10	9.98	0.54	1.42	11.30	1916.79	4.19	286.75	15.47	2856.63	40.86	407.03	12.05
1916.11	10.21	0.55	1.48	11.50	1916.87	4.20	288.25	15.51	2884.52	41.67	417.00	12.05
1916.12	9.80	0.56	1.53	11.60	1916.96	4.22	274.29	15.67	2757.89	42.82	430.57	11.41
1917.01	9.57	0.57	1.51	11.70	1917.04	4.23	265.57	15.84	2683.41	41.87	423.12	10.99
1917.02	9.03	0.58	1.49	12.00	1917.12	4.26	244.32	15.74	2481.95	40.26	408.99	10.06
1917.03	9.31	0.59	1.47	12.00	1917.21	4.29	251.89	16.03	2572.48	39.72	405.63	10.33
1917.04	9.17	0.60	1.45	12.60	1917.29	4.32	236.29	15.55	2426.37	37.29	382.87	9.64
1917.05	8.86	0.61	1.43	12.80	1917.37	4.34	224.73	15.58	2321.05	36.17	373.57	9.14
1917.06	9.04	0.63	1.41	13.00	1917.46	4.37	225.77	15.61	2345.20	35.09	364.49	9.15
1917.07	8.79	0.64	1.38	12.80	1917.54	4.40	222.96	16.13	2329.93	35.11	366.85	9.00
1917.08	8.53	0.65	1.36	13.00	1917.62	4.43	213.03	16.15	2240.30	34.04	357.97	8.57
1917.09	8.12	0.66	1.34	13.30	1917.71	4.46	198.22	16.05	2098.58	32.78	347.09	7.95
1917.10	7.68	0.67	1.32	13.50	1917.79	4.49	184.70	16.07	1969.64	31.79	339.04	7.39
1917.11	7.04	0.68	1.30	13.50	1917.87	4.51	169.31	16.33	1820.02	31.29	336.34	6.75
1917.12	6.80	0.69	1.28	13.70	1917.96	4.54	161.15	16.35	1746.95	30.33	328.84	6.41
1918.01	7.21	0.68	1.26	14.00	1918.04	4.57	167.21	15.77	1826.84	29.13	318.24	6.64
1918.02	7.43	0.67	1.23	14.10	1918.12	4.56	171.09	15.43	1883.28	28.37	312.27	6.78
1918.03	7.28	0.66	1.21	14.00	1918.21	4.56	168.83	15.31	1872.48	28.01	310.71	6.69
1918.04	7.21	0.65	1.18	14.20	1918.29	4.55	164.85	14.86	1842.09	27.05	302.25	6.52
1918.05	7.44	0.64	1.16	14.50	1918.37	4.55	166.59	14.33	1874.87	25.95	292.07	6.58
1918.06	7.45	0.63	1.14	14.70	1918.46	4.54	164.54	13.91	1864.90	25.07	284.12	6.50
1918.07	7.51	0.62	1.11	15.10	1918.54	4.54	161.48	13.33	1842.71	23.89	272.60	6.37
1918.08	7.58	0.61	1.09	15.40	1918.62	4.53	159.81	12.86	1835.88	22.92	263.27	6.30
1918.09	7.54	0.60	1.06	15.70	1918.71	4.52	155.93	12.41	1803.18	21.98	254.21	6.15
1918.10	7.86	0.59	1.04	16.00	1918.79	4.52	159.50	11.97	1856.00	21.06	245.10	6.29
1918.11	8.06	0.58	1.01	16.30	1918.87	4.51	160.54	11.55	1879.40	20.20	236.44	6.33
1918.12	7.90	0.57	0.99	16.50	1918.96	4.51	155.45	11.22	1830.70	19.48	229.42	6.13
1919.01	7.85	0.57	0.99	16.50	1919.04	4.50	154.47	11.15	1830.06	19.38	229.63	6.10
1919.02	7.88	0.56	0.98	16.20	1919.12	4.54	157.93	11.29	1882.22	19.64	234.08	6.24
1919.03	8.12	0.56	0.98	16.40	1919.21	4.58	160.75	11.09	1926.90	19.30	231.37	6.36
1919.04	8.39	0.56	0.97	16.70	1919.29	4.62	163.11	10.82	1966.02	18.86	227.30	6.46
1919.05	8.97	0.55	0.97	16.90	1919.37	4.66	172.33	10.63	2087.73	18.54	224.60	6.83
1919.06	9.21	0.55	0.96	16.90	1919.46	4.70	176.94	10.57	2154.26	18.44	224.55	7.02
1919.07	9.51	0.55	0.96	17.40	1919.54	4.74	177.45	10.20	2170.86	17.82	218.00	7.05
1919.08	8.87	0.54	0.95	17.70	1919.62	4.77	162.70	9.97	2000.61	17.43	214.27	6.48
1919.09	9.01	0.54	0.95	17.80	1919.71	4.81	164.34	9.85	2030.86	17.24	213.00	6.56
1919.10	9.47	0.54	0.94	18.10	1919.79	4.85	169.87	9.63	2109.08	16.86	209.35	6.79
1919.11	9.19	0.53	0.94	18.50	1919.87	4.89	161.28	9.36	2012.15	16.41	204.72	6.47
1919.12	8.92	0.53	0.93	18.90	1919.96	4.93	153.23	9.10	1921.17	15.98	200.30	6.16
1920.01	8.83	0.53	0.92	19.30	1920.04	4.97	148.54	8.89	1871.65	15.46	194.84	5.99
1920.02	8.10	0.53	0.91	19.50	1920.12	4.98	134.86	8.77	1708.52	15.12	191.59	5.46
1920.03	8.67	0.53	0.90	19.70	1920.21	4.99	142.89	8.65	1819.31	14.79	188.33	5.80
1920.04	8.60	0.52	0.89	20.30	1920.29	5.00	137.55	8.37	1760.17	14.18	181.48	5.60
1920.05	8.06	0.52	0.88	20.60	1920.37	5.01	127.03	8.22	1634.39	13.80	177.59	5.19
1920.06	7.92	0.52	0.87	20.90	1920.46	5.02	123.03	8.08	1591.61	13.44	173.83	5.04
1920.07	7.91	0.52	0.85	20.80	1920.54	5.03	123.47	8.09	1605.96	13.33	173.43	5.08
1920.08	7.60	0.52	0.84	20.30	1920.62	5.04	121.55	8.26	1589.99	13.49	176.43	5.02
1920.09	7.87	0.52	0.83	20.00	1920.71	5.05	127.76	8.36	1680.28	13.51	177.74	5.30
1920.10	7.88	0.51	0.82	19.90	1920.79	5.06	128.56	8.37	1700.05	13.41	177.28	5.35
1920.11	7.48	0.51	0.81	19.80	1920.87	5.07	122.65	8.39	1631.15	13.30	176.81	5.13
1920.12	6.81	0.51	0.80	19.40	1920.96	5.08	113.97	8.54	1525.12	13.39	179.16	4.78
1921.01	7.11	0.51	0.76	19.00	1921.04	5.09	121.50	8.64	1635.47	12.94	174.24	5.12
1921.02	7.06	0.50	0.72	18.40	1921.12	5.02	124.58	8.85	1686.85	12.62	170.84	5.27
1921.03	6.88	0.50	0.67	18.30	1921.21	4.96	122.06	8.83	1662.79	11.93	162.53	5.19
1921.04	6.91	0.49	0.63	18.10	1921.29	4.89	123.95	8.85	1698.54	11.30	154.86	5.30
1921.05	7.12	0.49	0.59	17.70	1921.37	4.83	130.60	8.97	1799.96	10.78	148.52	5.61
1921.06	6.55	0.49	0.55	17.60	1921.46	4.76	120.83	8.95	1675.54	10.05	139.42	5.22
1921.07	6.53	0.48	0.50	17.70	1921.54	4.70	119.78	8.82	1671.18	9.22	128.60	5.20
1921.08	6.45	0.48	0.46	17.70	1921.62	4.63	118.31	8.74	1660.87	8.44	118.45	5.16
1921.09	6.61	0.47	0.42	17.50	1921.71	4.56	122.63	8.77	1731.78	7.75	109.38	5.38
1921.10	6.70	0.47	0.38	17.50	1921.79	4.50	124.30	8.69	1765.59	6.96	98.82	5.48
1921.11	7.06	0.46	0.33	17.40	1921.87	4.43	131.73	8.66	1881.40	6.20	88.61	5.84
1921.12	7.31	0.46	0.29	17.30	1921.96	4.37	137.19	8.63	1969.55	5.44	78.14	6.11
1922.01	7.30	0.46	0.32	16.90	1922.04	4.30	140.24	8.92	2024.08	6.21	89.64	6.29
1922.02	7.46	0.47	0.36	16.90	1922.12	4.31	143.32	9.00	2079.27	6.85	99.42	6.46
1922.03	7.74	0.47	0.39	16.70	1922.21	4.31	150.48	9.19	2194.25	7.58	110.56	6.82
1922.04	8.21	0.48	0.42	16.70	1922.29	4.32	159.61	9.27	2338.75	8.23	120.58	7.27
1922.05	8.53	0.48	0.46	16.70	1922.37	4.32	165.84	9.35	2441.32	8.88	130.71	7.59
1922.06	8.45	0.49	0.49	16.70	1922.46	4.33	164.28	9.43	2430.00	9.53	140.91	7.56
1922.07	8.51	0.49	0.52	16.80	1922.54	4.33	164.46	9.45	2444.34	10.11	150.31	7.60
1922.08	8.83	0.49	0.56	16.60	1922.62	4.34	172.70	9.65	2578.76	10.89	162.58	8.02
1922.09	9.06	0.50	0.59	16.60	1922.71	4.34	177.20	9.73	2658.04	11.54	173.10	8.27
1922.10	9.26	0.50	0.62	16.70	1922.79	4.35	180.03	9.75	2712.64	12.12	182.59	8.43
1922.11	8.80	0.51	0.66	16.80	1922.87	4.35	170.07	9.77	2574.81	12.69	192.15	8.00
1922.12	8.78	0.51	0.69	16.90	1922.96	4.36	168.68	9.80	2566.12	13.26	201.67	7.96
1923.01	8.90	0.51	0.71	16.80	1923.04	4.36	172.00	9.89	2629.21	13.80	210.99	8.15
1923.02	9.28	0.51	0.74	16.80	1923.12	4.34	179.34	9.92	2754.11	14.27	219.11	8.53
1923.03	9.43	0.52	0.76	16.80	1923.21	4.31	182.24	9.95	2811.36	14.74	227.32	8.70
1923.04	9.10	0.52	0.79	16.90	1923.29	4.29	174.82	9.93	2709.69	15.11	234.25	8.37
1923.05	8.67	0.52	0.81	16.90	1923.37	4.26	166.56	9.96	2594.51	15.58	242.63	8.00
1923.06	8.34	0.52	0.84	17.00	1923.46	4.24	159.28	9.93	2493.97	15.95	249.70	7.67
1923.07	8.06	0.52	0.86	17.20	1923.54	4.21	152.14	9.85	2395.06	16.22	255.31	7.35
1923.08	8.10	0.52	0.88	17.10	1923.62	4.19	153.79	9.94	2434.06	16.77	265.43	7.44
1923.09	8.15	0.53	0.91	17.20	1923.71	4.16	153.84	9.91	2447.91	17.13	272.57	7.46
1923.10	8.03	0.53	0.93	17.30	1923.79	4.14	150.70	9.88	2411.04	17.49	279.75	7.32
1923.11	8.27	0.53	0.96	17.30	1923.87	4.11	155.20	9.91	2496.31	17.94	288.51	7.55
1923.12	8.55	0.53	0.98	17.30	1923.96	4.09	160.46	9.95	2594.17	18.39	297.34	7.81
1924.01	8.83	0.53	0.98	17.30	1924.04	4.06	165.71	9.98	2692.56	18.31	297.55	8.07
1924.02	8.87	0.53	0.97	17.20	1924.12	4.04	167.43	10.07	2734.12	18.34	299.52	8.16
1924.03	8.70	0.54	0.97	17.10	1924.21	4.03	165.18	10.16	2711.22	18.37	301.51	8.06
1924.04	8.50	0.54	0.96	17.00	1924.29	4.01	162.34	10.25	2678.50	18.40	303.55	7.92
1924.05	8.47	0.54	0.96	17.00	1924.37	3.99	161.76	10.28	2683.18	18.32	303.86	7.90
1924.06	8.63	0.54	0.96	17.00	1924.46	3.98	164.82	10.31	2748.12	18.24	304.11	8.05
1924.07	9.03	0.54	0.95	17.10	1924.54	3.96	171.45	10.29	2872.97	18.05	302.50	8.38
1924.08	9.34	0.54	0.95	17.00	1924.62	3.94	178.38	10.38	3003.57	18.08	304.44	8.72
1924.09	9.25	0.55	0.94	17.10	1924.71	3.93	175.63	10.35	2971.75	17.89	302.80	8.58
1924.10	9.13	0.55	0.94	17.20	1924.79	3.91	172.34	10.32	2930.70	17.71	301.19	8.42
1924.11	9.64	0.55	0.93	17.20	1924.87	3.89	181.97	10.35	3109.07	17.63	301.30	8.89
1924.12	10.16	0.55	0.93	17.30	1924.96	3.88	190.67	10.32	3272.54	17.45	299.55	9.31
1925.01	10.58	0.55	0.96	17.30	1925.04	3.86	198.56	10.40	3422.69	17.95	309.50	9.69
1925.02	10.67	0.56	0.98	17.20	1925.12	3.85	201.41	10.54	3487.02	18.56	321.35	9.83
1925.03	10.39	0.56	1.01	17.30	1925.21	3.83	194.99	10.56	3391.11	18.95	329.65	9.52
1925.04	10.28	0.57	1.04	17.20	1925.29	3.82	194.05	10.70	3390.22	19.57	341.99	9.48
1925.05	10.61	0.57	1.06	17.30	1925.37	3.80	199.12	10.71	3494.42	19.95	350.10	9.73
1925.06	10.80	0.58	1.09	17.50	1925.46	3.79	200.37	10.67	3531.95	20.22	356.47	9.80
1925.07	11.10	0.58	1.12	17.70	1925.54	3.77	203.61	10.62	3604.65	20.49	362.74	9.96
1925.08	11.25	0.58	1.14	17.70	1925.62	3.76	206.36	10.70	3669.14	20.97	372.78	10.11
1925.09	11.51	0.59	1.17	17.70	1925.71	3.74	211.13	10.78	3769.91	21.46	383.21	10.36
1925.10	11.89	0.59	1.20	17.70	1925.79	3.73	218.10	10.85	3910.52	21.96	393.68	10.72
1925.11	12.26	0.60	1.22	18.00	1925.87	3.71	221.14	10.75	3981.07	22.06	397.13	10.89
1925.12	12.46	0.60	1.25	17.90	1925.96	3.70	226.00	10.88	4084.94	22.67	409.81	11.15
1926.01	12.65	0.61	1.25	17.90	1926.04	3.68	229.45	11.02	4163.83	22.65	411.12	11.34
1926.02	12.67	0.62	1.25	17.90	1926.12	3.65	229.81	11.15	4187.28	22.64	412.45	11.39
1926.03	11.81	0.62	1.25	17.80	1926.21	3.62	215.41	11.35	3942.23	22.76	416.59	10.71
1926.04	11.48	0.63	1.25	17.90	1926.29	3.60	208.23	11.43	3828.09	22.62	415.82	10.40
1926.05	11.56	0.64	1.25	17.80	1926.37	3.57	210.85	11.63	3894.24	22.73	419.74	10.58
1926.06	12.11	0.65	1.25	17.70	1926.46	3.54	222.13	11.83	4120.77	22.84	423.65	11.20
1926.07	12.62	0.65	1.24	17.50	1926.54	3.51	234.13	12.11	4362.11	23.08	429.99	11.87
1926.08	13.12	0.66	1.24	17.40	1926.62	3.48	244.81	12.32	4580.12	23.19	433.92	12.49
1926.09	13.32	0.67	1.24	17.50	1926.71	3.45	247.12	12.38	4642.67	23.04	432.90	12.69
1926.10	13.02	0.68	1.24	17.60	1926.79	3.43	240.18	12.45	4531.82	22.91	432.30	12.43
1926.11	13.19	0.68	1.24	17.70	1926.87	3.40	241.94	12.52	4584.73	22.76	431.36	12.62
1926.12	13.49	0.69	1.24	17.70	1926.96	3.37	247.45	12.66	4709.00	22.75	432.85	13.01
1927.01	13.40	0.70	1.23	17.50	1927.04	3.34	248.61	12.93	4751.54	22.80	435.79	13.19
1927.02	13.66	0.70	1.22	17.40	1927.12	3.34	254.89	13.12	4892.47	22.73	436.24	13.63
1927.03	13.87	0.71	1.21	17.30	1927.21	3.34	260.30	13.32	5017.71	22.67	437.02	14.03
1927.04	14.21	0.72	1.20	17.30	1927.29	3.34	266.68	13.45	5162.32	22.46	434.86	14.49
1927.05	14.70	0.72	1.19	17.40	1927.37	3.34	274.29	13.50	5331.41	22.13	430.14	15.00
1927.06	14.89	0.73	1.18	17.60	1927.46	3.34	274.68	13.47	5360.77	21.68	423.03	15.12
1927.07	15.22	0.74	1.16	17.30	1927.54	3.34	285.64	13.83	5597.08	21.84	428.06	15.82
1927.08	16.03	0.74	1.15	17.20	1927.62	3.33	302.59	14.03	5952.14	21.76	428.12	16.86
1927.09	16.94	0.75	1.14	17.30	1927.71	3.33	317.92	14.08	6276.75	21.45	423.51	17.82
1927.10	16.68	0.76	1.13	17.40	1927.79	3.33	311.24	14.12	6168.12	21.12	418.60	17.54
1927.11	17.06	0.76	1.12	17.30	1927.87	3.33	320.17	14.32	6368.77	21.04	418.49	18.13
1927.12	17.46	0.77	1.11	17.30	1927.96	3.33	327.67	14.45	6542.05	20.83	415.90	18.65
1928.01	17.53	0.78	1.13	17.30	1928.04	3.33	328.99	14.58	6592.53	21.26	426.09	18.81
1928.02	17.32	0.78	1.16	17.10	1928.12	3.35	328.85	14.87	6614.57	21.93	441.10	18.87
1928.03	18.25	0.79	1.18	17.10	1928.21	3.38	346.51	15.00	6994.88	22.35	451.12	19.94
1928.04	19.40	0.80	1.20	17.10	1928.29	3.40	368.34	15.13	7461.10	22.78	461.51	21.26
1928.05	20.00	0.80	1.22	17.20	1928.37	3.42	377.53	15.16	7672.73	23.07	468.80	21.83
1928.06	19.02	0.81	1.25	17.10	1928.46	3.44	361.13	15.38	7365.49	23.64	482.13	20.91
1928.07	19.16	0.82	1.27	17.10	1928.54	3.47	363.78	15.51	7446.06	24.08	492.78	21.08
1928.08	19.78	0.82	1.29	17.10	1928.62	3.49	375.56	15.63	7713.67	24.49	503.07	21.76
1928.09	21.17	0.83	1.31	17.30	1928.71	3.51	397.30	15.58	8186.95	24.62	507.38	23.00
1928.10	21.60	0.84	1.34	17.20	1928.79	3.53	407.73	15.79	8428.93	25.20	520.95	23.58
1928.11	23.06	0.84	1.36	17.20	1928.87	3.56	435.29	15.92	9026.09	25.62	531.15	25.12
1928.12	23.15	0.85	1.38	17.10	1928.96	3.58	439.54	16.14	9142.19	26.20	544.98	25.30
1929.01	24.86	0.86	1.40	17.10	1929.04	3.60	472.01	16.33	9845.79	26.56	554.07	27.08
1929.02	24.99	0.87	1.42	17.10	1929.12	3.57	474.48	16.52	9925.99	26.92	563.23	27.13
1929.03	25.43	0.88	1.44	17.00	1929.21	3.55	485.67	16.81	10189.47	27.46	576.19	27.68
1929.04	25.28	0.89	1.46	16.90	1929.29	3.52	485.66	17.10	10219.20	27.99	588.98	27.57
1929.05	25.66	0.90	1.48	17.00	1929.37	3.50	490.06	17.19	10341.94	28.19	594.88	27.70
1929.06	26.15	0.91	1.50	17.10	1929.46	3.47	496.50	17.28	10508.17	28.39	600.75	27.94
1929.07	28.48	0.92	1.51	17.30	1929.54	3.45	534.49	17.27	11342.61	28.41	602.97	29.93
1929.08	30.10	0.93	1.53	17.30	1929.62	3.42	564.89	17.45	12018.67	28.77	612.11	31.48
1929.09	31.30	0.94	1.55	17.30	1929.71	3.39	587.41	17.64	12529.10	29.13	621.25	32.56
1929.10	27.99	0.95	1.57	17.30	1929.79	3.37	525.29	17.83	11235.82	29.50	631.04	28.96
1929.11	20.58	0.96	1.59	17.30	1929.87	3.34	386.23	18.02	8293.39	29.86	641.15	21.17
1929.12	21.40	0.97	1.61	17.20	1929.96	3.32	403.95	18.31	8706.74	30.39	655.04	22.01
1930.01	21.71	0.97	1.56	17.10	1930.04	3.29	412.20	18.43	8917.63	29.56	639.56	22.31
1930.02	23.07	0.97	1.50	17.00	1930.12	3.29	440.60	18.56	9565.47	28.70	623.19	23.70
1930.03	23.94	0.97	1.45	16.90	1930.21	3.30	459.92	18.68	10018.73	27.86	606.82	24.59
1930.04	25.46	0.97	1.40	17.00	1930.29	3.30	486.24	18.59	10625.91	26.68	583.05	25.84
1930.05	23.94	0.97	1.34	16.90	1930.37	3.31	459.92	18.72	10084.73	25.80	565.74	24.31
1930.06	21.52	0.98	1.29	16.80	1930.46	3.31	415.89	18.84	9153.69	24.93	548.71	21.87
1930.07	21.06	0.98	1.24	16.60	1930.54	3.32	411.90	19.09	9100.96	24.19	534.56	21.55
1930.08	20.79	0.98	1.18	16.50	1930.62	3.32	409.09	19.22	9074.12	23.28	516.34	21.30
1930.09	20.78	0.98	1.13	16.60	1930.71	3.32	406.43	19.12	9050.46	22.10	492.16	21.07
1930.10	17.92	0.98	1.08	16.50	1930.79	3.33	352.61	19.25	7887.85	21.19	474.06	18.21
1930.11	16.62	0.98	1.02	16.40	1930.87	3.33	329.03	19.39	7396.37	20.25	455.26	16.94
1930.12	15.51	0.98	0.97	16.10	1930.96	3.34	312.77	19.76	7068.03	19.56	442.04	16.06
1931.01	15.98	0.97	0.94	15.90	1931.04	3.34	326.31	19.74	7410.98	19.19	435.94	16.71
1931.02	17.20	0.95	0.91	15.70	1931.12	3.37	355.69	19.71	8115.70	18.82	429.38	18.16
1931.03	17.53	0.94	0.88	15.60	1931.21	3.40	364.84	19.56	8361.63	18.31	419.75	18.58
1931.04	15.86	0.93	0.85	15.50	1931.29	3.43	332.21	19.41	7650.94	17.80	410.04	16.87
1931.05	14.33	0.91	0.82	15.30	1931.37	3.45	304.09	19.38	7040.42	17.40	402.87	15.40
1931.06	13.87	0.90	0.79	15.10	1931.46	3.48	298.23	19.35	6942.01	16.99	395.40	15.06
1931.07	14.33	0.89	0.76	15.10	1931.54	3.51	308.12	19.07	7209.23	16.34	382.35	15.52
1931.08	13.90	0.87	0.73	15.10	1931.62	3.54	298.87	18.78	7029.51	15.70	369.18	15.01
1931.09	11.83	0.86	0.70	15.00	1931.71	3.57	256.06	18.61	6059.04	15.15	358.52	12.82
1931.10	10.25	0.85	0.67	14.90	1931.79	3.60	223.35	18.45	5321.42	14.60	347.84	11.15
1931.11	10.39	0.83	0.64	14.70	1931.87	3.62	229.48	18.40	5504.03	14.14	339.04	11.42
1931.12	8.44	0.82	0.61	14.60	1931.96	3.65	187.69	18.24	4538.10	13.57	327.99	9.31
1932.01	8.30	0.79	0.59	14.30	1932.04	3.68	188.45	18.01	4592.74	13.47	328.30	9.31
1932.02	8.23	0.77	0.58	14.10	1932.12	3.65	189.51	17.65	4654.46	13.28	326.15	9.34
1932.03	8.26	0.74	0.56	14.00	1932.21	3.62	191.56	17.16	4739.92	12.99	321.35	9.41
1932.04	6.28	0.71	0.54	13.90	1932.29	3.59	146.69	16.66	3664.00	12.69	316.98	7.19
1932.05	5.51	0.69	0.53	13.70	1932.37	3.56	130.58	16.27	3295.55	12.48	315.02	6.39
1932.06	4.77	0.66	0.51	13.60	1932.46	3.53	113.87	15.76	2907.07	12.18	310.82	5.57
1932.07	5.01	0.63	0.49	13.60	1932.54	3.50	119.60	15.12	3085.50	11.78	303.81	5.84
1932.08	7.53	0.61	0.48	13.50	1932.62	3.46	181.09	14.59	4703.21	11.46	297.75	8.83
1932.09	8.26	0.58	0.46	13.40	1932.71	3.43	200.13	14.05	5228.08	11.15	291.15	9.76
1932.10	7.12	0.55	0.44	13.30	1932.79	3.40	173.81	13.51	4569.82	10.82	284.52	8.48
1932.11	7.05	0.53	0.43	13.20	1932.87	3.37	173.40	12.95	4587.55	10.50	277.66	8.46
1932.12	6.82	0.50	0.41	13.10	1932.96	3.34	169.03	12.39	4499.09	10.16	270.47	8.26
1933.01	7.09	0.50	0.41	12.90	1933.04	3.31	178.44	12.46	4777.35	10.38	277.95	8.73
1933.02	6.25	0.49	0.42	12.70	1933.12	3.29	159.78	12.53	4305.61	10.61	285.89	7.83
1933.03	6.23	0.49	0.42	12.60	1933.21	3.28	160.53	12.50	4353.96	10.76	291.78	7.87
1933.04	6.89	0.48	0.42	12.60	1933.29	3.26	177.54	12.37	4843.17	10.82	295.23	8.72
1933.05	8.87	0.48	0.42	12.60	1933.37	3.25	228.56	12.24	6262.79	10.89	298.31	11.25
1933.06	10.39	0.47	0.43	12.70	1933.46	3.23	265.62	12.02	7305.68	10.87	298.84	13.10
1933.07	11.23	0.47	0.43	13.10	1933.54	3.22	278.33	11.52	7681.63	10.60	292.42	13.75
1933.08	10.67	0.46	0.43	13.20	1933.62	3.20	262.44	11.31	7269.31	10.58	292.95	13.00
1933.09	10.58	0.46	0.43	13.20	1933.71	3.18	260.23	11.19	7233.82	10.64	295.71	12.92
1933.10	9.55	0.45	0.44	13.20	1933.79	3.17	234.90	11.07	6555.22	10.70	298.59	11.70
1933.11	9.78	0.45	0.44	13.20	1933.87	3.15	240.55	10.95	6738.55	10.76	301.44	12.01
1933.12	9.97	0.44	0.44	13.20	1933.96	3.14	245.23	10.82	6894.73	10.82	304.28	12.28
1934.01	10.54	0.44	0.44	13.20	1934.04	3.12	259.25	10.84	7314.32	10.93	308.26	13.03
1934.02	11.32	0.44	0.45	13.30	1934.12	3.09	276.34	10.78	7821.89	10.94	309.77	13.93
1934.03	10.74	0.44	0.45	13.30	1934.21	3.07	262.18	10.80	7446.60	11.05	313.74	13.25
1934.04	10.92	0.44	0.46	13.30	1934.29	3.04	266.57	10.82	7597.02	11.15	317.73	13.52
1934.05	9.81	0.44	0.46	13.30	1934.37	3.01	239.48	10.84	6850.55	11.25	321.79	12.18
1934.06	9.94	0.45	0.47	13.40	1934.46	2.98	240.84	10.78	6915.23	11.27	323.50	12.29
1934.07	9.47	0.45	0.47	13.40	1934.54	2.96	229.45	10.80	6614.10	11.37	327.70	11.74
1934.08	9.10	0.45	0.47	13.40	1934.62	2.93	220.49	10.82	6381.68	11.47	331.92	11.32
1934.09	8.88	0.45	0.48	13.60	1934.71	2.90	211.99	10.68	6161.58	11.40	331.32	10.91
1934.10	8.95	0.45	0.48	13.50	1934.79	2.87	215.25	10.78	6282.27	11.58	338.12	11.11
1934.11	9.20	0.45	0.49	13.50	1934.87	2.85	221.26	10.80	6484.03	11.68	342.38	11.45
1934.12	9.26	0.45	0.49	13.40	1934.96	2.82	224.36	10.90	6601.65	11.87	349.33	11.64
1935.01	9.26	0.45	0.57	13.60	1935.04	2.79	221.06	10.74	6530.90	13.61	402.01	11.50
1935.02	8.98	0.45	0.65	13.70	1935.12	2.78	212.81	10.66	6313.45	15.40	456.99	11.09
1935.03	8.41	0.45	0.73	13.70	1935.21	2.77	199.31	10.66	5939.07	17.30	515.52	10.40
1935.04	9.04	0.45	0.76	13.80	1935.29	2.76	212.68	10.51	6363.81	17.80	532.66	11.10
1935.05	9.75	0.44	0.78	13.80	1935.37	2.74	229.39	10.43	6889.63	18.43	553.53	11.99
1935.06	10.12	0.44	0.81	13.70	1935.46	2.73	239.83	10.43	7229.38	19.20	578.64	12.54
1935.07	10.65	0.44	0.79	13.70	1935.54	2.72	252.39	10.43	7634.19	18.80	568.68	13.20
1935.08	11.37	0.44	0.78	13.70	1935.62	2.71	269.45	10.43	8176.58	18.41	558.53	14.11
1935.09	11.61	0.44	0.76	13.70	1935.71	2.70	275.14	10.43	8375.54	18.01	548.27	14.42
1935.10	11.92	0.45	0.76	13.70	1935.79	2.69	282.49	10.66	8626.23	18.01	549.99	14.83
1935.11	13.04	0.46	0.76	13.80	1935.87	2.67	306.79	10.82	9395.91	17.88	547.61	16.13
1935.12	13.04	0.47	0.76	13.80	1935.96	2.66	306.79	11.06	9424.13	17.88	549.26	16.16
1936.01	13.76	0.48	0.77	13.80	1936.04	2.65	323.73	11.29	9973.39	18.12	558.10	17.09
1936.02	14.55	0.49	0.78	13.80	1936.12	2.65	342.32	11.53	10575.59	18.35	566.94	18.10
1936.03	14.86	0.50	0.79	13.70	1936.21	2.66	352.16	11.85	10910.25	18.72	580.02	18.66
1936.04	14.88	0.52	0.82	13.70	1936.29	2.66	352.64	12.24	10956.55	19.43	603.79	18.72
1936.05	14.09	0.53	0.85	13.70	1936.37	2.66	333.91	12.64	10407.58	20.14	627.85	17.75
1936.06	14.69	0.55	0.88	13.80	1936.46	2.66	345.61	12.94	10805.75	20.70	647.31	18.39
1936.07	15.56	0.57	0.90	13.90	1936.54	2.67	363.45	13.31	11398.05	21.02	659.27	19.36
1936.08	15.87	0.59	0.92	14.00	1936.62	2.67	368.04	13.68	11577.85	21.34	671.18	19.62
1936.09	16.05	0.61	0.94	14.00	1936.71	2.67	372.21	14.15	11746.26	21.80	687.94	19.86
1936.10	16.89	0.65	0.97	14.00	1936.79	2.67	391.69	15.00	12400.45	22.42	709.72	20.91
1936.11	17.36	0.68	0.99	14.00	1936.87	2.68	402.59	15.85	12787.33	23.04	731.69	21.50
1936.12	17.06	0.72	1.02	14.00	1936.96	2.68	395.64	16.70	12610.55	23.65	753.97	21.13
1937.01	17.59	0.73	1.05	14.10	1937.04	2.68	405.03	16.81	12954.75	24.18	773.31	21.62
1937.02	18.11	0.74	1.08	14.10	1937.12	2.67	417.01	17.04	13383.14	24.87	798.11	22.24
1937.03	18.09	0.75	1.11	14.20	1937.21	2.66	413.61	17.15	13320.08	25.38	817.32	22.04
1937.04	17.01	0.78	1.13	14.30	1937.29	2.65	386.20	17.71	12484.79	25.66	829.38	20.56
1937.05	16.25	0.81	1.15	14.40	1937.37	2.64	366.38	18.26	11893.35	25.93	841.68	19.47
1937.06	15.64	0.84	1.17	14.40	1937.46	2.63	352.63	18.94	11498.12	26.38	860.15	18.71
1937.07	16.57	0.82	1.19	14.50	1937.54	2.62	371.02	18.29	12147.51	26.57	869.95	19.65
1937.08	16.74	0.79	1.20	14.50	1937.62	2.61	374.83	17.76	12320.60	26.94	885.65	19.81
1937.09	14.37	0.77	1.22	14.60	1937.71	2.60	319.56	17.12	10550.75	27.13	895.75	16.85
1937.10	12.28	0.78	1.19	14.60	1937.79	2.59	273.08	17.35	9063.95	26.46	878.35	14.36
1937.11	11.20	0.79	1.16	14.50	1937.87	2.58	250.78	17.69	8372.74	25.97	867.18	13.16
1937.12	11.02	0.80	1.13	14.40	1937.96	2.57	248.46	18.04	8345.57	25.48	855.76	13.01
1938.01	11.31	0.79	1.08	14.20	1938.04	2.56	258.59	18.14	8736.60	24.62	831.69	13.51
1938.02	11.04	0.79	1.02	14.10	1938.12	2.54	254.21	18.11	8639.51	23.56	800.82	13.26
1938.03	10.31	0.78	0.97	14.10	1938.21	2.53	237.40	17.96	8119.11	22.34	763.87	12.38
1938.04	9.89	0.77	0.90	14.20	1938.29	2.51	226.13	17.53	7783.47	20.65	710.93	11.79
1938.05	9.98	0.75	0.84	14.10	1938.37	2.49	229.80	17.35	7959.76	19.27	667.30	11.99
1938.06	10.21	0.74	0.77	14.10	1938.46	2.48	235.10	17.04	8192.38	17.73	617.84	12.29
1938.07	12.24	0.71	0.72	14.10	1938.54	2.46	281.84	16.43	9868.93	16.58	580.53	14.77
1938.08	12.31	0.69	0.67	14.10	1938.62	2.44	283.45	15.81	9971.51	15.43	542.72	14.90
1938.09	11.75	0.66	0.62	14.10	1938.71	2.43	270.56	15.20	9562.44	14.28	504.57	14.28
1938.10	13.06	0.61	0.63	14.00	1938.79	2.41	302.87	14.15	10746.13	14.53	515.64	16.06
1938.11	13.07	0.56	0.63	14.00	1938.87	2.39	303.10	12.99	10792.76	14.69	522.98	16.15
1938.12	12.69	0.51	0.64	14.00	1938.96	2.38	294.29	11.83	10514.06	14.84	530.26	15.76
1939.01	12.50	0.51	0.66	14.00	1939.04	2.36	289.89	11.90	10392.09	15.38	551.47	15.60
1939.02	12.40	0.52	0.69	13.90	1939.12	2.35	289.64	12.07	10419.17	16.04	576.98	15.66
1939.03	12.39	0.52	0.71	13.90	1939.21	2.34	289.40	12.15	10447.18	16.58	598.67	15.73
1939.04	10.83	0.52	0.73	13.80	1939.29	2.32	254.80	12.31	9235.00	17.10	619.65	13.92
1939.05	11.23	0.53	0.74	13.80	1939.37	2.31	264.21	12.39	9613.52	17.49	636.34	14.50
1939.06	11.43	0.53	0.76	13.80	1939.46	2.30	268.91	12.47	9822.54	17.88	653.12	14.83
1939.07	11.71	0.54	0.78	13.80	1939.54	2.29	275.50	12.70	10101.83	18.27	670.01	15.27
1939.08	11.54	0.55	0.79	13.80	1939.62	2.27	271.50	12.94	9994.72	18.66	687.10	15.12
1939.09	12.77	0.56	0.81	14.10	1939.71	2.26	294.05	12.89	10864.25	18.65	689.12	16.45
1939.10	12.90	0.58	0.84	14.00	1939.79	2.25	299.16	13.45	11094.66	19.48	722.44	16.82
1939.11	12.67	0.60	0.87	14.00	1939.87	2.24	293.83	13.91	10939.85	20.18	751.20	16.60
1939.12	12.37	0.62	0.90	14.00	1939.96	2.22	286.87	14.38	10725.43	20.87	780.35	16.28
1940.01	12.30	0.62	0.93	13.90	1940.04	2.21	287.30	14.56	10786.82	21.72	815.59	16.38
1940.02	12.22	0.63	0.96	14.00	1940.12	2.19	283.39	14.53	10685.58	22.26	839.46	16.22
1940.03	12.15	0.63	0.99	14.00	1940.21	2.17	281.77	14.61	10670.28	22.96	869.43	16.17
1940.04	12.27	0.64	1.01	14.00	1940.29	2.15	284.55	14.76	10822.26	23.35	887.89	16.37
1940.05	10.58	0.64	1.02	14.00	1940.37	2.12	245.36	14.92	9378.95	23.73	907.16	14.14
1940.06	9.67	0.65	1.04	14.10	1940.46	2.10	222.67	14.97	8559.14	23.95	920.53	12.84
1940.07	9.99	0.66	1.05	14.00	1940.54	2.08	231.68	15.23	8954.32	24.43	944.13	13.37
1940.08	10.20	0.66	1.07	14.00	1940.62	2.06	236.55	15.38	9192.09	24.74	961.27	13.65
1940.09	10.63	0.67	1.08	14.00	1940.71	2.04	246.52	15.54	9629.92	25.05	978.39	14.21
1940.10	10.73	0.67	1.07	14.00	1940.79	2.02	248.84	15.54	9771.09	24.81	974.38	14.33
1940.11	10.98	0.67	1.06	14.00	1940.87	1.99	254.64	15.54	10049.59	24.58	970.18	14.64
1940.12	10.53	0.67	1.05	14.10	1940.96	1.97	242.47	15.43	9620.11	24.18	959.27	13.91
1941.01	10.55	0.67	1.05	14.10	1941.04	1.95	242.93	15.50	9689.65	24.25	967.43	13.90
1941.02	9.89	0.68	1.06	14.10	1941.12	1.99	227.73	15.58	9135.26	24.33	976.03	13.00
1941.03	9.95	0.68	1.06	14.20	1941.21	2.04	227.50	15.55	9177.93	24.24	977.75	12.96
1941.04	9.64	0.68	1.07	14.30	1941.29	2.08	218.87	15.51	8881.96	24.29	985.86	12.43
1941.05	9.43	0.69	1.08	14.40	1941.37	2.12	212.62	15.48	8680.49	24.35	994.16	12.04
1941.06	9.76	0.69	1.09	14.70	1941.46	2.16	215.56	15.24	8852.76	24.07	988.68	12.16
1941.07	10.26	0.69	1.12	14.70	1941.54	2.21	226.61	15.31	9358.69	24.81	1024.65	12.74
1941.08	10.21	0.70	1.16	14.90	1941.62	2.25	222.48	15.18	9240.32	25.20	1046.82	12.46
1941.09	10.24	0.70	1.19	15.10	1941.71	2.29	220.17	15.05	9196.82	25.59	1068.77	12.28
1941.10	9.83	0.70	1.18	15.30	1941.79	2.33	208.60	14.93	8765.13	25.04	1052.17	11.58
1941.11	9.37	0.71	1.17	15.40	1941.87	2.38	197.54	14.90	8352.88	24.67	1043.00	10.91
1941.12	8.76	0.71	1.16	15.50	1941.96	2.42	183.49	14.87	7811.12	24.30	1034.35	10.09
1942.01	8.93	0.70	1.12	15.70	1942.04	2.46	184.67	14.54	7912.86	23.16	992.43	10.10
1942.02	8.65	0.70	1.08	15.80	1942.12	2.46	177.75	14.32	7667.36	22.19	957.31	9.68
1942.03	8.18	0.69	1.04	16.00	1942.21	2.46	165.99	14.00	7210.45	21.10	916.73	9.00
1942.04	7.84	0.68	1.02	16.10	1942.29	2.46	158.10	13.71	6917.47	20.57	899.98	8.54
1942.05	7.93	0.67	1.00	16.30	1942.37	2.46	157.95	13.35	6959.68	19.92	877.64	8.51
1942.06	8.33	0.66	0.98	16.30	1942.46	2.46	165.92	13.15	7359.01	19.52	865.77	8.91
1942.07	8.64	0.65	0.97	16.40	1942.54	2.47	171.05	12.80	7633.65	19.14	854.07	9.15
1942.08	8.59	0.63	0.95	16.50	1942.62	2.47	169.03	12.46	7589.82	18.76	842.33	9.01
1942.09	8.68	0.62	0.94	16.50	1942.71	2.47	170.80	12.20	7715.00	18.50	835.49	9.08
1942.10	9.32	0.61	0.97	16.70	1942.79	2.47	181.19	11.86	8229.28	18.86	856.48	9.60
1942.11	9.47	0.60	1.00	16.80	1942.87	2.47	183.01	11.60	8355.84	19.33	882.35	9.66
1942.12	9.52	0.59	1.03	16.90	1942.96	2.47	182.89	11.33	8393.37	19.79	908.11	9.62
1943.01	10.09	0.59	1.04	16.90	1943.04	2.47	193.84	11.33	8939.27	20.04	924.34	10.15
1943.02	10.69	0.59	1.06	16.90	1943.12	2.47	205.37	11.33	9514.40	20.30	940.47	10.71
1943.03	11.07	0.59	1.07	17.20	1943.21	2.47	208.96	11.14	9723.76	20.20	939.88	10.85
1943.04	11.44	0.59	1.08	17.40	1943.29	2.47	213.46	11.01	9975.95	20.15	941.79	11.04
1943.05	11.89	0.59	1.09	17.50	1943.37	2.47	220.59	10.95	10351.74	20.22	948.98	11.36
1943.06	12.10	0.59	1.10	17.50	1943.46	2.47	224.49	10.95	10577.38	20.41	961.58	11.52
1943.07	12.35	0.59	1.09	17.40	1943.54	2.48	230.44	11.07	10901.44	20.40	965.09	11.77
1943.08	11.74	0.60	1.09	17.30	1943.62	2.48	220.33	11.20	10467.03	20.39	968.84	11.21
1943.09	11.99	0.60	1.08	17.40	1943.71	2.48	223.73	11.20	10672.81	20.15	961.35	11.34
1943.10	11.88	0.60	1.03	17.40	1943.79	2.48	221.67	11.26	10619.65	19.28	923.70	11.19
1943.11	11.33	0.61	0.99	17.40	1943.87	2.48	211.41	11.32	10173.19	18.41	885.93	10.63
1943.12	11.48	0.61	0.94	17.40	1943.96	2.48	214.21	11.38	10353.52	17.54	847.76	10.74
1944.01	11.85	0.61	0.94	17.40	1944.04	2.48	221.11	11.44	10733.31	17.48	848.40	11.05
1944.02	11.77	0.62	0.93	17.40	1944.12	2.47	219.62	11.51	10707.39	17.42	849.07	10.95
1944.03	12.10	0.62	0.93	17.40	1944.21	2.46	225.78	11.57	11054.60	17.35	849.65	11.22
1944.04	11.89	0.62	0.93	17.50	1944.29	2.45	220.59	11.56	10847.86	17.19	845.45	10.94
1944.05	12.10	0.63	0.92	17.50	1944.37	2.44	224.49	11.63	11087.10	17.13	846.04	11.10
1944.06	12.67	0.63	0.92	17.60	1944.46	2.43	233.73	11.62	11591.25	16.97	841.67	11.53
1944.07	13.00	0.63	0.91	17.70	1944.54	2.43	238.46	11.62	11873.97	16.75	834.22	11.74
1944.08	12.81	0.64	0.91	17.70	1944.62	2.42	234.97	11.68	11748.89	16.63	831.56	11.54
1944.09	12.60	0.64	0.90	17.70	1944.71	2.41	231.12	11.74	11605.20	16.51	828.94	11.33
1944.10	12.91	0.64	0.91	17.70	1944.79	2.40	236.81	11.74	11939.85	16.69	841.62	11.58
1944.11	12.82	0.64	0.92	17.70	1944.87	2.39	235.16	11.74	11905.94	16.88	854.40	11.48
1944.12	13.10	0.64	0.93	17.80	1944.96	2.38	238.94	11.67	12146.88	16.96	862.34	11.64
1945.01	13.49	0.64	0.94	17.80	1945.04	2.37	246.06	11.73	12558.21	17.15	875.07	11.96
1945.02	13.94	0.65	0.95	17.80	1945.12	2.36	254.27	11.80	13027.30	17.33	887.80	12.34
1945.03	13.93	0.65	0.96	17.80	1945.21	2.34	254.08	11.86	13068.57	17.51	900.63	12.32
1945.04	14.28	0.65	0.97	17.80	1945.29	2.33	260.47	11.86	13447.74	17.75	916.61	12.63
1945.05	14.82	0.65	0.99	17.90	1945.37	2.31	268.81	11.79	13929.03	17.90	927.35	13.04
1945.06	15.09	0.65	1.00	18.10	1945.46	2.30	270.68	11.66	14076.43	17.94	932.83	13.13
1945.07	14.78	0.65	1.00	18.10	1945.54	2.28	265.12	11.72	13838.04	17.88	933.15	12.87
1945.08	14.83	0.66	0.99	18.10	1945.62	2.27	266.02	11.78	13936.09	17.82	933.46	12.92
1945.09	15.84	0.66	0.99	18.10	1945.71	2.25	284.13	11.84	14936.89	17.76	933.56	13.80
1945.10	16.50	0.66	0.98	18.10	1945.79	2.24	295.97	11.84	15611.12	17.58	927.21	14.37
1945.11	17.04	0.66	0.97	18.10	1945.87	2.22	305.66	11.84	16174.07	17.40	920.71	14.85
1945.12	17.33	0.66	0.96	18.20	1945.96	2.21	309.15	11.77	16410.87	17.13	909.08	15.02
1946.01	18.02	0.67	0.94	18.20	1946.04	2.19	321.46	11.89	17116.88	16.77	892.89	15.62
1946.02	18.07	0.67	0.92	18.10	1946.12	2.20	324.13	12.08	17312.80	16.50	881.45	15.76
1946.03	17.53	0.68	0.90	18.30	1946.21	2.20	311.01	12.06	16665.57	15.97	855.62	15.13
1946.04	18.66	0.68	0.88	18.40	1946.29	2.21	329.26	12.00	17697.02	15.53	834.59	16.04
1946.05	18.70	0.68	0.86	18.50	1946.37	2.21	328.18	11.93	17692.54	15.09	813.67	16.01
1946.06	18.58	0.68	0.84	18.70	1946.46	2.22	322.59	11.81	17444.04	14.58	788.64	15.77
1946.07	18.05	0.68	0.86	19.80	1946.54	2.22	295.98	11.21	16055.46	14.05	762.00	14.51
1946.08	17.70	0.69	0.87	20.20	1946.62	2.23	284.49	11.04	15482.26	14.04	763.91	13.98
1946.09	15.09	0.69	0.89	20.40	1946.71	2.23	240.16	10.98	13119.68	14.16	773.79	11.84
1946.10	14.75	0.70	0.95	20.80	1946.79	2.24	230.24	10.87	12626.97	14.78	810.41	11.39
1946.11	14.69	0.70	1.00	21.30	1946.87	2.24	223.92	10.72	12329.40	15.29	842.10	11.11
1946.12	15.13	0.71	1.06	21.50	1946.96	2.25	228.48	10.72	12629.76	16.01	884.83	11.37
1947.01	15.21	0.71	1.13	21.50	1947.04	2.25	229.69	10.77	12746.16	17.06	946.95	11.47
1947.02	15.80	0.72	1.20	21.50	1947.12	2.27	238.60	10.82	13290.64	18.12	1009.42	11.95
1947.03	15.16	0.72	1.27	21.90	1947.21	2.28	224.75	10.67	12568.91	18.83	1052.94	11.29
1947.04	14.60	0.73	1.33	21.90	1947.29	2.30	216.45	10.87	12155.29	19.67	1104.52	10.90
1947.05	14.34	0.75	1.38	21.90	1947.37	2.31	212.59	11.07	11990.63	20.51	1156.69	10.73
1947.06	14.84	0.76	1.44	22.00	1947.46	2.33	219.01	11.22	12405.03	21.25	1203.72	11.08
1947.07	15.77	0.77	1.48	22.20	1947.54	2.35	230.63	11.26	13116.83	21.60	1228.23	11.70
1947.08	15.46	0.78	1.51	22.50	1947.62	2.36	223.09	11.26	12740.87	21.84	1247.16	11.34
1947.09	15.06	0.79	1.55	23.00	1947.71	2.38	212.59	11.15	12194.49	21.88	1255.08	10.83
1947.10	15.45	0.81	1.57	23.00	1947.79	2.39	218.09	11.39	12564.72	22.16	1276.80	11.13
1947.11	15.27	0.82	1.59	23.10	1947.87	2.41	214.62	11.57	12420.13	22.35	1293.25	10.98
1947.12	15.03	0.84	1.61	23.40	1947.96	2.42	208.54	11.65	12124.40	22.34	1298.75	10.68
1948.01	14.83	0.84	1.64	23.70	1948.04	2.44	203.16	11.55	11867.60	22.51	1315.06	10.42
1948.02	14.10	0.85	1.68	23.50	1948.12	2.43	194.80	11.70	11436.40	23.16	1359.93	10.00
1948.03	14.30	0.85	1.71	23.40	1948.21	2.42	198.41	11.79	11705.88	23.73	1399.79	10.19
1948.04	15.40	0.85	1.76	23.80	1948.29	2.41	210.08	11.60	12451.47	24.01	1423.03	10.78
1948.05	16.15	0.85	1.81	23.90	1948.37	2.40	219.39	11.55	13060.27	24.59	1463.72	11.24
1948.06	16.82	0.85	1.86	24.10	1948.46	2.39	226.60	11.45	13546.01	25.06	1497.95	11.58
1948.07	16.42	0.86	1.93	24.40	1948.54	2.38	218.49	11.40	13118.07	25.68	1541.89	11.13
1948.08	15.94	0.86	2.00	24.50	1948.62	2.36	211.24	11.44	12739.86	26.50	1598.48	10.72
1948.09	15.76	0.87	2.07	24.50	1948.71	2.35	208.85	11.53	12653.94	27.43	1662.03	10.55
1948.10	16.19	0.89	2.14	24.40	1948.79	2.34	215.43	11.84	13112.26	28.52	1735.88	10.83
1948.11	15.29	0.91	2.22	24.20	1948.87	2.33	205.13	12.21	12547.62	29.74	1819.09	10.25
1948.12	15.19	0.93	2.29	24.10	1948.96	2.32	204.64	12.53	12581.15	30.85	1896.70	10.16
1949.01	15.36	0.95	2.32	24.00	1949.04	2.31	207.79	12.81	12840.57	31.38	1939.46	10.25
1949.02	14.77	0.96	2.35	23.80	1949.12	2.31	201.49	13.14	12518.78	32.06	1991.82	9.87
1949.03	14.91	0.98	2.38	23.80	1949.21	2.31	203.40	13.37	12706.66	32.47	2028.29	9.90
1949.04	14.89	0.99	2.39	23.90	1949.29	2.31	202.27	13.49	12706.77	32.42	2036.73	9.78
1949.05	14.78	1.01	2.39	23.80	1949.37	2.31	201.62	13.73	12737.78	32.65	2062.63	9.69
1949.06	13.97	1.02	2.40	23.90	1949.46	2.31	189.78	13.86	12062.28	32.60	2072.26	9.07
1949.07	14.76	1.03	2.40	23.70	1949.54	2.32	202.20	14.06	12926.44	32.83	2098.94	9.61
1949.08	15.29	1.03	2.39	23.80	1949.62	2.32	208.58	14.10	13409.43	32.65	2098.97	9.85
1949.09	15.49	1.04	2.39	23.90	1949.71	2.32	210.43	14.13	13603.68	32.47	2098.95	9.88
1949.10	15.89	1.07	2.37	23.70	1949.79	2.32	217.68	14.70	14151.95	32.42	2107.80	10.17
1949.11	16.11	1.11	2.34	23.80	1949.87	2.32	219.77	15.10	14369.39	31.97	2090.14	10.22
1949.12	16.54	1.14	2.32	23.60	1949.96	2.32	227.55	15.68	14963.41	31.92	2098.86	10.53
1950.01	16.88	1.15	2.34	23.50	1950.04	2.32	233.21	15.89	15423.05	32.28	2134.99	10.75
1950.02	17.21	1.16	2.35	23.50	1950.12	2.34	237.77	16.03	15812.89	32.51	2162.29	10.91
1950.03	17.35	1.17	2.37	23.60	1950.21	2.36	238.69	16.10	15963.19	32.60	2180.56	10.91
1950.04	17.84	1.18	2.43	23.60	1950.29	2.38	245.43	16.23	16504.49	33.38	2245.01	11.18
1950.05	18.44	1.19	2.48	23.70	1950.37	2.40	252.61	16.30	17078.95	34.02	2300.04	11.46
1950.06	18.74	1.20	2.54	23.80	1950.46	2.42	255.65	16.37	17376.11	34.65	2355.14	11.55
1950.07	17.38	1.24	2.60	24.10	1950.54	2.45	234.14	16.75	16009.36	35.03	2394.96	10.54
1950.08	18.43	1.29	2.66	24.30	1950.62	2.47	246.24	17.19	16934.78	35.54	2444.20	11.04
1950.09	19.08	1.33	2.72	24.40	1950.71	2.49	253.88	17.70	17561.62	36.19	2503.54	11.34
1950.10	19.87	1.38	2.76	24.60	1950.79	2.51	262.25	18.17	18244.80	36.43	2534.26	11.66
1950.11	19.83	1.42	2.80	24.70	1950.87	2.53	260.66	18.71	18242.82	36.80	2575.89	11.54
1950.12	19.75	1.47	2.84	25.00	1950.96	2.55	256.49	19.09	18062.54	36.88	2597.35	11.31
1951.01	21.21	1.49	2.84	25.40	1951.04	2.57	271.11	19.00	19203.84	36.26	2568.36	11.90
1951.02	22.00	1.50	2.83	25.70	1951.12	2.58	277.93	18.99	19798.70	35.79	2549.83	12.14
1951.03	21.63	1.52	2.83	25.80	1951.21	2.59	272.20	19.13	19503.82	35.61	2551.82	11.84
1951.04	21.92	1.53	2.79	25.80	1951.29	2.60	275.85	19.30	19880.53	35.15	2533.43	11.95
1951.05	21.93	1.55	2.76	25.90	1951.37	2.61	274.91	19.39	19929.26	34.56	2505.17	11.86
1951.06	21.55	1.56	2.72	25.90	1951.46	2.62	270.14	19.56	19702.06	34.10	2486.76	11.62
1951.07	21.93	1.55	2.65	25.90	1951.54	2.63	274.91	19.39	20167.32	33.22	2437.00	11.78
1951.08	22.89	1.53	2.58	25.90	1951.62	2.63	286.94	19.22	21167.66	32.34	2385.87	12.26
1951.09	23.48	1.52	2.51	26.10	1951.71	2.64	292.08	18.91	21663.12	31.22	2315.78	12.44
1951.10	23.36	1.48	2.49	26.20	1951.79	2.65	289.48	18.38	21583.75	30.81	2297.59	12.31
1951.11	22.71	1.45	2.46	26.40	1951.87	2.66	279.29	17.79	20934.76	30.29	2270.77	11.85
1951.12	23.41	1.41	2.44	26.50	1951.96	2.67	286.81	17.28	21606.51	29.89	2252.02	12.15
1952.01	24.19	1.41	2.43	26.50	1952.04	2.68	296.37	17.32	22435.13	29.73	2250.63	12.53
1952.02	23.75	1.42	2.41	26.30	1952.12	2.69	293.19	17.49	22304.88	29.79	2266.49	12.36
1952.03	23.81	1.42	2.40	26.30	1952.21	2.71	293.93	17.53	22472.36	29.63	2265.17	12.36
1952.04	23.74	1.43	2.38	26.40	1952.29	2.72	291.96	17.59	22433.47	29.27	2249.02	12.24
1952.05	23.73	1.44	2.36	26.40	1952.37	2.73	291.84	17.71	22537.41	29.02	2241.39	12.20
1952.06	24.38	1.45	2.34	26.50	1952.46	2.74	298.70	17.77	23181.70	28.67	2224.99	12.45
1952.07	25.08	1.45	2.35	26.70	1952.54	2.76	304.97	17.63	23782.69	28.54	2225.28	12.67
1952.08	25.18	1.45	2.35	26.70	1952.62	2.77	306.19	17.63	23992.10	28.62	2242.31	12.68
1952.09	24.78	1.45	2.36	26.70	1952.71	2.78	301.32	17.63	23726.11	28.70	2259.63	12.43
1952.10	24.26	1.44	2.37	26.70	1952.79	2.79	295.00	17.47	23342.85	28.86	2283.61	12.13
1952.11	25.03	1.42	2.39	26.70	1952.87	2.81	304.36	17.31	24197.87	29.02	2307.32	12.47
1952.12	26.04	1.41	2.40	26.70	1952.96	2.82	316.65	17.15	25287.89	29.18	2330.68	12.93
1953.01	26.18	1.41	2.41	26.60	1953.04	2.83	319.55	17.21	25633.95	29.42	2359.73	13.01
1953.02	25.86	1.41	2.42	26.50	1953.12	2.80	316.83	17.28	25531.66	29.65	2389.27	12.86
1953.03	25.99	1.41	2.43	26.60	1953.21	2.77	317.23	17.21	25679.12	29.66	2400.93	12.83
1953.04	24.71	1.41	2.46	26.60	1953.29	2.83	301.60	17.25	24530.80	29.99	2438.85	12.16
1953.05	24.84	1.42	2.48	26.70	1953.37	3.05	302.05	17.23	24684.26	30.20	2467.76	12.14
1953.06	23.95	1.42	2.51	26.80	1953.46	3.11	290.15	17.20	23828.18	30.41	2497.23	11.62
1953.07	24.29	1.42	2.52	26.80	1953.54	2.93	294.26	17.20	24284.19	30.57	2522.73	11.75
1953.08	24.39	1.42	2.54	26.90	1953.62	2.95	294.38	17.14	24411.38	30.62	2538.89	11.72
1953.09	23.27	1.42	2.55	26.90	1953.71	2.87	280.86	17.14	23408.83	30.78	2565.21	11.14
1953.10	23.97	1.43	2.54	27.00	1953.79	2.66	288.24	17.20	24143.14	30.50	2554.99	11.39
1953.11	24.50	1.44	2.52	26.90	1953.87	2.68	295.70	17.38	24890.02	30.46	2563.50	11.64
1953.12	24.83	1.45	2.51	26.90	1953.96	2.59	299.69	17.50	25348.03	30.29	2562.37	11.75
1954.01	25.46	1.46	2.52	26.90	1954.04	2.48	307.29	17.58	26115.09	30.46	2588.26	12.00
1954.02	26.02	1.46	2.54	26.90	1954.12	2.47	314.05	17.66	26814.58	30.62	2614.13	12.22
1954.03	26.57	1.47	2.55	26.90	1954.21	2.37	320.69	17.74	27507.62	30.78	2639.99	12.42
1954.04	27.63	1.46	2.57	26.80	1954.29	2.29	334.73	17.73	28838.48	31.17	2685.88	12.91
1954.05	28.73	1.46	2.60	26.90	1954.37	2.37	346.76	17.58	30001.34	31.34	2711.58	13.31
1954.06	28.96	1.45	2.62	26.90	1954.46	2.38	349.54	17.50	30367.70	31.62	2747.35	13.36
1954.07	30.13	1.46	2.62	26.90	1954.54	2.30	363.66	17.58	31721.86	31.66	2761.93	13.83
1954.08	30.73	1.46	2.63	26.90	1954.62	2.36	370.90	17.66	32481.95	31.70	2776.42	14.04
1954.09	31.45	1.47	2.63	26.80	1954.71	2.38	381.01	17.81	33497.01	31.86	2801.18	14.36
1954.10	32.18	1.49	2.68	26.80	1954.79	2.43	389.85	18.09	34407.07	32.43	2861.91	14.62
1954.11	33.44	1.52	2.72	26.80	1954.87	2.48	405.11	18.37	35889.40	32.99	2922.81	15.12
1954.12	34.97	1.54	2.77	26.70	1954.96	2.51	425.24	18.73	37810.29	33.68	2994.98	15.79
1955.01	35.60	1.55	2.83	26.70	1955.04	2.61	432.90	18.81	38630.81	34.45	3074.55	15.99
1955.02	36.79	1.55	2.90	26.70	1955.12	2.65	447.37	18.89	40062.59	35.22	3154.34	16.44
1955.03	36.50	1.56	2.96	26.70	1955.21	2.68	443.84	18.97	39888.36	35.99	3234.78	16.22
1955.04	37.76	1.56	3.05	26.70	1955.29	2.75	459.16	19.01	41407.70	37.05	3340.98	16.69
1955.05	37.60	1.57	3.13	26.70	1955.37	2.76	457.22	19.05	41375.41	38.10	3447.95	16.52
1955.06	39.78	1.57	3.22	26.70	1955.46	2.78	483.72	19.09	43918.27	39.16	3554.97	17.37
1955.07	42.69	1.59	3.29	26.80	1955.54	2.90	517.17	19.22	47100.57	39.90	3633.58	18.45
1955.08	42.43	1.60	3.37	26.80	1955.62	2.97	514.02	19.42	46961.12	40.79	3726.20	18.22
1955.09	44.34	1.62	3.44	26.90	1955.71	2.97	535.17	19.55	49041.52	41.52	3804.75	18.84
1955.10	42.11	1.63	3.50	26.90	1955.79	2.88	508.25	19.63	46724.99	42.24	3883.58	17.77
1955.11	44.95	1.63	3.56	26.90	1955.87	2.89	542.53	19.71	50027.26	42.97	3962.11	18.84
1955.12	45.37	1.64	3.62	26.80	1955.96	2.96	549.64	19.87	50835.79	43.85	4056.11	18.94
1956.01	44.15	1.67	3.64	26.80	1956.04	2.90	534.86	20.23	49624.75	44.14	4095.11	18.29
1956.02	44.43	1.70	3.67	26.80	1956.12	2.84	538.25	20.59	50098.70	44.42	4134.49	18.27
1956.03	47.49	1.73	3.69	26.80	1956.21	2.96	575.32	20.96	53711.68	44.70	4173.43	19.37
1956.04	48.05	1.75	3.66	26.90	1956.29	3.18	579.94	21.16	54307.66	44.17	4136.65	19.37
1956.05	46.54	1.78	3.63	27.00	1956.37	3.07	559.64	21.36	52572.90	43.65	4100.55	18.54
1956.06	46.27	1.80	3.60	27.20	1956.46	3.00	552.30	21.49	52051.78	42.97	4049.85	18.16
1956.07	48.78	1.81	3.55	27.40	1956.54	3.11	578.01	21.49	54643.63	42.10	3980.46	18.86
1956.08	48.49	1.83	3.51	27.30	1956.62	3.33	576.68	21.72	54688.88	41.70	3954.96	18.67
1956.09	46.84	1.84	3.46	27.40	1956.71	3.38	555.02	21.80	52807.45	41.00	3900.81	17.84
1956.10	46.24	1.81	3.44	27.50	1956.79	3.34	545.92	21.33	52110.56	40.65	3880.49	17.42
1956.11	45.76	1.77	3.43	27.50	1956.87	3.49	540.25	20.94	51736.16	40.46	3874.19	17.12
1956.12	46.44	1.74	3.41	27.60	1956.96	3.59	546.30	20.47	52478.07	40.11	3853.36	17.20
1957.01	45.43	1.74	3.41	27.60	1957.04	3.46	534.41	20.43	51500.29	40.07	3861.86	16.72
1957.02	43.47	1.73	3.40	27.70	1957.12	3.34	509.51	20.32	49263.65	39.89	3856.92	15.84
1957.03	44.03	1.73	3.40	27.80	1957.21	3.41	514.22	20.20	49881.59	39.71	3851.86	15.90
1957.04	45.05	1.73	3.41	27.90	1957.29	3.48	524.25	20.13	51016.96	39.64	3857.89	16.12
1957.05	46.78	1.73	3.41	28.00	1957.37	3.60	542.43	20.06	52949.58	39.58	3863.50	16.60
1957.06	47.55	1.73	3.42	28.10	1957.46	3.80	549.40	19.99	53792.20	39.52	3868.97	16.73
1957.07	48.51	1.74	3.44	28.30	1957.54	3.93	556.53	19.96	54653.27	39.43	3871.89	16.87
1957.08	45.84	1.75	3.45	28.30	1957.62	3.93	525.90	20.08	51809.45	39.62	3903.03	15.87
1957.09	43.98	1.76	3.47	28.30	1957.71	3.92	504.56	20.19	49873.00	39.81	3934.95	15.16
1957.10	41.24	1.77	3.44	28.30	1957.79	3.97	473.13	20.31	46933.12	39.43	3911.10	14.15
1957.11	40.35	1.78	3.40	28.40	1957.87	3.72	461.29	20.35	45926.78	38.91	3873.70	13.74
1957.12	40.33	1.79	3.37	28.40	1957.96	3.21	461.06	20.46	46073.80	38.53	3849.96	13.67
1958.01	41.12	1.78	3.29	28.60	1958.04	3.09	466.80	20.24	46816.40	37.39	3749.56	13.79
1958.02	41.26	1.78	3.22	28.60	1958.12	3.05	468.39	20.17	47144.36	36.52	3675.42	13.78
1958.03	42.11	1.77	3.14	28.80	1958.21	2.98	474.72	19.95	47948.81	35.40	3575.38	13.93
1958.04	42.34	1.76	3.07	28.90	1958.29	2.88	475.66	19.74	48209.99	34.49	3495.62	13.91
1958.05	43.70	1.74	3.00	28.90	1958.37	2.92	490.94	19.59	49923.96	33.70	3427.27	14.32
1958.06	44.75	1.73	2.93	28.90	1958.46	2.97	502.74	19.44	51288.21	32.92	3358.09	14.64
1958.07	45.98	1.73	2.91	29.00	1958.54	3.20	514.77	19.37	52680.86	32.62	3337.90	14.96
1958.08	47.70	1.73	2.90	28.90	1958.62	3.54	535.88	19.44	55006.38	32.54	3340.36	15.54
1958.09	48.96	1.73	2.88	28.90	1958.71	3.76	550.03	19.44	56625.62	32.35	3330.92	15.93
1958.10	50.95	1.74	2.88	28.90	1958.79	3.80	572.39	19.51	59094.58	32.39	3344.24	16.56
1958.11	52.50	1.74	2.89	29.00	1958.87	3.74	587.77	19.52	60850.30	32.32	3345.80	16.99
1958.12	53.49	1.75	2.89	28.90	1958.96	3.86	600.92	19.66	62381.90	32.47	3370.42	17.36
1959.01	55.62	1.76	2.96	29.00	1959.04	4.02	622.70	19.67	64812.44	33.18	3453.09	17.98
1959.02	54.77	1.76	3.04	28.90	1959.12	3.96	615.30	19.81	64214.62	34.11	3560.32	17.76
1959.03	56.16	1.77	3.11	28.90	1959.21	3.99	630.92	19.88	66017.25	34.94	3655.87	18.20
1959.04	57.10	1.78	3.21	29.00	1959.29	4.12	639.27	19.89	67064.22	35.90	3766.25	18.43
1959.05	57.96	1.78	3.30	29.00	1959.37	4.31	648.90	19.97	68248.84	36.98	3889.72	18.69
1959.06	57.46	1.79	3.40	29.10	1959.46	4.34	641.09	19.97	67602.62	37.93	4000.15	18.45
1959.07	59.74	1.80	3.41	29.20	1959.54	4.40	664.24	19.98	70219.92	37.92	4008.20	19.09
1959.08	59.40	1.80	3.42	29.20	1959.62	4.43	660.46	20.05	69996.91	38.03	4030.13	18.96
1959.09	57.05	1.81	3.43	29.30	1959.71	4.68	632.17	20.06	67175.36	38.01	4038.76	18.12
1959.10	57.00	1.82	3.42	29.40	1959.79	4.53	629.47	20.06	67065.85	37.73	4020.03	18.02
1959.11	57.23	1.82	3.40	29.40	1959.87	4.53	632.01	20.14	67515.25	37.58	4014.97	18.07
1959.12	59.06	1.83	3.39	29.40	1959.96	4.69	652.22	20.21	69854.04	37.44	4009.57	18.62
1960.01	58.03	1.87	3.39	29.30	1960.04	4.72	643.03	20.68	69054.66	37.56	4034.04	18.34
1960.02	55.78	1.90	3.39	29.40	1960.12	4.49	615.99	21.02	66339.53	37.44	4031.75	17.55
1960.03	55.02	1.94	3.39	29.40	1960.21	4.25	607.60	21.42	65627.92	37.44	4043.60	17.29
1960.04	55.73	1.94	3.35	29.50	1960.29	4.28	613.35	21.39	66441.99	36.83	3989.94	17.43
1960.05	55.22	1.95	3.30	29.50	1960.37	4.35	607.74	21.42	66027.36	36.36	3949.84	17.26
1960.06	57.26	1.95	3.26	29.60	1960.46	4.15	628.06	21.39	68428.96	35.76	3895.89	17.82
1960.07	55.84	1.95	3.26	29.60	1960.54	3.90	612.49	21.39	66926.18	35.79	3911.21	17.38
1960.08	56.51	1.95	3.27	29.60	1960.62	3.80	619.84	21.39	67923.96	35.83	3926.48	17.58
1960.09	54.81	1.95	3.27	29.60	1960.71	3.80	601.19	21.39	66075.91	35.87	3942.13	17.05
1960.10	53.73	1.95	3.27	29.80	1960.79	3.89	585.39	21.25	64533.78	35.63	3927.52	16.61
1960.11	55.47	1.95	3.27	29.80	1960.87	3.93	604.35	21.25	66818.83	35.63	3939.02	17.15
1960.12	56.80	1.95	3.27	29.80	1960.96	3.84	618.84	21.25	68616.69	35.63	3950.29	17.56
1961.01	59.72	1.95	3.21	29.80	1961.04	3.84	650.65	21.21	72340.14	34.97	3888.34	18.47
1961.02	62.17	1.94	3.15	29.80	1961.12	3.78	677.34	21.17	75504.04	34.32	3825.60	19.23
1961.03	64.12	1.94	3.09	29.80	1961.21	3.74	698.59	21.14	78068.61	33.67	3762.20	19.84
1961.04	65.83	1.94	3.07	29.80	1961.29	3.78	717.22	21.14	80347.44	33.45	3747.02	20.38
1961.05	66.50	1.94	3.05	29.80	1961.37	3.71	724.52	21.14	81362.51	33.23	3731.66	20.60
1961.06	65.62	1.94	3.03	29.80	1961.46	3.88	714.93	21.14	80483.63	33.01	3716.33	20.33
1961.07	65.44	1.95	3.04	30.00	1961.54	3.92	708.22	21.07	79925.42	32.86	3708.85	20.15
1961.08	67.79	1.95	3.04	29.90	1961.62	4.04	736.10	21.21	83271.98	33.05	3738.37	20.94
1961.09	67.26	1.96	3.05	30.00	1961.71	3.98	727.91	21.21	82545.50	33.01	3743.14	20.71
1961.10	68.00	1.98	3.10	30.00	1961.79	3.92	735.92	21.43	83656.17	33.51	3809.64	20.92
1961.11	71.08	2.00	3.14	30.00	1961.87	3.94	769.26	21.64	87650.35	34.02	3876.11	21.86
1961.12	71.74	2.02	3.19	30.00	1961.96	4.06	776.40	21.86	88671.78	34.52	3942.89	22.04
1962.01	69.07	2.03	3.25	30.00	1962.04	4.08	747.50	21.93	85580.37	35.17	4026.87	21.20
1962.02	70.22	2.03	3.31	30.10	1962.12	4.04	757.42	21.93	86925.46	35.70	4097.45	21.45
1962.03	70.29	2.04	3.37	30.10	1962.21	3.93	758.18	22.00	87222.56	36.35	4181.82	21.44
1962.04	68.05	2.05	3.40	30.20	1962.29	3.84	731.59	22.00	84374.28	36.59	4219.74	20.66
1962.05	62.99	2.05	3.44	30.20	1962.37	3.87	677.19	22.07	78312.61	36.95	4272.66	19.09
1962.06	55.63	2.06	3.47	30.20	1962.46	3.91	598.06	22.15	69375.68	37.31	4327.41	16.83
1962.07	56.97	2.07	3.49	30.30	1962.54	4.01	610.45	22.14	71026.38	37.40	4351.10	17.14
1962.08	58.52	2.07	3.51	30.30	1962.62	3.98	627.06	22.22	73174.22	37.61	4388.95	17.57
1962.09	58.00	2.08	3.53	30.40	1962.71	3.98	619.44	22.21	72501.46	37.70	4412.59	17.32
1962.10	56.17	2.10	3.58	30.40	1962.79	3.93	599.90	22.39	70432.32	38.20	4484.84	16.74
1962.11	60.04	2.11	3.62	30.40	1962.87	3.92	641.23	22.57	75505.80	38.70	4556.67	17.85
1962.12	62.64	2.13	3.67	30.40	1962.96	3.86	669.00	22.75	78998.76	39.20	4628.44	18.59
1963.01	65.06	2.14	3.68	30.40	1963.04	3.83	694.84	22.82	82275.31	39.34	4657.96	19.26
1963.02	65.92	2.14	3.70	30.40	1963.12	3.92	704.03	22.89	83588.74	39.48	4687.50	19.47
1963.03	65.67	2.15	3.71	30.50	1963.21	3.93	699.06	22.89	83225.16	39.49	4701.77	19.29
1963.04	68.76	2.17	3.75	30.50	1963.29	3.97	731.95	23.06	87370.01	39.95	4769.18	20.15
1963.05	70.14	2.18	3.80	30.50	1963.37	3.93	746.64	23.24	89354.70	40.42	4836.76	20.51
1963.06	70.11	2.20	3.84	30.60	1963.46	3.99	743.88	23.34	89257.39	40.74	4888.72	20.38
1963.07	69.07	2.20	3.88	30.70	1963.54	4.02	730.46	23.30	87879.93	41.03	4936.65	19.97
1963.08	70.98	2.21	3.92	30.70	1963.62	4.00	750.66	23.34	90544.05	41.46	5000.46	20.47
1963.09	72.85	2.21	3.96	30.70	1963.71	4.08	770.44	23.37	93164.40	41.88	5064.26	20.96
1963.10	73.03	2.23	3.98	30.80	1963.79	4.11	769.83	23.54	93328.60	41.95	5086.24	20.89
1963.11	72.62	2.26	4.00	30.80	1963.87	4.12	765.51	23.79	93044.97	42.17	5125.03	20.72
1963.12	74.17	2.28	4.02	30.90	1963.96	4.13	779.32	23.96	94966.02	42.24	5147.14	21.04
1964.01	76.45	2.30	4.07	30.90	1964.04	4.17	803.27	24.13	98130.35	42.80	5228.48	21.63
1964.02	77.39	2.31	4.13	30.90	1964.12	4.15	813.15	24.31	99584.37	43.36	5310.14	21.83
1964.03	78.80	2.33	4.18	30.90	1964.21	4.22	827.97	24.48	101648.59	43.92	5392.02	22.17
1964.04	79.94	2.35	4.23	30.90	1964.29	4.23	839.94	24.66	103371.40	44.45	5469.87	22.42
1964.05	80.72	2.36	4.28	30.90	1964.37	4.20	848.14	24.83	104634.70	44.97	5548.02	22.57
1964.06	80.24	2.38	4.33	31.00	1964.46	4.17	840.38	24.93	103933.23	45.35	5608.56	22.30
1964.07	83.22	2.40	4.38	31.10	1964.54	4.19	868.78	25.06	107704.78	45.69	5664.36	22.98
1964.08	82.00	2.42	4.42	31.00	1964.62	4.19	858.81	25.35	106730.02	46.33	5757.34	22.65
1964.09	83.41	2.44	4.47	31.10	1964.71	4.20	870.77	25.47	108479.98	46.67	5813.52	22.89
1964.10	84.85	2.46	4.50	31.10	1964.79	4.19	885.80	25.68	110619.40	46.94	5862.33	23.21
1964.11	85.44	2.48	4.52	31.20	1964.87	4.15	889.10	25.81	111300.14	47.07	5892.41	23.23
1964.12	83.96	2.50	4.55	31.20	1964.96	4.18	873.70	26.02	109643.58	47.35	5941.86	22.75
1965.01	86.12	2.52	4.59	31.20	1965.04	4.19	896.18	26.19	112738.21	47.80	6013.05	23.27
1965.02	86.75	2.53	4.64	31.20	1965.12	4.21	902.73	26.36	113839.29	48.25	6084.56	23.37
1965.03	86.83	2.55	4.68	31.30	1965.21	4.21	900.68	26.45	113858.20	48.55	6136.78	23.25
1965.04	87.97	2.57	4.73	31.40	1965.29	4.20	909.60	26.57	115265.63	48.94	6202.00	23.42
1965.05	89.28	2.59	4.79	31.40	1965.37	4.21	923.14	26.78	117264.90	49.49	6287.06	23.71
1965.06	85.04	2.61	4.84	31.60	1965.46	4.21	873.74	26.82	111272.80	49.73	6333.02	22.39
1965.07	84.91	2.63	4.89	31.60	1965.54	4.20	872.40	26.99	111389.11	50.21	6410.57	22.30
1965.08	86.49	2.64	4.93	31.60	1965.62	4.25	888.64	27.16	113750.80	50.69	6488.27	22.67
1965.09	89.38	2.66	4.98	31.60	1965.71	4.29	918.33	27.33	117843.24	51.17	6565.89	23.37
1965.10	91.39	2.68	5.05	31.70	1965.79	4.35	936.02	27.45	120406.75	51.72	6653.40	23.78
1965.11	92.15	2.70	5.12	31.70	1965.87	4.45	943.80	27.65	121704.49	52.44	6762.09	23.93
1965.12	91.73	2.72	5.19	31.80	1965.96	4.62	936.55	27.77	121067.23	52.99	6849.87	23.69
1966.01	93.32	2.74	5.24	31.80	1966.04	4.61	952.78	27.97	123467.11	53.50	6932.79	24.06
1966.02	92.69	2.76	5.29	32.00	1966.12	4.83	940.43	28.00	122169.53	53.67	6972.45	23.70
1966.03	88.88	2.78	5.34	32.10	1966.21	4.87	898.97	28.12	117087.23	54.01	7034.72	22.61
1966.04	91.60	2.80	5.38	32.30	1966.29	4.75	920.74	28.11	120228.39	54.08	7061.45	23.11
1966.05	86.78	2.81	5.42	32.30	1966.37	4.78	872.29	28.28	114209.67	54.48	7133.17	21.85
1966.06	86.06	2.83	5.46	32.40	1966.46	4.81	862.38	28.36	113221.94	54.71	7183.27	21.56
1966.07	85.84	2.85	5.48	32.50	1966.54	5.02	857.53	28.47	112896.52	54.71	7202.90	21.38
1966.08	80.65	2.87	5.49	32.70	1966.62	5.22	800.76	28.50	105734.52	54.54	7201.92	19.91
1966.09	77.81	2.89	5.51	32.70	1966.71	5.18	772.56	28.69	102326.94	54.71	7246.13	19.16
1966.10	77.13	2.88	5.52	32.90	1966.79	5.01	761.15	28.45	101130.13	54.51	7242.00	18.83
1966.11	80.99	2.88	5.54	32.90	1966.87	5.16	799.25	28.39	106505.54	54.64	7280.97	19.71
1966.12	81.33	2.87	5.55	32.90	1966.96	4.84	802.60	28.32	107267.17	54.77	7319.97	19.74
1967.01	84.45	2.88	5.52	32.90	1967.04	4.58	833.39	28.42	111698.72	54.44	7296.68	20.43
1967.02	87.36	2.89	5.48	32.90	1967.12	4.63	862.11	28.52	115866.20	54.11	7272.58	21.07
1967.03	89.42	2.90	5.45	33.00	1967.21	4.54	879.76	28.53	118558.56	53.62	7225.95	21.44
1967.04	90.96	2.90	5.41	33.10	1967.29	4.59	892.21	28.45	120555.48	53.07	7170.24	21.69
1967.05	92.59	2.90	5.37	33.20	1967.37	4.85	905.46	28.36	122665.54	52.51	7114.31	21.95
1967.06	91.43	2.90	5.33	33.30	1967.46	5.02	891.43	28.27	121084.20	51.97	7058.72	21.55
1967.07	93.01	2.91	5.32	33.40	1967.54	5.16	904.12	28.25	123127.68	51.71	7042.68	21.80
1967.08	94.49	2.91	5.31	33.50	1967.62	5.28	915.77	28.24	125033.96	51.46	7026.46	22.03
1967.09	95.81	2.92	5.30	33.60	1967.71	5.30	925.80	28.22	126724.36	51.21	7010.12	22.22
1967.10	95.66	2.92	5.31	33.70	1967.79	5.48	921.61	28.13	126471.41	51.16	7020.31	22.07
1967.11	92.66	2.92	5.32	33.80	1967.87	5.75	890.06	28.05	122463.45	51.10	7031.14	21.26
1967.12	95.30	2.92	5.33	33.90	1967.96	5.70	912.72	27.97	125901.69	51.05	7041.51	21.75
1968.01	95.04	2.93	5.37	34.10	1968.04	5.53	904.89	27.90	125142.47	51.10	7066.48	21.51
1968.02	90.75	2.94	5.40	34.20	1968.12	5.56	861.52	27.91	119465.94	51.30	7113.10	20.42
1968.03	89.09	2.95	5.44	34.30	1968.21	5.74	843.30	27.92	117261.42	51.49	7160.20	19.93
1968.04	95.67	2.96	5.48	34.40	1968.29	5.64	902.95	27.97	125880.14	51.75	7214.83	21.28
1968.05	97.87	2.98	5.53	34.50	1968.37	5.87	921.03	28.01	128727.02	52.01	7269.15	21.63
1968.06	100.50	2.99	5.57	34.70	1968.46	5.72	940.33	27.98	131750.18	52.12	7301.97	22.00
1968.07	100.30	3.00	5.60	34.90	1968.54	5.50	933.08	27.94	131060.69	52.10	7317.45	21.75
1968.08	98.11	3.02	5.63	35.00	1968.62	5.42	910.10	27.98	128160.32	52.23	7354.42	21.14
1968.09	101.30	3.03	5.66	35.10	1968.71	5.46	937.02	28.03	132279.29	52.35	7390.93	21.68
1968.10	103.80	3.04	5.69	35.30	1968.79	5.58	954.70	27.99	135105.17	52.36	7410.39	22.00
1968.11	105.40	3.06	5.73	35.40	1968.87	5.70	966.68	28.03	137130.79	52.52	7450.69	22.20
1968.12	106.50	3.07	5.76	35.50	1968.96	6.03	974.02	28.08	138503.54	52.68	7490.90	22.28
1969.01	102.00	3.08	5.78	35.60	1969.04	6.04	930.24	28.09	132611.52	52.71	7514.65	21.19
1969.02	101.50	3.09	5.80	35.80	1969.12	6.19	920.51	28.02	131557.16	52.60	7517.55	20.90
1969.03	99.30	3.10	5.82	36.10	1969.21	6.30	893.07	27.88	127968.15	52.34	7500.25	20.20
1969.04	101.30	3.11	5.83	36.30	1969.29	6.17	906.04	27.82	130158.44	52.11	7486.58	20.43
1969.05	104.60	3.12	5.83	36.40	1969.37	6.32	932.99	27.83	134362.47	52.03	7493.12	20.97
1969.06	99.14	3.13	5.84	36.60	1969.46	6.57	879.45	27.77	126986.23	51.81	7480.33	19.71
1969.07	94.71	3.14	5.86	36.80	1969.54	6.72	835.59	27.67	120985.63	51.67	7481.50	18.68
1969.08	94.18	3.14	5.87	37.00	1969.62	6.69	826.42	27.58	119991.08	51.54	7482.98	18.43
1969.09	94.51	3.15	5.89	37.10	1969.71	7.16	827.08	27.57	120420.50	51.54	7504.78	18.40
1969.10	95.52	3.15	5.85	37.30	1969.79	7.10	831.44	27.45	121387.83	50.95	7438.47	18.45
1969.11	96.21	3.16	5.82	37.50	1969.87	7.14	832.98	27.33	121945.12	50.36	7372.57	18.44
1969.12	91.11	3.16	5.78	37.70	1969.96	7.65	784.64	27.21	115200.30	49.78	7308.28	17.33
1970.01	90.31	3.16	5.73	37.80	1970.04	7.79	775.69	27.17	114219.12	49.22	7246.99	17.09
1970.02	87.16	3.17	5.68	38.00	1970.12	7.24	744.70	27.06	109986.98	48.53	7167.58	16.37
1970.03	88.65	3.17	5.63	38.20	1970.21	7.07	753.46	26.94	111613.12	47.85	7088.35	16.53
1970.04	85.95	3.17	5.59	38.50	1970.29	7.39	724.82	26.76	107700.86	47.17	7008.80	15.87
1970.05	76.06	3.18	5.56	38.60	1970.37	7.91	639.76	26.72	95392.00	46.74	6969.00	13.98
1970.06	75.59	3.18	5.52	38.80	1970.46	7.84	632.52	26.61	94644.51	46.19	6911.47	13.80
1970.07	75.72	3.18	5.47	39.00	1970.54	7.46	630.36	26.50	94651.53	45.51	6833.45	13.73
1970.08	77.92	3.19	5.41	39.00	1970.62	7.53	648.68	26.53	97733.53	45.07	6789.83	14.10
1970.09	82.58	3.19	5.36	39.20	1970.71	7.39	683.96	26.42	103381.74	44.39	6710.17	14.84
1970.10	84.37	3.17	5.28	39.40	1970.79	7.33	695.24	26.15	105415.86	43.54	6601.24	15.06
1970.11	84.28	3.16	5.21	39.60	1970.87	6.84	690.99	25.88	105098.59	42.69	6492.81	14.95
1970.12	90.05	3.14	5.13	39.80	1970.96	6.39	734.59	25.61	112054.25	41.85	6383.55	15.87
1971.01	93.49	3.13	5.16	39.80	1971.04	6.24	762.65	25.53	116659.40	42.09	6438.79	16.46
1971.02	97.11	3.12	5.19	39.90	1971.12	6.11	790.20	25.39	121196.46	42.23	6477.29	17.03
1971.03	99.60	3.11	5.22	40.00	1971.21	5.70	808.43	25.24	124315.94	42.37	6515.35	17.40
1971.04	103.00	3.11	5.25	40.10	1971.29	5.83	833.95	25.15	128561.39	42.53	6557.04	17.92
1971.05	101.60	3.10	5.29	40.30	1971.37	6.39	818.53	25.00	126505.79	42.59	6582.62	17.56
1971.06	99.72	3.10	5.32	40.60	1971.46	6.52	797.45	24.79	123566.74	42.54	6592.21	17.08
1971.07	99.00	3.10	5.36	40.70	1971.54	6.73	789.74	24.70	122692.13	42.73	6638.60	16.89
1971.08	97.24	3.09	5.39	40.80	1971.62	6.58	773.80	24.62	120534.26	42.92	6685.33	16.52
1971.09	99.40	3.09	5.43	40.80	1971.71	6.14	790.99	24.59	123530.88	43.21	6748.22	16.86
1971.10	97.29	3.08	5.52	40.90	1971.79	5.93	772.31	24.48	120931.56	43.82	6861.37	16.43
1971.11	92.78	3.08	5.61	40.90	1971.87	5.81	736.51	24.42	115644.32	44.53	6992.51	15.64
1971.12	99.17	3.07	5.70	41.10	1971.96	5.93	783.40	24.25	123324.87	45.03	7088.35	16.60
1972.01	103.30	3.07	5.74	41.10	1972.04	5.95	816.02	24.25	128778.96	45.32	7151.62	17.26
1972.02	105.20	3.07	5.77	41.30	1972.12	6.08	827.01	24.13	130829.89	45.39	7179.89	17.46
1972.03	107.70	3.07	5.81	41.40	1972.21	6.07	844.62	24.08	133932.84	45.56	7225.16	17.81
1972.04	108.80	3.07	5.86	41.50	1972.29	6.19	851.19	24.02	135292.12	45.87	7291.01	17.92
1972.05	107.70	3.07	5.92	41.60	1972.37	6.13	840.56	23.96	133919.71	46.18	7357.09	17.66
1972.06	108.00	3.07	5.97	41.70	1972.46	6.11	840.88	23.90	134288.05	46.48	7423.15	17.64
1972.07	107.20	3.07	6.03	41.90	1972.54	6.11	830.66	23.81	132974.01	46.70	7475.66	17.40
1972.08	111.00	3.08	6.08	42.00	1972.62	6.21	858.06	23.78	137677.09	47.03	7545.36	17.94
1972.09	109.40	3.08	6.14	42.10	1972.71	6.55	843.68	23.75	135687.84	47.35	7615.39	17.61
1972.10	109.60	3.10	6.23	42.30	1972.79	6.48	841.23	23.82	135612.41	47.84	7712.75	17.53
1972.11	115.10	3.13	6.33	42.40	1972.87	6.28	881.36	23.94	142403.52	48.45	7827.46	18.34
1972.12	117.50	3.15	6.42	42.50	1972.96	6.36	897.62	24.06	145354.79	49.04	7941.94	18.65
1973.01	118.40	3.16	6.55	42.60	1973.04	6.46	902.37	24.06	146448.98	49.89	8097.58	18.71
1973.02	114.20	3.16	6.67	42.90	1973.12	6.64	864.28	23.94	140589.99	50.50	8215.44	17.89
1973.03	112.40	3.17	6.80	43.30	1973.21	6.71	842.80	23.77	137417.96	50.99	8313.54	17.41
1973.04	110.30	3.19	6.94	43.60	1973.29	6.67	821.36	23.73	134245.10	51.70	8450.66	16.94
1973.05	107.20	3.20	7.09	43.90	1973.37	6.85	792.82	23.69	129903.19	52.41	8587.51	16.31
1973.06	104.80	3.22	7.23	44.20	1973.46	6.90	769.81	23.65	126455.90	53.11	8724.01	15.81
1973.07	105.80	3.24	7.38	44.30	1973.54	7.13	775.40	23.72	127699.09	54.11	8911.57	15.89
1973.08	103.80	3.25	7.54	45.10	1973.62	7.40	747.25	23.42	123384.19	54.26	8958.63	15.28
1973.09	105.60	3.27	7.69	45.20	1973.71	7.09	758.53	23.49	125569.29	55.24	9144.20	15.48
1973.10	109.80	3.31	7.85	45.60	1973.79	6.79	781.78	23.54	129743.02	55.87	9271.86	15.91
1973.11	102.00	3.34	8.00	45.90	1973.87	6.73	721.49	23.65	120065.61	56.61	9420.83	14.65
1973.12	94.78	3.38	8.16	46.20	1973.96	6.74	666.07	23.75	111171.79	57.34	9571.24	13.49
1974.01	96.11	3.40	8.23	46.60	1974.04	6.99	669.62	23.69	112093.63	57.32	9594.81	13.53
1974.02	93.45	3.42	8.29	47.20	1974.12	6.96	642.81	23.52	107933.95	57.05	9578.73	12.96
1974.03	97.44	3.44	8.36	47.80	1974.21	7.21	661.84	23.37	111456.64	56.78	9562.58	13.31
1974.04	92.46	3.46	8.49	48.00	1974.29	7.51	625.40	23.40	105648.04	57.40	9697.17	12.55
1974.05	89.67	3.48	8.61	48.60	1974.37	7.58	599.04	23.25	101522.42	57.54	9751.82	12.00
1974.06	89.79	3.50	8.74	49.00	1974.46	7.54	594.94	23.19	101155.94	57.91	9846.34	11.89
1974.07	79.31	3.53	8.86	49.40	1974.54	7.81	521.25	23.20	88954.59	58.25	9941.17	10.39
1974.08	76.03	3.56	8.99	50.00	1974.62	8.04	493.70	23.12	84581.16	58.35	9997.41	9.82
1974.09	68.12	3.59	9.11	50.60	1974.71	8.04	437.09	23.04	75211.79	58.45	10058.42	8.68
1974.10	69.44	3.59	9.04	51.10	1974.79	7.90	441.20	22.83	76246.41	57.42	9922.43	8.74
1974.11	71.74	3.60	8.96	51.50	1974.87	7.68	452.27	22.67	78486.58	56.51	9806.26	8.95
1974.12	67.07	3.60	8.89	51.90	1974.96	7.43	419.57	22.52	73137.55	55.61	9694.24	8.29
1975.01	72.56	3.62	8.74	52.10	1975.04	7.50	452.17	22.58	79148.47	54.49	9537.23	8.92
1975.02	80.10	3.65	8.60	52.50	1975.12	7.39	495.36	22.55	87036.36	53.16	9341.11	9.76
1975.03	83.78	3.67	8.45	52.70	1975.21	7.73	516.15	22.61	91020.61	52.06	9180.28	10.16
1975.04	84.72	3.68	8.29	52.90	1975.29	8.23	519.97	22.61	92026.07	50.86	9001.29	10.23
1975.05	90.10	3.70	8.12	53.20	1975.37	8.06	549.87	22.56	97650.87	49.58	8804.11	10.82
1975.06	92.40	3.71	7.96	53.60	1975.46	7.86	559.70	22.47	99728.86	48.22	8591.36	11.01
1975.07	92.49	3.71	7.89	54.20	1975.54	8.06	554.04	22.22	99050.90	47.28	8453.25	10.90
1975.08	85.71	3.71	7.83	54.30	1975.62	8.40	512.48	22.18	91951.40	46.80	8396.61	10.09
1975.09	84.67	3.71	7.76	54.60	1975.71	8.43	503.48	22.06	90666.43	46.14	8309.57	9.92
1975.10	88.57	3.70	7.83	54.90	1975.79	8.14	523.79	21.88	94652.73	46.29	8364.18	10.33
1975.11	90.07	3.69	7.89	55.30	1975.87	8.05	528.81	21.66	95885.74	46.34	8403.00	10.44
1975.12	88.70	3.68	7.96	55.50	1975.96	8.00	518.89	21.53	94412.30	46.57	8472.63	10.25
1976.01	96.86	3.68	8.19	55.60	1976.04	7.74	565.61	21.51	103238.50	47.84	8732.88	11.19
1976.02	100.60	3.69	8.43	55.80	1976.12	7.79	585.34	21.45	107166.75	49.03	8976.73	11.59
1976.03	101.10	3.69	8.66	55.90	1976.21	7.73	587.20	21.43	107833.71	50.30	9236.79	11.63
1976.04	101.90	3.71	8.86	56.10	1976.29	7.56	589.73	21.49	108628.40	51.26	9441.47	11.69
1976.05	101.20	3.74	9.05	56.50	1976.37	7.90	581.54	21.47	107448.01	52.02	9612.28	11.53
1976.06	101.80	3.76	9.25	56.80	1976.46	7.86	581.89	21.49	107845.10	52.87	9799.28	11.54
1976.07	104.20	3.79	9.35	57.10	1976.54	7.83	592.48	21.55	110140.48	53.16	9883.05	11.76
1976.08	103.30	3.82	9.45	57.40	1976.62	7.77	584.30	21.61	108953.22	53.45	9967.16	11.60
1976.09	105.50	3.85	9.55	57.60	1976.71	7.59	594.67	21.70	111224.46	53.83	10068.19	11.81
1976.10	101.90	3.92	9.67	57.90	1976.79	7.41	571.40	21.96	107214.82	54.22	10174.36	11.35
1976.11	101.20	3.98	9.79	58.00	1976.87	7.29	566.50	22.30	106643.38	54.80	10316.59	11.25
1976.12	104.70	4.05	9.91	58.20	1976.96	6.87	584.07	22.59	110306.92	55.28	10440.70	11.60
1977.01	103.80	4.10	9.97	58.50	1977.04	7.21	576.08	22.74	109155.74	55.31	10480.92	11.44
1977.02	101.00	4.14	10.02	59.10	1977.12	7.39	554.85	22.76	105492.39	55.06	10469.13	11.01
1977.03	100.60	4.19	10.08	59.50	1977.21	7.46	548.94	22.86	104730.46	55.00	10493.87	10.90
1977.04	99.05	4.25	10.19	60.00	1977.29	7.37	535.98	22.98	102622.86	55.16	10560.99	10.64
1977.05	98.76	4.30	10.31	60.30	1977.37	7.46	531.75	23.17	102183.03	55.49	10663.93	10.55
1977.06	99.29	4.36	10.42	60.70	1977.46	7.28	531.08	23.32	102427.87	55.73	10749.30	10.53
1977.07	100.20	4.41	10.52	61.00	1977.54	7.33	533.31	23.45	103235.23	55.98	10835.27	10.57
1977.08	97.75	4.45	10.61	61.20	1977.62	7.40	518.57	23.63	100763.00	56.30	10940.44	10.27
1977.09	96.23	4.50	10.71	61.40	1977.71	7.34	508.85	23.80	99258.33	56.63	11047.04	10.07
1977.10	93.74	4.56	10.77	61.60	1977.79	7.52	494.07	24.02	96766.45	56.76	11117.72	9.77
1977.11	94.28	4.61	10.83	61.90	1977.87	7.58	494.51	24.20	97247.13	56.80	11170.84	9.77
1977.12	93.82	4.67	10.89	62.10	1977.96	7.69	490.51	24.42	96861.11	56.94	11242.99	9.68
1978.01	90.25	4.71	10.90	62.50	1978.04	7.96	468.83	24.48	92981.98	56.62	11229.96	9.24
1978.02	88.98	4.76	10.91	62.90	1978.12	8.03	459.29	24.55	91496.35	56.31	11218.53	9.05
1978.03	88.82	4.80	10.92	63.40	1978.21	8.04	454.85	24.58	91019.61	55.92	11190.43	8.95
1978.04	92.71	4.84	11.02	63.90	1978.29	8.15	471.05	24.57	94672.35	56.01	11256.63	9.26
1978.05	97.41	4.87	11.13	64.50	1978.37	8.35	490.33	24.53	98957.37	56.01	11303.45	9.63
1978.06	97.66	4.91	11.23	65.20	1978.46	8.46	486.31	24.45	98557.39	55.92	11333.19	9.55
1978.07	97.19	4.95	11.34	65.70	1978.54	8.64	480.29	24.45	97749.47	56.06	11408.60	9.43
1978.08	103.90	4.98	11.46	66.00	1978.62	8.41	511.11	24.51	104438.87	56.36	11516.12	10.02
1978.09	103.90	5.02	11.57	66.50	1978.71	8.42	507.27	24.51	104070.96	56.49	11589.04	9.94
1978.10	100.60	5.04	11.82	67.10	1978.79	8.64	486.77	24.37	100281.15	57.21	11785.83	9.53
1978.11	94.71	5.05	12.08	67.40	1978.87	8.81	456.23	24.34	94407.50	58.17	12038.13	8.93
1978.12	96.11	5.07	12.33	67.70	1978.96	9.01	460.92	24.31	95797.78	59.13	12289.95	9.01
1979.01	99.71	5.11	12.65	68.30	1979.04	9.10	473.98	24.31	98934.00	60.15	12554.82	9.26
1979.02	98.23	5.16	12.98	69.10	1979.12	9.10	461.54	24.23	96758.56	60.97	12782.31	9.00
1979.03	100.10	5.20	13.30	69.80	1979.21	9.12	465.61	24.19	98034.28	61.86	13025.53	9.07
1979.04	102.10	5.25	13.53	70.60	1979.29	9.18	469.53	24.13	99283.29	62.21	13153.53	9.13
1979.05	99.73	5.29	13.75	71.50	1979.37	9.25	452.86	24.04	96181.50	62.45	13263.94	8.79
1979.06	101.70	5.34	13.98	72.30	1979.46	8.91	456.70	23.98	97420.55	62.78	13391.73	8.85
1979.07	102.70	5.40	14.20	73.10	1979.54	8.95	456.14	23.97	97727.91	63.05	13509.39	8.83
1979.08	107.40	5.45	14.41	73.80	1979.62	9.03	472.49	23.99	101659.33	63.41	13642.89	9.13
1979.09	108.60	5.51	14.63	74.60	1979.71	9.33	472.65	23.98	102122.79	63.67	13757.43	9.11
1979.10	104.50	5.56	14.71	75.20	1979.79	10.30	451.17	23.99	97915.24	63.50	13780.00	8.68
1979.11	103.70	5.60	14.78	75.90	1979.87	10.65	443.59	23.97	96703.01	63.24	13785.82	8.52
1979.12	107.80	5.65	14.86	76.70	1979.96	10.39	456.32	23.92	99912.34	62.90	13772.70	8.75
1980.01	110.90	5.70	15.00	77.80	1980.04	10.80	462.80	23.79	101766.27	62.61	13767.63	8.85
1980.02	115.30	5.75	15.15	78.90	1980.12	12.41	474.46	23.66	104762.37	62.33	13762.40	9.05
1980.03	104.70	5.80	15.29	80.10	1980.21	12.75	424.38	23.51	94138.53	61.98	13747.64	8.08
1980.04	103.00	5.85	15.17	81.00	1980.29	11.47	412.85	23.44	92014.23	60.82	13554.95	7.84
1980.05	107.70	5.89	15.06	81.80	1980.37	10.18	427.47	23.39	95706.41	59.76	13379.97	8.10
1980.06	114.60	5.94	14.94	82.70	1980.46	9.78	449.91	23.32	101164.84	58.65	13188.51	8.51
1980.07	119.80	5.98	14.84	82.70	1980.54	10.25	470.32	23.49	106195.37	58.26	13154.75	8.88
1980.08	123.50	6.03	14.74	83.30	1980.62	11.10	481.36	23.49	109128.64	57.45	13024.75	9.07
1980.09	126.50	6.07	14.64	84.00	1980.71	11.51	488.94	23.46	111291.29	56.59	12879.88	9.20
1980.10	130.20	6.10	14.70	84.80	1980.79	11.75	498.49	23.35	113908.82	56.28	12860.67	9.36
1980.11	135.70	6.13	14.76	85.50	1980.87	12.68	515.30	23.28	118191.91	56.05	12855.66	9.65
1980.12	133.50	6.16	14.82	86.30	1980.96	12.84	502.24	23.17	115640.84	55.75	12837.43	9.39
1981.01	133.00	6.20	14.74	87.00	1981.04	12.57	496.34	23.14	114724.72	55.01	12714.60	9.26
1981.02	128.40	6.24	14.66	87.90	1981.12	13.19	474.26	23.05	110066.72	54.15	12566.81	8.83
1981.03	133.20	6.28	14.58	88.50	1981.21	13.12	488.66	23.04	113852.83	53.49	12462.27	9.08
1981.04	134.40	6.32	14.72	89.10	1981.29	13.68	489.74	23.02	114551.84	53.65	12548.97	9.09
1981.05	131.70	6.35	14.87	89.80	1981.37	14.10	476.16	22.97	111823.30	53.75	12622.96	8.82
1981.06	132.30	6.39	15.01	90.60	1981.46	13.47	474.11	22.90	111788.99	53.79	12682.94	8.77
1981.07	129.10	6.43	15.10	91.60	1981.54	14.28	457.59	22.80	108342.26	53.51	12669.33	8.45
1981.08	129.60	6.48	15.18	92.30	1981.62	14.94	455.88	22.78	108386.53	53.41	12698.03	8.40
1981.09	118.30	6.52	15.27	93.20	1981.71	15.32	412.11	22.71	98430.78	53.19	12705.31	7.58
1981.10	119.80	6.56	15.30	93.40	1981.79	15.15	416.44	22.79	99919.05	53.19	12760.95	7.65
1981.11	122.90	6.59	15.33	93.70	1981.87	13.39	425.85	22.85	102633.20	53.12	12802.01	7.81
1981.12	123.80	6.63	15.36	94.00	1981.96	13.72	427.60	22.90	103514.76	53.05	12843.19	7.83
1982.01	117.30	6.66	15.18	94.30	1982.04	14.59	403.86	22.93	98230.37	52.25	12709.40	7.39
1982.02	114.50	6.69	14.99	94.60	1982.12	14.43	392.97	22.96	96046.88	51.46	12576.94	7.18
1982.03	110.80	6.72	14.81	94.50	1982.21	13.86	380.67	23.09	93511.78	50.88	12499.18	6.95
1982.04	116.30	6.75	14.60	94.90	1982.29	13.87	397.89	23.09	98212.63	49.94	12326.57	7.26
1982.05	116.40	6.78	14.38	95.80	1982.37	13.62	394.49	22.98	97846.27	48.75	12090.65	7.19
1982.06	109.70	6.81	14.17	97.00	1982.46	14.30	367.18	22.79	91544.57	47.43	11824.85	6.69
1982.07	109.40	6.82	13.97	97.50	1982.54	13.95	364.30	22.72	91298.11	46.51	11655.70	6.64
1982.08	109.70	6.84	13.76	97.70	1982.62	13.06	364.55	22.72	91835.55	45.74	11521.97	6.64
1982.09	122.40	6.85	13.56	97.90	1982.71	12.34	405.92	22.72	102734.94	44.97	11381.42	7.40
1982.10	132.70	6.86	13.25	98.20	1982.79	10.91	438.74	22.67	111517.98	43.82	11137.76	8.00
1982.11	138.10	6.86	12.95	98.00	1982.87	10.55	457.52	22.74	116774.49	42.89	10947.46	8.35
1982.12	139.40	6.87	12.64	97.60	1982.96	10.54	463.72	22.85	118842.91	42.05	10776.00	8.47
1983.01	144.30	6.88	12.57	97.80	1983.04	10.46	479.04	22.85	123256.76	41.72	10734.10	8.76
1983.02	146.80	6.90	12.49	97.90	1983.12	10.72	486.84	22.87	125754.52	41.43	10702.24	8.91
1983.03	151.90	6.91	12.42	97.90	1983.21	10.51	503.76	22.92	130616.65	41.19	10679.78	9.23
1983.04	157.70	6.92	12.48	98.60	1983.29	10.40	519.28	22.79	135133.63	41.08	10691.32	9.53
1983.05	164.10	6.93	12.53	99.20	1983.37	10.38	537.08	22.68	140259.17	41.02	10712.43	9.87
1983.06	166.40	6.94	12.59	99.50	1983.46	10.85	542.97	22.65	142289.02	41.08	10765.74	10.00
1983.07	167.00	6.96	12.83	99.90	1983.54	11.38	542.74	22.62	142724.28	41.69	10962.16	10.01
1983.08	162.40	6.98	13.06	100.20	1983.62	11.85	526.21	22.62	138873.03	42.33	11170.81	9.73
1983.09	167.20	7.00	13.30	100.70	1983.71	11.65	539.08	22.57	142764.08	42.88	11356.23	9.98
1983.10	167.70	7.03	13.54	101.00	1983.79	11.54	539.08	22.60	143264.41	43.54	11569.90	10.00
1983.11	165.20	7.06	13.79	101.20	1983.87	11.69	530.00	22.65	141351.39	44.23	11796.42	9.85
1983.12	164.40	7.09	14.03	101.30	1983.96	11.83	526.91	22.72	141033.06	44.97	12035.85	9.82
1984.01	166.40	7.12	14.44	101.90	1984.04	11.67	530.18	22.69	142414.27	46.01	12358.55	9.89
1984.02	157.30	7.15	14.85	102.40	1984.12	11.84	498.74	22.67	134476.09	47.08	12695.30	9.32
1984.03	157.40	7.18	15.26	102.60	1984.21	12.32	498.08	22.72	134809.80	48.29	13069.87	9.33
1984.04	157.60	7.22	15.57	103.10	1984.29	12.63	496.30	22.75	134839.54	49.04	13324.22	9.31
1984.05	156.60	7.27	15.89	103.40	1984.37	13.41	491.72	22.82	134111.82	49.88	13605.33	9.23
1984.06	153.10	7.31	16.20	103.70	1984.46	13.56	479.34	22.89	131255.30	50.72	13888.54	9.01
1984.07	151.10	7.33	16.32	104.10	1984.54	13.36	471.26	22.87	129564.81	50.90	13994.03	8.87
1984.08	164.40	7.36	16.44	104.50	1984.62	12.72	510.78	22.86	140953.33	51.08	14095.33	9.62
1984.09	166.10	7.38	16.56	105.00	1984.71	12.52	513.60	22.82	142257.51	51.21	14182.93	9.69
1984.10	164.80	7.43	16.59	105.30	1984.79	12.16	508.13	22.91	141270.78	51.14	14218.54	9.60
1984.11	166.30	7.48	16.61	105.30	1984.87	11.57	512.75	23.06	143090.95	51.22	14294.73	9.69
1984.12	164.50	7.53	16.64	105.30	1984.96	11.50	507.20	23.22	142082.09	51.31	14372.32	9.60
1985.01	171.60	7.57	16.56	105.50	1985.04	11.38	528.09	23.31	148477.60	50.95	14325.75	10.00
1985.02	180.90	7.62	16.47	106.00	1985.12	11.51	554.09	23.33	156332.75	50.46	14236.13	10.49
1985.03	179.40	7.66	16.39	106.40	1985.21	11.86	547.43	23.37	155003.18	50.01	14161.10	10.37
1985.04	180.60	7.69	16.13	106.90	1985.29	11.43	548.51	23.35	155861.01	48.99	13920.48	10.40
1985.05	184.90	7.71	15.87	107.30	1985.37	10.85	559.48	23.34	159529.78	48.02	13692.47	10.61
1985.06	188.90	7.74	15.61	107.60	1985.46	10.16	569.99	23.35	163081.48	47.10	13476.45	10.81
1985.07	192.50	7.77	15.48	107.80	1985.54	10.31	579.77	23.41	166439.31	46.63	13387.17	11.00
1985.08	188.30	7.81	15.36	108.00	1985.62	10.33	566.07	23.47	163067.85	46.17	13298.91	10.74
1985.09	184.10	7.84	15.23	108.30	1985.71	10.37	551.91	23.50	159553.24	45.66	13199.33	10.47
1985.10	186.20	7.86	15.02	108.70	1985.79	10.24	556.15	23.48	161344.98	44.87	13017.91	10.55
1985.11	197.50	7.88	14.82	109.00	1985.87	9.78	588.28	23.47	171233.02	44.13	12846.12	11.16
1985.12	207.30	7.90	14.61	109.30	1985.96	9.26	615.78	23.47	179805.55	43.40	12672.26	11.69
1986.01	208.20	7.94	14.58	109.60	1986.04	9.19	616.76	23.52	180664.21	43.19	12651.70	11.72
1986.02	219.40	7.98	14.55	109.30	1986.12	8.70	651.72	23.70	191484.13	43.22	12698.70	12.39
1986.03	232.30	8.02	14.52	108.80	1986.21	7.78	693.21	23.93	204260.46	43.33	12767.38	13.19
1986.04	238.00	8.05	14.58	108.60	1986.29	7.30	711.53	24.06	210248.55	43.60	12882.85	13.55
1986.05	238.50	8.07	14.65	108.90	1986.37	7.71	711.06	24.07	210702.53	43.67	12939.61	13.56
1986.06	245.30	8.10	14.71	109.50	1986.46	7.80	727.32	24.02	216115.59	43.62	12959.89	13.89
1986.07	240.20	8.14	14.76	109.50	1986.54	7.30	712.20	24.15	212220.23	43.75	13037.76	13.62
1986.08	245.00	8.19	14.80	109.70	1986.62	7.17	725.11	24.23	216668.12	43.81	13091.44	13.89
1986.09	238.30	8.23	14.85	110.20	1986.71	7.45	702.08	24.25	210390.50	43.75	13110.78	13.47
1986.10	237.40	8.25	14.73	110.30	1986.79	7.43	698.80	24.27	210012.06	43.35	13027.74	13.43
1986.11	245.10	8.26	14.60	110.40	1986.87	7.25	720.81	24.30	217235.96	42.95	12943.13	13.87
1986.12	248.60	8.28	14.48	110.50	1986.96	7.11	730.44	24.33	220749.67	42.55	12857.82	14.09
1987.01	264.50	8.30	14.69	111.20	1987.04	7.08	772.26	24.23	234000.24	42.88	12993.16	14.92
1987.02	280.90	8.32	14.89	111.60	1987.12	7.25	817.21	24.20	248229.61	43.33	13161.12	15.82
1987.03	292.50	8.34	15.10	112.10	1987.21	7.25	847.16	24.15	257938.99	43.73	13315.82	16.43
1987.04	289.30	8.40	14.87	112.70	1987.29	8.02	833.43	24.20	254372.89	42.85	13077.65	16.20
1987.05	289.10	8.46	14.65	113.10	1987.37	8.61	829.91	24.29	253915.71	42.05	12864.15	16.16
1987.06	301.40	8.52	14.42	113.50	1987.46	8.40	862.17	24.37	264407.23	41.25	12650.14	16.83
1987.07	310.10	8.57	14.90	113.80	1987.54	8.45	884.72	24.44	271946.89	42.51	13066.78	17.31
1987.08	329.40	8.61	15.38	114.40	1987.62	8.76	934.85	24.44	287983.41	43.65	13446.22	18.33
1987.09	318.70	8.66	15.86	115.00	1987.71	9.42	899.76	24.45	277802.68	44.78	13824.76	17.68
1987.10	280.20	8.71	16.41	115.30	1987.79	9.52	789.01	24.53	244238.76	46.20	14301.04	15.53
1987.11	245.00	8.76	16.95	115.40	1987.87	8.86	689.29	24.65	214007.07	47.70	14808.68	13.59
1987.12	241.00	8.81	17.50	115.40	1987.96	8.99	678.04	24.79	211154.37	49.24	15332.79	13.39
1988.01	250.50	8.86	17.86	115.70	1988.04	8.67	702.94	24.85	219553.78	50.13	15656.51	13.90
1988.02	258.10	8.90	18.23	116.00	1988.12	8.21	722.40	24.92	226278.46	51.01	15979.50	14.30
1988.03	265.70	8.95	18.59	116.50	1988.21	8.37	740.48	24.94	232592.76	51.81	16273.61	14.67
1988.04	262.60	9.04	19.62	117.10	1988.29	8.72	728.09	25.07	229357.50	54.39	17133.42	14.43
1988.05	256.10	9.14	20.64	117.50	1988.37	9.09	707.65	25.25	223581.61	57.04	18022.11	14.03
1988.06	270.70	9.23	21.67	118.00	1988.46	8.92	744.82	25.40	235995.04	59.62	18891.81	14.77
1988.07	269.10	9.31	22.02	118.50	1988.54	9.06	737.29	25.50	234283.57	60.34	19173.90	14.61
1988.08	263.70	9.38	22.38	119.00	1988.62	9.26	719.46	25.60	229295.51	61.05	19457.25	14.24
1988.09	268.00	9.46	22.73	119.80	1988.71	8.98	726.31	25.64	232159.24	61.60	19690.22	14.37
1988.10	277.40	9.55	23.07	120.20	1988.79	8.80	749.28	25.80	240189.57	62.32	19978.25	14.81
1988.11	271.00	9.64	23.42	120.30	1988.87	8.96	731.39	26.02	235148.01	63.20	20318.78	14.45
1988.12	276.50	9.75	23.75	120.50	1988.96	9.11	744.99	26.27	240226.02	63.99	20634.24	14.70
1989.01	285.40	9.81	24.16	121.10	1989.04	9.09	765.16	26.31	247436.88	64.77	20946.30	15.09
1989.02	294.00	9.90	24.56	121.60	1989.12	9.17	784.98	26.42	254556.93	65.58	21265.03	15.47
1989.03	292.70	10.01	24.96	122.30	1989.21	9.36	777.04	26.57	252698.91	66.26	21548.91	15.30
1989.04	302.30	10.09	25.05	123.10	1989.29	9.18	797.31	26.60	260011.82	66.06	21542.96	15.69
1989.05	313.90	10.19	25.13	123.80	1989.37	8.86	823.22	26.73	269189.01	65.91	21553.39	16.19
1989.06	323.70	10.37	25.22	124.10	1989.46	8.28	846.87	27.13	277661.36	65.98	21633.05	16.64
1989.07	331.90	10.42	24.71	124.40	1989.54	8.02	866.23	27.20	284751.81	64.49	21199.81	17.01
1989.08	346.60	10.55	24.20	124.60	1989.62	8.11	903.14	27.48	297639.12	63.06	20781.50	17.73
1989.09	347.30	10.73	23.69	125.00	1989.71	8.19	902.07	27.87	298051.27	61.53	20330.65	17.71
1989.10	347.40	10.80	23.43	125.60	1989.79	8.01	898.02	27.91	297481.32	60.56	20060.46	17.64
1989.11	340.20	10.92	23.16	125.90	1989.87	7.87	877.31	28.17	291399.36	59.73	19840.60	17.24
1989.12	348.60	11.06	22.87	126.10	1989.96	7.84	897.55	28.48	298909.02	58.88	19610.01	17.65
1990.01	339.97	11.14	22.49	127.40	1990.04	8.21	866.40	28.39	289322.48	57.31	19139.52	17.05
1990.02	330.45	11.23	22.08	128.00	1990.12	8.47	838.19	28.48	280695.20	56.01	18755.48	16.51
1990.03	338.46	11.32	21.67	128.70	1990.21	8.59	853.83	28.56	286732.39	54.67	18358.12	16.83
1990.04	338.18	11.44	21.53	128.90	1990.29	8.79	851.80	28.81	286856.81	54.24	18265.34	16.81
1990.05	350.25	11.55	21.40	129.20	1990.37	8.76	880.16	29.03	297219.94	53.77	18157.10	17.39
1990.06	360.39	11.66	21.26	129.90	1990.46	8.48	900.76	29.14	304996.77	53.14	17992.26	17.82
1990.07	360.03	11.73	21.42	130.40	1990.54	8.47	896.41	29.20	304347.66	53.33	18107.18	17.75
1990.08	330.75	11.78	21.58	131.60	1990.62	8.75	816.00	29.07	277869.11	53.24	18129.75	16.17
1990.09	315.41	11.83	21.74	132.70	1990.71	8.89	771.70	28.94	263606.51	53.19	18169.38	15.30
1990.10	307.12	11.93	21.61	133.50	1990.79	8.72	746.92	29.01	255965.61	52.55	18007.85	14.82
1990.11	315.29	12.01	21.47	133.80	1990.87	8.39	765.07	29.15	263018.11	52.11	17913.24	15.19
1990.12	328.75	12.09	21.34	133.80	1990.96	8.08	797.73	29.34	275087.05	51.78	17856.60	15.85
1991.01	325.49	12.11	21.18	134.60	1991.04	8.09	785.12	29.20	271579.60	51.10	17674.74	15.61
1991.02	362.26	12.11	21.03	134.80	1991.12	7.85	872.52	29.18	302651.98	50.64	17566.86	17.35
1991.03	372.28	12.11	20.94	135.00	1991.21	8.11	895.33	29.12	311404.33	50.36	17515.87	17.82
1991.04	379.68	12.13	20.36	135.20	1991.29	8.04	911.77	29.13	317968.75	48.90	17053.55	18.16
1991.05	377.99	12.14	19.86	135.60	1991.37	8.07	905.04	29.07	316464.39	47.54	16624.62	18.04
1991.06	378.29	12.15	19.41	136.00	1991.46	8.28	903.09	29.01	316629.24	46.34	16246.20	18.02
1991.07	380.23	12.19	18.84	136.20	1991.54	8.27	906.39	29.07	318634.93	44.91	15788.03	18.10
1991.08	389.40	12.24	18.33	136.60	1991.62	7.90	925.53	29.08	326215.93	43.57	15355.77	18.51
1991.09	387.20	12.28	17.82	137.20	1991.71	7.65	916.28	29.06	323807.90	42.17	14902.52	18.36
1991.10	386.88	12.25	17.20	137.40	1991.79	7.53	914.19	28.95	323922.03	40.65	14403.76	18.35
1991.11	385.92	12.23	16.59	137.80	1991.87	7.42	909.27	28.81	323030.93	39.08	13883.75	18.29
1991.12	388.51	12.20	15.97	137.90	1991.96	7.09	914.71	28.72	325813.42	37.60	13392.81	18.44
1992.01	416.08	12.24	16.05	138.10	1992.04	7.03	978.20	28.78	349283.07	37.73	13470.58	19.77
1992.02	412.56	12.28	16.12	138.60	1992.12	7.34	966.43	28.77	345934.74	37.77	13519.51	19.58
1992.03	407.36	12.32	16.19	139.30	1992.21	7.54	949.45	28.71	340714.59	37.73	13541.26	19.28
1992.04	407.41	12.32	16.48	139.50	1992.29	7.48	948.21	28.67	341125.34	38.36	13801.51	19.30
1992.05	414.81	12.32	16.77	139.70	1992.37	7.39	964.05	28.63	347682.53	38.97	14053.39	19.66
1992.06	408.27	12.32	17.05	140.20	1992.46	7.26	945.46	28.53	341837.94	39.48	14275.69	19.32
1992.07	415.05	12.34	17.38	140.50	1992.54	6.84	959.11	28.52	347632.10	40.16	14556.91	19.62
1992.08	417.93	12.37	17.71	140.90	1992.62	6.59	963.02	28.50	349911.26	40.81	14827.67	19.72
1992.09	418.48	12.40	18.04	141.30	1992.71	6.42	961.56	28.49	350242.60	41.45	15098.40	19.71
1992.10	412.50	12.39	18.39	141.80	1992.79	6.59	944.48	28.36	344881.23	42.11	15375.43	19.37
1992.11	422.84	12.38	18.74	142.00	1992.87	6.87	966.79	28.31	353889.89	42.85	15684.17	19.83
1992.12	435.64	12.39	19.09	141.90	1992.96	6.77	996.76	28.35	365724.36	43.68	16026.26	20.45
1993.01	435.23	12.41	19.34	142.60	1993.04	6.60	990.93	28.26	364450.73	44.03	16194.83	20.32
1993.02	441.70	12.45	19.59	143.10	1993.12	6.26	1002.15	28.24	369441.71	44.45	16385.25	20.55
1993.03	450.16	12.48	19.84	143.60	1993.21	5.98	1017.79	28.22	376073.57	44.86	16574.77	20.86
1993.04	443.08	12.49	19.67	144.00	1993.29	5.97	999.00	28.17	369997.91	44.35	16425.61	20.46
1993.05	445.25	12.51	19.50	144.20	1993.37	6.04	1002.50	28.16	372163.42	43.91	16299.13	20.52
1993.06	448.06	12.52	19.33	144.40	1993.46	5.96	1007.43	28.15	374864.31	43.46	16172.23	20.61
1993.07	447.29	12.52	19.69	144.40	1993.54	5.81	1005.70	28.15	375092.99	44.27	16511.84	20.56
1993.08	454.13	12.52	20.05	144.80	1993.62	5.68	1018.25	28.07	380649.45	44.96	16805.81	20.81
1993.09	459.24	12.52	20.41	145.10	1993.71	5.36	1027.58	28.01	385009.47	45.67	17110.97	20.99
1993.10	463.90	12.54	20.90	145.70	1993.79	5.33	1033.74	27.94	388187.14	46.57	17488.92	21.11
1993.11	462.89	12.56	21.39	145.80	1993.87	5.72	1030.78	27.97	387951.56	47.63	17927.12	21.04
1993.12	465.95	12.58	21.89	145.80	1993.96	5.77	1037.59	28.01	391394.78	48.75	18387.45	21.16
1994.01	472.99	12.62	22.16	146.20	1994.04	5.75	1050.39	28.03	397102.51	49.20	18601.83	21.41
1994.02	471.58	12.67	22.43	146.70	1994.12	5.97	1043.69	28.03	395452.50	49.65	18811.88	21.26
1994.03	463.81	12.71	22.71	147.20	1994.21	6.48	1023.00	28.03	388500.87	50.09	19022.56	20.83
1994.04	447.23	12.75	23.54	147.40	1994.29	6.97	985.10	28.09	374993.68	51.85	19737.83	20.06
1994.05	450.90	12.80	24.37	147.50	1994.37	7.18	992.51	28.17	378708.13	53.64	20468.21	20.20
1994.06	454.83	12.84	25.20	148.00	1994.46	7.10	997.77	28.17	381613.99	55.28	21143.44	20.29
1994.07	451.40	12.87	25.91	148.40	1994.54	7.30	987.58	28.16	378612.71	56.69	21732.07	20.07
1994.08	464.24	12.90	26.62	149.00	1994.62	7.24	1011.58	28.11	388712.34	58.01	22289.17	20.54
1994.09	466.96	12.92	27.33	149.40	1994.71	7.46	1014.78	28.08	390842.08	59.39	22875.01	20.58
1994.10	463.81	13.01	28.42	149.50	1994.79	7.74	1007.27	28.26	388852.94	61.72	23827.00	20.40
1994.11	461.01	13.10	29.51	149.70	1994.87	7.96	999.85	28.40	386902.87	64.00	24766.28	20.21
1994.12	455.19	13.17	30.60	149.70	1994.96	7.81	987.22	28.56	382939.51	66.37	25742.98	19.91
1995.01	465.25	13.18	31.25	150.30	1995.04	7.78	1005.01	28.47	390760.55	67.50	26246.68	20.22
1995.02	481.92	13.18	31.90	150.90	1995.12	7.47	1036.88	28.36	404071.01	68.64	26746.90	20.80
1995.03	493.15	13.17	32.55	151.40	1995.21	7.20	1057.54	28.24	413038.55	69.80	27262.30	21.15
1995.04	507.91	13.24	33.18	151.90	1995.29	7.06	1085.61	28.31	424921.83	70.91	27755.91	21.64
1995.05	523.81	13.31	33.80	152.20	1995.37	6.63	1117.39	28.39	438286.00	72.11	28284.14	22.20
1995.06	539.35	13.36	34.43	152.50	1995.46	6.17	1148.27	28.44	451330.68	73.30	28811.19	22.72
1995.07	557.37	13.44	34.68	152.50	1995.54	6.28	1186.64	28.61	467347.13	73.83	29078.71	23.38
1995.08	559.11	13.51	34.93	152.90	1995.62	6.49	1187.23	28.69	468521.18	74.17	29270.53	23.28
1995.09	578.77	13.58	35.18	153.20	1995.71	6.20	1226.57	28.78	484992.53	74.56	29479.82	23.95
1995.10	582.92	13.65	34.77	153.70	1995.79	6.04	1231.35	28.83	487831.16	73.45	29100.90	23.93
1995.11	595.53	13.72	34.37	153.60	1995.87	5.93	1258.80	29.00	499666.08	72.64	28834.61	24.35
1995.12	614.57	13.79	33.96	153.50	1995.96	5.71	1299.89	29.17	516941.89	71.83	28565.25	25.03
1996.01	614.42	13.89	33.99	154.40	1996.04	5.65	1292.00	29.21	514771.37	71.47	28474.63	24.76
1996.02	649.54	14.00	34.01	154.90	1996.12	5.81	1361.44	29.34	543412.96	71.29	28455.94	25.98
1996.03	647.07	14.10	34.04	155.70	1996.21	6.27	1349.30	29.40	539543.01	70.98	28383.40	25.63
1996.04	647.17	14.16	34.33	156.30	1996.29	6.51	1344.32	29.41	538534.80	71.31	28567.30	25.42
1996.05	661.23	14.21	34.62	156.60	1996.37	6.74	1370.90	29.47	550164.31	71.78	28804.94	25.81
1996.06	668.50	14.27	34.91	156.70	1996.46	6.91	1385.09	29.57	556847.01	72.33	29079.33	25.97
1996.07	644.07	14.40	35.27	157.00	1996.54	6.87	1331.92	29.78	536469.83	72.94	29380.44	24.86
1996.08	662.68	14.53	35.64	157.30	1996.62	6.64	1367.79	29.99	551924.70	73.56	29680.65	25.41
1996.09	674.88	14.66	36.00	157.80	1996.71	6.83	1388.56	30.16	561318.95	74.07	29942.33	25.68
1996.10	701.46	14.74	36.91	158.30	1996.79	6.53	1438.69	30.23	582602.00	75.70	30655.83	26.48
1996.11	735.67	14.82	37.82	158.60	1996.87	6.20	1506.00	30.34	610883.36	77.42	31404.85	27.59
1996.12	743.25	14.90	38.73	158.60	1996.96	6.30	1521.52	30.50	618208.67	79.28	32214.22	27.72
1997.01	766.22	14.95	39.23	159.10	1997.04	6.58	1563.61	30.51	636344.62	80.06	32583.20	28.33
1997.02	798.39	15.01	39.74	159.60	1997.12	6.42	1624.15	30.53	662019.84	80.84	32949.42	29.27
1997.03	792.16	15.06	40.24	160.00	1997.21	6.69	1607.45	30.56	656249.86	81.66	33336.06	28.80
1997.04	763.93	15.09	40.34	160.20	1997.29	6.89	1548.23	30.59	633113.84	81.76	33434.87	27.59
1997.05	833.09	15.13	40.45	160.10	1997.37	6.71	1689.45	30.68	691907.42	82.02	33592.25	29.93
1997.06	876.29	15.16	40.55	160.30	1997.46	6.49	1774.84	30.71	727926.27	82.13	33684.52	31.26
1997.07	925.29	15.22	40.58	160.50	1997.54	6.22	1871.75	30.78	768724.39	82.09	33713.58	32.77
1997.08	927.24	15.27	40.61	160.80	1997.62	6.30	1872.19	30.84	769962.67	82.00	33721.78	32.59
1997.09	937.02	15.33	40.64	161.20	1997.71	6.21	1887.25	30.88	777211.25	81.85	33708.85	32.67
1997.10	951.16	15.39	40.33	161.60	1997.79	6.03	1910.98	30.91	788047.76	81.03	33416.64	32.90
1997.11	938.92	15.44	40.03	161.50	1997.87	5.88	1887.56	31.05	779455.35	80.47	33228.63	32.34
1997.12	962.37	15.50	39.72	161.30	1997.96	5.81	1937.10	31.20	800986.87	79.95	33059.22	33.03
1998.01	963.36	15.55	39.66	161.60	1998.04	5.54	1935.50	31.24	801398.87	79.68	32992.32	32.86
1998.02	1023.74	15.60	39.60	161.90	1998.12	5.57	2052.99	31.28	851129.09	79.41	32923.12	34.71
1998.03	1076.83	15.64	39.54	162.20	1998.21	5.65	2155.47	31.31	894693.40	79.15	32852.15	36.30
1998.04	1112.20	15.75	39.35	162.50	1998.29	5.64	2222.16	31.47	923463.36	78.62	32672.44	37.28
1998.05	1108.42	15.85	39.16	162.80	1998.37	5.65	2210.52	31.61	919723.56	78.10	32493.44	36.96
1998.06	1108.39	15.95	38.97	163.00	1998.46	5.50	2207.75	31.77	919671.74	77.62	32334.83	36.80
1998.07	1156.58	16.02	38.68	163.20	1998.54	5.46	2300.91	31.86	959586.81	76.94	32089.13	38.26
1998.08	1074.62	16.08	38.38	163.40	1998.62	5.34	2135.24	31.96	891605.89	76.27	31846.40	35.42
1998.09	1020.64	16.14	38.09	163.60	1998.71	4.81	2025.51	32.03	846898.35	75.59	31606.01	33.53
1998.10	1032.47	16.17	37.96	164.00	1998.79	4.53	2043.99	32.01	855740.16	75.16	31465.05	33.77
1998.11	1144.43	16.18	37.84	164.00	1998.87	4.83	2265.64	32.04	949653.52	74.91	31397.08	37.37
1998.12	1190.05	16.20	37.71	163.90	1998.96	4.65	2357.39	32.09	989232.65	74.70	31346.55	38.82
1999.01	1248.77	16.28	37.93	164.30	1999.04	4.72	2467.69	32.18	1036641.85	74.96	31489.61	40.58
1999.02	1246.58	16.37	38.16	164.50	1999.12	5.00	2460.36	32.30	1034696.55	75.31	31671.11	40.40
1999.03	1281.66	16.45	38.38	165.00	1999.21	5.23	2521.93	32.37	1061724.64	75.52	31793.92	41.36
1999.04	1334.76	16.45	39.26	166.20	1999.29	5.18	2607.46	32.14	1098856.49	76.69	32321.25	42.70
1999.05	1332.07	16.45	40.14	166.20	1999.37	5.54	2602.20	32.14	1097770.47	78.41	33079.72	42.56
1999.06	1322.55	16.45	41.02	166.20	1999.46	5.90	2583.60	32.14	1091054.67	80.13	33839.98	42.18
1999.07	1380.99	16.51	42.00	166.70	1999.54	5.79	2689.67	32.16	1136980.22	81.80	34578.94	43.83
1999.08	1327.49	16.58	42.98	167.10	1999.62	5.94	2579.29	32.21	1091451.59	83.51	35337.81	41.93
1999.09	1318.17	16.64	43.96	167.90	1999.71	5.92	2548.97	32.18	1079759.46	85.01	36009.18	41.32
1999.10	1300.01	16.66	45.36	168.20	1999.79	6.11	2509.37	32.15	1064119.63	87.56	37132.03	40.55
1999.11	1391.00	16.67	46.77	168.30	1999.87	6.03	2683.42	32.16	1139059.36	90.22	38296.20	43.21
1999.12	1428.68	16.69	48.17	168.30	1999.96	6.28	2756.10	32.20	1171053.61	92.93	39483.76	44.20
2000.01	1425.59	16.71	49.10	168.80	2000.04	6.66	2742.00	32.15	1166197.80	94.43	40163.32	43.77
2000.02	1388.87	16.74	50.02	169.80	2000.12	6.52	2655.64	32.00	1130602.23	95.65	40721.23	42.19
2000.03	1442.21	16.76	50.95	171.20	2000.21	6.26	2735.08	31.78	1165550.36	96.62	41176.24	43.22
2000.04	1461.36	16.74	51.27	171.30	2000.29	5.99	2769.78	31.73	1181464.10	97.18	41452.90	43.53
2000.05	1418.48	16.72	51.60	171.50	2000.37	6.44	2685.37	31.65	1146584.74	97.68	41706.58	41.97
2000.06	1461.96	16.70	51.92	172.40	2000.46	6.10	2753.23	31.45	1176680.37	97.78	41788.59	42.78
2000.07	1473.00	16.58	52.51	172.80	2000.54	6.05	2767.60	31.16	1183931.42	98.67	42207.87	42.76
2000.08	1485.46	16.47	53.11	172.80	2000.62	5.83	2791.01	30.94	1195049.14	99.78	42724.19	42.87
2000.09	1468.05	16.35	53.70	173.70	2000.71	5.80	2744.01	30.56	1176013.89	100.37	43017.57	41.90
2000.10	1390.14	16.32	52.47	174.00	2000.79	5.74	2593.91	30.46	1112770.16	97.90	41998.17	39.37
2000.11	1378.04	16.30	51.23	174.10	2000.87	5.72	2569.85	30.39	1103537.30	95.54	41027.76	38.78
2000.12	1330.93	16.27	50.00	174.00	2000.96	5.24	2483.42	30.36	1067510.43	93.30	40103.93	37.27
2001.01	1335.63	16.17	48.48	175.10	2001.04	5.16	2476.54	29.98	1065624.29	89.89	38679.47	36.98
2001.02	1305.75	16.07	46.96	175.80	2001.12	5.10	2411.49	29.68	1038700.73	86.73	37355.84	35.83
2001.03	1185.85	15.97	45.44	176.20	2001.21	4.89	2185.09	29.43	942237.20	83.73	36105.12	32.33
2001.04	1189.84	15.88	42.56	176.90	2001.29	5.14	2183.76	29.14	942713.61	78.11	33717.77	32.17
2001.05	1270.37	15.78	39.67	177.70	2001.37	5.39	2321.07	28.84	1003023.85	72.49	31324.18	34.07
2001.06	1238.71	15.69	36.79	178.00	2001.46	5.28	2259.41	28.62	977408.86	67.10	29029.29	33.07
2001.07	1204.45	15.71	33.96	177.50	2001.54	5.24	2203.11	28.73	954088.68	62.12	26903.59	32.16
2001.08	1178.50	15.72	31.14	177.50	2001.62	4.97	2155.64	28.76	934570.66	56.95	24691.91	31.40
2001.09	1044.64	15.74	28.31	178.30	2001.71	4.73	1902.22	28.66	825735.94	51.55	22377.65	27.67
2001.10	1076.59	15.74	27.10	177.70	2001.79	4.57	1967.02	28.76	854904.48	49.52	21522.36	28.58
2001.11	1129.68	15.74	25.90	177.40	2001.87	4.65	2067.51	28.81	899622.83	47.40	20622.86	30.01
2001.12	1144.93	15.74	24.69	176.70	2001.96	5.09	2103.72	28.92	916427.87	45.37	19762.43	30.50
2002.01	1140.21	15.74	24.69	177.10	2002.04	5.04	2090.31	28.85	911635.84	45.27	19743.14	30.28
2002.02	1100.67	15.73	24.70	177.80	2002.12	4.91	2009.88	28.73	877601.79	45.10	19691.50	29.09
2002.03	1153.79	15.73	24.70	178.80	2002.21	5.28	2095.10	28.56	915850.34	44.85	19606.26	30.29
2002.04	1111.93	15.83	25.38	179.80	2002.29	5.21	2007.86	28.59	878755.50	45.83	20057.75	29.01
2002.05	1079.25	15.94	26.06	179.80	2002.37	5.16	1948.84	28.78	853978.14	47.06	20620.50	28.13
2002.06	1014.02	16.04	26.74	179.90	2002.46	4.93	1830.04	28.95	802974.67	48.26	21174.67	26.39
2002.07	903.59	15.96	27.84	180.10	2002.54	4.65	1628.93	28.77	715785.60	50.19	22053.67	23.46
2002.08	912.55	15.88	28.94	180.70	2002.62	4.26	1639.62	28.53	721527.87	52.00	22882.05	23.59
2002.09	867.81	15.80	30.04	181.00	2002.71	3.87	1556.65	28.34	686055.25	53.88	23748.40	22.37
2002.10	854.63	15.89	29.22	181.30	2002.79	3.94	1530.47	28.46	675562.79	52.33	23100.29	21.96
2002.11	909.93	15.98	28.41	181.30	2002.87	4.05	1629.50	28.62	720328.65	50.87	22487.59	23.35
2002.12	899.18	16.07	27.59	180.90	2002.96	4.03	1613.81	28.84	714455.04	49.52	21921.99	23.10
2003.01	895.84	16.12	28.50	181.70	2003.04	4.05	1600.74	28.80	709729.90	50.93	22579.15	22.90
2003.02	837.03	16.17	29.41	183.10	2003.12	3.90	1484.22	28.67	659126.62	52.15	23159.16	21.21
2003.03	846.63	16.22	30.32	184.20	2003.21	3.81	1492.28	28.59	663762.95	53.44	23771.06	21.31
2003.04	890.03	16.20	31.73	183.80	2003.29	3.96	1572.19	28.62	700368.32	56.05	24968.47	22.43
2003.05	935.96	16.19	33.14	183.50	2003.37	3.57	1656.02	28.64	738778.12	58.64	26158.28	23.59
2003.06	988.00	16.17	34.55	183.70	2003.46	3.33	1746.19	28.58	780068.08	61.06	27278.70	24.83
2003.07	992.54	16.31	35.89	183.90	2003.54	3.98	1752.31	28.79	783872.30	63.37	28347.26	24.87
2003.08	989.53	16.45	37.24	184.60	2003.62	4.45	1740.37	28.93	779610.22	65.49	29337.25	24.64
2003.09	1019.44	16.59	38.58	185.20	2003.71	4.27	1787.17	29.08	801658.69	67.63	30338.22	25.24
2003.10	1038.73	16.86	41.97	185.00	2003.79	4.29	1822.95	29.58	818816.69	73.65	33081.75	25.68
2003.11	1049.90	17.12	45.35	184.50	2003.87	4.30	1847.55	30.13	830992.61	79.81	35897.02	25.95
2003.12	1080.64	17.39	48.74	184.30	2003.96	4.27	1903.71	30.64	857399.67	85.86	38671.21	26.64
2004.01	1132.52	17.60	49.83	185.20	2004.04	4.15	1985.41	30.85	895353.58	87.35	39392.23	27.66
2004.02	1143.36	17.81	50.91	186.20	2004.12	4.08	1993.65	31.05	900236.00	88.78	40087.13	27.65
2004.03	1123.98	18.02	52.00	187.40	2004.21	3.83	1947.30	31.22	880484.87	90.09	40734.90	26.89
2004.04	1133.36	18.21	53.38	188.00	2004.29	4.35	1957.29	31.45	886184.48	92.19	41740.91	26.90
2004.05	1102.78	18.41	54.77	189.10	2004.37	4.72	1893.40	31.60	858450.22	94.03	42632.67	25.90
2004.06	1132.76	18.60	56.15	189.70	2004.46	4.73	1938.72	31.83	880201.68	96.10	43630.89	26.40
2004.07	1105.85	18.79	56.69	189.40	2004.54	4.50	1895.66	32.20	861870.99	97.18	44182.73	25.70
2004.08	1088.94	18.97	57.23	189.50	2004.62	4.28	1865.69	32.51	849475.54	98.05	44644.78	25.17
2004.09	1117.66	19.16	57.77	189.90	2004.71	4.13	1910.86	32.76	871286.27	98.77	45035.35	25.67
2004.10	1117.21	19.25	58.03	190.90	2004.79	4.10	1900.09	32.74	867617.41	98.69	45065.69	25.41
2004.11	1168.94	19.35	58.29	191.00	2004.87	4.19	1987.03	32.89	908566.67	99.08	45306.30	26.47
2004.12	1199.21	19.44	58.55	190.30	2004.96	4.23	2045.98	33.17	936786.64	99.89	45737.49	27.14
2005.01	1181.41	19.70	59.11	190.70	2005.04	4.22	2011.38	33.55	922225.99	100.63	46139.53	26.59
2005.02	1199.63	19.97	59.66	191.80	2005.12	4.17	2030.69	33.80	932369.53	101.00	46371.19	26.74
2005.03	1194.90	20.23	60.22	193.30	2005.21	4.50	2006.99	33.98	922786.77	101.15	46506.17	26.34
2005.04	1164.43	20.46	61.23	194.60	2005.29	4.34	1942.74	34.14	894556.45	102.16	47041.62	25.41
2005.05	1178.28	20.70	62.25	194.40	2005.37	4.14	1967.87	34.57	907454.14	103.96	47939.37	25.65
2005.06	1202.25	20.93	63.26	194.50	2005.46	4.00	2006.87	34.94	926781.20	105.60	48765.38	26.07
2005.07	1222.24	21.11	64.33	195.40	2005.54	4.18	2030.84	35.08	939201.12	106.89	49432.85	26.29
2005.08	1224.27	21.29	65.40	196.40	2005.62	4.26	2023.86	35.19	937327.37	108.11	50071.64	26.10
2005.09	1225.92	21.47	66.47	198.80	2005.71	4.20	2002.12	35.06	928612.86	108.56	50349.86	25.73
2005.10	1191.96	21.72	67.59	199.20	2005.79	4.46	1942.75	35.40	902444.02	110.16	51173.02	24.88
2005.11	1237.37	21.97	68.71	197.60	2005.87	4.54	2033.09	36.10	945807.34	112.90	52519.80	25.93
2005.12	1262.07	22.22	69.83	196.80	2005.96	4.47	2082.11	36.66	970029.85	115.20	53671.50	26.44
2006.01	1278.73	22.41	70.78	198.30	2006.04	4.42	2093.64	36.69	976824.61	115.88	54066.45	26.47
2006.02	1276.65	22.59	71.72	198.70	2006.12	4.57	2086.02	36.92	974707.82	117.19	54759.95	26.25
2006.03	1293.74	22.78	72.67	199.80	2006.21	4.72	2102.31	37.02	983759.13	118.09	55258.22	26.33
2006.04	1302.17	23.00	73.28	201.50	2006.29	4.99	2098.15	37.06	983260.64	118.07	55330.77	26.15
2006.05	1290.01	23.22	73.88	202.50	2006.37	5.11	2068.30	37.23	970722.33	118.46	55596.62	25.65
2006.06	1253.17	23.44	74.49	202.90	2006.46	5.11	2005.27	37.51	942608.45	119.20	56029.83	24.75
2006.07	1260.24	23.66	75.85	203.50	2006.54	5.09	2010.64	37.75	946610.16	121.01	56973.58	24.70
2006.08	1287.15	23.88	77.21	203.90	2006.62	4.88	2049.54	38.02	966418.36	122.94	57970.84	25.05
2006.09	1317.74	24.10	78.57	202.90	2006.71	4.72	2108.59	38.56	995777.51	125.72	59373.05	25.64
2006.10	1363.38	24.36	79.55	201.80	2006.79	4.73	2193.51	39.19	1037424.61	127.99	60531.27	26.54
2006.11	1388.64	24.62	80.53	201.50	2006.87	4.60	2237.48	39.67	1059782.13	129.76	61458.88	26.93
2006.12	1416.42	24.88	81.51	201.80	2006.96	4.56	2278.85	40.03	1080956.23	131.14	62205.24	27.28
2007.01	1424.16	25.08	82.06	202.42	2007.04	4.76	2284.33	40.23	1085145.87	131.62	62523.49	27.21
2007.02	1444.80	25.29	82.60	203.50	2007.12	4.72	2305.10	40.34	1096610.96	131.79	62696.37	27.32
2007.03	1406.95	25.49	83.15	205.35	2007.21	4.56	2224.46	40.30	1059844.24	131.46	62636.23	26.23
2007.04	1463.64	25.72	83.74	206.69	2007.29	4.69	2299.15	40.40	1097036.19	131.54	62765.30	26.98
2007.05	1511.14	25.94	84.33	207.95	2007.37	4.75	2359.35	40.51	1127370.07	131.66	62913.51	27.55
2007.06	1514.19	26.17	84.92	208.35	2007.46	5.10	2359.54	40.78	1129084.34	132.33	63322.20	27.42
2007.07	1520.71	26.44	82.81	208.30	2007.54	5.00	2370.30	41.21	1135878.00	129.08	61856.53	27.41
2007.08	1454.62	26.71	80.71	207.92	2007.62	4.67	2271.46	41.71	1090174.62	126.03	60486.15	26.15
2007.09	1497.12	26.98	78.60	208.49	2007.71	4.52	2331.40	42.01	1120623.22	122.40	58833.62	26.73
2007.10	1539.66	27.23	74.46	208.94	2007.79	4.53	2392.52	42.31	1151700.04	115.71	55697.74	27.32
2007.11	1463.39	27.48	70.32	210.18	2007.87	4.15	2260.58	42.45	1089887.83	108.63	52372.17	25.73
2007.12	1479.22	27.73	66.18	210.04	2007.96	4.10	2286.57	42.86	1104139.29	102.30	49398.97	25.96
2008.01	1378.76	27.92	64.25	211.08	2008.04	3.74	2120.74	42.95	1025790.52	98.83	47801.68	24.02
2008.02	1354.87	28.11	62.32	211.69	2008.12	3.74	2077.95	43.11	1006835.32	95.58	46311.44	23.50
2008.03	1316.94	28.30	60.39	213.53	2008.21	3.51	2002.42	43.03	971975.90	91.82	44571.22	22.61
2008.04	1370.47	28.44	57.38	214.82	2008.29	3.68	2071.26	42.98	1007125.05	86.73	42169.62	23.36
2008.05	1403.22	28.57	54.38	216.63	2008.37	3.88	2103.04	42.82	1024316.40	81.50	39693.64	23.70
2008.06	1341.25	28.71	51.37	218.82	2008.46	4.10	1990.11	42.60	971041.10	76.22	37190.96	22.42
2008.07	1257.33	28.76	49.56	219.96	2008.54	4.01	1855.85	42.45	907255.45	73.16	35763.57	20.91
2008.08	1281.47	28.80	47.76	219.09	2008.62	3.89	1899.06	42.68	930118.83	70.77	34662.83	21.40
2008.09	1216.95	28.85	45.95	218.78	2008.71	3.69	1805.94	42.81	886259.51	68.19	33463.68	20.36
2008.10	968.80	28.70	35.59	216.57	2008.79	3.81	1452.36	43.02	714500.04	53.36	26250.45	16.39
2008.11	883.04	28.54	25.24	212.43	2008.87	3.53	1349.65	43.63	665756.57	38.57	19026.86	15.26
2008.12	877.56	28.39	14.88	210.23	2008.96	2.42	1355.29	43.84	670341.68	22.98	11366.38	15.38
2009.01	865.58	28.01	12.21	211.14	2009.04	2.52	1330.99	43.08	660100.69	18.77	9308.94	15.17
2009.02	805.23	27.64	9.53	212.19	2009.12	2.87	1232.07	42.29	612786.12	14.59	7254.94	14.12
2009.03	757.13	27.26	6.86	212.71	2009.21	2.82	1155.66	41.61	576508.49	10.47	5223.47	13.32
2009.04	848.15	26.70	7.08	213.24	2009.29	2.93	1291.36	40.66	645896.70	10.77	5389.14	14.98
2009.05	902.41	26.15	7.29	213.86	2009.37	3.29	1370.02	39.70	686892.68	11.07	5551.51	16.00
2009.06	926.12	25.59	7.51	215.69	2009.46	3.72	1394.04	38.52	700545.75	11.30	5680.80	16.38
2009.07	935.82	25.03	9.19	215.35	2009.54	3.56	1410.88	37.73	710587.41	13.85	6975.63	16.69
2009.08	1009.73	24.46	10.86	215.83	2009.62	3.59	1518.90	36.80	766537.52	16.34	8246.91	18.09
2009.09	1044.55	23.90	12.54	215.97	2009.71	3.40	1570.30	35.93	793986.51	18.85	9531.94	18.83
2009.10	1067.66	23.40	25.35	216.18	2009.79	3.39	1603.50	35.15	812253.12	38.07	19285.74	19.36
2009.11	1088.07	22.91	38.16	216.33	2009.87	3.40	1633.00	34.38	828646.38	57.27	29061.68	19.81
2009.12	1110.38	22.41	50.97	215.95	2009.96	3.59	1669.42	33.69	848553.82	76.63	38951.34	20.32
2010.01	1123.58	22.24	54.29	216.69	2010.04	3.73	1683.51	33.32	857128.39	81.35	41415.39	20.53
2010.02	1089.16	22.07	57.61	216.74	2010.12	3.69	1631.53	33.06	832066.58	86.30	44011.31	19.92
2010.03	1152.05	21.90	60.93	217.63	2010.21	3.73	1718.68	32.67	877900.87	90.90	46430.71	21.00
2010.04	1197.32	21.95	62.99	218.01	2010.29	3.85	1783.12	32.68	912207.40	93.80	47987.93	21.80
2010.05	1125.06	21.99	65.04	218.18	2010.37	3.42	1674.21	32.73	857885.68	96.79	49597.13	20.48
2010.06	1083.36	22.04	67.10	217.97	2010.46	3.20	1613.73	32.83	828297.56	99.95	51302.21	19.74
2010.07	1079.80	22.14	68.69	218.01	2010.54	3.01	1608.09	32.98	826812.05	102.29	52593.97	19.67
2010.08	1087.28	22.25	70.27	218.31	2010.62	2.70	1616.99	33.09	832809.26	104.51	53826.32	19.77
2010.09	1122.08	22.35	71.86	218.44	2010.71	2.65	1667.78	33.22	860390.62	106.81	55100.95	20.38
2010.10	1171.58	22.48	73.69	218.71	2010.79	2.54	1739.19	33.37	898663.53	109.39	56524.11	21.24
2010.11	1198.89	22.60	75.52	218.80	2010.87	2.76	1778.98	33.54	920669.29	112.06	57994.43	21.70
2010.12	1241.53	22.73	77.35	219.18	2010.96	3.29	1839.09	33.67	953230.56	114.58	59388.32	22.40
2011.01	1282.62	22.96	78.67	220.22	2011.04	3.39	1890.95	33.85	981572.71	115.98	60205.15	22.98
2011.02	1321.12	23.20	79.99	221.31	2011.12	3.58	1938.15	34.03	1007547.03	117.35	61004.06	23.49
2011.03	1304.49	23.43	81.31	223.47	2011.21	3.41	1895.27	34.04	986731.60	118.13	61503.84	22.90
2011.04	1331.51	23.73	82.16	224.91	2011.29	3.46	1922.15	34.26	1002212.19	118.61	61843.39	23.14
2011.05	1338.31	24.04	83.02	225.96	2011.37	3.17	1922.92	34.54	1004114.60	119.28	62286.20	23.06
2011.06	1287.29	24.34	83.87	225.72	2011.46	3.00	1851.60	35.01	968393.98	120.64	63093.17	22.10
2011.07	1325.19	24.62	84.91	225.92	2011.54	3.00	1904.43	35.38	997564.67	122.02	63915.28	22.61
2011.08	1185.31	24.90	85.94	226.55	2011.62	2.30	1698.72	35.69	891371.02	123.17	64630.68	20.05
2011.09	1173.88	25.18	86.98	226.89	2011.71	1.98	1679.79	36.03	883012.65	124.47	65427.85	19.70
2011.10	1207.22	25.60	86.97	226.42	2011.79	2.15	1731.07	36.70	911576.38	124.71	65671.38	20.16
2011.11	1226.42	26.01	86.96	226.23	2011.87	2.01	1760.09	37.33	928494.51	124.80	65835.43	20.35
2011.12	1243.32	26.43	86.95	225.67	2011.96	1.98	1788.75	38.02	945288.14	125.09	66107.52	20.52
2012.01	1300.58	26.74	87.48	226.67	2012.04	1.97	1862.93	38.30	986177.16	125.31	66332.54	21.21
2012.02	1352.49	27.04	88.01	227.66	2012.12	1.97	1928.80	38.57	1022744.12	125.51	66552.59	21.80
2012.03	1389.24	27.35	88.54	229.39	2012.21	2.17	1966.27	38.71	1044326.52	125.32	66557.74	22.05
2012.04	1386.43	27.67	88.33	230.09	2012.29	2.05	1956.39	39.05	1040803.44	124.65	66312.50	21.78
2012.05	1341.27	28.00	88.13	229.82	2012.37	1.80	1894.88	39.55	1009837.95	124.50	66350.29	20.94
2012.06	1323.48	28.32	87.92	229.48	2012.46	1.62	1872.50	40.07	999686.69	124.39	66410.11	20.55
2012.07	1359.78	28.74	87.45	229.10	2012.54	1.53	1927.00	40.73	1030594.70	123.92	66276.95	21.00
2012.08	1403.45	29.17	86.97	230.38	2012.62	1.68	1977.88	41.10	1059637.85	122.57	65666.92	21.41
2012.09	1443.42	29.59	86.50	231.41	2012.71	1.72	2025.17	41.52	1086828.25	121.36	65130.48	21.78
2012.10	1437.82	30.14	86.50	231.32	2012.79	1.75	2018.10	42.31	1084925.04	121.41	65272.17	21.58
2012.11	1394.51	30.70	86.51	230.22	2012.87	1.65	1966.62	43.29	1059193.70	122.00	65705.74	20.90
2012.12	1422.29	31.25	86.51	229.60	2012.96	1.72	2011.22	44.19	1085194.36	122.33	66006.34	21.24
2013.01	1480.40	31.54	86.91	230.28	2013.04	1.91	2087.22	44.46	1128200.51	122.53	66230.85	21.90
2013.02	1512.31	31.82	87.30	232.17	2013.12	1.98	2114.89	44.50	1145160.98	122.09	66108.38	22.05
2013.03	1550.83	32.11	87.70	232.77	2013.21	1.96	2163.10	44.79	1173287.98	122.32	66349.86	22.42
2013.04	1570.70	32.50	88.78	232.53	2013.29	1.76	2193.09	45.37	1191608.36	123.96	67355.30	22.60
2013.05	1639.84	32.88	89.87	232.95	2013.37	1.93	2285.56	45.83	1243925.49	125.25	68169.72	23.41
2013.06	1618.77	33.27	90.95	233.50	2013.46	2.30	2250.79	46.26	1227100.96	126.46	68944.22	22.93
2013.07	1668.68	33.65	92.09	233.60	2013.54	2.58	2319.28	46.77	1266561.45	127.99	69898.15	23.49
2013.08	1670.09	34.02	93.23	233.88	2013.62	2.74	2318.45	47.23	1268258.07	129.42	70798.40	23.36
2013.09	1687.17	34.40	94.37	234.15	2013.71	2.81	2339.44	47.70	1281914.60	130.85	71702.48	23.44
2013.10	1720.03	34.60	96.31	233.55	2013.79	2.62	2391.16	48.10	1312452.17	133.89	73490.95	23.83
2013.11	1783.54	34.79	98.26	233.07	2013.87	2.72	2484.52	48.47	1365915.03	136.87	75249.37	24.64
2013.12	1807.78	34.99	100.20	233.05	2013.96	2.90	2518.51	48.75	1386831.19	139.59	76868.03	24.86
2014.01	1822.36	35.40	100.42	233.92	2014.04	2.86	2529.41	49.14	1395089.40	139.38	76872.97	24.86
2014.02	1817.04	35.82	100.63	234.78	2014.12	2.71	2512.73	49.53	1388168.33	139.16	76881.08	24.59
2014.03	1863.52	36.23	100.85	236.29	2014.21	2.72	2560.52	49.78	1416859.68	138.57	76677.63	24.96
2014.04	1864.26	36.61	101.61	237.07	2014.29	2.71	2553.12	50.14	1415076.96	139.15	77125.11	24.79
2014.05	1889.77	37.00	102.36	237.90	2014.37	2.56	2579.05	50.49	1431780.03	139.70	77555.35	24.94
2014.06	1947.09	37.38	103.12	238.34	2014.46	2.60	2652.34	50.92	1474822.16	140.47	78108.18	25.56
2014.07	1973.10	37.75	104.07	238.25	2014.54	2.54	2688.82	51.44	1497490.54	141.82	78981.73	25.82
2014.08	1961.53	38.12	105.01	237.85	2014.62	2.42	2677.52	52.03	1493615.50	143.34	79962.86	25.62
2014.09	1993.23	38.49	105.96	238.03	2014.71	2.53	2718.75	52.50	1519052.78	144.53	80752.76	25.92
2014.10	1937.27	38.81	104.74	237.43	2014.79	2.30	2649.07	53.07	1482594.58	143.23	80160.17	25.16
2014.11	2044.57	39.12	103.53	236.15	2014.87	2.33	2810.98	53.79	1575714.40	142.33	79786.19	26.61
2014.12	2054.27	39.44	102.31	234.81	2014.96	2.21	2840.42	54.53	1594765.48	141.46	79425.03	26.79
2015.01	2028.18	39.90	101.29	233.71	2015.04	1.88	2817.60	55.43	1584549.12	140.71	79134.49	26.49
2015.02	2082.20	40.35	100.27	234.72	2015.12	1.98	2880.14	55.82	1622334.49	138.70	78124.81	27.00
2015.03	2079.99	40.81	99.25	236.12	2015.21	2.04	2860.06	56.12	1613658.27	136.47	76998.25	26.73
2015.04	2094.86	41.12	97.80	236.60	2015.29	1.94	2874.66	56.43	1624550.34	134.21	75845.85	26.79
2015.05	2111.94	41.43	96.36	237.81	2015.37	2.20	2883.40	56.56	1632153.70	131.55	74466.55	26.81
2015.06	2099.29	41.74	94.91	238.64	2015.46	2.36	2856.13	56.79	1619393.11	129.13	73213.61	26.50
2015.07	2094.14	42.00	93.49	238.65	2015.54	2.32	2848.93	57.13	1618011.60	127.19	72236.48	26.38
2015.08	2039.87	42.25	92.08	238.32	2015.62	2.17	2779.04	57.56	1581040.28	125.44	71365.78	25.69
2015.09	1944.41	42.51	90.66	237.95	2015.71	2.17	2653.12	58.00	1512151.92	123.70	70505.55	24.50
2015.10	2024.81	42.80	89.28	237.84	2015.79	2.07	2764.06	58.43	1578162.00	121.88	69588.54	25.49
2015.11	2080.62	43.10	87.91	237.34	2015.87	2.26	2846.26	58.96	1627896.15	120.25	68778.98	26.23
2015.12	2054.08	43.39	86.53	236.53	2015.96	2.24	2819.58	59.56	1615480.32	118.78	68053.59	25.97
2016.01	1918.60	43.55	86.50	236.92	2016.04	2.09	2629.27	59.69	1509288.30	118.54	68046.20	24.21
2016.02	1904.42	43.72	86.47	237.11	2016.12	1.78	2607.69	59.86	1499764.87	118.40	68096.67	24.00
2016.03	2021.95	43.88	86.44	238.13	2016.21	1.89	2756.75	59.83	1588362.05	117.85	67903.76	25.37
2016.04	2075.54	44.07	86.60	239.26	2016.29	1.81	2816.46	59.81	1625638.11	117.51	67828.26	25.92
2016.05	2065.55	44.27	86.76	240.23	2016.37	1.81	2791.61	59.83	1614172.25	117.26	67800.63	25.69
2016.06	2083.89	44.46	86.92	241.02	2016.46	1.64	2807.18	59.89	1626059.25	117.09	67823.67	25.84
2016.07	2148.90	44.65	87.64	240.63	2016.54	1.50	2899.45	60.24	1682412.29	118.25	68617.54	26.69
2016.08	2170.95	44.84	88.37	240.85	2016.62	1.56	2926.51	60.45	1701038.85	119.12	69239.33	26.95
2016.09	2157.69	45.03	89.09	241.43	2016.71	1.63	2901.66	60.56	1689527.67	119.81	69759.80	26.73
2016.10	2143.02	45.25	90.91	241.73	2016.79	1.76	2878.34	60.78	1678900.39	122.10	71221.38	26.53
2016.11	2164.99	45.48	92.73	241.35	2016.87	2.14	2912.38	61.18	1701728.23	124.74	72887.75	26.85
2016.12	2246.63	45.70	94.55	241.43	2016.96	2.49	3021.21	61.46	1768313.63	127.15	74419.93	27.87
2017.01	2275.12	45.93	96.46	242.84	2017.04	2.43	3041.80	61.40	1783357.47	128.97	75612.98	28.06
2017.02	2329.91	46.15	98.38	243.60	2017.12	2.42	3105.28	61.51	1823582.30	131.12	76997.80	28.66
2017.03	2366.82	46.38	100.29	243.80	2017.21	2.48	3151.92	61.76	1853989.31	133.56	78559.67	29.09
2017.04	2359.31	46.66	101.53	244.52	2017.29	2.30	3132.62	61.95	1845678.94	134.81	79429.13	28.90
2017.05	2395.35	46.94	102.78	244.73	2017.37	2.30	3177.76	62.27	1875330.09	136.35	80464.31	29.31
2017.06	2433.99	47.22	104.02	244.96	2017.46	2.19	3226.10	62.59	1906932.44	137.87	81495.45	29.75
2017.07	2454.10	47.54	105.04	244.79	2017.54	2.32	3255.00	63.05	1927120.96	139.32	82484.33	30.00
2017.08	2456.22	47.85	106.06	245.52	2017.62	2.21	3248.08	63.28	1926149.43	140.25	83171.46	29.91
2017.09	2492.84	48.17	107.08	246.82	2017.71	2.20	3279.15	63.36	1947701.55	140.86	83663.57	30.17
2017.10	2557.00	48.42	108.01	246.66	2017.79	2.36	3365.67	63.74	2002249.27	142.17	84579.44	30.92
2017.11	2593.61	48.68	108.95	246.67	2017.87	2.35	3413.78	64.07	2034043.46	143.40	85441.63	31.30
2017.12	2664.34	48.93	109.88	246.52	2017.96	2.40	3508.93	64.44	2093942.26	144.71	86356.24	32.09
2018.01	2789.80	49.29	111.73	247.87	2018.04	2.58	3654.26	64.56	2183873.78	146.36	87465.59	33.31
2018.02	2705.16	49.64	113.59	248.99	2018.12	2.86	3527.40	64.73	2111281.45	148.11	88650.37	32.04
2018.03	2702.77	50.00	115.44	249.55	2018.21	2.84	3516.33	65.05	2107901.84	150.19	90032.15	31.81
2018.04	2653.63	50.33	117.79	250.55	2018.29	2.87	3438.73	65.22	2064641.26	152.63	91643.23	30.97
2018.05	2701.49	50.66	120.13	251.59	2018.37	2.98	3486.25	65.38	2096444.16	155.03	93227.38	31.24
2018.06	2754.35	50.99	122.48	251.99	2018.46	2.91	3548.81	65.70	2137356.05	157.81	95043.61	31.63
2018.07	2793.64	51.44	125.12	252.01	2018.54	2.89	3599.19	66.27	2171024.77	161.19	97232.06	31.89
2018.08	2857.82	51.89	127.75	252.15	2018.62	2.89	3679.83	66.82	2223026.51	164.50	99376.11	32.39
2018.09	2901.50	52.34	130.39	252.44	2018.71	3.00	3731.74	67.32	2257773.33	167.70	101461.68	32.62
2018.10	2785.46	52.81	131.06	252.89	2018.79	3.15	3576.17	67.80	2167073.71	168.26	101961.42	31.04
2018.11	2723.23	53.28	131.72	252.04	2018.87	3.12	3508.03	68.63	2129244.97	169.68	102992.13	30.20
2018.12	2567.31	53.75	132.39	251.23	2018.96	2.83	3317.77	69.46	2017279.20	171.09	104026.23	28.29
2019.01	2607.39	54.15	133.06	251.71	2019.04	2.71	3363.16	69.84	2048412.31	171.62	104531.70	28.38
2019.02	2754.86	54.54	133.72	252.78	2019.12	2.68	3538.41	70.06	2158713.24	171.76	104785.84	29.54
2019.03	2803.98	54.94	134.39	254.20	2019.21	2.57	3581.30	70.17	2188445.54	171.65	104888.48	29.58
2019.04	2903.80	55.32	134.68	255.55	2019.29	2.53	3689.26	70.28	2257994.75	171.11	104729.75	30.13
2019.05	2854.71	55.70	134.98	256.09	2019.37	2.40	3619.19	70.61	2218708.51	171.12	104905.18	29.24
2019.06	2890.17	56.08	135.27	256.14	2019.46	2.06	3663.41	71.08	2249452.38	171.46	105282.19	29.28
2019.07	2996.11	56.46	134.48	256.57	2019.54	1.63	3791.36	71.44	2331675.27	170.17	104656.81	29.99
2019.08	2897.50	56.84	133.69	256.56	2019.62	1.63	3666.76	71.93	2258730.06	169.18	104217.36	28.71
2019.09	2982.16	57.22	132.90	256.76	2019.71	1.70	3770.94	72.35	2326618.98	168.05	103685.94	29.23
2019.10	2977.68	57.56	135.09	257.35	2019.79	1.71	3756.69	72.62	2321561.63	170.43	105323.53	28.84
2019.11	3104.90	57.90	137.28	257.21	2019.87	1.81	3919.30	73.09	2425815.44	173.29	107254.81	29.84
2019.12	3176.75	58.24	139.47	256.97	2019.96	1.86	4013.64	73.58	2488002.23	176.21	109231.67	30.33
2020.01	3278.20	58.69	131.76	257.97	2020.04	1.76	4125.82	73.86	2561352.38	165.82	102945.20	30.99
2020.02	3277.31	59.13	124.04	258.68	2020.12	1.50	4113.42	74.22	2557499.17	155.69	96798.99	30.73
2020.03	2652.39	59.58	116.33	258.12	2020.21	0.87	3336.33	74.94	2078231.15	146.33	91148.10	24.82
2020.04	2761.98	59.61	110.63	256.39	2020.29	0.66	3497.56	75.49	2182578.88	140.09	87422.47	25.93
2020.05	2919.62	59.65	104.93	256.39	2020.37	0.67	3697.11	75.53	2311032.38	132.87	83057.74	27.33
2020.06	3104.66	59.68	99.23	257.80	2020.46	0.73	3910.04	75.16	2448047.01	124.97	78243.55	28.84
2020.07	3207.62	59.40	98.89	259.10	2020.54	0.62	4019.38	74.44	2520384.87	123.92	77705.38	29.60
2020.08	3391.71	59.13	98.56	259.92	2020.62	0.65	4236.69	73.86	2660516.59	123.11	77309.57	31.16
2020.09	3365.52	58.85	98.22	260.28	2020.71	0.68	4198.13	73.41	2640139.95	122.52	77050.44	30.84
2020.10	3418.70	58.66	96.86	260.39	2020.79	0.79	4262.70	73.14	2684582.42	120.77	76058.03	31.28
2020.11	3548.99	58.47	95.49	260.23	2020.87	0.87	4427.86	72.95	2792426.61	119.14	75136.29	32.47
2020.12	3695.31	58.28	94.13	260.47	2020.96	0.93	4606.08	72.64	2908635.33	117.33	74091.17	33.77
2021.01	3793.75	58.06	105.49	261.58	2021.04	1.08	4708.75	72.07	2977261.67	130.93	82783.93	34.51
2021.02	3883.43	57.85	116.84	263.01	2021.12	1.26	4793.82	71.41	3034813.19	144.23	91310.39	35.10
2021.03	3910.51	57.63	128.20	264.88	2021.21	1.61	4793.29	70.64	3038205.41	157.14	99602.89	35.04
2021.04	4141.18	57.71	138.39	267.05	2021.29	1.64	5034.65	70.16	3194896.96	168.24	106764.63	36.72
2021.05	4167.85	57.79	148.57	269.20	2021.37	1.62	5026.78	69.70	3193587.22	179.19	113843.34	36.55
2021.06	4238.49	57.87	158.76	271.70	2021.46	1.52	5064.92	69.15	3221479.89	189.72	120666.13	36.70
2021.07	4363.71	58.33	164.32	273.00	2021.54	1.32	5189.60	69.37	3304454.57	195.42	124430.04	37.44
2021.08	4454.21	58.79	169.87	273.57	2021.62	1.28	5286.30	69.77	3369729.91	201.61	128513.86	37.97
2021.09	4445.54	59.25	175.43	274.31	2021.71	1.37	5261.72	70.13	3357792.06	207.64	132505.17	37.62
2021.10	4460.71	59.64	182.91	276.59	2021.79	1.58	5236.17	70.00	3345206.79	214.71	137169.23	37.25
2021.11	4667.39	60.02	190.39	277.95	2021.87	1.56	5451.99	70.11	3486819.86	222.40	142232.83	38.58
2021.12	4674.77	60.40	197.87	278.80	2021.96	1.47	5443.89	70.33	3485388.80	230.42	147526.72	38.30
2022.01	4573.82	60.92	197.88	281.15	2022.04	1.76	5281.88	70.35	3385416.01	228.52	146467.96	36.94
2022.02	4435.98	61.45	197.90	283.72	2022.12	1.93	5076.34	70.32	3257430.97	226.46	145319.56	35.29
2022.03	4391.27	61.97	197.91	287.50	2022.21	2.13	4958.96	69.98	3185852.24	223.50	143583.22	34.27
2022.04	4391.30	62.65	196.03	289.11	2022.29	2.75	4931.46	70.36	3171954.94	220.14	141595.50	33.89
2022.05	4040.36	63.34	194.14	292.30	2022.37	2.90	4487.89	70.35	2890414.06	215.65	138887.28	30.67
2022.06	3898.95	64.02	192.26	296.31	2022.46	3.14	4272.13	70.15	2755219.72	210.66	135861.96	29.05
2022.07	3911.73	64.45	190.58	296.28	2022.54	2.90	4286.64	70.63	2768375.31	208.85	134877.99	29.00
2022.08	4158.56	64.89	188.91	296.17	2022.62	2.90	4558.75	71.13	2947933.63	207.09	133912.68	30.70
2022.09	3850.52	65.32	187.23	296.81	2022.71	3.52	4212.00	71.45	2727559.76	204.81	132626.49	28.23
2022.10	3726.05	65.85	182.40	298.01	2022.79	3.98	4059.38	71.74	2632598.51	198.72	128874.98	27.08
2022.11	3917.49	66.39	177.58	297.71	2022.87	3.89	4272.26	72.40	2774567.64	193.66	125768.96	28.38
2022.12	3912.38	66.92	172.75	296.80	2022.96	3.62	4279.83	73.21	2783445.27	188.97	122902.19	28.32
2023.01	3960.66	67.35	173.56	299.17	2023.04	3.53	4298.27	73.09	2799401.44	188.35	122670.27	28.33
2023.02	4079.68	67.78	174.36	300.84	2023.12	3.75	4402.87	73.15	2871494.14	188.18	122725.98	28.92
2023.03	3968.56	68.21	175.17	301.84	2023.21	3.66	4268.81	73.37	2788048.50	188.42	123062.92	27.94
2023.04	4121.47	68.38	177.12	303.36	2023.29	3.46	4410.97	73.18	2884880.13	189.56	123975.35	28.76
2023.05	4146.17	68.54	179.06	304.13	2023.37	3.57	4426.26	73.17	2898870.85	191.16	125195.32	28.76
2023.06	4345.37	68.71	181.01	305.11	2023.46	3.75	4623.99	73.12	3032356.95	192.62	126315.27	29.94
2023.07	4508.08	68.91	182.09	305.69	2023.54	3.90	4787.99	73.19	3143907.02	193.40	126988.56	30.89
2023.08	4457.36	69.11	183.17	307.03	2023.62	4.17	4713.54	73.08	3099020.04	193.70	127350.64	30.30
2023.09	4409.10	69.31	184.25	307.79	2023.71	4.38	4650.94	73.12	3061870.98	194.36	127951.37	29.80
2023.10	4269.40	69.64	186.98	307.67	2023.79	4.80	4505.32	73.49	2970030.15	197.31	130071.26	28.77
2023.11	4460.06	69.97	189.70	307.05	2023.87	4.50	4716.02	73.99	3112994.99	200.59	132407.43	30.01
2023.12	4685.05	70.30	192.43	306.75	2023.96	4.02	4958.84	74.41	3277374.86	203.68	134612.23	31.45
2024.01	4815.61	70.48	192.08	308.42	2024.04	4.06	5069.42	74.19	3354542.91	202.21	133804.70	32.05
2024.02	5011.96	70.65	191.74	310.33	2024.12	4.21	5243.66	73.92	3473916.95	200.60	132897.52	33.04
2024.03	5170.57	70.82	191.39	312.33	2024.21	4.21	5374.86	73.62	3564900.98	198.95	131955.68	33.75
2024.04	5112.49	71.21	193.18	313.55	2024.29	4.54	5293.87	73.73	3515262.66	200.03	132827.27	33.14
2024.05	5235.23	71.59	194.97	314.07	2024.37	4.48	5411.97	74.01	3597775.55	201.55	133988.17	33.77
2024.06	5415.14	71.98	196.76	314.18	2024.46	4.31	5596.07	74.38	3724282.60	203.33	135322.41	34.81
2024.07	5538.00	72.45	197.93	314.54	2024.54	4.25	5716.40	74.78	3808510.50	204.31	136117.35	35.44
2024.08	5478.21	72.93	199.10	314.80	2024.62	3.87	5650.08	75.21	3768504.76	205.35	136962.38	34.92
2024.09	5621.26	73.40	200.27	315.30	2024.71	3.72	5788.33	75.58	3864914.70	206.22	137696.25	35.66
2024.10	5792.32	73.88	203.57	315.66	2024.79	4.10	5957.61	75.99	3982175.16	209.38	139952.81	36.59
2024.11	5929.92	74.35	206.87	315.49	2024.87	4.36	6102.44	76.52	4083243.47	212.89	142447.31	37.35
2024.12	6010.91	74.83	210.17	315.61	2024.96	4.39	6183.60	76.98	4141837.31	216.21	144818.36	37.71
2025.01	5979.52	75.27	212.34	317.67	2025.04	4.63	6111.30	76.93	4097703.67	217.02	145516.82	37.13
2025.02	6038.69	75.71	214.52	319.08	2025.12	4.45	6144.48	77.03	4124260.12	218.27	146509.02	37.19
2025.03	5683.98	76.15	216.69	319.80	2025.21	4.28	5770.59	77.31	3877625.63	219.99	147826.38	34.78
2025.04	5369.50	76.55	218.64	320.80	2025.29	4.28	5434.39	77.47	3656046.61	221.28	148867.95	32.62
2025.05	5810.92	76.95	220.58	321.47	2025.37	4.42	5868.89	77.72	3952719.18	222.78	150045.78	35.08
2025.06	6029.95	77.35	222.53	322.56	2025.46	4.38	6069.41	77.86	4092142.58	223.99	151016.88	36.11
